alert_id,alert_type,severity,related_sku,related_location,related_supplier,message,created_at,resolved,resolved_at
ALT-300000,SUPPLIER_RISK,CRITICAL,,,SUP-042,Supplier Risk — review required (0),2026-06-18T21:12:26,false,
ALT-300001,LOW_STOCK,CRITICAL,SKU-00192,LOC-020,,Low Stock — review required (1),2026-06-24T01:12:26,false,
ALT-300002,LOW_STOCK,CRITICAL,SKU-00267,LOC-014,,Low Stock — review required (2),2026-05-27T14:12:26,false,
ALT-300003,SHIPMENT_DELAY,HIGH,,,,Shipment Delay — review required (3),2026-06-15T08:12:26,true,2026-06-17T06:12:26.286150
ALT-300004,EXPIRY_WARNING,HIGH,SKU-00395,,,Expiry Warning — review required (4),2026-06-07T23:12:26,true,2026-06-08T20:12:26.286150
ALT-300005,CAPACITY_WARNING,HIGH,,LOC-014,,Capacity Warning — review required (5),2026-05-27T00:12:26,false,
ALT-300006,LOW_STOCK,high,SKU-00220,LOC-018,,Low Stock — review required (6),2026-06-21T11:12:26,false,
ALT-300007,CAPACITY_WARNING,high,,LOC-015,,Capacity Warning — review required (7),2026-06-03T16:12:26,false,
ALT-300008,SUPPLIER_RISK,HIGH,,,SUP-175,Supplier Risk — review required (8),2026-06-09T19:12:26,true,2026-06-11T00:12:26.286150
ALT-300009,SHIPMENT_DELAY,HIGH,,,,Shipment Delay — review required (9),2026-06-09T05:12:26,false,
ALT-300010,EXPIRY_WARNING,HIGH,SKU-00118,,,Expiry Warning — review required (10),2026-06-24T21:12:26,true,2026-06-26T19:12:26.286150
ALT-300011,LOW_STOCK,HIGH,SKU-00054,LOC-019,,Low Stock — review required (11),2026-06-11T15:12:26,false,
ALT-300012,LOW_STOCK,HIGH,SKU-00143,LOC-017,,Low Stock — review required (12),2026-06-13T12:12:26,false,
ALT-300013,EXPIRY_WARNING,HIGH,SKU-00453,,,Expiry Warning — review required (13),2026-06-06T17:12:26,false,
ALT-300014,LOW_STOCK,HIGH,SKU-00131,LOC-008,,Low Stock — review required (14),2026-06-05T11:12:26,true,2026-06-05T12:12:26.286150
ALT-300015,CAPACITY_WARNING,HIGH,,LOC-003,,Capacity Warning — review required (15),2026-06-15T23:12:26,true,2026-06-17T08:12:26.286150
ALT-300016,LOW_STOCK,LOW,SKU-00194,LOC-017,,Low Stock — review required (16),2026-06-10T06:12:26,false,
ALT-300017,AUDIT_DUE,LOW,,,SUP-012,Audit Due — review required (17),2026-06-17T10:12:26,false,
ALT-300018,AUDIT_DUE,HIGH,,,SUP-062,Audit Due — review required (18),2026-06-02T23:12:26,false,
ALT-300019,LOW_STOCK,CRITICAL,SKU-00472,LOC-007,,Low Stock — review required (19),2026-06-01T23:12:26,false,
ALT-300020,SUPPLIER_RISK,LOW,,,SUP-081,Supplier Risk — review required (20),2026-06-07T07:12:26,false,
ALT-300021,SHIPMENT_DELAY,HIGH,,,,Shipment Delay — review required (21),2026-05-28T19:12:26,false,
ALT-300022,EXPIRY_WARNING,HIGH,SKU-00444,,,Expiry Warning — review required (22),2026-06-02T10:12:26,false,
ALT-300023,SHIPMENT_DELAY,HIGH,,,,Shipment Delay — review required (23),2026-06-24T11:12:26,false,
ALT-300024,LOW_STOCK,CRITICAL,SKU-00214,LOC-016,,Low Stock — review required (24),2026-06-02T06:12:26,false,
ALT-300025,AUDIT_DUE,MEDIUM,,,SUP-029,Audit Due — review required (25),2026-06-12T03:12:26,false,
ALT-300026,CAPACITY_WARNING,medium,,LOC-003,,Capacity Warning — review required (26),2026-05-29T22:12:26,true,2026-05-30T06:12:26.286150
ALT-300027,CAPACITY_WARNING,medium,,LOC-017,,Capacity Warning — review required (27),2026-06-01T09:12:26,false,
ALT-300028,SHIPMENT_DELAY,HIGH,,,,Shipment Delay — review required (28),2026-06-25T18:12:26,false,
ALT-300029,LOW_STOCK,MEDIUM,SKU-00051,LOC-017,,Low Stock — review required (29),2026-06-02T23:12:26,false,
ALT-300030,SHIPMENT_DELAY,MEDIUM,,,,Shipment Delay — review required (30),2026-06-08T20:12:26,false,
ALT-300031,CAPACITY_WARNING,CRITICAL,,LOC-013,,Capacity Warning — review required (31),2026-06-11T14:12:26,false,
ALT-300032,AUDIT_DUE,MEDIUM,,,SUP-180,Audit Due — review required (32),2026-06-03T19:12:26,true,2026-06-05T06:12:26.286150
ALT-300033,SUPPLIER_RISK,critical,,,SUP-059,Supplier Risk — review required (33),2026-06-11T10:12:26,false,
ALT-300034,SUPPLIER_RISK,high,,,SUP-199,Supplier Risk — review required (34),2026-06-04T16:12:26,true,2026-06-05T03:12:26.286150
ALT-300035,CAPACITY_WARNING,LOW,,LOC-018,,Capacity Warning — review required (35),2026-06-10T00:12:26,false,
ALT-300036,EXPIRY_WARNING,HIGH,SKU-00300,,,Expiry Warning — review required (36),2026-06-09T03:12:26,false,
ALT-300037,AUDIT_DUE,CRITICAL,,,SUP-118,Audit Due — review required (37),2026-06-20T13:12:26,true,2026-06-21T07:12:26.286150
ALT-300038,CAPACITY_WARNING,HIGH,,LOC-007,,Capacity Warning — review required (38),2026-06-22T12:12:26,false,
ALT-300039,EXPIRY_WARNING,HIGH,SKU-00256,,,Expiry Warning — review required (39),2026-06-15T22:12:26,false,
ALT-300040,AUDIT_DUE,MEDIUM,,,SUP-074,Audit Due — review required (40),2026-05-27T22:12:26,true,2026-05-29T17:12:26.286150
ALT-300041,CAPACITY_WARNING,CRITICAL,,LOC-010,,Capacity Warning — review required (41),2026-06-10T10:12:26,true,2026-06-11T15:12:26.286150
ALT-300042,AUDIT_DUE,CRITICAL,,,SUP-018,Audit Due — review required (42),2026-06-20T11:12:26,true,2026-06-22T11:12:26.286150
ALT-300043,SUPPLIER_RISK,medium,,,SUP-067,Supplier Risk — review required (43),2026-06-13T12:12:26,true,2026-06-13T15:12:26.286150
ALT-300044,SHIPMENT_DELAY,LOW,,,,Shipment Delay — review required (44),2026-06-20T23:12:26,true,2026-06-22T16:12:26.286150
ALT-300045,LOW_STOCK,MEDIUM,SKU-00232,LOC-006,,Low Stock — review required (45),2026-06-16T14:12:26,false,
ALT-300046,LOW_STOCK,critical,SKU-00487,LOC-008,,Low Stock — review required (46),2026-06-20T05:12:26,false,
ALT-300047,CAPACITY_WARNING,CRITICAL,,LOC-018,,Capacity Warning — review required (47),2026-06-05T17:12:26,false,
ALT-300048,AUDIT_DUE,medium,,,SUP-193,Audit Due — review required (48),2026-06-14T14:12:26,false,
ALT-300049,LOW_STOCK,LOW,SKU-00301,LOC-013,,Low Stock — review required (49),2026-06-13T05:12:26,true,2026-06-14T09:12:26.286150
ALT-300050,EXPIRY_WARNING,HIGH,SKU-00072,,,Expiry Warning — review required (50),2026-06-16T18:12:26,true,2026-06-16T21:12:26.286150
ALT-300051,AUDIT_DUE,MEDIUM,,,SUP-075,Audit Due — review required (51),2026-06-11T17:12:26,true,2026-06-13T02:12:26.286150
ALT-300052,EXPIRY_WARNING,CRITICAL,SKU-00206,,,Expiry Warning — review required (52),2026-06-13T00:12:26,true,2026-06-14T14:12:26.286150
ALT-300053,SUPPLIER_RISK,HIGH,,,SUP-177,Supplier Risk — review required (53),2026-06-17T06:12:26,false,
ALT-300054,AUDIT_DUE,MEDIUM,,,SUP-189,Audit Due — review required (54),2026-06-19T23:12:26,false,
ALT-300055,EXPIRY_WARNING,LOW,SKU-00080,,,Expiry Warning — review required (55),2026-06-06T13:12:26,true,2026-06-06T21:12:26.286150
ALT-300056,AUDIT_DUE,HIGH,,,SUP-083,Audit Due — review required (56),2026-06-10T05:12:26,false,
ALT-300057,SHIPMENT_DELAY,HIGH,,,,Shipment Delay — review required (57),2026-06-24T07:12:26,true,2026-06-24T14:12:26.286150
ALT-300058,EXPIRY_WARNING,critical,SKU-00095,,,Expiry Warning — review required (58),2026-06-02T20:12:26,false,
ALT-300059,CAPACITY_WARNING,CRITICAL,,LOC-002,,Capacity Warning — review required (59),2026-05-29T04:12:26,false,
ALT-300060,LOW_STOCK,HIGH,SKU-00225,LOC-002,,Low Stock — review required (60),2026-06-16T18:12:26,true,2026-06-17T07:12:26.286150
ALT-300061,LOW_STOCK,LOW,SKU-00467,LOC-011,,Low Stock — review required (61),2026-06-18T15:12:26,true,2026-06-19T20:12:26.286150
ALT-300062,AUDIT_DUE,LOW,,,SUP-060,Audit Due — review required (62),2026-06-13T04:12:26,true,2026-06-13T14:12:26.286150
ALT-300063,EXPIRY_WARNING,MEDIUM,SKU-00147,,,Expiry Warning — review required (63),2026-05-28T20:12:26,false,
ALT-300064,SHIPMENT_DELAY,HIGH,,,,Shipment Delay — review required (64),2026-06-13T11:12:26,false,
ALT-300065,AUDIT_DUE,LOW,,,SUP-097,Audit Due — review required (65),2026-06-13T10:12:26,false,
ALT-300066,AUDIT_DUE,MEDIUM,,,SUP-144,Audit Due — review required (66),2026-06-07T08:12:26,true,2026-06-08T04:12:26.286150
ALT-300067,LOW_STOCK,high,SKU-00458,LOC-003,,Low Stock — review required (67),2026-06-15T18:12:26,true,2026-06-16T18:12:26.286150
ALT-300068,SUPPLIER_RISK,HIGH,,,SUP-009,Supplier Risk — review required (68),2026-06-14T20:12:26,true,2026-06-16T05:12:26.286150
ALT-300069,EXPIRY_WARNING,CRITICAL,SKU-00450,,,Expiry Warning — review required (69),2026-05-30T13:12:26,false,
ALT-300070,SHIPMENT_DELAY,low,,,,Shipment Delay — review required (70),2026-06-05T14:12:26,false,
ALT-300071,EXPIRY_WARNING,CRITICAL,SKU-00213,,,Expiry Warning — review required (71),2026-05-30T20:12:26,false,
ALT-300072,EXPIRY_WARNING,MEDIUM,SKU-00321,,,Expiry Warning — review required (72),2026-05-31T00:12:26,false,
ALT-300073,SHIPMENT_DELAY,medium,,,,Shipment Delay — review required (73),2026-06-17T19:12:26,false,
ALT-300074,EXPIRY_WARNING,low,SKU-00174,,,Expiry Warning — review required (74),2026-06-08T18:12:26,false,
ALT-300075,CAPACITY_WARNING,MEDIUM,,LOC-008,,Capacity Warning — review required (75),2026-06-16T05:12:26,true,2026-06-16T11:12:26.286150
ALT-300076,CAPACITY_WARNING,CRITICAL,,LOC-018,,Capacity Warning — review required (76),2026-06-22T19:12:26,true,2026-06-24T02:12:26.286150
ALT-300077,SUPPLIER_RISK,critical,,,SUP-166,Supplier Risk — review required (77),2026-06-25T13:12:26,false,
ALT-300078,SHIPMENT_DELAY,HIGH,,,,Shipment Delay — review required (78),2026-06-07T02:12:26,true,2026-06-07T06:12:26.286150
ALT-300079,SUPPLIER_RISK,CRITICAL,,,SUP-032,Supplier Risk — review required (79),2026-05-29T05:12:26,true,2026-05-30T08:12:26.286150
ALT-300080,EXPIRY_WARNING,LOW,SKU-00454,,,Expiry Warning — review required (80),2026-06-10T13:12:26,false,
ALT-300081,AUDIT_DUE,LOW,,,SUP-149,Audit Due — review required (81),2026-06-21T09:12:26,false,
ALT-300082,EXPIRY_WARNING,MEDIUM,SKU-00328,,,Expiry Warning — review required (82),2026-06-22T22:12:26,false,
ALT-300083,EXPIRY_WARNING,CRITICAL,SKU-00277,,,Expiry Warning — review required (83),2026-05-31T14:12:26,true,2026-06-02T00:12:26.286150
ALT-300084,SUPPLIER_RISK,MEDIUM,,,SUP-175,Supplier Risk — review required (84),2026-06-22T04:12:26,false,
ALT-300085,SHIPMENT_DELAY,MEDIUM,,,,Shipment Delay — review required (85),2026-06-20T00:12:26,true,2026-06-20T21:12:26.286150
ALT-300086,SHIPMENT_DELAY,CRITICAL,,,,Shipment Delay — review required (86),2026-06-10T07:12:26,true,2026-06-11T09:12:26.286150
ALT-300087,CAPACITY_WARNING,CRITICAL,,LOC-004,,Capacity Warning — review required (87),2026-06-05T01:12:26,false,
ALT-300088,AUDIT_DUE,critical,,,SUP-086,Audit Due — review required (88),2026-06-15T07:12:26,false,
ALT-300089,CAPACITY_WARNING,CRITICAL,,LOC-009,,Capacity Warning — review required (89),2026-06-02T11:12:26,true,2026-06-03T08:12:26.286150
ALT-300090,EXPIRY_WARNING,high,SKU-00439,,,Expiry Warning — review required (90),2026-05-27T13:12:26,false,
ALT-300091,EXPIRY_WARNING,MEDIUM,SKU-00331,,,Expiry Warning — review required (91),2026-06-07T15:12:26,false,
ALT-300092,SUPPLIER_RISK,critical,,,SUP-138,Supplier Risk — review required (92),2026-06-09T17:12:26,false,
ALT-300093,SHIPMENT_DELAY,MEDIUM,,,,Shipment Delay — review required (93),2026-06-15T06:12:26,false,
ALT-300094,CAPACITY_WARNING,LOW,,LOC-017,,Capacity Warning — review required (94),2026-06-21T19:12:26,false,
ALT-300095,AUDIT_DUE,CRITICAL,,,SUP-031,Audit Due — review required (95),2026-06-09T16:12:26,true,2026-06-11T15:12:26.286150
ALT-300096,SUPPLIER_RISK,low,,,SUP-103,Supplier Risk — review required (96),2026-06-18T05:12:26,false,
ALT-300097,EXPIRY_WARNING,CRITICAL,SKU-00366,,,Expiry Warning — review required (97),2026-06-13T18:12:26,false,
ALT-300098,SUPPLIER_RISK,HIGH,,,SUP-092,Supplier Risk — review required (98),2026-05-31T08:12:26,false,
ALT-300099,LOW_STOCK,LOW,SKU-00415,LOC-003,,Low Stock — review required (99),2026-06-15T02:12:26,false,
ALT-300100,LOW_STOCK,MEDIUM,SKU-00216,LOC-002,,Low Stock — review required (100),2026-05-31T22:12:26,true,2026-06-02T19:12:26.286150
ALT-300101,LOW_STOCK,low,SKU-00053,LOC-017,,Low Stock — review required (101),2026-06-21T16:12:26,true,2026-06-22T14:12:26.286150
ALT-300102,EXPIRY_WARNING,high,SKU-00053,,,Expiry Warning — review required (102),2026-06-22T21:12:26,true,2026-06-23T20:12:26.286150
ALT-300103,CAPACITY_WARNING,MEDIUM,,LOC-015,,Capacity Warning — review required (103),2026-06-16T06:12:26,false,
ALT-300104,LOW_STOCK,LOW,SKU-00465,LOC-015,,Low Stock — review required (104),2026-06-09T22:12:26,true,2026-06-10T08:12:26.286150
ALT-300105,EXPIRY_WARNING,HIGH,SKU-00001,,,Expiry Warning — review required (105),2026-06-24T22:12:26,true,2026-06-25T00:12:26.286150
ALT-300106,CAPACITY_WARNING,CRITICAL,,LOC-002,,Capacity Warning — review required (106),2026-06-01T18:12:26,false,
ALT-300107,AUDIT_DUE,HIGH,,,SUP-136,Audit Due — review required (107),2026-06-24T01:12:26,true,2026-06-25T02:12:26.286150
ALT-300108,AUDIT_DUE,CRITICAL,,,SUP-079,Audit Due — review required (108),2026-06-18T22:12:26,true,2026-06-19T18:12:26.286150
ALT-300109,CAPACITY_WARNING,CRITICAL,,LOC-006,,Capacity Warning — review required (109),2026-06-01T11:12:26,false,
ALT-300110,CAPACITY_WARNING,CRITICAL,,LOC-011,,Capacity Warning — review required (110),2026-05-27T21:12:26,true,2026-05-27T23:12:26.286150
ALT-300111,SUPPLIER_RISK,LOW,,,SUP-194,Supplier Risk — review required (111),2026-06-11T00:12:26,false,
ALT-300112,AUDIT_DUE,LOW,,,SUP-055,Audit Due — review required (112),2026-06-19T02:12:26,false,
ALT-300113,AUDIT_DUE,HIGH,,,SUP-172,Audit Due — review required (113),2026-06-09T06:12:26,false,
ALT-300114,LOW_STOCK,MEDIUM,SKU-00367,LOC-008,,Low Stock — review required (114),2026-06-12T02:12:26,true,2026-06-13T03:12:26.286150
ALT-300115,CAPACITY_WARNING,HIGH,,LOC-002,,Capacity Warning — review required (115),2026-06-22T10:12:26,false,
ALT-300116,LOW_STOCK,HIGH,SKU-00044,LOC-019,,Low Stock — review required (116),2026-06-06T15:12:26,true,2026-06-07T15:12:26.286150
ALT-300117,SHIPMENT_DELAY,CRITICAL,,,,Shipment Delay — review required (117),2026-06-01T09:12:26,false,
ALT-300118,EXPIRY_WARNING,low,SKU-00004,,,Expiry Warning — review required (118),2026-05-28T18:12:26,true,2026-05-30T06:12:26.286150
ALT-300119,LOW_STOCK,HIGH,SKU-00126,LOC-002,,Low Stock — review required (119),2026-06-14T04:12:26,true,2026-06-15T06:12:26.286150
ALT-300120,CAPACITY_WARNING,MEDIUM,,LOC-003,,Capacity Warning — review required (120),2026-05-29T21:12:26,false,
ALT-300121,CAPACITY_WARNING,MEDIUM,,LOC-013,,Capacity Warning — review required (121),2026-05-31T17:12:26,false,
ALT-300122,SHIPMENT_DELAY,CRITICAL,,,,Shipment Delay — review required (122),2026-06-05T17:12:26,false,
ALT-300123,CAPACITY_WARNING,high,,LOC-008,,Capacity Warning — review required (123),2026-06-11T01:12:26,false,
ALT-300124,LOW_STOCK,CRITICAL,SKU-00124,LOC-016,,Low Stock — review required (124),2026-06-11T01:12:26,true,2026-06-12T21:12:26.286150
ALT-300125,SHIPMENT_DELAY,low,,,,Shipment Delay — review required (125),2026-06-11T18:12:26,false,
ALT-300126,LOW_STOCK,low,SKU-00221,LOC-018,,Low Stock — review required (126),2026-06-04T17:12:26,true,2026-06-05T07:12:26.286150
ALT-300127,SHIPMENT_DELAY,CRITICAL,,,,Shipment Delay — review required (127),2026-06-23T11:12:26,true,2026-06-24T00:12:26.286150
ALT-300128,EXPIRY_WARNING,CRITICAL,SKU-00300,,,Expiry Warning — review required (128),2026-06-16T01:12:26,true,2026-06-16T04:12:26.286150
ALT-300129,SHIPMENT_DELAY,HIGH,,,,Shipment Delay — review required (129),2026-06-03T00:12:26,true,2026-06-04T23:12:26.286150
ALT-300130,LOW_STOCK,LOW,SKU-00457,LOC-007,,Low Stock — review required (130),2026-06-18T23:12:26,true,2026-06-19T07:12:26.286150
ALT-300131,AUDIT_DUE,MEDIUM,,,SUP-046,Audit Due — review required (131),2026-06-20T14:12:26,false,
ALT-300132,EXPIRY_WARNING,LOW,SKU-00343,,,Expiry Warning — review required (132),2026-06-14T12:12:26,false,
ALT-300133,SUPPLIER_RISK,CRITICAL,,,SUP-114,Supplier Risk — review required (133),2026-06-23T17:12:26,false,
ALT-300134,SUPPLIER_RISK,MEDIUM,,,SUP-111,Supplier Risk — review required (134),2026-06-25T07:12:26,true,2026-06-27T00:12:26.286150
ALT-300135,EXPIRY_WARNING,low,SKU-00061,,,Expiry Warning — review required (135),2026-06-21T11:12:26,false,
ALT-300136,EXPIRY_WARNING,MEDIUM,SKU-00251,,,Expiry Warning — review required (136),2026-06-06T14:12:26,true,2026-06-07T16:12:26.286150
ALT-300137,LOW_STOCK,medium,SKU-00489,LOC-011,,Low Stock — review required (137),2026-05-27T23:12:26,false,
ALT-300138,CAPACITY_WARNING,critical,,LOC-010,,Capacity Warning — review required (138),2026-06-22T01:12:26,true,2026-06-23T16:12:26.286150
ALT-300139,LOW_STOCK,low,SKU-00481,LOC-013,,Low Stock — review required (139),2026-05-28T13:12:26,false,
ALT-300140,EXPIRY_WARNING,HIGH,SKU-00476,,,Expiry Warning — review required (140),2026-06-02T06:12:26,false,
ALT-300141,LOW_STOCK,CRITICAL,SKU-00256,LOC-018,,Low Stock — review required (141),2026-06-15T16:12:26,true,2026-06-17T09:12:26.286150
ALT-300142,CAPACITY_WARNING,MEDIUM,,LOC-012,,Capacity Warning — review required (142),2026-06-01T21:12:26,true,2026-06-02T15:12:26.286150
ALT-300143,EXPIRY_WARNING,CRITICAL,SKU-00154,,,Expiry Warning — review required (143),2026-06-09T21:12:26,false,
ALT-300144,CAPACITY_WARNING,MEDIUM,,LOC-017,,Capacity Warning — review required (144),2026-06-08T12:12:26,true,2026-06-09T03:12:26.286150
ALT-300145,SHIPMENT_DELAY,MEDIUM,,,,Shipment Delay — review required (145),2026-05-30T05:12:26,true,2026-05-31T10:12:26.286150
ALT-300146,SUPPLIER_RISK,HIGH,,,SUP-120,Supplier Risk — review required (146),2026-06-23T00:12:26,false,
ALT-300147,CAPACITY_WARNING,LOW,,LOC-004,,Capacity Warning — review required (147),2026-06-09T08:12:26,false,
ALT-300148,SUPPLIER_RISK,LOW,,,SUP-069,Supplier Risk — review required (148),2026-06-10T15:12:26,true,2026-06-10T21:12:26.286150
ALT-300149,EXPIRY_WARNING,high,SKU-00242,,,Expiry Warning — review required (149),2026-06-06T07:12:26,false,
ALT-300150,EXPIRY_WARNING,medium,SKU-00124,,,Expiry Warning — review required (150),2026-06-20T15:12:26,true,2026-06-22T01:12:26.286150
ALT-300151,SHIPMENT_DELAY,HIGH,,,,Shipment Delay — review required (151),2026-05-30T16:12:26,false,
ALT-300152,LOW_STOCK,CRITICAL,SKU-00363,LOC-015,,Low Stock — review required (152),2026-06-25T05:12:26,false,
ALT-300153,EXPIRY_WARNING,medium,SKU-00486,,,Expiry Warning — review required (153),2026-06-18T10:12:26,false,
ALT-300154,SUPPLIER_RISK,CRITICAL,,,SUP-162,Supplier Risk — review required (154),2026-06-22T15:12:26,false,
ALT-300155,EXPIRY_WARNING,CRITICAL,SKU-00238,,,Expiry Warning — review required (155),2026-05-27T12:12:26,false,
ALT-300156,EXPIRY_WARNING,CRITICAL,SKU-00308,,,Expiry Warning — review required (156),2026-06-04T04:12:26,false,
ALT-300157,LOW_STOCK,HIGH,SKU-00500,LOC-013,,Low Stock — review required (157),2026-06-10T05:12:26,false,
ALT-300158,CAPACITY_WARNING,LOW,,LOC-004,,Capacity Warning — review required (158),2026-06-07T16:12:26,false,
ALT-300159,CAPACITY_WARNING,MEDIUM,,LOC-004,,Capacity Warning — review required (159),2026-06-24T12:12:26,true,2026-06-26T11:12:26.286150
ALT-300160,SHIPMENT_DELAY,CRITICAL,,,,Shipment Delay — review required (160),2026-06-25T09:12:26,false,
ALT-300161,EXPIRY_WARNING,LOW,SKU-00435,,,Expiry Warning — review required (161),2026-06-15T20:12:26,true,2026-06-17T09:12:26.286150
ALT-300162,EXPIRY_WARNING,medium,SKU-00433,,,Expiry Warning — review required (162),2026-06-06T10:12:26,false,
ALT-300163,LOW_STOCK,MEDIUM,SKU-00312,LOC-012,,Low Stock — review required (163),2026-06-19T23:12:26,false,
ALT-300164,EXPIRY_WARNING,low,SKU-00486,,,Expiry Warning — review required (164),2026-05-30T20:12:26,true,2026-05-31T07:12:26.286150
ALT-300165,SHIPMENT_DELAY,LOW,,,,Shipment Delay — review required (165),2026-06-11T20:12:26,false,
ALT-300166,SHIPMENT_DELAY,MEDIUM,,,,Shipment Delay — review required (166),2026-06-10T14:12:26,true,2026-06-11T00:12:26.286150
ALT-300167,CAPACITY_WARNING,MEDIUM,,LOC-013,,Capacity Warning — review required (167),2026-06-13T19:12:26,true,2026-06-15T11:12:26.286150
ALT-300168,SUPPLIER_RISK,HIGH,,,SUP-121,Supplier Risk — review required (168),2026-05-31T19:12:26,true,2026-06-01T21:12:26.286150
ALT-300169,LOW_STOCK,CRITICAL,SKU-00361,LOC-011,,Low Stock — review required (169),2026-05-29T17:12:26,true,2026-05-30T11:12:26.286150
ALT-300170,SUPPLIER_RISK,MEDIUM,,,SUP-163,Supplier Risk — review required (170),2026-06-06T04:12:26,false,
ALT-300171,SHIPMENT_DELAY,CRITICAL,,,,Shipment Delay — review required (171),2026-06-25T21:12:26,true,2026-06-26T02:12:26.286150
ALT-300172,LOW_STOCK,MEDIUM,SKU-00233,LOC-006,,Low Stock — review required (172),2026-06-22T06:12:26,true,2026-06-22T18:12:26.286150
ALT-300173,AUDIT_DUE,CRITICAL,,,SUP-100,Audit Due — review required (173),2026-06-02T20:12:26,true,2026-06-04T14:12:26.286150
ALT-300174,SHIPMENT_DELAY,MEDIUM,,,,Shipment Delay — review required (174),2026-06-11T10:12:26,false,
ALT-300175,SUPPLIER_RISK,HIGH,,,SUP-166,Supplier Risk — review required (175),2026-06-01T09:12:26,true,2026-06-01T10:12:26.286150
ALT-300176,AUDIT_DUE,HIGH,,,SUP-182,Audit Due — review required (176),2026-06-01T22:12:26,false,
ALT-300177,AUDIT_DUE,LOW,,,SUP-031,Audit Due — review required (177),2026-06-03T19:12:26,false,
ALT-300178,EXPIRY_WARNING,HIGH,SKU-00271,,,Expiry Warning — review required (178),2026-06-07T19:12:26,false,
ALT-300179,EXPIRY_WARNING,LOW,SKU-00304,,,Expiry Warning — review required (179),2026-06-02T00:12:26,false,
ALT-300180,AUDIT_DUE,CRITICAL,,,SUP-014,Audit Due — review required (180),2026-06-17T17:12:26,false,
ALT-300181,CAPACITY_WARNING,LOW,,LOC-012,,Capacity Warning — review required (181),2026-06-21T15:12:26,false,
ALT-300182,EXPIRY_WARNING,CRITICAL,SKU-00200,,,Expiry Warning — review required (182),2026-05-30T01:12:26,true,2026-05-30T05:12:26.286150
ALT-300183,EXPIRY_WARNING,CRITICAL,SKU-00422,,,Expiry Warning — review required (183),2026-06-16T10:12:26,true,2026-06-17T11:12:26.286150
ALT-300184,LOW_STOCK,CRITICAL,SKU-00234,LOC-016,,Low Stock — review required (184),2026-06-13T20:12:26,true,2026-06-15T08:12:26.286150
ALT-300185,EXPIRY_WARNING,HIGH,SKU-00272,,,Expiry Warning — review required (185),2026-06-18T17:12:26,true,2026-06-19T18:12:26.286150
ALT-300186,EXPIRY_WARNING,low,SKU-00430,,,Expiry Warning — review required (186),2026-06-22T14:12:26,false,
ALT-300187,AUDIT_DUE,MEDIUM,,,SUP-064,Audit Due — review required (187),2026-06-17T22:12:26,true,2026-06-19T12:12:26.286150
ALT-300188,LOW_STOCK,HIGH,SKU-00078,LOC-009,,Low Stock — review required (188),2026-06-07T12:12:26,false,
ALT-300189,SHIPMENT_DELAY,HIGH,,,,Shipment Delay — review required (189),2026-05-30T11:12:26,true,2026-05-31T05:12:26.286150
ALT-300190,EXPIRY_WARNING,LOW,SKU-00444,,,Expiry Warning — review required (190),2026-05-31T09:12:26,true,2026-06-01T15:12:26.286150
ALT-300191,LOW_STOCK,HIGH,SKU-00354,LOC-019,,Low Stock — review required (191),2026-06-10T15:12:26,false,
ALT-300192,EXPIRY_WARNING,MEDIUM,SKU-00140,,,Expiry Warning — review required (192),2026-06-08T13:12:26,false,
ALT-300193,LOW_STOCK,CRITICAL,SKU-00382,LOC-002,,Low Stock — review required (193),2026-06-06T19:12:26,true,2026-06-07T01:12:26.286150
ALT-300194,CAPACITY_WARNING,HIGH,,LOC-006,,Capacity Warning — review required (194),2026-06-25T19:12:26,true,2026-06-26T17:12:26.286150
ALT-300195,SUPPLIER_RISK,MEDIUM,,,SUP-152,Supplier Risk — review required (195),2026-06-25T06:12:26,true,2026-06-26T23:12:26.286150
ALT-300196,LOW_STOCK,LOW,SKU-00338,LOC-008,,Low Stock — review required (196),2026-06-12T23:12:26,true,2026-06-14T22:12:26.286150
ALT-300197,SHIPMENT_DELAY,CRITICAL,,,,Shipment Delay — review required (197),2026-06-12T23:12:26,false,
ALT-300198,AUDIT_DUE,MEDIUM,,,SUP-070,Audit Due — review required (198),2026-06-03T22:12:26,true,2026-06-05T21:12:26.286150
ALT-300199,LOW_STOCK,MEDIUM,SKU-00092,LOC-006,,Low Stock — review required (199),2026-06-23T21:12:26,false,
ALT-300200,CAPACITY_WARNING,LOW,,LOC-007,,Capacity Warning — review required (200),2026-06-09T12:12:26,true,2026-06-10T15:12:26.286150
ALT-300201,SUPPLIER_RISK,LOW,,,SUP-078,Supplier Risk — review required (201),2026-06-09T21:12:26,true,2026-06-10T08:12:26.286150
ALT-300202,LOW_STOCK,LOW,SKU-00146,LOC-013,,Low Stock — review required (202),2026-05-29T00:12:26,false,
ALT-300203,EXPIRY_WARNING,LOW,SKU-00008,,,Expiry Warning — review required (203),2026-06-25T20:12:26,true,2026-06-27T15:12:26.286150
ALT-300204,SUPPLIER_RISK,LOW,,,SUP-074,Supplier Risk — review required (204),2026-05-28T06:12:26,true,2026-05-29T18:12:26.286150
ALT-300205,CAPACITY_WARNING,LOW,,LOC-006,,Capacity Warning — review required (205),2026-05-27T23:12:26,false,
ALT-300206,SHIPMENT_DELAY,LOW,,,,Shipment Delay — review required (206),2026-06-19T23:12:26,true,2026-06-20T09:12:26.286150
ALT-300207,LOW_STOCK,CRITICAL,SKU-00171,LOC-003,,Low Stock — review required (207),2026-05-28T17:12:26,true,2026-05-29T18:12:26.286150
ALT-300208,SUPPLIER_RISK,HIGH,,,SUP-121,Supplier Risk — review required (208),2026-06-21T14:12:26,false,
ALT-300209,LOW_STOCK,LOW,SKU-00047,LOC-016,,Low Stock — review required (209),2026-06-24T16:12:26,true,2026-06-26T04:12:26.286150
ALT-300210,AUDIT_DUE,MEDIUM,,,SUP-102,Audit Due — review required (210),2026-06-17T06:12:26,true,2026-06-18T00:12:26.286150
ALT-300211,SHIPMENT_DELAY,low,,,,Shipment Delay — review required (211),2026-06-16T10:12:26,false,
ALT-300212,AUDIT_DUE,high,,,SUP-159,Audit Due — review required (212),2026-06-09T20:12:26,false,
ALT-300213,SHIPMENT_DELAY,CRITICAL,,,,Shipment Delay — review required (213),2026-06-16T16:12:26,true,2026-06-17T04:12:26.286150
ALT-300214,SHIPMENT_DELAY,MEDIUM,,,,Shipment Delay — review required (214),2026-06-13T14:12:26,false,
ALT-300215,SUPPLIER_RISK,HIGH,,,SUP-170,Supplier Risk — review required (215),2026-06-05T10:12:26,true,2026-06-06T05:12:26.286150
ALT-300216,AUDIT_DUE,CRITICAL,,,SUP-003,Audit Due — review required (216),2026-06-18T09:12:26,false,
ALT-300217,EXPIRY_WARNING,medium,SKU-00048,,,Expiry Warning — review required (217),2026-05-28T13:12:26,true,2026-05-28T18:12:26.286150
ALT-300218,SHIPMENT_DELAY,HIGH,,,,Shipment Delay — review required (218),2026-05-28T21:12:26,true,2026-05-30T06:12:26.286150
ALT-300219,EXPIRY_WARNING,critical,SKU-00305,,,Expiry Warning — review required (219),2026-05-29T04:12:26,true,2026-05-30T22:12:26.286150
ALT-300220,EXPIRY_WARNING,medium,SKU-00087,,,Expiry Warning — review required (220),2026-06-16T20:12:26,false,
ALT-300221,EXPIRY_WARNING,LOW,SKU-00470,,,Expiry Warning — review required (221),2026-06-12T02:12:26,true,2026-06-13T21:12:26.286150
ALT-300222,EXPIRY_WARNING,high,SKU-00113,,,Expiry Warning — review required (222),2026-06-04T06:12:26,false,
ALT-300223,CAPACITY_WARNING,MEDIUM,,LOC-002,,Capacity Warning — review required (223),2026-06-18T21:12:26,false,
ALT-300224,CAPACITY_WARNING,HIGH,,LOC-011,,Capacity Warning — review required (224),2026-06-23T15:12:26,false,
ALT-300225,EXPIRY_WARNING,MEDIUM,SKU-00154,,,Expiry Warning — review required (225),2026-06-02T20:12:26,true,2026-06-03T07:12:26.286150
ALT-300226,CAPACITY_WARNING,LOW,,LOC-017,,Capacity Warning — review required (226),2026-05-31T02:12:26,true,2026-05-31T22:12:26.286150
ALT-300227,AUDIT_DUE,CRITICAL,,,SUP-061,Audit Due — review required (227),2026-06-04T00:12:26,false,
ALT-300228,AUDIT_DUE,MEDIUM,,,SUP-024,Audit Due — review required (228),2026-06-20T06:12:26,false,
ALT-300229,AUDIT_DUE,high,,,SUP-037,Audit Due — review required (229),2026-06-02T17:12:26,false,
ALT-300230,AUDIT_DUE,CRITICAL,,,SUP-119,Audit Due — review required (230),2026-05-29T04:12:26,true,2026-05-30T09:12:26.286150
ALT-300231,CAPACITY_WARNING,HIGH,,LOC-003,,Capacity Warning — review required (231),2026-06-22T16:12:26,true,2026-06-22T18:12:26.286150
ALT-300232,AUDIT_DUE,MEDIUM,,,SUP-109,Audit Due — review required (232),2026-06-17T19:12:26,false,
ALT-300233,AUDIT_DUE,critical,,,SUP-123,Audit Due — review required (233),2026-06-13T02:12:26,true,2026-06-13T10:12:26.286150
ALT-300234,SUPPLIER_RISK,critical,,,SUP-025,Supplier Risk — review required (234),2026-06-14T18:12:26,false,
ALT-300235,SUPPLIER_RISK,MEDIUM,,,SUP-024,Supplier Risk — review required (235),2026-06-05T06:12:26,false,
ALT-300236,EXPIRY_WARNING,CRITICAL,SKU-00433,,,Expiry Warning — review required (236),2026-06-10T16:12:26,false,
ALT-300237,LOW_STOCK,LOW,SKU-00073,LOC-016,,Low Stock — review required (237),2026-06-03T21:12:26,false,
ALT-300238,SUPPLIER_RISK,CRITICAL,,,SUP-160,Supplier Risk — review required (238),2026-06-25T17:12:26,true,2026-06-25T20:12:26.286150
ALT-300239,EXPIRY_WARNING,MEDIUM,SKU-00487,,,Expiry Warning — review required (239),2026-05-31T19:12:26,true,2026-06-02T03:12:26.286150
ALT-300240,SHIPMENT_DELAY,HIGH,,,,Shipment Delay — review required (240),2026-06-25T13:12:26,false,
ALT-300241,EXPIRY_WARNING,CRITICAL,SKU-00407,,,Expiry Warning — review required (241),2026-06-15T23:12:26,true,2026-06-17T03:12:26.286150
ALT-300242,AUDIT_DUE,LOW,,,SUP-051,Audit Due — review required (242),2026-06-08T05:12:26,false,
ALT-300243,LOW_STOCK,LOW,SKU-00153,LOC-007,,Low Stock — review required (243),2026-06-20T02:12:26,false,
ALT-300244,CAPACITY_WARNING,critical,,LOC-007,,Capacity Warning — review required (244),2026-06-22T15:12:26,true,2026-06-23T05:12:26.286150
ALT-300245,CAPACITY_WARNING,MEDIUM,,LOC-003,,Capacity Warning — review required (245),2026-06-25T20:12:26,false,
ALT-300246,CAPACITY_WARNING,MEDIUM,,LOC-011,,Capacity Warning — review required (246),2026-06-14T14:12:26,false,
ALT-300247,EXPIRY_WARNING,critical,SKU-00301,,,Expiry Warning — review required (247),2026-05-28T13:12:26,false,
ALT-300248,EXPIRY_WARNING,HIGH,SKU-00456,,,Expiry Warning — review required (248),2026-05-28T10:12:26,false,
ALT-300249,CAPACITY_WARNING,MEDIUM,,LOC-012,,Capacity Warning — review required (249),2026-06-05T11:12:26,false,
ALT-300250,SHIPMENT_DELAY,HIGH,,,,Shipment Delay — review required (250),2026-06-11T16:12:26,false,
ALT-300251,SUPPLIER_RISK,LOW,,,SUP-058,Supplier Risk — review required (251),2026-06-25T16:12:26,false,
ALT-300252,SUPPLIER_RISK,LOW,,,SUP-132,Supplier Risk — review required (252),2026-06-03T22:12:26,false,
ALT-300253,AUDIT_DUE,MEDIUM,,,SUP-021,Audit Due — review required (253),2026-06-11T00:12:26,false,
ALT-300254,LOW_STOCK,HIGH,SKU-00100,LOC-009,,Low Stock — review required (254),2026-06-01T01:12:26,false,
ALT-300255,SHIPMENT_DELAY,MEDIUM,,,,Shipment Delay — review required (255),2026-06-03T09:12:26,false,
ALT-300256,CAPACITY_WARNING,LOW,,LOC-015,,Capacity Warning — review required (256),2026-05-27T07:12:26,true,2026-05-28T18:12:26.286150
ALT-300257,SHIPMENT_DELAY,MEDIUM,,,,Shipment Delay — review required (257),2026-06-21T21:12:26,false,
ALT-300258,LOW_STOCK,CRITICAL,SKU-00029,LOC-010,,Low Stock — review required (258),2026-05-27T09:12:26,false,
ALT-300259,SHIPMENT_DELAY,HIGH,,,,Shipment Delay — review required (259),2026-06-01T15:12:26,false,
ALT-300260,SUPPLIER_RISK,LOW,,,SUP-176,Supplier Risk — review required (260),2026-06-01T20:12:26,true,2026-06-02T21:12:26.286150
ALT-300261,CAPACITY_WARNING,MEDIUM,,LOC-019,,Capacity Warning — review required (261),2026-06-11T00:12:26,true,2026-06-12T13:12:26.286150
ALT-300262,LOW_STOCK,CRITICAL,SKU-00464,LOC-020,,Low Stock — review required (262),2026-06-11T20:12:26,false,
ALT-300263,AUDIT_DUE,CRITICAL,,,SUP-032,Audit Due — review required (263),2026-06-25T02:12:26,false,
ALT-300264,SHIPMENT_DELAY,low,,,,Shipment Delay — review required (264),2026-06-14T18:12:26,false,
ALT-300265,AUDIT_DUE,CRITICAL,,,SUP-191,Audit Due — review required (265),2026-06-25T15:12:26,false,
ALT-300266,LOW_STOCK,low,SKU-00257,LOC-018,,Low Stock — review required (266),2026-06-11T01:12:26,false,
ALT-300267,LOW_STOCK,MEDIUM,SKU-00045,LOC-002,,Low Stock — review required (267),2026-06-05T07:12:26,false,
ALT-300268,SUPPLIER_RISK,HIGH,,,SUP-006,Supplier Risk — review required (268),2026-06-11T02:12:26,false,
ALT-300269,AUDIT_DUE,medium,,,SUP-143,Audit Due — review required (269),2026-06-23T07:12:26,false,
ALT-300270,SHIPMENT_DELAY,HIGH,,,,Shipment Delay — review required (270),2026-06-17T03:12:26,false,
ALT-300271,SHIPMENT_DELAY,MEDIUM,,,,Shipment Delay — review required (271),2026-05-28T04:12:26,false,
ALT-300272,LOW_STOCK,low,SKU-00459,LOC-011,,Low Stock — review required (272),2026-06-06T01:12:26,true,2026-06-07T17:12:26.286150
ALT-300273,SHIPMENT_DELAY,LOW,,,,Shipment Delay — review required (273),2026-06-25T02:12:26,true,2026-06-26T08:12:26.286150
ALT-300274,SHIPMENT_DELAY,MEDIUM,,,,Shipment Delay — review required (274),2026-06-22T09:12:26,false,
ALT-300275,SUPPLIER_RISK,CRITICAL,,,SUP-157,Supplier Risk — review required (275),2026-06-11T20:12:26,true,2026-06-12T10:12:26.286150
ALT-300276,AUDIT_DUE,MEDIUM,,,SUP-128,Audit Due — review required (276),2026-06-23T20:12:26,true,2026-06-23T21:12:26.286150
ALT-300277,LOW_STOCK,HIGH,SKU-00493,LOC-017,,Low Stock — review required (277),2026-06-12T17:12:26,false,
ALT-300278,LOW_STOCK,high,SKU-00178,LOC-013,,Low Stock — review required (278),2026-06-12T09:12:26,false,
ALT-300279,LOW_STOCK,CRITICAL,SKU-00216,LOC-013,,Low Stock — review required (279),2026-05-31T08:12:26,false,
ALT-300280,CAPACITY_WARNING,HIGH,,LOC-006,,Capacity Warning — review required (280),2026-05-28T04:12:26,false,
ALT-300281,LOW_STOCK,CRITICAL,SKU-00372,LOC-010,,Low Stock — review required (281),2026-05-28T14:12:26,false,
ALT-300282,SHIPMENT_DELAY,low,,,,Shipment Delay — review required (282),2026-06-01T21:12:26,false,
ALT-300283,SUPPLIER_RISK,LOW,,,SUP-139,Supplier Risk — review required (283),2026-06-12T09:12:26,false,
ALT-300284,LOW_STOCK,HIGH,SKU-00368,LOC-001,,Low Stock — review required (284),2026-06-11T07:12:26,false,
ALT-300285,LOW_STOCK,HIGH,SKU-00485,LOC-006,,Low Stock — review required (285),2026-06-03T19:12:26,true,2026-06-04T17:12:26.286150
ALT-300286,AUDIT_DUE,LOW,,,SUP-190,Audit Due — review required (286),2026-06-17T14:12:26,true,2026-06-18T06:12:26.286150
ALT-300287,EXPIRY_WARNING,critical,SKU-00024,,,Expiry Warning — review required (287),2026-06-18T05:12:26,false,
ALT-300288,CAPACITY_WARNING,LOW,,LOC-001,,Capacity Warning — review required (288),2026-06-08T06:12:26,false,
ALT-300289,AUDIT_DUE,MEDIUM,,,SUP-041,Audit Due — review required (289),2026-06-03T08:12:26,true,2026-06-04T04:12:26.286150
ALT-300290,CAPACITY_WARNING,high,,LOC-020,,Capacity Warning — review required (290),2026-05-29T06:12:26,false,
ALT-300291,EXPIRY_WARNING,LOW,SKU-00204,,,Expiry Warning — review required (291),2026-06-13T23:12:26,true,2026-06-15T21:12:26.286150
ALT-300292,SUPPLIER_RISK,HIGH,,,SUP-088,Supplier Risk — review required (292),2026-06-17T10:12:26,false,
ALT-300293,LOW_STOCK,high,SKU-00460,LOC-019,,Low Stock — review required (293),2026-06-13T19:12:26,false,
ALT-300294,SUPPLIER_RISK,CRITICAL,,,SUP-120,Supplier Risk — review required (294),2026-06-22T20:12:26,false,
ALT-300295,EXPIRY_WARNING,medium,SKU-00318,,,Expiry Warning — review required (295),2026-06-18T13:12:26,false,
ALT-300296,SUPPLIER_RISK,CRITICAL,,,SUP-143,Supplier Risk — review required (296),2026-06-25T16:12:26,false,
ALT-300297,SUPPLIER_RISK,HIGH,,,SUP-076,Supplier Risk — review required (297),2026-06-18T00:12:26,true,2026-06-19T09:12:26.286150
ALT-300298,EXPIRY_WARNING,CRITICAL,SKU-00141,,,Expiry Warning — review required (298),2026-05-28T18:12:26,true,2026-05-29T11:12:26.286150
ALT-300299,CAPACITY_WARNING,CRITICAL,,LOC-005,,Capacity Warning — review required (299),2026-06-20T14:12:26,true,2026-06-21T08:12:26.286150
ALT-300300,SUPPLIER_RISK,medium,,,SUP-122,Supplier Risk — review required (300),2026-05-28T23:12:26,false,
ALT-300301,SUPPLIER_RISK,CRITICAL,,,SUP-168,Supplier Risk — review required (301),2026-06-19T16:12:26,false,
ALT-300302,LOW_STOCK,MEDIUM,SKU-00109,LOC-004,,Low Stock — review required (302),2026-06-10T00:12:26,false,
ALT-300303,EXPIRY_WARNING,MEDIUM,SKU-00330,,,Expiry Warning — review required (303),2026-06-08T01:12:26,false,
ALT-300304,LOW_STOCK,MEDIUM,SKU-00272,LOC-010,,Low Stock — review required (304),2026-05-29T10:12:26,false,
ALT-300305,CAPACITY_WARNING,low,,LOC-005,,Capacity Warning — review required (305),2026-06-18T03:12:26,true,2026-06-19T14:12:26.286150
ALT-300306,SUPPLIER_RISK,LOW,,,SUP-043,Supplier Risk — review required (306),2026-06-07T21:12:26,false,
ALT-300307,LOW_STOCK,HIGH,SKU-00118,LOC-008,,Low Stock — review required (307),2026-06-11T12:12:26,true,2026-06-13T06:12:26.286150
ALT-300308,SHIPMENT_DELAY,CRITICAL,,,,Shipment Delay — review required (308),2026-06-12T05:12:26,true,2026-06-13T23:12:26.286150
ALT-300309,SUPPLIER_RISK,MEDIUM,,,SUP-122,Supplier Risk — review required (309),2026-06-10T22:12:26,false,
ALT-300310,EXPIRY_WARNING,LOW,SKU-00068,,,Expiry Warning — review required (310),2026-05-30T13:12:26,false,
ALT-300311,CAPACITY_WARNING,CRITICAL,,LOC-012,,Capacity Warning — review required (311),2026-06-11T06:12:26,true,2026-06-11T13:12:26.286150
ALT-300312,LOW_STOCK,CRITICAL,SKU-00141,LOC-011,,Low Stock — review required (312),2026-06-15T09:12:26,false,
ALT-300313,LOW_STOCK,critical,SKU-00029,LOC-007,,Low Stock — review required (313),2026-06-05T11:12:26,false,
ALT-300314,LOW_STOCK,HIGH,SKU-00428,LOC-009,,Low Stock — review required (314),2026-05-29T02:12:26,true,2026-05-30T06:12:26.286150
ALT-300315,AUDIT_DUE,HIGH,,,SUP-102,Audit Due — review required (315),2026-06-13T18:12:26,false,
ALT-300316,AUDIT_DUE,CRITICAL,,,SUP-153,Audit Due — review required (316),2026-06-06T04:12:26,true,2026-06-06T06:12:26.286150
ALT-300317,SHIPMENT_DELAY,MEDIUM,,,,Shipment Delay — review required (317),2026-06-22T06:12:26,false,
ALT-300318,SUPPLIER_RISK,low,,,SUP-134,Supplier Risk — review required (318),2026-06-16T17:12:26,true,2026-06-17T21:12:26.286150
ALT-300319,SUPPLIER_RISK,CRITICAL,,,SUP-125,Supplier Risk — review required (319),2026-06-18T22:12:26,true,2026-06-20T16:12:26.286150
ALT-300320,LOW_STOCK,HIGH,SKU-00291,LOC-017,,Low Stock — review required (320),2026-06-08T02:12:26,false,
ALT-300321,LOW_STOCK,LOW,SKU-00051,LOC-010,,Low Stock — review required (321),2026-06-13T11:12:26,false,
ALT-300322,AUDIT_DUE,LOW,,,SUP-025,Audit Due — review required (322),2026-06-09T15:12:26,false,
ALT-300323,SUPPLIER_RISK,HIGH,,,SUP-102,Supplier Risk — review required (323),2026-06-21T11:12:26,true,2026-06-22T03:12:26.286150
ALT-300324,CAPACITY_WARNING,HIGH,,LOC-013,,Capacity Warning — review required (324),2026-06-17T14:12:26,false,
ALT-300325,SUPPLIER_RISK,MEDIUM,,,SUP-052,Supplier Risk — review required (325),2026-06-15T15:12:26,true,2026-06-16T04:12:26.286150
ALT-300326,CAPACITY_WARNING,HIGH,,LOC-007,,Capacity Warning — review required (326),2026-06-20T14:12:26,false,
ALT-300327,SHIPMENT_DELAY,MEDIUM,,,,Shipment Delay — review required (327),2026-06-14T22:12:26,false,
ALT-300328,EXPIRY_WARNING,LOW,SKU-00499,,,Expiry Warning — review required (328),2026-06-07T05:12:26,false,
ALT-300329,CAPACITY_WARNING,CRITICAL,,LOC-011,,Capacity Warning — review required (329),2026-06-05T01:12:26,false,
ALT-300330,CAPACITY_WARNING,CRITICAL,,LOC-004,,Capacity Warning — review required (330),2026-05-27T06:12:26,true,2026-05-28T13:12:26.286150
ALT-300331,CAPACITY_WARNING,medium,,LOC-017,,Capacity Warning — review required (331),2026-06-01T23:12:26,false,
ALT-300332,CAPACITY_WARNING,HIGH,,LOC-011,,Capacity Warning — review required (332),2026-05-29T06:12:26,true,2026-05-30T03:12:26.286150
ALT-300333,SHIPMENT_DELAY,CRITICAL,,,,Shipment Delay — review required (333),2026-06-15T11:12:26,true,2026-06-17T11:12:26.286150
ALT-300334,CAPACITY_WARNING,CRITICAL,,LOC-005,,Capacity Warning — review required (334),2026-05-28T20:12:26,false,
ALT-300335,AUDIT_DUE,CRITICAL,,,SUP-033,Audit Due — review required (335),2026-06-13T23:12:26,false,
ALT-300336,LOW_STOCK,HIGH,SKU-00341,LOC-020,,Low Stock — review required (336),2026-06-16T00:12:26,false,
ALT-300337,SHIPMENT_DELAY,high,,,,Shipment Delay — review required (337),2026-06-04T16:12:26,false,
ALT-300338,AUDIT_DUE,CRITICAL,,,SUP-027,Audit Due — review required (338),2026-06-11T08:12:26,true,2026-06-11T14:12:26.286150
ALT-300339,AUDIT_DUE,LOW,,,SUP-038,Audit Due — review required (339),2026-05-30T19:12:26,false,
ALT-300340,LOW_STOCK,low,SKU-00139,LOC-020,,Low Stock — review required (340),2026-06-01T08:12:26,false,
ALT-300341,CAPACITY_WARNING,LOW,,LOC-019,,Capacity Warning — review required (341),2026-06-07T05:12:26,true,2026-06-07T18:12:26.286150
ALT-300342,SHIPMENT_DELAY,CRITICAL,,,,Shipment Delay — review required (342),2026-06-06T08:12:26,false,
ALT-300343,CAPACITY_WARNING,MEDIUM,,LOC-016,,Capacity Warning — review required (343),2026-06-18T11:12:26,false,
ALT-300344,SUPPLIER_RISK,LOW,,,SUP-129,Supplier Risk — review required (344),2026-06-23T05:12:26,true,2026-06-24T16:12:26.286150
ALT-300345,CAPACITY_WARNING,CRITICAL,,LOC-019,,Capacity Warning — review required (345),2026-06-24T19:12:26,false,
ALT-300346,AUDIT_DUE,high,,,SUP-002,Audit Due — review required (346),2026-06-22T16:12:26,false,
ALT-300347,LOW_STOCK,MEDIUM,SKU-00379,LOC-003,,Low Stock — review required (347),2026-05-30T23:12:26,false,
ALT-300348,LOW_STOCK,LOW,SKU-00269,LOC-004,,Low Stock — review required (348),2026-06-01T21:12:26,false,
ALT-300349,AUDIT_DUE,CRITICAL,,,SUP-027,Audit Due — review required (349),2026-06-10T17:12:26,true,2026-06-11T09:12:26.286150
ALT-300350,EXPIRY_WARNING,CRITICAL,SKU-00136,,,Expiry Warning — review required (350),2026-05-27T07:12:26,true,2026-05-28T03:12:26.286150
ALT-300351,CAPACITY_WARNING,LOW,,LOC-014,,Capacity Warning — review required (351),2026-06-05T23:12:26,false,
ALT-300352,SUPPLIER_RISK,high,,,SUP-134,Supplier Risk — review required (352),2026-06-25T04:12:26,true,2026-06-26T12:12:26.286150
ALT-300353,SUPPLIER_RISK,low,,,SUP-177,Supplier Risk — review required (353),2026-06-05T06:12:26,false,
ALT-300354,SUPPLIER_RISK,CRITICAL,,,SUP-021,Supplier Risk — review required (354),2026-06-23T14:12:26,true,2026-06-24T19:12:26.286150
ALT-300355,CAPACITY_WARNING,LOW,,LOC-013,,Capacity Warning — review required (355),2026-05-27T14:12:26,false,
ALT-300356,EXPIRY_WARNING,HIGH,SKU-00445,,,Expiry Warning — review required (356),2026-06-04T06:12:26,true,2026-06-06T02:12:26.286150
ALT-300357,LOW_STOCK,HIGH,SKU-00198,LOC-002,,Low Stock — review required (357),2026-06-21T02:12:26,false,
ALT-300358,AUDIT_DUE,LOW,,,SUP-087,Audit Due — review required (358),2026-06-25T10:12:26,true,2026-06-26T18:12:26.286150
ALT-300359,EXPIRY_WARNING,HIGH,SKU-00025,,,Expiry Warning — review required (359),2026-06-20T00:12:26,false,
ALT-300360,EXPIRY_WARNING,MEDIUM,SKU-00041,,,Expiry Warning — review required (360),2026-06-07T22:12:26,false,
ALT-300361,SHIPMENT_DELAY,HIGH,,,,Shipment Delay — review required (361),2026-06-10T06:12:26,false,
ALT-300362,SHIPMENT_DELAY,LOW,,,,Shipment Delay — review required (362),2026-05-27T05:12:26,false,
ALT-300363,SUPPLIER_RISK,MEDIUM,,,SUP-049,Supplier Risk — review required (363),2026-06-19T03:12:26,true,2026-06-19T05:12:26.286150
ALT-300364,LOW_STOCK,HIGH,SKU-00345,LOC-015,,Low Stock — review required (364),2026-06-23T23:12:26,false,
ALT-300365,CAPACITY_WARNING,LOW,,LOC-015,,Capacity Warning — review required (365),2026-05-29T22:12:26,false,
ALT-300366,AUDIT_DUE,LOW,,,SUP-029,Audit Due — review required (366),2026-06-09T18:12:26,true,2026-06-10T03:12:26.286150
ALT-300367,SHIPMENT_DELAY,CRITICAL,,,,Shipment Delay — review required (367),2026-06-24T11:12:26,false,
ALT-300368,CAPACITY_WARNING,CRITICAL,,LOC-020,,Capacity Warning — review required (368),2026-05-29T16:12:26,true,2026-05-29T22:12:26.286150
ALT-300369,LOW_STOCK,high,SKU-00146,LOC-001,,Low Stock — review required (369),2026-06-19T19:12:26,false,
ALT-300370,EXPIRY_WARNING,LOW,SKU-00121,,,Expiry Warning — review required (370),2026-05-28T12:12:26,true,2026-05-28T23:12:26.286150
ALT-300371,CAPACITY_WARNING,MEDIUM,,LOC-008,,Capacity Warning — review required (371),2026-06-09T04:12:26,false,
ALT-300372,CAPACITY_WARNING,high,,LOC-007,,Capacity Warning — review required (372),2026-06-20T19:12:26,true,2026-06-22T00:12:26.286150
ALT-300373,LOW_STOCK,HIGH,SKU-00237,LOC-010,,Low Stock — review required (373),2026-06-19T15:12:26,true,2026-06-21T13:12:26.286150
ALT-300374,SUPPLIER_RISK,low,,,SUP-011,Supplier Risk — review required (374),2026-06-03T13:12:26,false,
ALT-300375,SHIPMENT_DELAY,MEDIUM,,,,Shipment Delay — review required (375),2026-06-14T20:12:26,false,
ALT-300376,SUPPLIER_RISK,HIGH,,,SUP-089,Supplier Risk — review required (376),2026-06-19T01:12:26,false,
ALT-300377,LOW_STOCK,CRITICAL,SKU-00126,LOC-002,,Low Stock — review required (377),2026-06-06T21:12:26,true,2026-06-07T08:12:26.286150
ALT-300378,EXPIRY_WARNING,high,SKU-00440,,,Expiry Warning — review required (378),2026-06-08T07:12:26,false,
ALT-300379,EXPIRY_WARNING,medium,SKU-00371,,,Expiry Warning — review required (379),2026-05-29T05:12:26,true,2026-05-31T04:12:26.286150
ALT-300380,LOW_STOCK,MEDIUM,SKU-00443,LOC-004,,Low Stock — review required (380),2026-06-22T17:12:26,false,
ALT-300381,CAPACITY_WARNING,CRITICAL,,LOC-001,,Capacity Warning — review required (381),2026-06-03T21:12:26,false,
ALT-300382,CAPACITY_WARNING,CRITICAL,,LOC-006,,Capacity Warning — review required (382),2026-06-25T12:12:26,false,
ALT-300383,EXPIRY_WARNING,critical,SKU-00107,,,Expiry Warning — review required (383),2026-06-24T14:12:26,true,2026-06-24T18:12:26.286150
ALT-300384,AUDIT_DUE,MEDIUM,,,SUP-196,Audit Due — review required (384),2026-06-04T06:12:26,false,
ALT-300385,CAPACITY_WARNING,MEDIUM,,LOC-019,,Capacity Warning — review required (385),2026-06-25T15:12:26,false,
ALT-300386,SHIPMENT_DELAY,CRITICAL,,,,Shipment Delay — review required (386),2026-06-02T21:12:26,true,2026-06-03T06:12:26.286150
ALT-300387,SUPPLIER_RISK,critical,,,SUP-062,Supplier Risk — review required (387),2026-06-08T16:12:26,true,2026-06-09T19:12:26.286150
ALT-300388,CAPACITY_WARNING,MEDIUM,,LOC-019,,Capacity Warning — review required (388),2026-06-21T19:12:26,false,
ALT-300389,LOW_STOCK,CRITICAL,SKU-00134,LOC-010,,Low Stock — review required (389),2026-06-25T13:12:26,true,2026-06-27T07:12:26.286150
ALT-300390,AUDIT_DUE,LOW,,,SUP-139,Audit Due — review required (390),2026-06-11T19:12:26,true,2026-06-13T04:12:26.286150
ALT-300391,CAPACITY_WARNING,low,,LOC-014,,Capacity Warning — review required (391),2026-06-17T08:12:26,true,2026-06-18T15:12:26.286150
ALT-300392,LOW_STOCK,CRITICAL,SKU-00119,LOC-011,,Low Stock — review required (392),2026-06-08T07:12:26,false,
ALT-300393,LOW_STOCK,critical,SKU-00182,LOC-001,,Low Stock — review required (393),2026-06-23T15:12:26,true,2026-06-24T13:12:26.286150
ALT-300394,SHIPMENT_DELAY,HIGH,,,,Shipment Delay — review required (394),2026-06-08T13:12:26,true,2026-06-10T02:12:26.286150
ALT-300395,SHIPMENT_DELAY,medium,,,,Shipment Delay — review required (395),2026-06-02T15:12:26,true,2026-06-04T10:12:26.286150
ALT-300396,SUPPLIER_RISK,HIGH,,,SUP-077,Supplier Risk — review required (396),2026-06-18T06:12:26,true,2026-06-18T17:12:26.286150
ALT-300397,LOW_STOCK,LOW,SKU-00265,LOC-012,,Low Stock — review required (397),2026-06-11T22:12:26,false,
ALT-300398,LOW_STOCK,CRITICAL,SKU-00034,LOC-019,,Low Stock — review required (398),2026-05-28T01:12:26,true,2026-05-29T18:12:26.286150
ALT-300399,AUDIT_DUE,MEDIUM,,,SUP-076,Audit Due — review required (399),2026-05-31T03:12:26,false,
ALT-300400,CAPACITY_WARNING,CRITICAL,,LOC-001,,Capacity Warning — review required (400),2026-06-15T14:12:26,true,2026-06-15T20:12:26.286150
ALT-300401,SHIPMENT_DELAY,HIGH,,,,Shipment Delay — review required (401),2026-06-13T11:12:26,true,2026-06-14T22:12:26.286150
ALT-300402,SHIPMENT_DELAY,high,,,,Shipment Delay — review required (402),2026-06-09T14:12:26,true,2026-06-11T12:12:26.286150
ALT-300403,CAPACITY_WARNING,critical,,LOC-005,,Capacity Warning — review required (403),2026-06-08T12:12:26,false,
ALT-300404,LOW_STOCK,HIGH,SKU-00435,LOC-013,,Low Stock — review required (404),2026-06-19T22:12:26,true,2026-06-20T16:12:26.286150
ALT-300405,EXPIRY_WARNING,low,SKU-00174,,,Expiry Warning — review required (405),2026-06-16T04:12:26,true,2026-06-18T01:12:26.286150
ALT-300406,SHIPMENT_DELAY,medium,,,,Shipment Delay — review required (406),2026-06-02T10:12:26,true,2026-06-02T12:12:26.286150
ALT-300407,AUDIT_DUE,HIGH,,,SUP-092,Audit Due — review required (407),2026-06-22T11:12:26,false,
ALT-300408,SHIPMENT_DELAY,HIGH,,,,Shipment Delay — review required (408),2026-05-27T16:12:26,false,
ALT-300409,SUPPLIER_RISK,medium,,,SUP-175,Supplier Risk — review required (409),2026-06-05T04:12:26,true,2026-06-05T18:12:26.286150
ALT-300410,SHIPMENT_DELAY,MEDIUM,,,,Shipment Delay — review required (410),2026-06-18T08:12:26,false,
ALT-300411,AUDIT_DUE,critical,,,SUP-039,Audit Due — review required (411),2026-06-05T23:12:26,false,
ALT-300412,SHIPMENT_DELAY,CRITICAL,,,,Shipment Delay — review required (412),2026-06-25T09:12:26,false,
ALT-300413,AUDIT_DUE,medium,,,SUP-009,Audit Due — review required (413),2026-06-24T08:12:26,false,
ALT-300414,LOW_STOCK,LOW,SKU-00168,LOC-009,,Low Stock — review required (414),2026-06-14T08:12:26,false,
ALT-300415,EXPIRY_WARNING,LOW,SKU-00003,,,Expiry Warning — review required (415),2026-05-30T05:12:26,false,
ALT-300416,CAPACITY_WARNING,high,,LOC-005,,Capacity Warning — review required (416),2026-06-25T22:12:26,true,2026-06-27T21:12:26.286150
ALT-300417,EXPIRY_WARNING,CRITICAL,SKU-90005,,,Expiry Warning — review required (417),2026-06-12T17:12:26,false,
ALT-300418,EXPIRY_WARNING,critical,SKU-00426,,,Expiry Warning — review required (418),2026-06-19T16:12:26,false,
ALT-300419,EXPIRY_WARNING,medium,SKU-00285,,,Expiry Warning — review required (419),2026-06-22T08:12:26,false,
ALT-300420,SHIPMENT_DELAY,CRITICAL,,,,Shipment Delay — review required (420),2026-05-27T05:12:26,false,
ALT-300421,EXPIRY_WARNING,critical,SKU-00361,,,Expiry Warning — review required (421),2026-06-25T16:12:26,true,2026-06-27T08:12:26.286150
ALT-300422,LOW_STOCK,LOW,SKU-00380,LOC-006,,Low Stock — review required (422),2026-06-22T13:12:26,false,
ALT-300423,CAPACITY_WARNING,HIGH,,LOC-006,,Capacity Warning — review required (423),2026-06-17T16:12:26,false,
ALT-300424,CAPACITY_WARNING,LOW,,LOC-016,,Capacity Warning — review required (424),2026-06-04T21:12:26,true,2026-06-05T23:12:26.286150
ALT-300425,EXPIRY_WARNING,LOW,SKU-00178,,,Expiry Warning — review required (425),2026-06-07T18:12:26,true,2026-06-09T17:12:26.286150
ALT-300426,CAPACITY_WARNING,CRITICAL,,LOC-013,,Capacity Warning — review required (426),2026-06-15T00:12:26,false,
ALT-300427,SHIPMENT_DELAY,LOW,,,,Shipment Delay — review required (427),2026-06-16T14:12:26,true,2026-06-17T08:12:26.286150
ALT-300428,AUDIT_DUE,HIGH,,,SUP-007,Audit Due — review required (428),2026-06-16T23:12:26,true,2026-06-17T11:12:26.286150
ALT-300429,SHIPMENT_DELAY,MEDIUM,,,,Shipment Delay — review required (429),2026-06-02T11:12:26,true,2026-06-04T11:12:26.286150
ALT-300430,AUDIT_DUE,LOW,,,SUP-092,Audit Due — review required (430),2026-06-20T22:12:26,true,2026-06-22T18:12:26.286150
ALT-300431,SUPPLIER_RISK,HIGH,,,SUP-073,Supplier Risk — review required (431),2026-05-30T18:12:26,false,
ALT-300432,AUDIT_DUE,HIGH,,,SUP-134,Audit Due — review required (432),2026-06-16T03:12:26,true,2026-06-17T15:12:26.286150
ALT-300433,EXPIRY_WARNING,LOW,SKU-00480,,,Expiry Warning — review required (433),2026-06-25T09:12:26,false,
ALT-300434,LOW_STOCK,CRITICAL,SKU-00063,LOC-016,,Low Stock — review required (434),2026-06-11T12:12:26,false,
ALT-300435,EXPIRY_WARNING,CRITICAL,SKU-00246,,,Expiry Warning — review required (435),2026-06-25T18:12:26,true,2026-06-26T01:12:26.286150
ALT-300436,LOW_STOCK,MEDIUM,SKU-00415,LOC-012,,Low Stock — review required (436),2026-06-21T23:12:26,false,
ALT-300437,SUPPLIER_RISK,LOW,,,SUP-035,Supplier Risk — review required (437),2026-06-21T08:12:26,false,
ALT-300438,EXPIRY_WARNING,high,SKU-00130,,,Expiry Warning — review required (438),2026-06-03T02:12:26,false,
ALT-300439,SUPPLIER_RISK,CRITICAL,,,SUP-186,Supplier Risk — review required (439),2026-06-15T21:12:26,true,2026-06-17T08:12:26.286150
ALT-300440,CAPACITY_WARNING,high,,LOC-016,,Capacity Warning — review required (440),2026-06-13T14:12:26,false,
ALT-300441,EXPIRY_WARNING,MEDIUM,SKU-00091,,,Expiry Warning — review required (441),2026-06-08T08:12:26,false,
ALT-300442,LOW_STOCK,MEDIUM,SKU-00011,LOC-001,,Low Stock — review required (442),2026-06-18T13:12:26,false,
ALT-300443,SUPPLIER_RISK,HIGH,,,SUP-133,Supplier Risk — review required (443),2026-06-09T13:12:26,true,2026-06-10T23:12:26.286150
ALT-300444,LOW_STOCK,LOW,SKU-00262,LOC-003,,Low Stock — review required (444),2026-06-06T09:12:26,false,
ALT-300445,AUDIT_DUE,medium,,,SUP-190,Audit Due — review required (445),2026-06-04T03:12:26,false,
ALT-300446,CAPACITY_WARNING,HIGH,,LOC-005,,Capacity Warning — review required (446),2026-06-22T06:12:26,false,
ALT-300447,LOW_STOCK,MEDIUM,SKU-00190,LOC-002,,Low Stock — review required (447),2026-05-31T23:12:26,false,
ALT-300448,EXPIRY_WARNING,LOW,SKU-00005,,,Expiry Warning — review required (448),2026-06-04T05:12:26,false,
ALT-300449,LOW_STOCK,MEDIUM,SKU-00181,LOC-020,,Low Stock — review required (449),2026-06-07T04:12:26,false,
ALT-300450,AUDIT_DUE,CRITICAL,,,SUP-018,Audit Due — review required (450),2026-06-14T01:12:26,true,2026-06-15T01:12:26.286150
ALT-300451,SUPPLIER_RISK,critical,,,SUP-169,Supplier Risk — review required (451),2026-06-11T13:12:26,false,
ALT-300452,SHIPMENT_DELAY,low,,,,Shipment Delay — review required (452),2026-05-31T20:12:26,false,
ALT-300453,EXPIRY_WARNING,MEDIUM,SKU-00368,,,Expiry Warning — review required (453),2026-06-04T18:12:26,true,2026-06-05T18:12:26.286150
ALT-300454,LOW_STOCK,LOW,SKU-00272,LOC-018,,Low Stock — review required (454),2026-06-21T17:12:26,false,
ALT-300455,SUPPLIER_RISK,MEDIUM,,,SUP-004,Supplier Risk — review required (455),2026-06-20T07:12:26,false,
ALT-300456,CAPACITY_WARNING,CRITICAL,,LOC-009,,Capacity Warning — review required (456),2026-06-24T02:12:26,false,
ALT-300457,AUDIT_DUE,CRITICAL,,,SUP-162,Audit Due — review required (457),2026-06-11T00:12:26,false,
ALT-300458,SUPPLIER_RISK,MEDIUM,,,SUP-087,Supplier Risk — review required (458),2026-05-31T04:12:26,true,2026-06-01T22:12:26.286150
ALT-300459,SUPPLIER_RISK,CRITICAL,,,SUP-137,Supplier Risk — review required (459),2026-06-18T18:12:26,true,2026-06-20T03:12:26.286150
ALT-300460,LOW_STOCK,low,SKU-00484,LOC-009,,Low Stock — review required (460),2026-05-31T02:12:26,false,
ALT-300461,AUDIT_DUE,MEDIUM,,,SUP-171,Audit Due — review required (461),2026-06-08T14:12:26,false,
ALT-300462,EXPIRY_WARNING,MEDIUM,SKU-00014,,,Expiry Warning — review required (462),2026-05-30T12:12:26,false,
ALT-300463,CAPACITY_WARNING,CRITICAL,,LOC-012,,Capacity Warning — review required (463),2026-06-24T23:12:26,false,
ALT-300464,SUPPLIER_RISK,MEDIUM,,,SUP-094,Supplier Risk — review required (464),2026-05-30T01:12:26,true,2026-05-31T07:12:26.286150
ALT-300465,CAPACITY_WARNING,LOW,,LOC-004,,Capacity Warning — review required (465),2026-06-04T05:12:26,true,2026-06-04T07:12:26.286150
ALT-300466,SUPPLIER_RISK,LOW,,,SUP-011,Supplier Risk — review required (466),2026-06-14T23:12:26,false,
ALT-300467,LOW_STOCK,MEDIUM,SKU-00043,LOC-018,,Low Stock — review required (467),2026-06-25T00:12:26,false,
ALT-300468,EXPIRY_WARNING,CRITICAL,SKU-00179,,,Expiry Warning — review required (468),2026-06-15T22:12:26,false,
ALT-300469,SUPPLIER_RISK,LOW,,,SUP-142,Supplier Risk — review required (469),2026-06-07T07:12:26,false,
ALT-300470,CAPACITY_WARNING,medium,,LOC-004,,Capacity Warning — review required (470),2026-06-12T13:12:26,true,2026-06-14T10:12:26.286150
ALT-300471,EXPIRY_WARNING,critical,SKU-00128,,,Expiry Warning — review required (471),2026-05-29T22:12:26,false,
ALT-300472,LOW_STOCK,CRITICAL,SKU-00458,LOC-017,,Low Stock — review required (472),2026-06-19T11:12:26,false,
ALT-300473,AUDIT_DUE,HIGH,,,SUP-176,Audit Due — review required (473),2026-06-09T08:12:26,false,
ALT-300474,EXPIRY_WARNING,CRITICAL,SKU-00211,,,Expiry Warning — review required (474),2026-06-12T17:12:26,false,
ALT-300475,AUDIT_DUE,LOW,,,SUP-083,Audit Due — review required (475),2026-05-31T20:12:26,true,2026-06-02T03:12:26.286150
ALT-300476,EXPIRY_WARNING,MEDIUM,SKU-00474,,,Expiry Warning — review required (476),2026-06-25T08:12:26,true,2026-06-25T10:12:26.286150
ALT-300477,SHIPMENT_DELAY,LOW,,,,Shipment Delay — review required (477),2026-06-10T19:12:26,false,
ALT-300478,AUDIT_DUE,MEDIUM,,,SUP-126,Audit Due — review required (478),2026-06-08T13:12:26,false,
ALT-300479,CAPACITY_WARNING,LOW,,LOC-014,,Capacity Warning — review required (479),2026-06-18T05:12:26,false,
ALT-300480,AUDIT_DUE,low,,,SUP-075,Audit Due — review required (480),2026-06-20T00:12:26,false,
ALT-300481,LOW_STOCK,MEDIUM,SKU-00192,LOC-011,,Low Stock — review required (481),2026-06-22T15:12:26,false,
ALT-300482,SHIPMENT_DELAY,critical,,,,Shipment Delay — review required (482),2026-06-11T18:12:26,false,
ALT-300483,CAPACITY_WARNING,CRITICAL,,LOC-002,,Capacity Warning — review required (483),2026-06-23T17:12:26,false,
ALT-300484,AUDIT_DUE,CRITICAL,,,SUP-105,Audit Due — review required (484),2026-06-09T09:12:26,true,2026-06-09T20:12:26.286150
ALT-300485,LOW_STOCK,CRITICAL,SKU-00408,LOC-011,,Low Stock — review required (485),2026-06-14T08:12:26,true,2026-06-16T00:12:26.286150
ALT-300486,EXPIRY_WARNING,high,SKU-00473,,,Expiry Warning — review required (486),2026-06-02T02:12:26,true,2026-06-02T20:12:26.286150
ALT-300487,LOW_STOCK,LOW,SKU-00464,LOC-016,,Low Stock — review required (487),2026-05-27T00:12:26,false,
ALT-300488,LOW_STOCK,MEDIUM,SKU-00430,LOC-017,,Low Stock — review required (488),2026-06-20T05:12:26,false,
ALT-300489,SHIPMENT_DELAY,LOW,,,,Shipment Delay — review required (489),2026-06-21T07:12:26,false,
ALT-300490,SHIPMENT_DELAY,LOW,,,,Shipment Delay — review required (490),2026-06-01T16:12:26,false,
ALT-300491,EXPIRY_WARNING,CRITICAL,SKU-00058,,,Expiry Warning — review required (491),2026-05-30T16:12:26,false,
ALT-300492,SHIPMENT_DELAY,CRITICAL,,,,Shipment Delay — review required (492),2026-06-04T12:12:26,false,
ALT-300493,CAPACITY_WARNING,medium,,LOC-020,,Capacity Warning — review required (493),2026-06-25T07:12:26,false,
ALT-300494,CAPACITY_WARNING,MEDIUM,,LOC-020,,Capacity Warning — review required (494),2026-06-03T07:12:26,false,
ALT-300495,SHIPMENT_DELAY,LOW,,,,Shipment Delay — review required (495),2026-06-09T03:12:26,false,
ALT-300496,SUPPLIER_RISK,CRITICAL,,,SUP-031,Supplier Risk — review required (496),2026-06-10T19:12:26,false,
ALT-300497,CAPACITY_WARNING,critical,,LOC-015,,Capacity Warning — review required (497),2026-06-09T14:12:26,false,
ALT-300498,EXPIRY_WARNING,CRITICAL,SKU-00468,,,Expiry Warning — review required (498),2026-06-23T17:12:26,false,
ALT-300499,EXPIRY_WARNING,critical,SKU-00404,,,Expiry Warning — review required (499),2026-06-08T14:12:26,true,2026-06-10T07:12:26.286150
ALT-300500,AUDIT_DUE,medium,,,SUP-078,Audit Due — review required (500),2026-06-14T15:12:26,false,
ALT-300501,SHIPMENT_DELAY,LOW,,,,Shipment Delay — review required (501),2026-06-17T03:12:26,false,
ALT-300502,SHIPMENT_DELAY,MEDIUM,,,,Shipment Delay — review required (502),2026-06-10T11:12:26,false,
ALT-300503,EXPIRY_WARNING,LOW,SKU-00332,,,Expiry Warning — review required (503),2026-06-15T12:12:26,true,2026-06-17T08:12:26.286150
ALT-300504,CAPACITY_WARNING,CRITICAL,,LOC-012,,Capacity Warning — review required (504),2026-06-12T17:12:26,true,2026-06-13T07:12:26.286150
ALT-300505,LOW_STOCK,CRITICAL,SKU-00138,LOC-007,,Low Stock — review required (505),2026-05-28T07:12:26,false,
ALT-300506,LOW_STOCK,HIGH,SKU-00056,LOC-010,,Low Stock — review required (506),2026-06-15T07:12:26,true,2026-06-17T02:12:26.286150
ALT-300507,SHIPMENT_DELAY,LOW,,,,Shipment Delay — review required (507),2026-06-01T21:12:26,true,2026-06-03T20:12:26.286150
ALT-300508,SUPPLIER_RISK,CRITICAL,,,SUP-191,Supplier Risk — review required (508),2026-06-09T14:12:26,false,
ALT-300509,AUDIT_DUE,CRITICAL,,,SUP-094,Audit Due — review required (509),2026-06-06T05:12:26,false,
ALT-300510,AUDIT_DUE,HIGH,,,SUP-173,Audit Due — review required (510),2026-06-15T10:12:26,false,
ALT-300511,SHIPMENT_DELAY,HIGH,,,,Shipment Delay — review required (511),2026-05-27T06:12:26,true,2026-05-28T11:12:26.286150
ALT-300512,AUDIT_DUE,LOW,,,SUP-104,Audit Due — review required (512),2026-06-25T18:12:26,true,2026-06-27T10:12:26.286150
ALT-300513,CAPACITY_WARNING,MEDIUM,,LOC-005,,Capacity Warning — review required (513),2026-05-27T02:12:26,false,
ALT-300514,CAPACITY_WARNING,high,,LOC-020,,Capacity Warning — review required (514),2026-06-21T06:12:26,false,
ALT-300515,SUPPLIER_RISK,CRITICAL,,,SUP-145,Supplier Risk — review required (515),2026-06-20T00:12:26,false,
ALT-300516,SUPPLIER_RISK,CRITICAL,,,SUP-013,Supplier Risk — review required (516),2026-06-13T18:12:26,true,2026-06-14T01:12:26.286150
ALT-300517,CAPACITY_WARNING,low,,LOC-015,,Capacity Warning — review required (517),2026-05-28T06:12:26,true,2026-05-29T17:12:26.286150
ALT-300518,AUDIT_DUE,CRITICAL,,,SUP-002,Audit Due — review required (518),2026-06-09T02:12:26,false,
ALT-300519,SHIPMENT_DELAY,medium,,,,Shipment Delay — review required (519),2026-06-07T20:12:26,true,2026-06-09T02:12:26.286150
ALT-300520,SUPPLIER_RISK,CRITICAL,,,SUP-175,Supplier Risk — review required (520),2026-05-31T18:12:26,true,2026-06-01T06:12:26.286150
ALT-300521,LOW_STOCK,MEDIUM,SKU-00110,LOC-001,,Low Stock — review required (521),2026-05-31T16:12:26,false,
ALT-300522,SUPPLIER_RISK,HIGH,,,SUP-090,Supplier Risk — review required (522),2026-05-27T16:12:26,true,2026-05-29T01:12:26.286150
ALT-300523,SHIPMENT_DELAY,high,,,,Shipment Delay — review required (523),2026-06-19T22:12:26,false,
ALT-300524,SHIPMENT_DELAY,HIGH,,,,Shipment Delay — review required (524),2026-05-31T20:12:26,true,2026-06-01T15:12:26.286150
ALT-300525,EXPIRY_WARNING,LOW,SKU-00270,,,Expiry Warning — review required (525),2026-06-05T17:12:26,false,
ALT-300526,CAPACITY_WARNING,LOW,,LOC-009,,Capacity Warning — review required (526),2026-06-15T10:12:26,false,
ALT-300527,EXPIRY_WARNING,LOW,SKU-00277,,,Expiry Warning — review required (527),2026-06-03T05:12:26,false,
ALT-300528,SUPPLIER_RISK,CRITICAL,,,SUP-164,Supplier Risk — review required (528),2026-06-11T12:12:26,false,
ALT-300529,SUPPLIER_RISK,HIGH,,,SUP-141,Supplier Risk — review required (529),2026-05-29T16:12:26,false,
ALT-300530,LOW_STOCK,MEDIUM,SKU-00405,LOC-014,,Low Stock — review required (530),2026-06-07T15:12:26,false,
ALT-300531,CAPACITY_WARNING,LOW,,LOC-014,,Capacity Warning — review required (531),2026-06-05T21:12:26,true,2026-06-07T15:12:26.286150
ALT-300532,SUPPLIER_RISK,CRITICAL,,,SUP-060,Supplier Risk — review required (532),2026-06-20T14:12:26,false,
ALT-300533,SHIPMENT_DELAY,medium,,,,Shipment Delay — review required (533),2026-06-13T17:12:26,false,
ALT-300534,LOW_STOCK,critical,SKU-00131,LOC-014,,Low Stock — review required (534),2026-06-08T02:12:26,false,
ALT-300535,AUDIT_DUE,CRITICAL,,,SUP-193,Audit Due — review required (535),2026-05-29T12:12:26,false,
ALT-300536,SUPPLIER_RISK,MEDIUM,,,SUP-062,Supplier Risk — review required (536),2026-06-22T15:12:26,true,2026-06-22T22:12:26.286150
ALT-300537,SHIPMENT_DELAY,MEDIUM,,,,Shipment Delay — review required (537),2026-06-24T08:12:26,true,2026-06-26T01:12:26.286150
ALT-300538,AUDIT_DUE,MEDIUM,,,SUP-165,Audit Due — review required (538),2026-06-18T07:12:26,true,2026-06-19T18:12:26.286150
ALT-300539,SHIPMENT_DELAY,MEDIUM,,,,Shipment Delay — review required (539),2026-06-23T08:12:26,true,2026-06-23T19:12:26.286150
ALT-300540,SUPPLIER_RISK,LOW,,,SUP-062,Supplier Risk — review required (540),2026-05-31T11:12:26,true,2026-06-01T04:12:26.286150
ALT-300541,EXPIRY_WARNING,HIGH,SKU-00144,,,Expiry Warning — review required (541),2026-05-31T18:12:26,false,
ALT-300542,EXPIRY_WARNING,MEDIUM,SKU-00083,,,Expiry Warning — review required (542),2026-06-02T20:12:26,false,
ALT-300543,SHIPMENT_DELAY,CRITICAL,,,,Shipment Delay — review required (543),2026-06-04T22:12:26,true,2026-06-06T06:12:26.286150
ALT-300544,SHIPMENT_DELAY,HIGH,,,,Shipment Delay — review required (544),2026-05-31T16:12:26,true,2026-06-02T16:12:26.286150
ALT-300545,AUDIT_DUE,CRITICAL,,,SUP-069,Audit Due — review required (545),2026-05-29T22:12:26,false,
ALT-300546,AUDIT_DUE,MEDIUM,,,SUP-120,Audit Due — review required (546),2026-06-19T14:12:26,true,2026-06-20T19:12:26.286150
ALT-300547,SUPPLIER_RISK,HIGH,,,SUP-004,Supplier Risk — review required (547),2026-05-27T14:12:26,false,
ALT-300548,LOW_STOCK,MEDIUM,SKU-00324,LOC-001,,Low Stock — review required (548),2026-05-31T19:12:26,true,2026-06-02T13:12:26.286150
ALT-300549,CAPACITY_WARNING,LOW,,LOC-004,,Capacity Warning — review required (549),2026-06-23T06:12:26,true,2026-06-23T12:12:26.286150
ALT-300550,EXPIRY_WARNING,critical,SKU-00375,,,Expiry Warning — review required (550),2026-06-04T16:12:26,true,2026-06-05T22:12:26.286150
ALT-300551,LOW_STOCK,medium,SKU-00324,LOC-010,,Low Stock — review required (551),2026-05-27T09:12:26,true,2026-05-29T07:12:26.286150
ALT-300552,CAPACITY_WARNING,low,,LOC-020,,Capacity Warning — review required (552),2026-05-27T16:12:26,false,
ALT-300553,EXPIRY_WARNING,MEDIUM,SKU-00466,,,Expiry Warning — review required (553),2026-06-19T19:12:26,false,
ALT-300554,EXPIRY_WARNING,HIGH,SKU-00129,,,Expiry Warning — review required (554),2026-06-18T04:12:26,false,
ALT-300555,LOW_STOCK,CRITICAL,SKU-00454,LOC-019,,Low Stock — review required (555),2026-06-11T02:12:26,false,
ALT-300556,LOW_STOCK,HIGH,SKU-00393,LOC-013,,Low Stock — review required (556),2026-06-25T00:12:26,false,
ALT-300557,LOW_STOCK,low,SKU-00349,LOC-001,,Low Stock — review required (557),2026-06-15T13:12:26,true,2026-06-15T20:12:26.286150
ALT-300558,SUPPLIER_RISK,MEDIUM,,,SUP-115,Supplier Risk — review required (558),2026-06-22T22:12:26,true,2026-06-23T22:12:26.286150
ALT-300559,SHIPMENT_DELAY,MEDIUM,,,,Shipment Delay — review required (559),2026-06-17T22:12:26,true,2026-06-18T07:12:26.286150
ALT-300560,SHIPMENT_DELAY,medium,,,,Shipment Delay — review required (560),2026-06-04T10:12:26,false,
ALT-300561,EXPIRY_WARNING,medium,SKU-00224,,,Expiry Warning — review required (561),2026-06-23T15:12:26,true,2026-06-25T10:12:26.286150
ALT-300562,CAPACITY_WARNING,LOW,,LOC-007,,Capacity Warning — review required (562),2026-06-02T23:12:26,false,
ALT-300563,AUDIT_DUE,CRITICAL,,,SUP-192,Audit Due — review required (563),2026-06-16T07:12:26,true,2026-06-17T04:12:26.286150
ALT-300564,EXPIRY_WARNING,CRITICAL,SKU-00252,,,Expiry Warning — review required (564),2026-06-18T19:12:26,true,2026-06-19T05:12:26.286150
ALT-300565,SHIPMENT_DELAY,CRITICAL,,,,Shipment Delay — review required (565),2026-06-07T08:12:26,true,2026-06-08T17:12:26.286150
ALT-300566,SHIPMENT_DELAY,MEDIUM,,,,Shipment Delay — review required (566),2026-06-02T11:12:26,true,2026-06-03T15:12:26.286150
ALT-300567,SHIPMENT_DELAY,LOW,,,,Shipment Delay — review required (567),2026-05-29T08:12:26,true,2026-05-30T02:12:26.286150
ALT-300568,CAPACITY_WARNING,CRITICAL,,LOC-007,,Capacity Warning — review required (568),2026-06-11T13:12:26,false,
ALT-300569,AUDIT_DUE,LOW,,,SUP-157,Audit Due — review required (569),2026-05-31T04:12:26,true,2026-06-02T03:12:26.286150
ALT-300570,AUDIT_DUE,MEDIUM,,,SUP-177,Audit Due — review required (570),2026-06-13T11:12:26,false,
ALT-300571,EXPIRY_WARNING,LOW,SKU-00333,,,Expiry Warning — review required (571),2026-06-09T07:12:26,false,
ALT-300572,LOW_STOCK,low,SKU-00382,LOC-006,,Low Stock — review required (572),2026-06-25T15:12:26,false,
ALT-300573,CAPACITY_WARNING,LOW,,LOC-007,,Capacity Warning — review required (573),2026-06-03T13:12:26,false,
ALT-300574,EXPIRY_WARNING,CRITICAL,SKU-00309,,,Expiry Warning — review required (574),2026-05-29T03:12:26,false,
ALT-300575,AUDIT_DUE,HIGH,,,SUP-122,Audit Due — review required (575),2026-06-15T03:12:26,false,
ALT-300576,SHIPMENT_DELAY,critical,,,,Shipment Delay — review required (576),2026-06-10T08:12:26,false,
ALT-300577,SHIPMENT_DELAY,critical,,,,Shipment Delay — review required (577),2026-06-13T21:12:26,true,2026-06-14T02:12:26.286150
ALT-300578,CAPACITY_WARNING,HIGH,,LOC-001,,Capacity Warning — review required (578),2026-06-10T09:12:26,true,2026-06-11T22:12:26.286150
ALT-300579,CAPACITY_WARNING,high,,LOC-008,,Capacity Warning — review required (579),2026-06-21T04:12:26,false,
ALT-300580,LOW_STOCK,LOW,SKU-00265,LOC-007,,Low Stock — review required (580),2026-06-07T18:12:26,true,2026-06-08T09:12:26.286150
ALT-300581,LOW_STOCK,MEDIUM,SKU-00135,LOC-017,,Low Stock — review required (581),2026-06-06T09:12:26,false,
ALT-300582,LOW_STOCK,CRITICAL,SKU-00374,LOC-016,,Low Stock — review required (582),2026-05-28T13:12:26,false,
ALT-300583,AUDIT_DUE,MEDIUM,,,SUP-034,Audit Due — review required (583),2026-06-06T16:12:26,true,2026-06-06T22:12:26.286150
ALT-300584,LOW_STOCK,MEDIUM,SKU-00459,LOC-001,,Low Stock — review required (584),2026-06-07T17:12:26,false,
ALT-300585,SHIPMENT_DELAY,high,,,,Shipment Delay — review required (585),2026-06-07T21:12:26,false,
ALT-300586,AUDIT_DUE,LOW,,,SUP-129,Audit Due — review required (586),2026-06-03T11:12:26,false,
ALT-300587,SHIPMENT_DELAY,CRITICAL,,,,Shipment Delay — review required (587),2026-06-06T13:12:26,false,
ALT-300588,SHIPMENT_DELAY,CRITICAL,,,,Shipment Delay — review required (588),2026-06-17T22:12:26,true,2026-06-18T06:12:26.286150
ALT-300589,CAPACITY_WARNING,medium,,LOC-005,,Capacity Warning — review required (589),2026-06-16T14:12:26,true,2026-06-18T13:12:26.286150
ALT-300590,SUPPLIER_RISK,MEDIUM,,,SUP-107,Supplier Risk — review required (590),2026-06-12T12:12:26,false,
ALT-300591,SUPPLIER_RISK,CRITICAL,,,SUP-163,Supplier Risk — review required (591),2026-06-18T10:12:26,false,
ALT-300592,EXPIRY_WARNING,MEDIUM,SKU-00373,,,Expiry Warning — review required (592),2026-06-06T00:12:26,false,
ALT-300593,SUPPLIER_RISK,HIGH,,,SUP-159,Supplier Risk — review required (593),2026-06-21T18:12:26,false,
ALT-300594,EXPIRY_WARNING,medium,SKU-00094,,,Expiry Warning — review required (594),2026-05-27T11:12:26,true,2026-05-28T19:12:26.286150
ALT-300595,SHIPMENT_DELAY,CRITICAL,,,,Shipment Delay — review required (595),2026-06-02T09:12:26,false,
ALT-300596,LOW_STOCK,HIGH,SKU-00187,LOC-016,,Low Stock — review required (596),2026-05-29T21:12:26,false,
ALT-300597,LOW_STOCK,CRITICAL,SKU-00270,LOC-014,,Low Stock — review required (597),2026-05-31T16:12:26,false,
ALT-300598,CAPACITY_WARNING,MEDIUM,,LOC-010,,Capacity Warning — review required (598),2026-05-28T03:12:26,true,2026-05-29T19:12:26.286150
ALT-300599,SHIPMENT_DELAY,CRITICAL,,,,Shipment Delay — review required (599),2026-05-30T21:12:26,true,2026-06-01T18:12:26.286150
ALT-300600,SUPPLIER_RISK,CRITICAL,,,SUP-073,Supplier Risk — review required (600),2026-06-21T07:12:26,true,2026-06-22T19:12:26.286150
ALT-300601,LOW_STOCK,medium,SKU-00427,LOC-016,,Low Stock — review required (601),2026-06-09T18:12:26,false,
ALT-300602,SUPPLIER_RISK,CRITICAL,,,SUP-132,Supplier Risk — review required (602),2026-05-30T09:12:26,false,
ALT-300603,SUPPLIER_RISK,low,,,SUP-014,Supplier Risk — review required (603),2026-06-10T21:12:26,false,
ALT-300604,SHIPMENT_DELAY,LOW,,,,Shipment Delay — review required (604),2026-06-08T03:12:26,false,
ALT-300605,EXPIRY_WARNING,LOW,SKU-00452,,,Expiry Warning — review required (605),2026-05-30T13:12:26,false,
ALT-300606,LOW_STOCK,low,SKU-00147,LOC-014,,Low Stock — review required (606),2026-06-16T15:12:26,true,2026-06-16T16:12:26.286150
ALT-300607,CAPACITY_WARNING,MEDIUM,,LOC-018,,Capacity Warning — review required (607),2026-06-10T07:12:26,false,
ALT-300608,EXPIRY_WARNING,LOW,SKU-00048,,,Expiry Warning — review required (608),2026-06-01T06:12:26,false,
ALT-300609,SUPPLIER_RISK,CRITICAL,,,SUP-083,Supplier Risk — review required (609),2026-05-30T10:12:26,true,2026-05-31T19:12:26.286150
ALT-300610,AUDIT_DUE,CRITICAL,,,SUP-115,Audit Due — review required (610),2026-06-08T00:12:26,false,
ALT-300611,SUPPLIER_RISK,medium,,,SUP-088,Supplier Risk — review required (611),2026-06-05T23:12:26,true,2026-06-06T11:12:26.286150
ALT-300612,LOW_STOCK,CRITICAL,SKU-00001,LOC-017,,Low Stock — review required (612),2026-06-21T01:12:26,false,
ALT-300613,CAPACITY_WARNING,MEDIUM,,LOC-010,,Capacity Warning — review required (613),2026-05-30T06:12:26,true,2026-05-31T13:12:26.286150
ALT-300614,LOW_STOCK,LOW,SKU-00270,LOC-002,,Low Stock — review required (614),2026-05-28T12:12:26,true,2026-05-29T21:12:26.286150
ALT-300615,LOW_STOCK,medium,SKU-00087,LOC-001,,Low Stock — review required (615),2026-06-19T06:12:26,false,
ALT-300616,EXPIRY_WARNING,MEDIUM,SKU-00415,,,Expiry Warning — review required (616),2026-05-31T18:12:26,false,
ALT-300617,LOW_STOCK,MEDIUM,SKU-00408,LOC-015,,Low Stock — review required (617),2026-06-04T12:12:26,true,2026-06-05T08:12:26.286150
ALT-300618,CAPACITY_WARNING,MEDIUM,,LOC-013,,Capacity Warning — review required (618),2026-06-11T10:12:26,false,
ALT-300619,EXPIRY_WARNING,HIGH,SKU-00290,,,Expiry Warning — review required (619),2026-06-09T20:12:26,false,
ALT-300620,SUPPLIER_RISK,HIGH,,,SUP-084,Supplier Risk — review required (620),2026-05-28T02:12:26,false,
ALT-300621,EXPIRY_WARNING,LOW,SKU-00293,,,Expiry Warning — review required (621),2026-06-14T09:12:26,false,
ALT-300622,SHIPMENT_DELAY,LOW,,,,Shipment Delay — review required (622),2026-06-23T03:12:26,false,
ALT-300623,LOW_STOCK,MEDIUM,SKU-00102,LOC-001,,Low Stock — review required (623),2026-06-14T06:12:26,false,
ALT-300624,AUDIT_DUE,LOW,,,SUP-190,Audit Due — review required (624),2026-06-16T09:12:26,false,
ALT-300625,SHIPMENT_DELAY,LOW,,,,Shipment Delay — review required (625),2026-05-30T08:12:26,false,
ALT-300626,SUPPLIER_RISK,LOW,,,SUP-090,Supplier Risk — review required (626),2026-06-01T05:12:26,false,
ALT-300627,LOW_STOCK,HIGH,SKU-00203,LOC-008,,Low Stock — review required (627),2026-06-08T13:12:26,false,
ALT-300628,EXPIRY_WARNING,CRITICAL,SKU-00098,,,Expiry Warning — review required (628),2026-05-29T10:12:26,false,
ALT-300629,SUPPLIER_RISK,HIGH,,,SUP-150,Supplier Risk — review required (629),2026-06-19T22:12:26,false,
ALT-300630,EXPIRY_WARNING,LOW,SKU-00472,,,Expiry Warning — review required (630),2026-06-01T18:12:26,false,
ALT-300631,LOW_STOCK,HIGH,SKU-00265,LOC-004,,Low Stock — review required (631),2026-05-31T08:12:26,false,
ALT-300632,LOW_STOCK,HIGH,SKU-00438,LOC-012,,Low Stock — review required (632),2026-06-21T01:12:26,true,2026-06-21T19:12:26.286150
ALT-300633,EXPIRY_WARNING,HIGH,SKU-00105,,,Expiry Warning — review required (633),2026-06-15T17:12:26,false,
ALT-300634,CAPACITY_WARNING,MEDIUM,,LOC-020,,Capacity Warning — review required (634),2026-06-13T17:12:26,false,
ALT-300635,AUDIT_DUE,CRITICAL,,,SUP-133,Audit Due — review required (635),2026-06-18T15:12:26,true,2026-06-19T00:12:26.286150
ALT-300636,SUPPLIER_RISK,MEDIUM,,,SUP-007,Supplier Risk — review required (636),2026-06-13T13:12:26,false,
ALT-300637,SUPPLIER_RISK,MEDIUM,,,SUP-024,Supplier Risk — review required (637),2026-06-22T11:12:26,false,
ALT-300638,CAPACITY_WARNING,MEDIUM,,LOC-015,,Capacity Warning — review required (638),2026-05-30T23:12:26,false,
ALT-300639,SUPPLIER_RISK,low,,,SUP-106,Supplier Risk — review required (639),2026-06-14T10:12:26,true,2026-06-14T20:12:26.286150
ALT-300640,LOW_STOCK,LOW,SKU-00317,LOC-003,,Low Stock — review required (640),2026-05-28T04:12:26,false,
ALT-300641,SUPPLIER_RISK,MEDIUM,,,SUP-132,Supplier Risk — review required (641),2026-06-20T20:12:26,false,
ALT-300642,SHIPMENT_DELAY,low,,,,Shipment Delay — review required (642),2026-06-05T13:12:26,true,2026-06-07T11:12:26.286150
ALT-300643,CAPACITY_WARNING,CRITICAL,,LOC-004,,Capacity Warning — review required (643),2026-06-24T07:12:26,true,2026-06-24T22:12:26.286150
ALT-300644,LOW_STOCK,high,SKU-00373,LOC-001,,Low Stock — review required (644),2026-06-25T05:12:26,false,
ALT-300645,SUPPLIER_RISK,CRITICAL,,,SUP-146,Supplier Risk — review required (645),2026-05-30T14:12:26,true,2026-06-01T03:12:26.286150
ALT-300646,LOW_STOCK,HIGH,SKU-00454,LOC-012,,Low Stock — review required (646),2026-06-03T04:12:26,false,
ALT-300647,LOW_STOCK,HIGH,SKU-00152,LOC-003,,Low Stock — review required (647),2026-06-10T02:12:26,true,2026-06-10T11:12:26.286150
ALT-300648,EXPIRY_WARNING,CRITICAL,SKU-00230,,,Expiry Warning — review required (648),2026-06-16T10:12:26,true,2026-06-18T06:12:26.286150
ALT-300649,LOW_STOCK,MEDIUM,SKU-00033,LOC-008,,Low Stock — review required (649),2026-06-23T04:12:26,true,2026-06-25T01:12:26.286150
ALT-300650,AUDIT_DUE,medium,,,SUP-187,Audit Due — review required (650),2026-06-02T08:12:26,false,
ALT-300651,SUPPLIER_RISK,HIGH,,,SUP-028,Supplier Risk — review required (651),2026-05-30T12:12:26,false,
ALT-300652,CAPACITY_WARNING,MEDIUM,,LOC-014,,Capacity Warning — review required (652),2026-06-23T02:12:26,true,2026-06-25T00:12:26.286150
ALT-300653,SHIPMENT_DELAY,LOW,,,,Shipment Delay — review required (653),2026-06-25T21:12:26,false,
ALT-300654,CAPACITY_WARNING,medium,,LOC-018,,Capacity Warning — review required (654),2026-06-17T03:12:26,false,
ALT-300655,LOW_STOCK,MEDIUM,SKU-00016,LOC-019,,Low Stock — review required (655),2026-06-22T19:12:26,false,
ALT-300656,EXPIRY_WARNING,low,SKU-00320,,,Expiry Warning — review required (656),2026-06-21T23:12:26,false,
ALT-300657,LOW_STOCK,MEDIUM,SKU-00400,LOC-020,,Low Stock — review required (657),2026-06-04T15:12:26,true,2026-06-05T21:12:26.286150
ALT-300658,LOW_STOCK,HIGH,SKU-00392,LOC-020,,Low Stock — review required (658),2026-05-29T02:12:26,false,
ALT-300659,CAPACITY_WARNING,critical,,LOC-015,,Capacity Warning — review required (659),2026-06-14T17:12:26,false,
ALT-300660,AUDIT_DUE,MEDIUM,,,SUP-100,Audit Due — review required (660),2026-05-30T14:12:26,true,2026-05-31T23:12:26.286150
ALT-300661,AUDIT_DUE,LOW,,,SUP-058,Audit Due — review required (661),2026-06-17T11:12:26,true,2026-06-17T13:12:26.286150
ALT-300662,AUDIT_DUE,medium,,,SUP-065,Audit Due — review required (662),2026-05-31T00:12:26,true,2026-05-31T08:12:26.286150
ALT-300663,CAPACITY_WARNING,HIGH,,LOC-014,,Capacity Warning — review required (663),2026-06-10T07:12:26,false,
ALT-300664,AUDIT_DUE,CRITICAL,,,SUP-073,Audit Due — review required (664),2026-06-07T12:12:26,true,2026-06-08T13:12:26.286150
ALT-300665,LOW_STOCK,HIGH,SKU-00085,LOC-011,,Low Stock — review required (665),2026-06-12T16:12:26,false,
ALT-300666,AUDIT_DUE,CRITICAL,,,SUP-194,Audit Due — review required (666),2026-06-03T19:12:26,false,
ALT-300667,CAPACITY_WARNING,CRITICAL,,LOC-007,,Capacity Warning — review required (667),2026-06-13T00:12:26,true,2026-06-14T22:12:26.286150
ALT-300668,AUDIT_DUE,MEDIUM,,,SUP-171,Audit Due — review required (668),2026-06-22T17:12:26,false,
ALT-300669,LOW_STOCK,LOW,SKU-00101,LOC-013,,Low Stock — review required (669),2026-06-15T21:12:26,true,2026-06-16T20:12:26.286150
ALT-300670,EXPIRY_WARNING,CRITICAL,SKU-00490,,,Expiry Warning — review required (670),2026-06-06T23:12:26,true,2026-06-07T09:12:26.286150
ALT-300671,LOW_STOCK,critical,SKU-00332,LOC-017,,Low Stock — review required (671),2026-06-17T21:12:26,false,
ALT-300672,SUPPLIER_RISK,MEDIUM,,,SUP-101,Supplier Risk — review required (672),2026-06-11T10:12:26,true,2026-06-13T03:12:26.286150
ALT-300673,CAPACITY_WARNING,MEDIUM,,LOC-003,,Capacity Warning — review required (673),2026-06-16T16:12:26,true,2026-06-18T05:12:26.286150
ALT-300674,SUPPLIER_RISK,CRITICAL,,,SUP-040,Supplier Risk — review required (674),2026-05-31T07:12:26,false,
ALT-300675,EXPIRY_WARNING,MEDIUM,SKU-00423,,,Expiry Warning — review required (675),2026-05-28T05:12:26,true,2026-05-29T09:12:26.286150
ALT-300676,SHIPMENT_DELAY,LOW,,,,Shipment Delay — review required (676),2026-06-21T23:12:26,false,
ALT-300677,SUPPLIER_RISK,CRITICAL,,,SUP-089,Supplier Risk — review required (677),2026-06-12T07:12:26,false,
ALT-300678,AUDIT_DUE,CRITICAL,,,SUP-041,Audit Due — review required (678),2026-06-14T12:12:26,true,2026-06-16T05:12:26.286150
ALT-300679,EXPIRY_WARNING,critical,SKU-00495,,,Expiry Warning — review required (679),2026-06-22T17:12:26,false,
ALT-300680,LOW_STOCK,MEDIUM,SKU-00065,LOC-016,,Low Stock — review required (680),2026-06-24T06:12:26,true,2026-06-24T23:12:26.286150
ALT-300681,EXPIRY_WARNING,CRITICAL,SKU-00170,,,Expiry Warning — review required (681),2026-06-19T02:12:26,false,
ALT-300682,CAPACITY_WARNING,CRITICAL,,LOC-007,,Capacity Warning — review required (682),2026-05-27T06:12:26,false,
ALT-300683,CAPACITY_WARNING,HIGH,,LOC-020,,Capacity Warning — review required (683),2026-05-30T18:12:26,true,2026-06-01T16:12:26.286150
ALT-300684,AUDIT_DUE,medium,,,SUP-169,Audit Due — review required (684),2026-06-09T23:12:26,false,
ALT-300685,EXPIRY_WARNING,HIGH,SKU-00382,,,Expiry Warning — review required (685),2026-06-15T14:12:26,false,
ALT-300686,LOW_STOCK,CRITICAL,SKU-00314,LOC-015,,Low Stock — review required (686),2026-06-02T21:12:26,false,
ALT-300687,CAPACITY_WARNING,high,,LOC-020,,Capacity Warning — review required (687),2026-05-31T18:12:26,false,
ALT-300688,LOW_STOCK,MEDIUM,SKU-00106,LOC-017,,Low Stock — review required (688),2026-06-16T08:12:26,false,
ALT-300689,EXPIRY_WARNING,MEDIUM,SKU-00283,,,Expiry Warning — review required (689),2026-06-08T03:12:26,false,
ALT-300690,CAPACITY_WARNING,CRITICAL,,LOC-016,,Capacity Warning — review required (690),2026-06-03T20:12:26,false,
ALT-300691,LOW_STOCK,LOW,SKU-00051,LOC-006,,Low Stock — review required (691),2026-06-02T20:12:26,true,2026-06-03T04:12:26.286150
ALT-300692,SHIPMENT_DELAY,high,,,,Shipment Delay — review required (692),2026-06-17T11:12:26,false,
ALT-300693,EXPIRY_WARNING,LOW,SKU-00389,,,Expiry Warning — review required (693),2026-06-03T14:12:26,true,2026-06-04T18:12:26.286150
ALT-300694,CAPACITY_WARNING,high,,LOC-007,,Capacity Warning — review required (694),2026-06-07T03:12:26,false,
ALT-300695,EXPIRY_WARNING,HIGH,SKU-00459,,,Expiry Warning — review required (695),2026-06-23T08:12:26,true,2026-06-24T14:12:26.286150
ALT-300696,SHIPMENT_DELAY,HIGH,,,,Shipment Delay — review required (696),2026-06-18T03:12:26,true,2026-06-18T07:12:26.286150
ALT-300697,AUDIT_DUE,CRITICAL,,,SUP-093,Audit Due — review required (697),2026-06-13T17:12:26,true,2026-06-15T17:12:26.286150
ALT-300698,AUDIT_DUE,CRITICAL,,,SUP-020,Audit Due — review required (698),2026-06-15T11:12:26,true,2026-06-16T15:12:26.286150
ALT-300699,SHIPMENT_DELAY,HIGH,,,,Shipment Delay — review required (699),2026-06-11T02:12:26,true,2026-06-11T20:12:26.286150
ALT-300700,LOW_STOCK,CRITICAL,SKU-00285,LOC-016,,Low Stock — review required (700),2026-05-30T09:12:26,true,2026-05-31T14:12:26.286150
ALT-300701,EXPIRY_WARNING,MEDIUM,SKU-00288,,,Expiry Warning — review required (701),2026-05-30T01:12:26,false,
ALT-300702,LOW_STOCK,medium,SKU-00237,LOC-001,,Low Stock — review required (702),2026-06-15T20:12:26,false,
ALT-300703,EXPIRY_WARNING,LOW,SKU-00018,,,Expiry Warning — review required (703),2026-06-22T16:12:26,false,
ALT-300704,CAPACITY_WARNING,HIGH,,LOC-019,,Capacity Warning — review required (704),2026-06-11T19:12:26,false,
ALT-300705,EXPIRY_WARNING,high,SKU-00073,,,Expiry Warning — review required (705),2026-06-12T11:12:26,true,2026-06-12T22:12:26.286150
ALT-300706,SUPPLIER_RISK,HIGH,,,SUP-034,Supplier Risk — review required (706),2026-05-31T04:12:26,false,
ALT-300707,AUDIT_DUE,LOW,,,SUP-026,Audit Due — review required (707),2026-06-02T18:12:26,true,2026-06-03T18:12:26.286150
ALT-300708,LOW_STOCK,low,SKU-00216,LOC-005,,Low Stock — review required (708),2026-06-25T08:12:26,false,
ALT-300709,SUPPLIER_RISK,HIGH,,,SUP-136,Supplier Risk — review required (709),2026-06-16T15:12:26,true,2026-06-17T21:12:26.286150
ALT-300710,SHIPMENT_DELAY,MEDIUM,,,,Shipment Delay — review required (710),2026-06-22T21:12:26,true,2026-06-24T04:12:26.286150
ALT-300711,EXPIRY_WARNING,MEDIUM,SKU-00157,,,Expiry Warning — review required (711),2026-06-23T11:12:26,false,
ALT-300712,SUPPLIER_RISK,MEDIUM,,,SUP-149,Supplier Risk — review required (712),2026-06-21T21:12:26,false,
ALT-300713,EXPIRY_WARNING,medium,SKU-00098,,,Expiry Warning — review required (713),2026-06-23T10:12:26,true,2026-06-23T14:12:26.286150
ALT-300714,AUDIT_DUE,MEDIUM,,,SUP-115,Audit Due — review required (714),2026-06-17T06:12:26,false,
ALT-300715,CAPACITY_WARNING,LOW,,LOC-005,,Capacity Warning — review required (715),2026-06-04T13:12:26,true,2026-06-05T05:12:26.286150
ALT-300716,LOW_STOCK,MEDIUM,SKU-00300,LOC-014,,Low Stock — review required (716),2026-06-21T08:12:26,false,
ALT-300717,AUDIT_DUE,CRITICAL,,,SUP-110,Audit Due — review required (717),2026-05-28T14:12:26,false,
ALT-300718,LOW_STOCK,critical,SKU-00323,LOC-018,,Low Stock — review required (718),2026-06-05T18:12:26,true,2026-06-06T08:12:26.286150
ALT-300719,SUPPLIER_RISK,critical,,,SUP-001,Supplier Risk — review required (719),2026-06-08T16:12:26,true,2026-06-10T12:12:26.286150
ALT-300720,AUDIT_DUE,LOW,,,SUP-025,Audit Due — review required (720),2026-06-04T07:12:26,false,
ALT-300721,CAPACITY_WARNING,CRITICAL,,LOC-014,,Capacity Warning — review required (721),2026-06-18T00:12:26,false,
ALT-300722,LOW_STOCK,HIGH,SKU-00254,LOC-013,,Low Stock — review required (722),2026-06-24T12:12:26,true,2026-06-25T19:12:26.286150
ALT-300723,EXPIRY_WARNING,LOW,SKU-00283,,,Expiry Warning — review required (723),2026-06-15T11:12:26,true,2026-06-16T00:12:26.286150
ALT-300724,EXPIRY_WARNING,MEDIUM,SKU-00181,,,Expiry Warning — review required (724),2026-06-01T07:12:26,false,
ALT-300725,AUDIT_DUE,HIGH,,,SUP-165,Audit Due — review required (725),2026-06-24T17:12:26,false,
ALT-300726,CAPACITY_WARNING,CRITICAL,,LOC-001,,Capacity Warning — review required (726),2026-06-02T15:12:26,true,2026-06-03T22:12:26.286150
ALT-300727,AUDIT_DUE,LOW,,,SUP-017,Audit Due — review required (727),2026-06-20T09:12:26,false,
ALT-300728,EXPIRY_WARNING,CRITICAL,SKU-00325,,,Expiry Warning — review required (728),2026-06-16T22:12:26,true,2026-06-18T10:12:26.286150
ALT-300729,LOW_STOCK,CRITICAL,SKU-00028,LOC-011,,Low Stock — review required (729),2026-06-02T18:12:26,true,2026-06-02T23:12:26.286150
ALT-300730,AUDIT_DUE,CRITICAL,,,SUP-131,Audit Due — review required (730),2026-05-31T12:12:26,false,
ALT-300731,SHIPMENT_DELAY,medium,,,,Shipment Delay — review required (731),2026-06-08T03:12:26,true,2026-06-08T23:12:26.286150
ALT-300732,LOW_STOCK,LOW,SKU-00360,LOC-015,,Low Stock — review required (732),2026-06-23T11:12:26,false,
ALT-300733,SUPPLIER_RISK,LOW,,,SUP-106,Supplier Risk — review required (733),2026-06-18T16:12:26,false,
ALT-300734,AUDIT_DUE,CRITICAL,,,SUP-099,Audit Due — review required (734),2026-06-19T20:12:26,false,
ALT-300735,EXPIRY_WARNING,LOW,SKU-00288,,,Expiry Warning — review required (735),2026-05-31T17:12:26,false,
ALT-300736,CAPACITY_WARNING,LOW,,LOC-019,,Capacity Warning — review required (736),2026-06-06T02:12:26,false,
ALT-300737,SUPPLIER_RISK,MEDIUM,,,SUP-160,Supplier Risk — review required (737),2026-05-27T09:12:26,false,
ALT-300738,AUDIT_DUE,CRITICAL,,,SUP-050,Audit Due — review required (738),2026-06-23T22:12:26,false,
ALT-300739,SHIPMENT_DELAY,MEDIUM,,,,Shipment Delay — review required (739),2026-06-12T19:12:26,true,2026-06-13T13:12:26.286150
ALT-300740,LOW_STOCK,CRITICAL,SKU-00363,LOC-014,,Low Stock — review required (740),2026-06-16T13:12:26,false,
ALT-300741,EXPIRY_WARNING,LOW,SKU-00144,,,Expiry Warning — review required (741),2026-06-11T01:12:26,true,2026-06-11T22:12:26.286150
ALT-300742,AUDIT_DUE,HIGH,,,SUP-017,Audit Due — review required (742),2026-06-10T06:12:26,false,
ALT-300743,AUDIT_DUE,LOW,,,SUP-078,Audit Due — review required (743),2026-06-19T21:12:26,false,
ALT-300744,EXPIRY_WARNING,HIGH,SKU-00414,,,Expiry Warning — review required (744),2026-06-07T16:12:26,true,2026-06-08T05:12:26.286150
ALT-300745,EXPIRY_WARNING,CRITICAL,SKU-00080,,,Expiry Warning — review required (745),2026-06-02T03:12:26,false,
ALT-300746,SUPPLIER_RISK,LOW,,,SUP-020,Supplier Risk — review required (746),2026-06-15T17:12:26,false,
ALT-300747,EXPIRY_WARNING,MEDIUM,SKU-00072,,,Expiry Warning — review required (747),2026-06-21T11:12:26,false,
ALT-300748,SUPPLIER_RISK,MEDIUM,,,SUP-061,Supplier Risk — review required (748),2026-06-23T20:12:26,false,
ALT-300749,LOW_STOCK,HIGH,SKU-00051,LOC-008,,Low Stock — review required (749),2026-06-18T08:12:26,false,
ALT-300750,SUPPLIER_RISK,medium,,,SUP-105,Supplier Risk — review required (750),2026-06-11T18:12:26,true,2026-06-13T14:12:26.286150
ALT-300751,SHIPMENT_DELAY,CRITICAL,,,,Shipment Delay — review required (751),2026-06-07T15:12:26,false,
ALT-300752,CAPACITY_WARNING,CRITICAL,,LOC-019,,Capacity Warning — review required (752),2026-06-18T21:12:26,false,
ALT-300753,SUPPLIER_RISK,CRITICAL,,,SUP-178,Supplier Risk — review required (753),2026-06-02T12:12:26,false,
ALT-300754,LOW_STOCK,medium,SKU-00450,LOC-012,,Low Stock — review required (754),2026-05-30T06:12:26,false,
ALT-300755,LOW_STOCK,LOW,SKU-00391,LOC-007,,Low Stock — review required (755),2026-06-24T00:12:26,true,2026-06-24T03:12:26.286150
ALT-300756,SUPPLIER_RISK,LOW,,,SUP-052,Supplier Risk — review required (756),2026-06-15T03:12:26,false,
ALT-300757,AUDIT_DUE,CRITICAL,,,SUP-200,Audit Due — review required (757),2026-06-20T07:12:26,false,
ALT-300758,CAPACITY_WARNING,CRITICAL,,LOC-017,,Capacity Warning — review required (758),2026-06-20T18:12:26,false,
ALT-300759,EXPIRY_WARNING,high,SKU-00319,,,Expiry Warning — review required (759),2026-06-07T23:12:26,false,
ALT-300760,SUPPLIER_RISK,LOW,,,SUP-096,Supplier Risk — review required (760),2026-06-19T23:12:26,false,
ALT-300761,CAPACITY_WARNING,LOW,,LOC-007,,Capacity Warning — review required (761),2026-05-27T21:12:26,false,
ALT-300762,SHIPMENT_DELAY,high,,,,Shipment Delay — review required (762),2026-06-23T07:12:26,false,
ALT-300763,CAPACITY_WARNING,CRITICAL,,LOC-020,,Capacity Warning — review required (763),2026-06-25T01:12:26,false,
ALT-300764,CAPACITY_WARNING,LOW,,LOC-007,,Capacity Warning — review required (764),2026-05-27T23:12:26,false,
ALT-300765,CAPACITY_WARNING,HIGH,,LOC-014,,Capacity Warning — review required (765),2026-06-10T19:12:26,false,
ALT-300766,SHIPMENT_DELAY,MEDIUM,,,,Shipment Delay — review required (766),2026-05-27T19:12:26,false,
ALT-300767,SHIPMENT_DELAY,HIGH,,,,Shipment Delay — review required (767),2026-05-27T12:12:26,false,
ALT-300768,SUPPLIER_RISK,HIGH,,,SUP-191,Supplier Risk — review required (768),2026-06-19T02:12:26,true,2026-06-20T16:12:26.286150
ALT-300769,CAPACITY_WARNING,MEDIUM,,LOC-008,,Capacity Warning — review required (769),2026-06-18T07:12:26,false,
ALT-300770,EXPIRY_WARNING,low,SKU-00435,,,Expiry Warning — review required (770),2026-06-14T05:12:26,true,2026-06-16T01:12:26.286150
ALT-300771,LOW_STOCK,low,SKU-00500,LOC-003,,Low Stock — review required (771),2026-06-25T04:12:26,false,
ALT-300772,SUPPLIER_RISK,low,,,SUP-110,Supplier Risk — review required (772),2026-06-19T05:12:26,true,2026-06-19T07:12:26.286150
ALT-300773,CAPACITY_WARNING,HIGH,,LOC-015,,Capacity Warning — review required (773),2026-05-30T23:12:26,true,2026-05-31T10:12:26.286150
ALT-300774,CAPACITY_WARNING,low,,LOC-005,,Capacity Warning — review required (774),2026-05-29T12:12:26,true,2026-05-31T08:12:26.286150
ALT-300775,AUDIT_DUE,CRITICAL,,,SUP-183,Audit Due — review required (775),2026-05-31T20:12:26,false,
ALT-300776,CAPACITY_WARNING,CRITICAL,,LOC-005,,Capacity Warning — review required (776),2026-06-15T19:12:26,false,
ALT-300777,SHIPMENT_DELAY,high,,,,Shipment Delay — review required (777),2026-06-17T02:12:26,false,
ALT-300778,SUPPLIER_RISK,medium,,,SUP-148,Supplier Risk — review required (778),2026-06-01T01:12:26,false,
ALT-300779,EXPIRY_WARNING,low,SKU-00403,,,Expiry Warning — review required (779),2026-06-12T08:12:26,false,
ALT-300780,AUDIT_DUE,MEDIUM,,,SUP-131,Audit Due — review required (780),2026-05-28T16:12:26,false,
ALT-300781,EXPIRY_WARNING,CRITICAL,SKU-00311,,,Expiry Warning — review required (781),2026-05-29T11:12:26,false,
ALT-300782,LOW_STOCK,HIGH,SKU-00308,LOC-009,,Low Stock — review required (782),2026-06-01T12:12:26,false,
ALT-300783,EXPIRY_WARNING,MEDIUM,SKU-00421,,,Expiry Warning — review required (783),2026-05-30T03:12:26,true,2026-06-01T01:12:26.286150
ALT-300784,AUDIT_DUE,HIGH,,,SUP-190,Audit Due — review required (784),2026-06-02T02:12:26,false,
ALT-300785,LOW_STOCK,LOW,SKU-00431,LOC-017,,Low Stock — review required (785),2026-06-24T23:12:26,true,2026-06-26T21:12:26.286150
ALT-300786,EXPIRY_WARNING,CRITICAL,SKU-00216,,,Expiry Warning — review required (786),2026-06-02T06:12:26,true,2026-06-02T23:12:26.286150
ALT-300787,SHIPMENT_DELAY,CRITICAL,,,,Shipment Delay — review required (787),2026-06-02T09:12:26,true,2026-06-04T08:12:26.286150
ALT-300788,AUDIT_DUE,high,,,SUP-185,Audit Due — review required (788),2026-06-07T18:12:26,false,
ALT-300789,EXPIRY_WARNING,CRITICAL,SKU-00468,,,Expiry Warning — review required (789),2026-06-09T08:12:26,false,
ALT-300790,SUPPLIER_RISK,HIGH,,,SUP-124,Supplier Risk — review required (790),2026-05-27T15:12:26,false,
ALT-300791,AUDIT_DUE,high,,,SUP-084,Audit Due — review required (791),2026-06-25T03:12:26,false,
ALT-300792,AUDIT_DUE,CRITICAL,,,SUP-066,Audit Due — review required (792),2026-06-12T11:12:26,false,
ALT-300793,SUPPLIER_RISK,low,,,SUP-122,Supplier Risk — review required (793),2026-06-04T05:12:26,true,2026-06-05T13:12:26.286150
ALT-300794,CAPACITY_WARNING,HIGH,,LOC-008,,Capacity Warning — review required (794),2026-05-31T15:12:26,true,2026-06-02T13:12:26.286150
ALT-300795,AUDIT_DUE,HIGH,,,SUP-025,Audit Due — review required (795),2026-06-08T01:12:26,false,
ALT-300796,CAPACITY_WARNING,high,,LOC-012,,Capacity Warning — review required (796),2026-06-24T01:12:26,false,
ALT-300797,SHIPMENT_DELAY,low,,,,Shipment Delay — review required (797),2026-06-25T19:12:26,false,
ALT-300798,LOW_STOCK,CRITICAL,SKU-00096,LOC-003,,Low Stock — review required (798),2026-06-06T06:12:26,true,2026-06-07T07:12:26.286150
ALT-300799,SHIPMENT_DELAY,high,,,,Shipment Delay — review required (799),2026-06-05T05:12:26,false,
ALT-300023,SHIPMENT_DELAY,HIGH,,,,Shipment Delay — review required (23),2026-06-24T11:12:26,false,
ALT-300405,EXPIRY_WARNING,low,SKU-00174,,,Expiry Warning — review required (405),2026-06-16T04:12:26,true,2026-06-18T01:12:26.286150
ALT-300584,LOW_STOCK,MEDIUM,SKU-00459,LOC-001,,Low Stock — review required (584),2026-06-07T17:12:26,false,
ALT-300121,CAPACITY_WARNING,MEDIUM,,LOC-013,,Capacity Warning — review required (121),2026-05-31T17:12:26,false,
ALT-300055,EXPIRY_WARNING,LOW,SKU-00080,,,Expiry Warning — review required (55),2026-06-06T13:12:26,true,2026-06-06T21:12:26.286150
ALT-300294,SUPPLIER_RISK,CRITICAL,,,SUP-120,Supplier Risk — review required (294),2026-06-22T20:12:26,false,
ALT-300408,SHIPMENT_DELAY,HIGH,,,,Shipment Delay — review required (408),2026-05-27T16:12:26,false,
ALT-300011,LOW_STOCK,HIGH,SKU-00054,LOC-019,,Low Stock — review required (11),2026-06-11T15:12:26,false,
ALT-300528,SUPPLIER_RISK,CRITICAL,,,SUP-164,Supplier Risk — review required (528),2026-06-11T12:12:26,false,
ALT-300708,LOW_STOCK,low,SKU-00216,LOC-005,,Low Stock — review required (708),2026-06-25T08:12:26,false,
ALT-300512,AUDIT_DUE,LOW,,,SUP-104,Audit Due — review required (512),2026-06-25T18:12:26,true,2026-06-27T10:12:26.286150
ALT-300600,SUPPLIER_RISK,CRITICAL,,,SUP-073,Supplier Risk — review required (600),2026-06-21T07:12:26,true,2026-06-22T19:12:26.286150
ALT-300778,SUPPLIER_RISK,medium,,,SUP-148,Supplier Risk — review required (778),2026-06-01T01:12:26,false,
ALT-300439,SUPPLIER_RISK,CRITICAL,,,SUP-186,Supplier Risk — review required (439),2026-06-15T21:12:26,true,2026-06-17T08:12:26.286150
ALT-300332,CAPACITY_WARNING,HIGH,,LOC-011,,Capacity Warning — review required (332),2026-05-29T06:12:26,true,2026-05-30T03:12:26.286150
ALT-300581,LOW_STOCK,MEDIUM,SKU-00135,LOC-017,,Low Stock — review required (581),2026-06-06T09:12:26,false,
ALT-300156,EXPIRY_WARNING,CRITICAL,SKU-00308,,,Expiry Warning — review required (156),2026-06-04T04:12:26,false,
ALT-300042,AUDIT_DUE,CRITICAL,,,SUP-018,Audit Due — review required (42),2026-06-20T11:12:26,true,2026-06-22T11:12:26.286150
ALT-300579,CAPACITY_WARNING,high,,LOC-008,,Capacity Warning — review required (579),2026-06-21T04:12:26,false,
ALT-300273,SHIPMENT_DELAY,LOW,,,,Shipment Delay — review required (273),2026-06-25T02:12:26,true,2026-06-26T08:12:26.286150
ALT-300120,CAPACITY_WARNING,MEDIUM,,LOC-003,,Capacity Warning — review required (120),2026-05-29T21:12:26,false,
ALT-300254,LOW_STOCK,HIGH,SKU-00100,LOC-009,,Low Stock — review required (254),2026-06-01T01:12:26,false,
ALT-300232,AUDIT_DUE,MEDIUM,,,SUP-109,Audit Due — review required (232),2026-06-17T19:12:26,false,
ALT-300602,SUPPLIER_RISK,CRITICAL,,,SUP-132,Supplier Risk — review required (602),2026-05-30T09:12:26,false,
ALT-300495,SHIPMENT_DELAY,LOW,,,,Shipment Delay — review required (495),2026-06-09T03:12:26,false,
ALT-300545,AUDIT_DUE,CRITICAL,,,SUP-069,Audit Due — review required (545),2026-05-29T22:12:26,false,
ALT-300080,EXPIRY_WARNING,LOW,SKU-00454,,,Expiry Warning — review required (80),2026-06-10T13:12:26,false,
ALT-300277,LOW_STOCK,HIGH,SKU-00493,LOC-017,,Low Stock — review required (277),2026-06-12T17:12:26,false,
ALT-300678,AUDIT_DUE,CRITICAL,,,SUP-041,Audit Due — review required (678),2026-06-14T12:12:26,true,2026-06-16T05:12:26.286150
ALT-300217,EXPIRY_WARNING,medium,SKU-00048,,,Expiry Warning — review required (217),2026-05-28T13:12:26,true,2026-05-28T18:12:26.286150
ALT-300742,AUDIT_DUE,HIGH,,,SUP-017,Audit Due — review required (742),2026-06-10T06:12:26,false,
ALT-300140,EXPIRY_WARNING,HIGH,SKU-00476,,,Expiry Warning — review required (140),2026-06-02T06:12:26,false,
ALT-300021,SHIPMENT_DELAY,HIGH,,,,Shipment Delay — review required (21),2026-05-28T19:12:26,false,
ALT-300279,LOW_STOCK,CRITICAL,SKU-00216,LOC-013,,Low Stock — review required (279),2026-05-31T08:12:26,false,
ALT-300596,LOW_STOCK,HIGH,SKU-00187,LOC-016,,Low Stock — review required (596),2026-05-29T21:12:26,false,
ALT-300084,SUPPLIER_RISK,MEDIUM,,,SUP-175,Supplier Risk — review required (84),2026-06-22T04:12:26,false,
ALT-300650,AUDIT_DUE,medium,,,SUP-187,Audit Due — review required (650),2026-06-02T08:12:26,false,
ALT-300468,EXPIRY_WARNING,CRITICAL,SKU-00179,,,Expiry Warning — review required (468),2026-06-15T22:12:26,false,
ALT-300031,CAPACITY_WARNING,CRITICAL,,LOC-013,,Capacity Warning — review required (31),2026-06-11T14:12:26,false,
ALT-300181,CAPACITY_WARNING,LOW,,LOC-012,,Capacity Warning — review required (181),2026-06-21T15:12:26,false,
ALT-300686,LOW_STOCK,CRITICAL,SKU-00314,LOC-015,,Low Stock — review required (686),2026-06-02T21:12:26,false,
ALT-300717,AUDIT_DUE,CRITICAL,,,SUP-110,Audit Due — review required (717),2026-05-28T14:12:26,false,
ALT-300317,SHIPMENT_DELAY,MEDIUM,,,,Shipment Delay — review required (317),2026-06-22T06:12:26,false,
ALT-300286,AUDIT_DUE,LOW,,,SUP-190,Audit Due — review required (286),2026-06-17T14:12:26,true,2026-06-18T06:12:26.286150
ALT-300187,AUDIT_DUE,MEDIUM,,,SUP-064,Audit Due — review required (187),2026-06-17T22:12:26,true,2026-06-19T12:12:26.286150
ALT-300343,CAPACITY_WARNING,MEDIUM,,LOC-016,,Capacity Warning — review required (343),2026-06-18T11:12:26,false,
ALT-300289,AUDIT_DUE,MEDIUM,,,SUP-041,Audit Due — review required (289),2026-06-03T08:12:26,true,2026-06-04T04:12:26.286150
ALT-300182,EXPIRY_WARNING,CRITICAL,SKU-00200,,,Expiry Warning — review required (182),2026-05-30T01:12:26,true,2026-05-30T05:12:26.286150
ALT-300220,EXPIRY_WARNING,medium,SKU-00087,,,Expiry Warning — review required (220),2026-06-16T20:12:26,false,
ALT-300691,LOW_STOCK,LOW,SKU-00051,LOC-006,,Low Stock — review required (691),2026-06-02T20:12:26,true,2026-06-03T04:12:26.286150
ALT-300191,LOW_STOCK,HIGH,SKU-00354,LOC-019,,Low Stock — review required (191),2026-06-10T15:12:26,false,
ALT-300609,SUPPLIER_RISK,CRITICAL,,,SUP-083,Supplier Risk — review required (609),2026-05-30T10:12:26,true,2026-05-31T19:12:26.286150
ALT-300685,EXPIRY_WARNING,HIGH,SKU-00382,,,Expiry Warning — review required (685),2026-06-15T14:12:26,false,
ALT-300407,AUDIT_DUE,HIGH,,,SUP-092,Audit Due — review required (407),2026-06-22T11:12:26,false,
ALT-300032,AUDIT_DUE,MEDIUM,,,SUP-180,Audit Due — review required (32),2026-06-03T19:12:26,true,2026-06-05T06:12:26.286150
ALT-300415,EXPIRY_WARNING,LOW,SKU-00003,,,Expiry Warning — review required (415),2026-05-30T05:12:26,false,
ALT-300167,CAPACITY_WARNING,MEDIUM,,LOC-013,,Capacity Warning — review required (167),2026-06-13T19:12:26,true,2026-06-15T11:12:26.286150
ALT-300458,SUPPLIER_RISK,MEDIUM,,,SUP-087,Supplier Risk — review required (458),2026-05-31T04:12:26,true,2026-06-01T22:12:26.286150
ALT-300221,EXPIRY_WARNING,LOW,SKU-00470,,,Expiry Warning — review required (221),2026-06-12T02:12:26,true,2026-06-13T21:12:26.286150
ALT-300589,CAPACITY_WARNING,medium,,LOC-005,,Capacity Warning — review required (589),2026-06-16T14:12:26,true,2026-06-18T13:12:26.286150
ALT-300749,LOW_STOCK,HIGH,SKU-00051,LOC-008,,Low Stock — review required (749),2026-06-18T08:12:26,false,
ALT-300104,LOW_STOCK,LOW,SKU-00465,LOC-015,,Low Stock — review required (104),2026-06-09T22:12:26,true,2026-06-10T08:12:26.286150
ALT-300147,CAPACITY_WARNING,LOW,,LOC-004,,Capacity Warning — review required (147),2026-06-09T08:12:26,false,
ALT-300005,CAPACITY_WARNING,HIGH,,LOC-014,,Capacity Warning — review required (5),2026-05-27T00:12:26,false,
ALT-300499,EXPIRY_WARNING,critical,SKU-00404,,,Expiry Warning — review required (499),2026-06-08T14:12:26,true,2026-06-10T07:12:26.286150
ALT-300203,EXPIRY_WARNING,LOW,SKU-00008,,,Expiry Warning — review required (203),2026-06-25T20:12:26,true,2026-06-27T15:12:26.286150
ALT-300638,CAPACITY_WARNING,MEDIUM,,LOC-015,,Capacity Warning — review required (638),2026-05-30T23:12:26,false,
ALT-300529,SUPPLIER_RISK,HIGH,,,SUP-141,Supplier Risk — review required (529),2026-05-29T16:12:26,false,
ALT-300485,LOW_STOCK,CRITICAL,SKU-00408,LOC-011,,Low Stock — review required (485),2026-06-14T08:12:26,true,2026-06-16T00:12:26.286150
ALT-300566,SHIPMENT_DELAY,MEDIUM,,,,Shipment Delay — review required (566),2026-06-02T11:12:26,true,2026-06-03T15:12:26.286150
ALT-300489,SHIPMENT_DELAY,LOW,,,,Shipment Delay — review required (489),2026-06-21T07:12:26,false,
ALT-300440,CAPACITY_WARNING,high,,LOC-016,,Capacity Warning — review required (440),2026-06-13T14:12:26,false,
ALT-300313,LOW_STOCK,critical,SKU-00029,LOC-007,,Low Stock — review required (313),2026-06-05T11:12:26,false,
ALT-300056,AUDIT_DUE,HIGH,,,SUP-083,Audit Due — review required (56),2026-06-10T05:12:26,false,
ALT-300077,SUPPLIER_RISK,critical,,,SUP-166,Supplier Risk — review required (77),2026-06-25T13:12:26,false,
ALT-300522,SUPPLIER_RISK,HIGH,,,SUP-090,Supplier Risk — review required (522),2026-05-27T16:12:26,true,2026-05-29T01:12:26.286150
ALT-300755,LOW_STOCK,LOW,SKU-00391,LOC-007,,Low Stock — review required (755),2026-06-24T00:12:26,true,2026-06-24T03:12:26.286150
ALT-300759,EXPIRY_WARNING,high,SKU-00319,,,Expiry Warning — review required (759),2026-06-07T23:12:26,false,
ALT-300321,LOW_STOCK,LOW,SKU-00051,LOC-010,,Low Stock — review required (321),2026-06-13T11:12:26,false,
ALT-300544,SHIPMENT_DELAY,HIGH,,,,Shipment Delay — review required (544),2026-05-31T16:12:26,true,2026-06-02T16:12:26.286150
