sku,sku_name,category,supplier_id,location_id,storage_bin,quantity_kg,reorder_level_kg,unit_cost_myr,last_restocked,expiry_date,is_hazardous
SKU-90001,Industrial Solvent 5L,CHEMICALS,SUP-001,LOC-001,WH-A-SEED-01,2.0,15.0,110.16,Jun 17 2026,,false
SKU-90002,Shrink Wrap Film Roll,ELECTRONICS,SUP-002,LOC-001,WH-A-SEED-02,5.0kg,20.0,91.44,Jun 20 2026,,false
SKU-90003,Nitrile Gloves Box,FOOD_DRY,SUP-003,LOC-001,WH-A-SEED-03,1.0,12.0,107.06,14/06/2026,,false
SKU-90004,Dust Mask N95 Pack,FOOD_COLD,SUP-004,WH-A,WH-A-SEED-04,4.0 KG,25.0,168.71,2026-06-23,,false
SKU-90005,Spill Kit 20L,PACKAGING,SUP-005,LOC-001,WH-A-SEED-05,1.0kg,8.0,243.79,2026-07-22,,false
SKU-90006,First Aid Refill,MACHINERY_PARTS,SUP-006,LOC-001,WH-A-SEED-06,6.0kilogram,18.0,238.58,2026-06-22,,false
SKU-90007,Stretch Hood Film,PPE,SUP-007,LOC-001,WH-A-SEED-07,7.0,30.0,129.30,2026-06-24,,false
SKU-90008,Humidity Sensor Probe,CLEANING,SUP-008,LOC-001,WH-A-SEED-08,2.0 KG,10.0,140.77,2026-07-02,,false
SKU-BETA,Beta Trial Pack,FOOD_DRY,SUP-004,LOC-001,WH-A-NAMED-01,100.0,20,22.61,Jul 02 2026,,false
SKU-00010,LED Warehouse Light,RAW_MATERIALS,SUP-065,wh-l,WH-L-BIN-10,28.0,40,586.89,Feb 20 2026,Jun 30 2026,false
SKU-00011,Nitrile Gloves Box,CHEMICALS,SUP-198,LOC-004,WH-D-BIN-11,396.0 KG,30,272.16,Feb 16 2026,,true
SKU-00012,Pallet Jack Wheel,ELECTRONICS,SUP-179,wh_o,WH-O-BIN-12,5.0kg,25,755.00,Jul 21 2026,Apr 22 2026,false
SKU-00013,,FOOD_DRY,SUP-052,WH-J,WH-J-BIN-13,1.0kg,10,319.78,13/03/2026,,false
SKU-00014,Fire Extinguisher 4kg,FOOD_COLD,SUP-065,LOC-016,WH-P-BIN-14,405.0,10,40.15,Feb 13 2026,,false
SKU-00015,PVC Pipe 50mm,PACKAGING,SUP-070,LOC-011,WH-K-BIN-15,429.0kg,10,715.92,2026-04-23,,false
SKU-00016,Rubber Gasket Set,MACHINERY_PARTS,SUP-048,WH-K,WH-K-BIN-16,374.0 KG,25,641.32,Apr 13 2026,,false
SKU-00017,Cable Tie Assorted,PPE,SUP-111,LOC-003,WH-C-BIN-17,10.0 KG,30,237.92,Apr 07 2026,Aug 03 2027,false
SKU-00018,,CLEANING,SUP-184,LOC-020,WH-T-BIN-18,105.0kilogram,,492.65,2026-04-10,Feb 26 2027,false
SKU-00019,Wooden Pallet Std,MEDICAL,SUP-164,Warehouse I,WH-I-BIN-19,7.0kg,21,129.67,23/07/2026,,false
SKU-00020,Steel Shelving Unit,RAW_MATERIALS,SUP-156,wh_e,WH-E-BIN-20,420.0kilogram,40,294.33,Apr 23 2026,2027-07-26,false
SKU-00021,Hand Truck,CHEMICALS,SUP-009,LOC-019,WH-S-BIN-21,98.0,30,610.94,06/03/2026,,true
SKU-00022,Spill Kit 20L,ELECTRONICS,SUP-102,LOC-012,WH-L-BIN-22,352.0kg,20,400.24,22/04/2026,Dec 03 2026,false
SKU-00023,Epoxy Resin 1L,FOOD_DRY,SUP-031,LOC-018,WH-R-BIN-23,416.0kilogram,20,229.89,27/03/2026,,false
SKU-00024,Chain Block 1T,FOOD_COLD,SUP-032,LOC-007,WH-G-BIN-24,3.0kilogram,15,72.06,06/02/2026,,false
SKU-00025,,PACKAGING,SUP-171,LOC-011,WH-K-BIN-25,18.0,20,127.69,01/02/2026,,false
SKU-00026,Anti-Slip Tape Roll,MACHINERY_PARTS,SUP-093,LOC-006,WH-F-BIN-26,7.0,30,22.97,Mar 11 2026,May 09 2027,false
SKU-00027,Welding Rod 3.2mm,PPE,SUP-095,LOC-019,WH-S-BIN-27,431.0kg,,54.47,2026-04-20,,false
SKU-00028,Compressed Air Hose,CLEANING,SUP-135,wh-p,WH-P-BIN-28,413.0,25,514.59,06/04/2026,2027-02-08,false
SKU-00029,First Aid Refill,MEDICAL,SUP-175,wh-o,WH-O-BIN-29,27.0kg,30,147.21,2026-06-27,,false
SKU-00030,Racking Beam 2.4m,RAW_MATERIALS,SUP-129,LOC-014,WH-N-BIN-30,48.0kg,0,131.25,Jun 03 2026,,false
SKU-00031,Stretch Hood Film,CHEMICALS,SUP-133,whse l,WH-L-BIN-31,7.0kg,20,101.89,14/05/2026,,false
SKU-00032,Load Cell 500kg,ELECTRONICS,SUP-129,LOC-003,WH-C-BIN-32,106.0 KG,40,577.06,Feb 26 2026,Jul 15 2027,false
SKU-00033,Dock Bumpers Pair,FOOD_DRY,SUP-145,LOC-011,WH-K-BIN-33,442.0 KG,10,617.28,2026-05-24,,false
SKU-00034,Floor Marking Paint,FOOD_COLD,SUP-197,LOC-007,WH-G-BIN-34,233.0kilogram,,502.48,17/05/2026,08/04/2026,false
SKU-00035,Battery Charger 24V,PACKAGING,SUP-124,LOC-010,WH-J-BIN-35,432.0kilogram,15,551.51,2026-06-20,,false
SKU-00036,Mesh Security Cage,MACHINERY_PARTS,SUP-107,LOC-015,WH-O-BIN-36,257.0kg,25,575.25,03/05/2026,,false
SKU-00037,Humidity Sensor Probe,PPE,SUP-034,LOC-013,WH-M-BIN-37,209.0kilogram,0,215.44,2026-05-28,2026-10-31,false
SKU-00038,Pallet Strap Tool,CLEANING,SUP-025,whse e,WH-E-BIN-38,168.0kilogram,10,770.22,20/06/2026,,false
SKU-00039,Coolant Concentrate,MEDICAL,SUP-148,LOC-011,WH-K-BIN-39,11.0kilogram,,400.01,13/05/2026,,false
SKU-00040,Wheel Chock Rubber,RAW_MATERIALS,SUP-006,wh_p,WH-P-BIN-40,221.0 KG,10,40.83,19/05/2026,26/02/2027,false
SKU-00041,,CHEMICALS,SUP-153,LOC-016,WH-P-BIN-41,354.0,0,345.88,May 24 2026,24/10/2026,false
SKU-00042,Hydraulic Hose 2in,ELECTRONICS,SUP-094,Warehouse M,WH-M-BIN-42,9.0,,60.68,23/03/2026,,false
SKU-00043,,FOOD_DRY,SUP-196,LOC-015,WH-O-BIN-43,163.0kilogram,30,104.67,06/07/2026,,false
SKU-00044,Forklift Battery 24V,FOOD_COLD,SUP-096,LOC-013,WH-M-BIN-44,193.0kilogram,0,408.28,Mar 24 2026,Jul 04 2027,false
SKU-00045,Safety Gloves L,PACKAGING,SUP-012,LOC-002,WH-B-BIN-45,90.0,10,120.85,2026-03-21,,false
SKU-00046,,MACHINERY_PARTS,SUP-084,wh_e,WH-E-BIN-46,20.0kg,30,270.43,Mar 22 2026,,false
SKU-00047,Shrink Wrap Film Roll,PPE,SUP-126,LOC-018,WH-R-BIN-47,308.0kilogram,40,539.70,2026-04-15,,false
SKU-00048,Label Printer Ribbon,CLEANING,SUP-079,LOC-019,WH-S-BIN-48,480.0 KG,0,213.89,13/02/2026,Apr 29 2027,false
SKU-00049,Dock Leveler Seal,MEDICAL,SUP-148,LOC-019,WH-S-BIN-49,8.0,15,496.55,2026-04-24,,false
SKU-00050,LED Warehouse Light,RAW_MATERIALS,SUP-175,Warehouse E,WH-E-BIN-50,36.0kilogram,15,252.33,22/06/2026,Apr 12 2027,false
SKU-00051,Nitrile Gloves Box,CHEMICALS,SUP-177,LOC-014,WH-N-BIN-51,230.0kilogram,15,679.00,15/07/2026,,false
SKU-00052,Pallet Jack Wheel,ELECTRONICS,SUP-054,LOC-017,WH-Q-BIN-52,186.0 KG,30,765.44,2026-04-04,,false
SKU-00053,,FOOD_DRY,SUP-088,LOC-018,WH-R-BIN-53,201.0,30,643.31,24/05/2026,,false
SKU-00054,Fire Extinguisher 4kg,FOOD_COLD,SUP-124,WH-T,WH-T-BIN-54,146.0kg,15,785.84,2026-05-18,,false
SKU-00055,PVC Pipe 50mm,PACKAGING,SUP-177,LOC-007,WH-G-BIN-55,270.0 KG,40,636.73,May 21 2026,,false
SKU-00056,,MACHINERY_PARTS,SUP-032,WH-J,WH-J-BIN-56,366.0,30,277.42,2026-06-23,,false
SKU-00057,Cable Tie Assorted,PPE,SUP-011,LOC-010,WH-J-BIN-57,15.0,20,172.76,15/03/2026,,false
SKU-00058,Dust Mask N95 Pack,CLEANING,SUP-144,LOC-009,WH-I-BIN-58,38.0,,182.09,01/06/2026,May 28 2027,false
SKU-00059,,MEDICAL,SUP-026,LOC-002,WH-B-BIN-59,189.0,25,6.13,12/03/2026,,false
SKU-00060,Steel Shelving Unit,RAW_MATERIALS,SUP-105,LOC-006,WH-F-BIN-60,498.0 KG,40,605.22,18/05/2026,,false
SKU-00061,Hand Truck,CHEMICALS,SUP-074,LOC-011,WH-K-BIN-61,50.0kilogram,40,429.05,2026-07-21,,false
SKU-00062,Spill Kit 20L,ELECTRONICS,SUP-107,Warehouse F,WH-F-BIN-62,110.0kg,,318.80,Mar 26 2026,Apr 14 2026,false
SKU-00063,Epoxy Resin 1L,FOOD_DRY,SUP-192,wh-f,WH-F-BIN-63,494.0kilogram,,455.23,Jul 03 2026,22/06/2026,false
SKU-00064,Chain Block 1T,FOOD_COLD,SUP-073,LOC-011,WH-K-BIN-64,348.0kilogram,,681.15,02/04/2026,,false
SKU-00065,Temperature Logger,PACKAGING,SUP-050,LOC-009,WH-I-BIN-65,77.0 KG,0,575.44,27/07/2026,,false
SKU-00066,Anti-Slip Tape Roll,MACHINERY_PARTS,SUP-076,wh-k,WH-K-BIN-66,365.0 KG,,717.84,Apr 12 2026,,false
SKU-00067,Welding Rod 3.2mm,PPE,SUP-084,LOC-017,WH-Q-BIN-67,225.0 KG,10,748.79,29/07/2026,2027-02-11,false
SKU-00068,Compressed Air Hose,CLEANING,SUP-099,wh_i,WH-I-BIN-68,248.0kilogram,15,578.86,Jul 28 2026,,false
SKU-00069,First Aid Refill,MEDICAL,SUP-168,whse i,WH-I-BIN-69,374.0,20,129.45,Feb 05 2026,,false
SKU-00070,Racking Beam 2.4m,RAW_MATERIALS,SUP-181,whse q,WH-Q-BIN-70,179.0kilogram,,295.30,Jun 04 2026,,false
SKU-00071,Stretch Hood Film,CHEMICALS,SUP-035,LOC-008,WH-H-BIN-71,98.0 KG,25,562.15,Apr 01 2026,,false
SKU-00072,,ELECTRONICS,SUP-196,LOC-007,WH-G-BIN-72,368.0,15,423.48,2026-04-29,Apr 15 2027,false
SKU-00073,Dock Bumpers Pair,FOOD_DRY,SUP-145,LOC-003,WH-C-BIN-73,51.0kilogram,,121.58,May 08 2026,May 31 2027,false
SKU-00074,Floor Marking Paint,FOOD_COLD,SUP-114,LOC-017,WH-Q-BIN-74,368.0kg,10,357.50,Jul 16 2026,18/05/2027,false
SKU-00075,Battery Charger 24V,PACKAGING,SUP-034,LOC-015,WH-O-BIN-75,232.0kilogram,30,538.87,May 13 2026,2026-06-01,false
SKU-00076,Mesh Security Cage,MACHINERY_PARTS,SUP-102,whse a,WH-A-BIN-76,438.0,20,560.91,2026-03-14,2027-02-22,false
SKU-00077,Humidity Sensor Probe,PPE,SUP-018,Warehouse B,WH-B-BIN-77,36.0kg,25,782.71,2026-02-15,Jul 24 2027,false
SKU-00078,Pallet Strap Tool,CLEANING,SUP-096,WH-N,WH-N-BIN-78,249.0,25,546.82,11/02/2026,,false
SKU-00079,,MEDICAL,SUP-035,LOC-018,WH-R-BIN-79,460.0kilogram,40,424.02,2026-06-03,,false
SKU-00080,Wheel Chock Rubber,RAW_MATERIALS,SUP-194,LOC-001,WH-A-BIN-80,172.0kg,10,185.27,Apr 04 2026,,false
SKU-00081,Steel Bolt M8,CHEMICALS,SUP-040,LOC-012,WH-L-BIN-01,116.0 KG,20,336.55,Jul 26 2026,Aug 03 2027,true
SKU-00082,Hydraulic Hose 2in,ELECTRONICS,SUP-026,LOC-003,WH-C-BIN-02,37.0kg,30,197.30,19/07/2026,,false
SKU-00083,Industrial Solvent 5L,FOOD_DRY,SUP-113,LOC-013,WH-M-BIN-03,296.0kilogram,15,794.80,2026-06-01,14/05/2027,false
SKU-00084,Forklift Battery 24V,FOOD_COLD,SUP-082,LOC-019,WH-S-BIN-04,326.0kilogram,30,788.59,Mar 19 2026,Nov 11 2026,false
SKU-00085,Safety Gloves L,PACKAGING,SUP-106,LOC-008,WH-H-BIN-05,19.0,20,501.54,12/04/2026,,false
SKU-00086,Conveyor Belt Patch,MACHINERY_PARTS,SUP-127,LOC-018,WH-R-BIN-06,196.0 KG,10,256.35,15/04/2026,,false
SKU-00087,Shrink Wrap Film Roll,PPE,SUP-039,whse n,WH-N-BIN-07,18.0,,241.99,Jun 24 2026,,false
SKU-00088,Label Printer Ribbon,CLEANING,SUP-015,LOC-015,WH-O-BIN-08,231.0kilogram,30,205.49,07/05/2026,01/01/2027,false
SKU-00089,Dock Leveler Seal,MEDICAL,SUP-116,LOC-003,WH-C-BIN-09,4.0,11,483.13,2026-07-12,,false
SKU-00090,LED Warehouse Light,RAW_MATERIALS,SUP-195,wh-g,WH-G-BIN-10,390.0 KG,30,243.94,27/07/2026,Feb 16 2027,false
SKU-00091,Nitrile Gloves Box,CHEMICALS,SUP-049,WH-G,WH-G-BIN-11,80.0kilogram,40,557.11,Jun 08 2026,,true
SKU-00092,Pallet Jack Wheel,ELECTRONICS,SUP-142,wh-h,WH-H-BIN-12,417.0,20,248.12,Apr 29 2026,,false
SKU-00093,Barcode Scanner,FOOD_DRY,SUP-128,wh_q,WH-Q-BIN-13,70.0 KG,25,257.55,Jun 08 2026,,false
SKU-00094,Fire Extinguisher 4kg,FOOD_COLD,SUP-081,wh-l,WH-L-BIN-14,43.0kg,25,443.54,Mar 03 2026,2027-01-10,false
SKU-00095,PVC Pipe 50mm,PACKAGING,SUP-185,LOC-019,WH-S-BIN-15,11.0kilogram,25,198.09,12/03/2026,,false
SKU-00096,Rubber Gasket Set,MACHINERY_PARTS,SUP-066,LOC-011,WH-K-BIN-16,440.0kg,0,369.74,May 01 2026,,false
SKU-00097,Cable Tie Assorted,PPE,SUP-036,Warehouse F,WH-F-BIN-17,299.0kg,40,514.16,2026-07-15,,false
SKU-00098,Dust Mask N95 Pack,CLEANING,SUP-009,LOC-017,WH-Q-BIN-18,1.0 KG,10,186.68,2026-06-22,,false
SKU-00099,Wooden Pallet Std,MEDICAL,SUP-056,WH-A,WH-A-BIN-19,253.0,30,730.38,2026-02-12,,false
SKU-00100,Steel Shelving Unit,RAW_MATERIALS,SUP-005,wh_p,WH-P-BIN-20,292.0kg,10,578.31,Mar 15 2026,2026-05-24,false
SKU-00101,Hand Truck,CHEMICALS,SUP-005,LOC-010,WH-J-BIN-21,436.0kilogram,30,145.05,Jul 06 2026,,false
SKU-00102,Spill Kit 20L,ELECTRONICS,SUP-050,wh-h,WH-H-BIN-22,289.0kilogram,30,65.06,2026-04-18,,false
SKU-00103,Epoxy Resin 1L,FOOD_DRY,SUP-145,WH-O,WH-O-BIN-23,376.0kilogram,,523.68,14/02/2026,,false
SKU-00104,Chain Block 1T,FOOD_COLD,SUP-024,LOC-002,WH-B-BIN-24,214.0kg,25,562.87,09/07/2026,,false
SKU-00105,Temperature Logger,PACKAGING,SUP-112,LOC-016,WH-P-BIN-25,421.0,40,716.04,2026-07-20,,false
SKU-00106,Anti-Slip Tape Roll,MACHINERY_PARTS,SUP-055,Warehouse H,WH-H-BIN-26,374.0 KG,0,548.17,May 20 2026,Oct 07 2026,false
SKU-00107,Welding Rod 3.2mm,PPE,SUP-145,LOC-018,WH-R-BIN-27,21.0kilogram,40,470.45,20/04/2026,2026-07-04,false
SKU-00108,,CLEANING,SUP-077,LOC-003,WH-C-BIN-28,308.0,15,717.43,2026-05-07,,false
SKU-00109,First Aid Refill,MEDICAL,SUP-194,LOC-013,WH-M-BIN-29,91.0kilogram,,44.85,2026-04-10,23/02/2027,false
SKU-00110,Racking Beam 2.4m,RAW_MATERIALS,SUP-020,Warehouse H,WH-H-BIN-30,329.0kilogram,20,619.30,2026-07-23,,false
SKU-00111,Stretch Hood Film,CHEMICALS,SUP-116,LOC-009,WH-I-BIN-31,136.0,25,544.40,2026-02-11,,true
SKU-00112,Load Cell 500kg,ELECTRONICS,SUP-076,LOC-020,WH-T-BIN-32,146.0kilogram,0,627.54,2026-06-21,2027-08-29,false
SKU-00113,Dock Bumpers Pair,FOOD_DRY,SUP-082,wh-m,WH-M-BIN-33,10.0kg,20,83.58,08/07/2026,,false
SKU-00114,Floor Marking Paint,FOOD_COLD,SUP-111,LOC-006,WH-F-BIN-34,305.0 KG,25,444.27,Feb 28 2026,2027-02-27,false
SKU-00115,Battery Charger 24V,PACKAGING,SUP-084,LOC-020,WH-T-BIN-35,7.0kg,22,448.51,29/05/2026,,false
SKU-00116,Mesh Security Cage,MACHINERY_PARTS,SUP-134,wh-s,WH-S-BIN-36,370.0kg,15,395.51,14/07/2026,,false
SKU-00117,Humidity Sensor Probe,PPE,SUP-112,LOC-006,WH-F-BIN-37,235.0,20,755.49,2026-02-20,,false
SKU-00118,Pallet Strap Tool,CLEANING,SUP-153,LOC-016,WH-P-BIN-38,120.0kilogram,,267.11,2026-02-22,2027-03-20,false
SKU-00119,Coolant Concentrate,MEDICAL,SUP-085,wh_m,WH-M-BIN-39,191.0,,476.33,2026-05-15,,false
SKU-00120,Wheel Chock Rubber,RAW_MATERIALS,SUP-155,wh_k,WH-K-BIN-40,122.0kg,,256.67,2026-02-03,,false
SKU-00121,Steel Bolt M8,CHEMICALS,SUP-148,WH-P,WH-P-BIN-41,144.0kg,0,293.28,2026-03-08,,true
SKU-00122,Hydraulic Hose 2in,ELECTRONICS,SUP-047,WH-R,WH-R-BIN-42,413.0,40,567.28,2026-04-09,,false
SKU-00123,,FOOD_DRY,SUP-178,Warehouse J,WH-J-BIN-43,439.0,10,113.06,May 14 2026,,false
SKU-00124,Forklift Battery 24V,FOOD_COLD,SUP-065,LOC-008,WH-H-BIN-44,98.0kilogram,40,384.43,Apr 19 2026,Jul 02 2027,false
SKU-00125,Safety Gloves L,PACKAGING,SUP-130,LOC-018,WH-R-BIN-45,374.0kilogram,0,561.90,2026-03-15,14/06/2026,false
SKU-00126,Conveyor Belt Patch,MACHINERY_PARTS,SUP-164,wh_t,WH-T-BIN-46,75.0,10,518.31,Jul 19 2026,,false
SKU-00127,Shrink Wrap Film Roll,PPE,SUP-166,LOC-019,WH-S-BIN-47,351.0,40,345.50,28/07/2026,,false
SKU-00128,Label Printer Ribbon,CLEANING,SUP-067,wh-d,WH-D-BIN-48,281.0kilogram,15,178.38,26/04/2026,,false
SKU-00129,,MEDICAL,SUP-119,Warehouse M,WH-M-BIN-49,367.0,0,21.60,Jul 04 2026,,false
SKU-00130,LED Warehouse Light,RAW_MATERIALS,SUP-107,LOC-010,WH-J-BIN-50,79.0 KG,10,275.77,2026-06-08,,false
SKU-00131,,CHEMICALS,SUP-124,wh-q,WH-Q-BIN-51,15.0kg,20,648.53,2026-07-01,,true
SKU-00132,,ELECTRONICS,SUP-166,LOC-011,WH-K-BIN-52,366.0kg,10,413.76,2026-03-11,,false
SKU-00133,Barcode Scanner,FOOD_DRY,SUP-085,LOC-006,WH-F-BIN-53,238.0 KG,30,149.19,17/02/2026,,false
SKU-00134,Fire Extinguisher 4kg,FOOD_COLD,SUP-102,WH-N,WH-N-BIN-54,397.0 KG,10,312.29,2026-06-06,,false
SKU-00135,PVC Pipe 50mm,PACKAGING,SUP-072,Warehouse G,WH-G-BIN-55,380.0,0,640.00,2026-03-15,2026-07-17,false
SKU-00136,Rubber Gasket Set,MACHINERY_PARTS,SUP-094,whse f,WH-F-BIN-56,120.0kg,20,423.12,17/02/2026,,false
SKU-00137,Cable Tie Assorted,PPE,SUP-153,whse k,WH-K-BIN-57,332.0kilogram,25,367.37,2026-06-16,,false
SKU-00138,Dust Mask N95 Pack,CLEANING,SUP-158,wh_j,WH-J-BIN-58,63.0 KG,30,148.07,Feb 03 2026,28/10/2026,false
SKU-00139,Wooden Pallet Std,MEDICAL,SUP-131,wh_e,WH-E-BIN-59,234.0 KG,25,390.36,Mar 15 2026,,false
SKU-00140,Steel Shelving Unit,RAW_MATERIALS,SUP-143,wh-f,WH-F-BIN-60,270.0kilogram,15,496.29,30/04/2026,,false
SKU-00141,Hand Truck,CHEMICALS,SUP-125,LOC-001,WH-A-BIN-61,119.0,15,548.39,2026-04-15,,false
SKU-00142,Spill Kit 20L,ELECTRONICS,SUP-126,LOC-015,WH-O-BIN-62,62.0kilogram,15,221.33,15/03/2026,15/09/2026,false
SKU-00143,Epoxy Resin 1L,FOOD_DRY,SUP-044,Warehouse J,WH-J-BIN-63,254.0kilogram,,409.62,06/03/2026,,false
SKU-00144,Chain Block 1T,FOOD_COLD,SUP-069,LOC-004,WH-D-BIN-64,298.0,0,35.21,Apr 09 2026,,false
SKU-00145,,PACKAGING,SUP-056,Warehouse R,WH-R-BIN-65,72.0kg,25,360.89,2026-05-02,Sep 15 2026,false
SKU-00146,Anti-Slip Tape Roll,MACHINERY_PARTS,SUP-113,LOC-003,WH-C-BIN-66,80.0kg,0,471.16,May 02 2026,,false
SKU-00147,Welding Rod 3.2mm,PPE,SUP-162,LOC-020,WH-T-BIN-67,104.0,25,644.74,Mar 07 2026,,false
SKU-00148,Compressed Air Hose,CLEANING,SUP-137,LOC-012,WH-L-BIN-68,325.0,20,232.89,May 23 2026,,false
SKU-00149,,MEDICAL,SUP-174,LOC-017,WH-Q-BIN-69,7.0kg,11,103.26,27/06/2026,,false
SKU-00150,Racking Beam 2.4m,RAW_MATERIALS,SUP-038,LOC-008,WH-H-BIN-70,184.0kg,40,392.59,2026-03-05,,false
SKU-00151,,CHEMICALS,SUP-161,whse i,WH-I-BIN-71,212.0kilogram,25,76.29,Mar 21 2026,,false
SKU-00152,Load Cell 500kg,ELECTRONICS,SUP-117,wh_l,WH-L-BIN-72,187.0 KG,25,76.33,Apr 04 2026,,false
SKU-00153,Dock Bumpers Pair,FOOD_DRY,SUP-017,LOC-012,WH-L-BIN-73,293.0kg,0,396.78,09/05/2026,,false
SKU-00154,Floor Marking Paint,FOOD_COLD,SUP-087,LOC-010,WH-J-BIN-74,28.0kilogram,30,546.68,18/07/2026,,false
SKU-00155,Battery Charger 24V,PACKAGING,SUP-026,LOC-002,WH-B-BIN-75,421.0kilogram,,686.41,2026-04-09,2026-04-03,false
SKU-00156,Mesh Security Cage,MACHINERY_PARTS,SUP-001,LOC-015,WH-O-BIN-76,123.0kilogram,25,242.89,2026-05-21,,false
SKU-00157,Humidity Sensor Probe,PPE,SUP-168,LOC-003,WH-C-BIN-77,6.0 KG,20,245.80,Feb 01 2026,11/05/2026,false
SKU-00158,Pallet Strap Tool,CLEANING,SUP-110,WH-H,WH-H-BIN-78,66.0,40,64.20,01/03/2026,30/05/2026,false
SKU-00159,,MEDICAL,SUP-133,LOC-008,WH-H-BIN-79,22.0kg,40,339.01,27/06/2026,,false
SKU-00160,,RAW_MATERIALS,SUP-019,LOC-016,WH-P-BIN-80,13.0kilogram,15,705.03,25/06/2026,,false
SKU-00161,Steel Bolt M8,CHEMICALS,SUP-199,LOC-013,WH-M-BIN-01,405.0 KG,0,56.59,Mar 08 2026,,true
SKU-00162,Hydraulic Hose 2in,ELECTRONICS,SUP-113,LOC-006,WH-F-BIN-02,389.0kilogram,,493.63,2026-04-08,,false
SKU-00163,Industrial Solvent 5L,FOOD_DRY,SUP-023,whse g,WH-G-BIN-03,91.0,10,770.67,11/05/2026,,false
SKU-00164,Forklift Battery 24V,FOOD_COLD,SUP-064,whse e,WH-E-BIN-04,18.0,20,229.37,Feb 04 2026,,false
SKU-00165,,PACKAGING,SUP-169,LOC-001,WH-A-BIN-05,125.0,20,517.64,May 30 2026,,false
SKU-00166,Conveyor Belt Patch,MACHINERY_PARTS,SUP-099,LOC-016,WH-P-BIN-06,143.0kg,10,782.20,Apr 29 2026,,false
SKU-00167,Shrink Wrap Film Roll,PPE,SUP-034,wh_k,WH-K-BIN-07,460.0kg,25,139.87,01/04/2026,,false
SKU-00168,Label Printer Ribbon,CLEANING,SUP-005,wh-c,WH-C-BIN-08,7.0,30,759.05,20/04/2026,Jul 23 2026,false
SKU-00169,Dock Leveler Seal,MEDICAL,SUP-074,LOC-017,WH-Q-BIN-09,384.0kilogram,40,67.78,Mar 15 2026,,false
SKU-00170,,RAW_MATERIALS,SUP-158,LOC-018,WH-R-BIN-10,2.0,15,430.04,2026-04-21,2026-11-17,false
SKU-00171,Nitrile Gloves Box,CHEMICALS,SUP-163,wh-s,WH-S-BIN-11,447.0kilogram,,351.11,30/05/2026,,true
SKU-00172,Pallet Jack Wheel,ELECTRONICS,SUP-112,LOC-003,WH-C-BIN-12,252.0 KG,10,593.87,Jun 16 2026,2026-05-06,false
SKU-00173,Barcode Scanner,FOOD_DRY,SUP-004,whse d,WH-D-BIN-13,90.0,40,419.36,2026-05-25,,false
SKU-00174,Fire Extinguisher 4kg,FOOD_COLD,SUP-096,LOC-006,WH-F-BIN-14,403.0kilogram,15,617.60,2026-07-23,,false
SKU-00175,Alha Wolf Pack,PACKAGING,SUP-110,LOC-011,WH-K-BIN-15,19.0kg,20,409.60,2026-07-16,,false
SKU-00176,Rubber Gasket Set,MACHINERY_PARTS,SUP-146,wh_p,WH-P-BIN-16,13.0kg,15,578.78,02/06/2026,,false
SKU-00177,Cable Tie Assorted,PPE,SUP-001,LOC-017,WH-Q-BIN-17,459.0 KG,10,307.62,Jun 22 2026,,false
SKU-00178,Dust Mask N95 Pack,CLEANING,SUP-010,LOC-006,WH-F-BIN-18,431.0,30,258.80,2026-04-15,,false
SKU-00179,Wooden Pallet Std,MEDICAL,SUP-070,whse k,WH-K-BIN-19,59.0,0,44.03,03/06/2026,,false
SKU-00180,Steel Shelving Unit,RAW_MATERIALS,SUP-012,LOC-017,WH-Q-BIN-20,55.0kilogram,25,249.94,2026-07-08,,false
SKU-00181,Hand Truck,CHEMICALS,SUP-117,LOC-018,WH-R-BIN-21,208.0kg,,498.93,03/04/2026,,true
SKU-00182,Spill Kit 20L,ELECTRONICS,SUP-198,LOC-016,WH-P-BIN-22,120.0kilogram,0,122.15,Apr 17 2026,,false
SKU-00183,Epoxy Resin 1L,FOOD_DRY,SUP-060,wh-a,WH-A-BIN-23,197.0kg,30,3.17,12/02/2026,,false
SKU-00184,Chain Block 1T,FOOD_COLD,SUP-189,LOC-013,WH-M-BIN-24,34.0kilogram,40,769.03,24/06/2026,,false
SKU-00185,Temperature Logger,PACKAGING,SUP-024,LOC-009,WH-I-BIN-25,491.0kilogram,10,716.67,Apr 04 2026,,false
SKU-00186,Anti-Slip Tape Roll,MACHINERY_PARTS,SUP-149,LOC-003,WH-C-BIN-26,7.0 KG,10,51.70,2026-02-11,19/05/2026,false
SKU-00187,,PPE,SUP-061,LOC-005,WH-E-BIN-27,153.0kg,,665.86,May 08 2026,,false
SKU-00188,Compressed Air Hose,CLEANING,SUP-116,LOC-011,WH-K-BIN-28,7.0kg,20,88.96,2026-07-03,,false
SKU-00189,First Aid Refill,MEDICAL,SUP-116,LOC-006,WH-F-BIN-29,180.0kg,25,167.69,13/05/2026,,false
SKU-00190,Racking Beam 2.4m,RAW_MATERIALS,SUP-068,LOC-015,WH-O-BIN-30,5.0kilogram,29,685.55,Jun 23 2026,15/04/2026,false
SKU-00191,Stretch Hood Film,CHEMICALS,SUP-183,whse c,WH-C-BIN-31,202.0kg,,209.61,2026-06-16,22/06/2026,true
SKU-00192,,ELECTRONICS,SUP-116,LOC-013,WH-M-BIN-32,403.0kg,30,98.92,Jul 15 2026,09/11/2026,false
SKU-00193,,FOOD_DRY,SUP-034,LOC-008,WH-H-BIN-33,441.0,15,69.06,Mar 02 2026,,false
SKU-00194,Floor Marking Paint,FOOD_COLD,SUP-020,LOC-009,WH-I-BIN-34,8.0,10,99.78,03/04/2026,2027-02-15,false
SKU-00195,Battery Charger 24V,PACKAGING,SUP-044,LOC-002,WH-B-BIN-35,241.0kg,30,342.48,01/05/2026,2027-08-14,false
SKU-00196,Mesh Security Cage,MACHINERY_PARTS,SUP-048,wh-g,WH-G-BIN-36,163.0 KG,20,494.35,15/02/2026,,false
SKU-00197,Humidity Sensor Probe,PPE,SUP-128,wh_j,WH-J-BIN-37,471.0kilogram,25,307.65,Apr 14 2026,25/06/2026,false
SKU-00198,Pallet Strap Tool,CLEANING,SUP-165,LOC-007,WH-G-BIN-38,289.0 KG,0,17.58,Apr 24 2026,,false
SKU-00199,Coolant Concentrate,MEDICAL,SUP-123,wh_l,WH-L-BIN-39,420.0 KG,30,311.93,14/06/2026,,false
SKU-00200,Wheel Chock Rubber,RAW_MATERIALS,SUP-082,LOC-001,WH-A-BIN-40,132.0kilogram,30,424.49,Mar 03 2026,31/05/2026,false
SKU-00201,Steel Bolt M8,CHEMICALS,SUP-041,wh-h,WH-H-BIN-41,146.0,10,733.97,16/07/2026,,false
SKU-00202,,ELECTRONICS,SUP-148,LOC-008,WH-H-BIN-42,428.0kilogram,0,140.62,31/05/2026,,false
SKU-00203,,FOOD_DRY,SUP-082,LOC-019,WH-S-BIN-43,397.0kg,0,282.64,07/03/2026,2027-08-23,false
SKU-00204,Forklift Battery 24V,FOOD_COLD,SUP-037,LOC-019,WH-S-BIN-44,116.0kg,30,434.62,16/06/2026,,false
SKU-00205,Safety Gloves L,PACKAGING,SUP-010,Warehouse P,WH-P-BIN-45,48.0kilogram,10,2.55,Feb 23 2026,,false
SKU-00206,Conveyor Belt Patch,MACHINERY_PARTS,SUP-034,LOC-007,WH-G-BIN-46,11.0 KG,20,470.11,24/06/2026,2026-07-12,false
SKU-00207,Shrink Wrap Film Roll,PPE,SUP-135,LOC-004,WH-D-BIN-47,206.0 KG,,317.69,05/07/2026,,false
SKU-00208,Label Printer Ribbon,CLEANING,SUP-078,WH-K,WH-K-BIN-48,89.0,20,512.13,2026-03-28,,false
SKU-00209,Dock Leveler Seal,MEDICAL,SUP-045,Warehouse K,WH-K-BIN-49,307.0kg,40,180.14,Mar 02 2026,,false
SKU-00210,LED Warehouse Light,RAW_MATERIALS,SUP-097,LOC-006,WH-F-BIN-50,395.0kilogram,20,759.13,Mar 06 2026,,false
SKU-00211,,CHEMICALS,SUP-198,LOC-013,WH-M-BIN-51,11.0,,178.27,Mar 08 2026,,true
SKU-00212,Pallet Jack Wheel,ELECTRONICS,SUP-037,LOC-016,WH-P-BIN-52,12.0 KG,20,657.69,09/02/2026,Oct 14 2026,false
SKU-00213,Barcode Scanner,FOOD_DRY,SUP-115,LOC-011,WH-K-BIN-53,155.0 KG,10,630.04,30/07/2026,,false
SKU-00214,Fire Extinguisher 4kg,FOOD_COLD,SUP-099,LOC-002,WH-B-BIN-54,395.0,25,705.65,May 02 2026,,false
SKU-00215,PVC Pipe 50mm,PACKAGING,SUP-097,LOC-018,WH-R-BIN-55,444.0kg,10,550.35,2026-06-19,,false
SKU-00216,Rubber Gasket Set,MACHINERY_PARTS,SUP-019,LOC-015,WH-O-BIN-56,1.0 KG,20,137.74,Apr 25 2026,2027-02-21,false
SKU-00217,Cable Tie Assorted,PPE,SUP-188,LOC-006,WH-F-BIN-57,300.0kg,,788.25,Mar 29 2026,,false
SKU-00218,Dust Mask N95 Pack,CLEANING,SUP-111,LOC-001,WH-A-BIN-58,104.0kg,,779.57,2026-04-17,Dec 13 2026,false
SKU-00219,Wooden Pallet Std,MEDICAL,SUP-185,LOC-018,WH-R-BIN-59,296.0kg,40,315.54,Mar 12 2026,24/09/2026,false
SKU-00220,Steel Shelving Unit,RAW_MATERIALS,SUP-040,LOC-016,WH-P-BIN-60,2.0kg,10,480.97,09/06/2026,,false
SKU-00221,Hand Truck,CHEMICALS,SUP-007,LOC-004,WH-D-BIN-61,107.0kilogram,15,94.18,Apr 20 2026,,false
SKU-00222,,ELECTRONICS,SUP-024,LOC-009,WH-I-BIN-62,298.0kilogram,40,150.89,Jul 19 2026,,false
SKU-00223,Epoxy Resin 1L,FOOD_DRY,SUP-113,WH-I,WH-I-BIN-63,154.0 KG,25,534.64,Jul 09 2026,2027-08-21,false
SKU-00224,Chain Block 1T,FOOD_COLD,SUP-139,whse l,WH-L-BIN-64,407.0kg,25,655.09,14/04/2026,,false
SKU-00225,Temperature Logger,PACKAGING,SUP-176,Warehouse R,WH-R-BIN-65,499.0 KG,0,65.01,2026-07-22,,false
SKU-00226,Anti-Slip Tape Roll,MACHINERY_PARTS,SUP-147,LOC-017,WH-Q-BIN-66,429.0,30,139.96,2026-06-18,2027-04-16,false
SKU-00227,Welding Rod 3.2mm,PPE,SUP-050,LOC-007,WH-G-BIN-67,41.0kilogram,15,797.82,20/02/2026,,false
SKU-00228,Compressed Air Hose,CLEANING,SUP-153,LOC-005,WH-E-BIN-68,183.0 KG,20,445.98,Mar 11 2026,16/03/2027,false
SKU-00229,First Aid Refill,MEDICAL,SUP-071,whse k,WH-K-BIN-69,254.0kilogram,,499.20,19/03/2026,02/05/2026,false
SKU-00230,Racking Beam 2.4m,RAW_MATERIALS,SUP-029,whse n,WH-N-BIN-70,19.0 KG,25,81.96,03/07/2026,,false
SKU-00231,Stretch Hood Film,CHEMICALS,SUP-200,whse s,WH-S-BIN-71,422.0kilogram,10,329.89,23/04/2026,,false
SKU-00232,Load Cell 500kg,ELECTRONICS,SUP-156,LOC-019,WH-S-BIN-72,13.0,25,555.54,Jul 21 2026,,false
SKU-00233,Dock Bumpers Pair,FOOD_DRY,SUP-085,LOC-013,WH-M-BIN-73,31.0kilogram,40,18.15,2026-05-14,,false
SKU-00234,Floor Marking Paint,FOOD_COLD,SUP-072,LOC-010,WH-J-BIN-74,271.0kg,0,183.91,2026-05-15,,false
SKU-00235,Battery Charger 24V,PACKAGING,SUP-199,LOC-015,WH-O-BIN-75,184.0kg,0,151.97,06/06/2026,,false
SKU-00236,Mesh Security Cage,MACHINERY_PARTS,SUP-190,Warehouse N,WH-N-BIN-76,408.0kilogram,25,54.36,2026-03-23,2026-11-19,false
SKU-00237,Humidity Sensor Probe,PPE,SUP-035,LOC-013,WH-M-BIN-77,455.0,0,669.91,28/05/2026,2026-12-10,false
SKU-00238,Pallet Strap Tool,CLEANING,SUP-117,Warehouse B,WH-B-BIN-78,490.0 KG,10,372.45,Apr 20 2026,,false
SKU-00239,,MEDICAL,SUP-175,LOC-004,WH-D-BIN-79,143.0kilogram,,470.33,02/05/2026,Apr 29 2027,false
SKU-00240,Wheel Chock Rubber,RAW_MATERIALS,SUP-042,Warehouse L,WH-L-BIN-80,477.0kilogram,0,310.48,2026-06-19,2026-09-13,false
SKU-00241,Steel Bolt M8,CHEMICALS,SUP-200,LOC-019,WH-S-BIN-01,458.0 KG,15,328.79,Jul 25 2026,29/07/2027,false
SKU-00242,Hydraulic Hose 2in,ELECTRONICS,SUP-122,LOC-001,WH-A-BIN-02,351.0 KG,15,754.52,2026-02-16,,false
SKU-00243,Industrial Solvent 5L,FOOD_DRY,SUP-109,Warehouse I,WH-I-BIN-03,456.0,25,542.40,21/02/2026,,false
SKU-00244,Forklift Battery 24V,FOOD_COLD,SUP-150,LOC-013,WH-M-BIN-04,23.0,10,300.64,15/02/2026,,false
SKU-00245,Safety Gloves L,PACKAGING,SUP-156,LOC-020,WH-T-BIN-05,172.0kg,20,222.63,May 08 2026,,false
SKU-00246,Conveyor Belt Patch,MACHINERY_PARTS,SUP-067,LOC-009,WH-I-BIN-06,384.0,40,612.85,2026-07-16,21/05/2027,false
SKU-00247,Shrink Wrap Film Roll,PPE,SUP-104,wh_t,WH-T-BIN-07,183.0kilogram,40,797.98,25/05/2026,,false
SKU-00248,Label Printer Ribbon,CLEANING,SUP-104,wh_n,WH-N-BIN-08,23.0,25,275.85,04/06/2026,,false
SKU-00249,Dock Leveler Seal,MEDICAL,SUP-164,LOC-018,WH-R-BIN-09,263.0 KG,0,676.64,2026-02-12,,false
SKU-00250,LED Warehouse Light,RAW_MATERIALS,SUP-047,LOC-018,WH-R-BIN-10,69.0kilogram,20,448.11,14/06/2026,,false
SKU-00251,,CHEMICALS,SUP-168,LOC-011,WH-K-BIN-11,133.0kilogram,10,630.90,07/05/2026,,true
SKU-00252,Pallet Jack Wheel,ELECTRONICS,SUP-076,Warehouse S,WH-S-BIN-12,2.0 KG,,755.55,12/07/2026,,false
SKU-00253,Barcode Scanner,FOOD_DRY,SUP-050,LOC-016,WH-P-BIN-13,81.0,,45.14,2026-06-22,,false
SKU-00254,Fire Extinguisher 4kg,FOOD_COLD,SUP-052,wh-e,WH-E-BIN-14,229.0,20,116.29,2026-06-14,,false
SKU-00255,PVC Pipe 50mm,PACKAGING,SUP-125,LOC-003,WH-C-BIN-15,343.0kg,20,220.28,Jun 17 2026,2027-04-18,false
SKU-00256,Rubber Gasket Set,MACHINERY_PARTS,SUP-196,LOC-019,WH-S-BIN-16,270.0kilogram,15,507.52,2026-04-18,09/04/2027,false
SKU-00257,Cable Tie Assorted,PPE,SUP-123,LOC-014,WH-N-BIN-17,7.0,25,713.82,2026-03-17,,false
SKU-00258,Dust Mask N95 Pack,CLEANING,SUP-005,LOC-007,WH-G-BIN-18,22.0kilogram,40,276.79,2026-06-27,,false
SKU-00259,Wooden Pallet Std,MEDICAL,SUP-099,wh_d,WH-D-BIN-19,321.0,30,239.97,2026-05-17,2026-07-25,false
SKU-00260,Steel Shelving Unit,RAW_MATERIALS,SUP-187,LOC-015,WH-O-BIN-20,325.0 KG,30,108.76,27/03/2026,,false
SKU-00261,Hand Truck,CHEMICALS,SUP-193,wh-l,WH-L-BIN-21,104.0kg,15,184.28,Jun 27 2026,,true
SKU-00262,Spill Kit 20L,ELECTRONICS,SUP-151,LOC-001,WH-A-BIN-22,106.0 KG,30,206.12,16/03/2026,2027-07-23,false
SKU-00263,Epoxy Resin 1L,FOOD_DRY,SUP-013,LOC-020,WH-T-BIN-23,44.0,30,94.40,08/04/2026,2027-08-18,false
SKU-00264,Chain Block 1T,FOOD_COLD,SUP-032,LOC-013,WH-M-BIN-24,149.0 KG,30,504.99,14/05/2026,,false
SKU-00265,Temperature Logger,PACKAGING,SUP-170,LOC-014,WH-N-BIN-25,359.0kg,10,336.22,04/07/2026,,false
SKU-00266,Anti-Slip Tape Roll,MACHINERY_PARTS,SUP-185,LOC-017,WH-Q-BIN-26,80.0,30,487.98,24/05/2026,,false
SKU-00267,Welding Rod 3.2mm,PPE,SUP-052,whse q,WH-Q-BIN-27,380.0,,728.46,2026-02-04,,false
SKU-00268,Compressed Air Hose,CLEANING,SUP-085,LOC-016,WH-P-BIN-28,2.0kg,15,535.88,2026-06-22,,false
SKU-00269,First Aid Refill,MEDICAL,SUP-200,wh_c,WH-C-BIN-29,58.0kilogram,30,186.47,May 16 2026,,false
SKU-00270,Racking Beam 2.4m,RAW_MATERIALS,SUP-119,LOC-009,WH-I-BIN-30,71.0 KG,10,289.45,07/02/2026,,false
SKU-00271,,CHEMICALS,SUP-110,LOC-011,WH-K-BIN-31,3.0 KG,40,531.36,2026-06-17,Jul 13 2026,true
SKU-00272,Load Cell 500kg,ELECTRONICS,SUP-160,LOC-015,WH-O-BIN-32,469.0kg,20,92.84,Apr 19 2026,,false
SKU-00273,Dock Bumpers Pair,FOOD_DRY,SUP-070,WH-O,WH-O-BIN-33,217.0kg,0,709.13,2026-06-18,,false
SKU-00274,Floor Marking Paint,FOOD_COLD,SUP-034,LOC-004,WH-D-BIN-34,11.0kg,40,387.17,07/03/2026,,false
SKU-00275,Battery Charger 24V,PACKAGING,SUP-047,LOC-015,WH-O-BIN-35,214.0,30,704.20,27/06/2026,,false
SKU-00276,,MACHINERY_PARTS,SUP-125,wh_p,WH-P-BIN-36,474.0,10,524.67,2026-07-27,2026-06-27,false
SKU-00277,Humidity Sensor Probe,PPE,SUP-197,LOC-017,WH-Q-BIN-37,315.0kg,,698.77,20/03/2026,,false
SKU-00278,Pallet Strap Tool,CLEANING,SUP-177,Warehouse Q,WH-Q-BIN-38,16.0 KG,40,513.84,Jun 22 2026,,false
SKU-00279,Coolant Concentrate,MEDICAL,SUP-157,LOC-018,WH-R-BIN-39,25.0kilogram,10,681.79,Jun 18 2026,,false
SKU-00280,,RAW_MATERIALS,SUP-193,wh-c,WH-C-BIN-40,184.0kilogram,25,441.30,Apr 25 2026,2026-12-22,false
SKU-00281,Steel Bolt M8,CHEMICALS,SUP-061,LOC-013,WH-M-BIN-41,255.0kg,10,358.76,Jun 30 2026,2027-05-12,false
SKU-00282,Hydraulic Hose 2in,ELECTRONICS,SUP-027,LOC-001,WH-A-BIN-42,231.0kg,,633.84,22/02/2026,Jul 19 2026,false
SKU-00283,Industrial Solvent 5L,FOOD_DRY,SUP-131,LOC-010,WH-J-BIN-43,125.0 KG,,660.60,03/06/2026,,false
SKU-00284,Forklift Battery 24V,FOOD_COLD,SUP-085,LOC-015,WH-O-BIN-44,412.0 KG,30,573.30,2026-07-01,,false
SKU-00285,,PACKAGING,SUP-195,LOC-004,WH-D-BIN-45,23.0 KG,40,235.00,2026-03-19,,false
SKU-00286,Conveyor Belt Patch,MACHINERY_PARTS,SUP-180,LOC-012,WH-L-BIN-46,43.0kilogram,10,594.52,2026-04-17,,false
SKU-00287,Shrink Wrap Film Roll,PPE,SUP-066,LOC-004,WH-D-BIN-47,28.0,30,625.57,05/05/2026,,false
SKU-00288,Label Printer Ribbon,CLEANING,SUP-194,LOC-004,WH-D-BIN-48,43.0kg,25,618.17,06/04/2026,,false
SKU-00289,Dock Leveler Seal,MEDICAL,SUP-169,LOC-015,WH-O-BIN-49,16.0kilogram,30,40.76,2026-04-11,27/04/2026,false
SKU-00290,LED Warehouse Light,RAW_MATERIALS,SUP-124,LOC-019,WH-S-BIN-50,419.0kg,30,584.93,28/06/2026,,false
SKU-00291,Nitrile Gloves Box,CHEMICALS,SUP-100,LOC-004,WH-D-BIN-51,327.0kilogram,40,336.09,Feb 25 2026,,false
SKU-00292,Pallet Jack Wheel,ELECTRONICS,SUP-071,LOC-008,WH-H-BIN-52,195.0kilogram,25,482.81,21/03/2026,2027-03-29,false
SKU-00293,Barcode Scanner,FOOD_DRY,SUP-180,whse j,WH-J-BIN-53,460.0kilogram,30,175.44,Jun 07 2026,,false
SKU-00294,Fire Extinguisher 4kg,FOOD_COLD,SUP-183,LOC-020,WH-T-BIN-54,371.0kg,20,520.77,15/06/2026,,false
SKU-00295,PVC Pipe 50mm,PACKAGING,SUP-139,wh-q,WH-Q-BIN-55,346.0kg,40,385.34,06/03/2026,,false
SKU-00296,Rubber Gasket Set,MACHINERY_PARTS,SUP-173,LOC-014,WH-N-BIN-56,477.0,40,647.03,2026-03-19,,false
SKU-00297,Cable Tie Assorted,PPE,SUP-007,WH-D,WH-D-BIN-57,2.0kilogram,25,130.43,May 18 2026,,false
SKU-00298,Dust Mask N95 Pack,CLEANING,SUP-038,WH-I,WH-I-BIN-58,51.0kilogram,0,27.78,2026-04-06,,false
SKU-00299,Wooden Pallet Std,MEDICAL,SUP-158,Warehouse D,WH-D-BIN-59,365.0kg,0,449.89,May 31 2026,,false
SKU-00300,Steel Shelving Unit,RAW_MATERIALS,SUP-179,LOC-017,WH-Q-BIN-60,374.0kg,20,765.45,Feb 05 2026,,false
SKU-00301,Hand Truck,CHEMICALS,SUP-142,LOC-011,WH-K-BIN-61,26.0kilogram,10,688.63,Apr 08 2026,,false
SKU-00302,Spill Kit 20L,ELECTRONICS,SUP-194,LOC-012,WH-L-BIN-62,299.0,30,156.41,2026-04-07,,false
SKU-00303,Epoxy Resin 1L,FOOD_DRY,SUP-175,wh-f,WH-F-BIN-63,115.0 KG,10,343.95,10/03/2026,2026-09-19,false
SKU-00304,Chain Block 1T,FOOD_COLD,SUP-034,LOC-009,WH-I-BIN-64,319.0 KG,15,568.33,Jun 21 2026,Jun 01 2026,false
SKU-00305,Temperature Logger,PACKAGING,SUP-040,WH-B,WH-B-BIN-65,10.0kilogram,20,287.75,10/05/2026,,false
SKU-00306,Anti-Slip Tape Roll,MACHINERY_PARTS,SUP-057,LOC-017,WH-Q-BIN-66,9.0 KG,15,323.93,02/05/2026,,false
SKU-00307,Welding Rod 3.2mm,PPE,SUP-055,LOC-008,WH-H-BIN-67,189.0,40,495.39,31/03/2026,,false
SKU-00308,Compressed Air Hose,CLEANING,SUP-193,Warehouse R,WH-R-BIN-68,23.0,,491.73,21/02/2026,,false
SKU-00309,First Aid Refill,MEDICAL,SUP-011,LOC-008,WH-H-BIN-69,473.0kg,40,309.93,2026-03-14,,false
SKU-00310,Racking Beam 2.4m,RAW_MATERIALS,SUP-007,LOC-010,WH-J-BIN-70,440.0kilogram,30,390.47,2026-05-16,,false
SKU-00311,Stretch Hood Film,CHEMICALS,SUP-083,wh_g,WH-G-BIN-71,62.0 KG,,431.30,Jul 29 2026,,false
SKU-00312,Load Cell 500kg,ELECTRONICS,SUP-172,LOC-007,WH-G-BIN-72,416.0kg,40,166.05,2026-02-01,,false
SKU-00313,,FOOD_DRY,SUP-166,LOC-014,WH-N-BIN-73,56.0 KG,,266.71,Jul 08 2026,,false
SKU-00314,Floor Marking Paint,FOOD_COLD,SUP-014,Warehouse C,WH-C-BIN-74,426.0 KG,15,183.66,May 25 2026,2026-04-16,false
SKU-00315,Battery Charger 24V,PACKAGING,SUP-100,LOC-014,WH-N-BIN-75,342.0kg,25,96.41,29/07/2026,,false
SKU-00316,Mesh Security Cage,MACHINERY_PARTS,SUP-017,LOC-020,WH-T-BIN-76,401.0 KG,0,86.70,Feb 05 2026,14/05/2027,false
SKU-00317,Humidity Sensor Probe,PPE,SUP-156,LOC-010,WH-J-BIN-77,164.0kg,,529.26,2026-03-31,,false
SKU-00318,Pallet Strap Tool,CLEANING,SUP-137,LOC-006,WH-F-BIN-78,89.0kg,15,237.39,18/02/2026,,false
SKU-00319,Coolant Concentrate,MEDICAL,SUP-077,LOC-005,WH-E-BIN-79,474.0 KG,40,299.76,28/07/2026,,false
SKU-00320,,RAW_MATERIALS,SUP-143,LOC-018,WH-R-BIN-80,10.0kilogram,15,757.69,2026-05-13,,false
SKU-00321,,CHEMICALS,SUP-192,LOC-007,WH-G-BIN-01,482.0 KG,40,681.46,24/06/2026,,true
SKU-00322,Hydraulic Hose 2in,ELECTRONICS,SUP-158,LOC-008,WH-H-BIN-02,3.0,28,746.03,2026-03-12,,false
SKU-00323,Industrial Solvent 5L,FOOD_DRY,SUP-166,LOC-015,WH-O-BIN-03,57.0,30,159.54,04/03/2026,18/07/2026,false
SKU-00324,Forklift Battery 24V,FOOD_COLD,SUP-085,wh-p,WH-P-BIN-04,85.0,20,57.71,2026-06-11,,false
SKU-00325,Safety Gloves L,PACKAGING,SUP-125,WH-K,WH-K-BIN-05,188.0 KG,25,453.31,2026-04-28,,false
SKU-00326,Conveyor Belt Patch,MACHINERY_PARTS,SUP-110,LOC-011,WH-K-BIN-06,22.0kilogram,15,513.39,21/05/2026,,false
SKU-00327,Shrink Wrap Film Roll,PPE,SUP-035,whse l,WH-L-BIN-07,395.0 KG,,620.26,28/03/2026,,false
SKU-00328,,CLEANING,SUP-028,LOC-018,WH-R-BIN-08,350.0kg,15,113.72,Mar 15 2026,,false
SKU-00329,Dock Leveler Seal,MEDICAL,SUP-068,LOC-007,WH-G-BIN-09,473.0 KG,40,679.97,19/02/2026,,false
SKU-00330,LED Warehouse Light,RAW_MATERIALS,SUP-149,LOC-001,WH-A-BIN-10,227.0 KG,30,435.69,Mar 14 2026,,false
SKU-00331,Nitrile Gloves Box,CHEMICALS,SUP-168,LOC-016,WH-P-BIN-11,96.0kilogram,0,587.12,May 17 2026,,true
SKU-00332,Pallet Jack Wheel,ELECTRONICS,SUP-131,LOC-017,WH-Q-BIN-12,223.0kg,10,678.69,Feb 23 2026,Jun 30 2026,false
SKU-00333,Barcode Scanner,FOOD_DRY,SUP-194,LOC-006,WH-F-BIN-13,91.0kg,30,528.21,23/06/2026,,false
SKU-00334,Fire Extinguisher 4kg,FOOD_COLD,SUP-092,LOC-016,WH-P-BIN-14,132.0kilogram,10,188.75,Feb 09 2026,,false
SKU-00335,PVC Pipe 50mm,PACKAGING,SUP-133,WH-G,WH-G-BIN-15,204.0 KG,,33.84,14/02/2026,,false
SKU-00336,Rubber Gasket Set,MACHINERY_PARTS,SUP-027,LOC-011,WH-K-BIN-16,286.0kg,40,463.75,07/03/2026,,false
SKU-00337,Cable Tie Assorted,PPE,SUP-097,wh-f,WH-F-BIN-17,213.0 KG,40,414.30,25/04/2026,,false
SKU-00338,Dust Mask N95 Pack,CLEANING,SUP-133,LOC-008,WH-H-BIN-18,200.0 KG,25,709.96,Jul 29 2026,,false
SKU-00339,Wooden Pallet Std,MEDICAL,SUP-036,LOC-017,WH-Q-BIN-19,104.0kg,25,121.89,Jun 20 2026,,false
SKU-00340,Steel Shelving Unit,RAW_MATERIALS,SUP-155,Warehouse L,WH-L-BIN-20,15.0 KG,40,92.44,08/02/2026,,false
SKU-00341,Hand Truck,CHEMICALS,SUP-123,wh_p,WH-P-BIN-21,14.0 KG,15,459.64,19/06/2026,03/11/2026,true
SKU-00342,Spill Kit 20L,ELECTRONICS,SUP-011,LOC-017,WH-Q-BIN-22,9.0 KG,30,325.55,Mar 08 2026,,false
SKU-00343,Epoxy Resin 1L,FOOD_DRY,SUP-185,Warehouse A,WH-A-BIN-23,358.0kilogram,40,378.19,2026-03-29,,false
SKU-00344,Chain Block 1T,FOOD_COLD,SUP-057,LOC-006,WH-F-BIN-24,230.0kilogram,,147.14,12/02/2026,,false
SKU-00345,Temperature Logger,PACKAGING,SUP-068,LOC-017,WH-Q-BIN-25,390.0 KG,15,56.94,Apr 25 2026,,false
SKU-00346,Anti-Slip Tape Roll,MACHINERY_PARTS,SUP-034,LOC-013,WH-M-BIN-26,28.0kg,10,337.00,Jun 22 2026,,false
SKU-00347,Welding Rod 3.2mm,PPE,SUP-025,Warehouse T,WH-T-BIN-27,263.0,15,426.08,Jun 30 2026,,false
SKU-00348,Compressed Air Hose,CLEANING,SUP-124,wh_c,WH-C-BIN-28,86.0 KG,40,520.09,19/03/2026,Aug 12 2027,false
SKU-00349,First Aid Refill,MEDICAL,SUP-095,LOC-014,WH-N-BIN-29,42.0kg,0,386.73,24/04/2026,,false
SKU-00350,Racking Beam 2.4m,RAW_MATERIALS,SUP-151,LOC-012,WH-L-BIN-30,399.0kg,0,341.54,2026-05-26,,false
SKU-00351,Stretch Hood Film,CHEMICALS,SUP-197,LOC-016,WH-P-BIN-31,485.0 KG,15,328.10,2026-06-12,,true
SKU-00352,Load Cell 500kg,ELECTRONICS,SUP-148,LOC-001,WH-A-BIN-32,80.0,30,254.09,2026-04-29,,false
SKU-00353,Dock Bumpers Pair,FOOD_DRY,SUP-040,LOC-004,WH-D-BIN-33,353.0kg,25,452.61,24/02/2026,,false
SKU-00354,Floor Marking Paint,FOOD_COLD,SUP-175,LOC-009,WH-I-BIN-34,406.0kg,25,144.62,Mar 09 2026,,false
SKU-00355,,PACKAGING,SUP-124,LOC-018,WH-R-BIN-35,177.0 KG,20,112.18,Feb 12 2026,,false
SKU-00356,Mesh Security Cage,MACHINERY_PARTS,SUP-192,LOC-004,WH-D-BIN-36,248.0kg,15,321.65,2026-05-05,17/05/2027,false
SKU-00357,Humidity Sensor Probe,PPE,SUP-158,LOC-018,WH-R-BIN-37,370.0,40,6.22,2026-07-07,,false
SKU-00358,Pallet Strap Tool,CLEANING,SUP-121,LOC-005,WH-E-BIN-38,9.0,30,580.15,Apr 19 2026,18/09/2026,false
SKU-00359,Coolant Concentrate,MEDICAL,SUP-168,LOC-020,WH-T-BIN-39,166.0 KG,30,656.54,17/02/2026,,false
SKU-00360,Wheel Chock Rubber,RAW_MATERIALS,SUP-113,Warehouse P,WH-P-BIN-40,123.0kilogram,10,157.41,27/02/2026,,false
SKU-00361,Steel Bolt M8,CHEMICALS,SUP-133,Warehouse Q,WH-Q-BIN-41,138.0kg,40,524.71,2026-06-20,,true
SKU-00362,Hydraulic Hose 2in,ELECTRONICS,SUP-200,WH-I,WH-I-BIN-42,200.0kilogram,,590.07,Jul 13 2026,2026-09-06,false
SKU-00363,Industrial Solvent 5L,FOOD_DRY,SUP-141,whse c,WH-C-BIN-43,391.0kilogram,20,770.70,21/05/2026,,false
SKU-00364,Forklift Battery 24V,FOOD_COLD,SUP-156,LOC-008,WH-H-BIN-44,252.0kg,15,326.89,Jul 03 2026,,false
SKU-00365,Safety Gloves L,PACKAGING,SUP-019,whse r,WH-R-BIN-45,170.0kg,30,207.64,2026-03-15,,false
SKU-00366,Conveyor Belt Patch,MACHINERY_PARTS,SUP-065,wh_s,WH-S-BIN-46,246.0kilogram,40,606.46,Apr 04 2026,,false
SKU-00367,,PPE,SUP-151,LOC-015,WH-O-BIN-47,34.0kilogram,0,631.35,Jun 04 2026,,false
SKU-00368,,CLEANING,SUP-081,LOC-008,WH-H-BIN-48,200.0,25,212.15,May 18 2026,Apr 15 2026,false
SKU-00369,Dock Leveler Seal,MEDICAL,SUP-103,LOC-003,WH-C-BIN-49,403.0kilogram,,144.43,May 11 2026,02/04/2026,false
SKU-00370,LED Warehouse Light,RAW_MATERIALS,SUP-056,LOC-012,WH-L-BIN-50,24.0kg,30,400.20,09/06/2026,,false
SKU-00371,Nitrile Gloves Box,CHEMICALS,SUP-189,LOC-008,WH-H-BIN-51,466.0,15,669.40,2026-04-30,,true
SKU-00372,Pallet Jack Wheel,ELECTRONICS,SUP-031,LOC-004,WH-D-BIN-52,366.0kilogram,10,766.48,Mar 29 2026,03/06/2027,false
SKU-00373,Barcode Scanner,FOOD_DRY,SUP-159,wh_l,WH-L-BIN-53,272.0kilogram,20,221.24,2026-06-14,,false
SKU-00374,Fire Extinguisher 4kg,FOOD_COLD,SUP-072,LOC-017,WH-Q-BIN-54,133.0kilogram,25,339.69,Mar 14 2026,,false
SKU-00375,PVC Pipe 50mm,PACKAGING,SUP-129,WH-B,WH-B-BIN-55,221.0 KG,20,98.05,20/03/2026,,false
SKU-00376,Rubber Gasket Set,MACHINERY_PARTS,SUP-081,LOC-015,WH-O-BIN-56,14.0kilogram,40,491.00,May 25 2026,Mar 03 2027,false
SKU-00377,Cable Tie Assorted,PPE,SUP-141,LOC-006,WH-F-BIN-57,141.0 KG,,148.76,Apr 13 2026,,false
SKU-00378,Dust Mask N95 Pack,CLEANING,SUP-108,LOC-007,WH-G-BIN-58,405.0kg,40,145.55,2026-06-27,,false
SKU-00379,,MEDICAL,SUP-176,wh-s,WH-S-BIN-59,5.0kilogram,15,685.33,2026-06-10,,false
SKU-00380,Steel Shelving Unit,RAW_MATERIALS,SUP-190,LOC-005,WH-E-BIN-60,262.0kg,15,796.46,2026-02-19,,false
SKU-00381,,CHEMICALS,SUP-137,LOC-017,WH-Q-BIN-61,181.0kilogram,40,455.13,Apr 20 2026,,true
SKU-00382,Spill Kit 20L,ELECTRONICS,SUP-016,LOC-006,WH-F-BIN-62,436.0 KG,15,209.30,2026-04-29,17/02/2027,false
SKU-00383,Epoxy Resin 1L,FOOD_DRY,SUP-143,LOC-018,WH-R-BIN-63,151.0kg,0,544.31,Feb 25 2026,,false
SKU-00384,Chain Block 1T,FOOD_COLD,SUP-148,WH-G,WH-G-BIN-64,352.0kilogram,30,285.38,Feb 08 2026,,false
SKU-00385,Temperature Logger,PACKAGING,SUP-125,wh-q,WH-Q-BIN-65,397.0 KG,0,230.65,19/02/2026,2026-05-13,false
SKU-00386,Anti-Slip Tape Roll,MACHINERY_PARTS,SUP-043,LOC-005,WH-E-BIN-66,433.0kg,40,325.01,Jul 12 2026,,false
SKU-00387,Welding Rod 3.2mm,PPE,SUP-042,Warehouse C,WH-C-BIN-67,136.0kg,20,485.10,20/04/2026,,false
SKU-00388,Compressed Air Hose,CLEANING,SUP-114,LOC-009,WH-I-BIN-68,461.0 KG,0,361.33,18/06/2026,,false
SKU-00389,First Aid Refill,MEDICAL,SUP-006,LOC-006,WH-F-BIN-69,392.0,15,600.29,Jun 07 2026,,false
SKU-00390,Racking Beam 2.4m,RAW_MATERIALS,SUP-102,LOC-006,WH-F-BIN-70,8.0,10,420.14,2026-07-09,21/03/2027,false
SKU-00391,Stretch Hood Film,CHEMICALS,SUP-068,LOC-004,WH-D-BIN-71,29.0 KG,30,355.64,2026-06-28,2027-01-22,true
SKU-00392,Load Cell 500kg,ELECTRONICS,SUP-008,LOC-006,WH-F-BIN-72,359.0,10,374.82,2026-03-14,,false
SKU-00393,Dock Bumpers Pair,FOOD_DRY,SUP-141,LOC-009,WH-I-BIN-73,89.0kg,25,366.32,2026-02-18,Jul 01 2027,false
SKU-00394,Floor Marking Paint,FOOD_COLD,SUP-112,WH-S,WH-S-BIN-74,347.0kilogram,,432.66,Jul 08 2026,,false
SKU-00395,,PACKAGING,SUP-079,whse o,WH-O-BIN-75,231.0 KG,20,276.42,01/04/2026,2026-11-07,false
SKU-00396,Mesh Security Cage,MACHINERY_PARTS,SUP-003,wh_r,WH-R-BIN-76,492.0kg,40,613.16,2026-05-17,,false
SKU-00397,Humidity Sensor Probe,PPE,SUP-060,Warehouse T,WH-T-BIN-77,23.0 KG,0,350.81,May 28 2026,,false
SKU-00398,Pallet Strap Tool,CLEANING,SUP-184,Warehouse F,WH-F-BIN-78,350.0,40,338.95,2026-05-30,,false
SKU-00399,Coolant Concentrate,MEDICAL,SUP-196,LOC-017,WH-Q-BIN-79,485.0,0,519.47,2026-03-16,,false
SKU-00400,Wheel Chock Rubber,RAW_MATERIALS,SUP-106,wh-i,WH-I-BIN-80,3.0kilogram,15,494.95,2026-05-22,,false
SKU-00401,Steel Bolt M8,CHEMICALS,SUP-126,wh_t,WH-T-BIN-01,1.0kg,15,227.13,28/06/2026,21/10/2026,false
SKU-00402,Hydraulic Hose 2in,ELECTRONICS,SUP-060,LOC-001,WH-A-BIN-02,97.0,10,639.97,26/04/2026,,false
SKU-00403,Industrial Solvent 5L,FOOD_DRY,SUP-179,LOC-015,WH-O-BIN-03,36.0kg,0,46.72,21/04/2026,,false
SKU-00404,Forklift Battery 24V,FOOD_COLD,SUP-140,wh-c,WH-C-BIN-04,9.0,25,99.33,May 28 2026,,false
SKU-00405,,PACKAGING,SUP-198,LOC-013,WH-M-BIN-05,146.0 KG,25,588.79,06/07/2026,2026-06-02,false
SKU-00406,Conveyor Belt Patch,MACHINERY_PARTS,SUP-171,LOC-017,WH-Q-BIN-06,262.0kg,,128.57,20/07/2026,,false
SKU-00407,,PPE,SUP-134,LOC-018,WH-R-BIN-07,149.0kg,,43.57,10/02/2026,,false
SKU-00408,Label Printer Ribbon,CLEANING,SUP-029,LOC-007,WH-G-BIN-08,344.0,15,222.33,Jun 30 2026,2026-04-20,false
SKU-00409,Dock Leveler Seal,MEDICAL,SUP-063,Warehouse M,WH-M-BIN-09,41.0kg,10,125.68,2026-07-08,,false
SKU-00410,LED Warehouse Light,RAW_MATERIALS,SUP-041,LOC-008,WH-H-BIN-10,66.0,,608.13,Jul 15 2026,,false
SKU-00411,Nitrile Gloves Box,CHEMICALS,SUP-092,LOC-002,WH-B-BIN-11,98.0kg,40,254.76,Mar 10 2026,27/12/2026,false
SKU-00412,Pallet Jack Wheel,ELECTRONICS,SUP-113,LOC-012,WH-L-BIN-12,25.0 KG,40,389.27,09/04/2026,Sep 19 2026,false
SKU-00413,Barcode Scanner,FOOD_DRY,SUP-076,WH-R,WH-R-BIN-13,376.0kg,30,260.30,Apr 02 2026,,false
SKU-00414,Fire Extinguisher 4kg,FOOD_COLD,SUP-154,wh_i,WH-I-BIN-14,3.0 KG,24,294.96,Jul 30 2026,,false
SKU-00415,PVC Pipe 50mm,PACKAGING,SUP-098,whse q,WH-Q-BIN-15,114.0,40,496.92,09/05/2026,,false
SKU-00416,Rubber Gasket Set,MACHINERY_PARTS,SUP-169,LOC-003,WH-C-BIN-16,439.0kg,30,442.07,2026-02-24,,false
SKU-00417,Cable Tie Assorted,PPE,SUP-083,LOC-010,WH-J-BIN-17,348.0 KG,25,36.93,2026-06-27,,false
SKU-00418,Dust Mask N95 Pack,CLEANING,SUP-009,LOC-006,WH-F-BIN-18,74.0kg,15,669.37,2026-02-12,,false
SKU-00419,Wooden Pallet Std,MEDICAL,SUP-135,LOC-016,WH-P-BIN-19,379.0kilogram,30,485.55,12/07/2026,02/07/2026,false
SKU-00420,Steel Shelving Unit,RAW_MATERIALS,SUP-054,LOC-001,WH-A-BIN-20,271.0 KG,40,290.02,15/04/2026,,false
SKU-00421,Hand Truck,CHEMICALS,SUP-182,whse l,WH-L-BIN-21,441.0kilogram,10,667.90,Jul 11 2026,,false
SKU-00422,Spill Kit 20L,ELECTRONICS,SUP-025,WH-Q,WH-Q-BIN-22,391.0,10,200.51,20/02/2026,Aug 01 2027,false
SKU-00423,Epoxy Resin 1L,FOOD_DRY,SUP-143,wh-f,WH-F-BIN-23,305.0 KG,40,287.65,Apr 04 2026,,false
SKU-00424,Chain Block 1T,FOOD_COLD,SUP-027,WH-N,WH-N-BIN-24,7.0,15,428.05,Feb 27 2026,,false
SKU-00425,Temperature Logger,PACKAGING,SUP-091,wh-o,WH-O-BIN-25,301.0 KG,20,611.82,11/04/2026,,false
SKU-00426,Anti-Slip Tape Roll,MACHINERY_PARTS,SUP-156,whse k,WH-K-BIN-26,308.0 KG,15,596.17,2026-04-29,,false
SKU-00427,Welding Rod 3.2mm,PPE,SUP-115,LOC-015,WH-O-BIN-27,20.0,25,415.05,14/05/2026,,false
SKU-00428,Compressed Air Hose,CLEANING,SUP-077,LOC-001,WH-A-BIN-28,129.0,,658.23,11/03/2026,,false
SKU-00429,First Aid Refill,MEDICAL,SUP-143,whse q,WH-Q-BIN-29,494.0 KG,30,126.57,2026-05-24,,false
SKU-00430,Racking Beam 2.4m,RAW_MATERIALS,SUP-150,Warehouse L,WH-L-BIN-30,139.0,15,456.11,2026-06-05,,false
SKU-00431,Stretch Hood Film,CHEMICALS,SUP-186,LOC-003,WH-C-BIN-31,425.0,20,562.87,2026-07-06,,false
SKU-00432,,ELECTRONICS,SUP-010,WH-J,WH-J-BIN-32,433.0,40,737.65,May 06 2026,Jul 23 2026,false
SKU-00433,Dock Bumpers Pair,FOOD_DRY,SUP-112,LOC-012,WH-L-BIN-33,496.0 KG,25,679.88,Jul 28 2026,Jul 30 2027,false
SKU-00434,Floor Marking Paint,FOOD_COLD,SUP-014,LOC-013,WH-M-BIN-34,18.0kg,20,558.82,2026-06-21,,false
SKU-00435,Battery Charger 24V,PACKAGING,SUP-173,LOC-002,WH-B-BIN-35,221.0,40,73.89,11/04/2026,,false
SKU-00436,Mesh Security Cage,MACHINERY_PARTS,SUP-101,LOC-010,WH-J-BIN-36,87.0 KG,15,439.43,2026-05-24,,false
SKU-00437,Humidity Sensor Probe,PPE,SUP-103,LOC-003,WH-C-BIN-37,242.0kg,30,160.09,2026-04-20,Jun 12 2027,false
SKU-00438,Pallet Strap Tool,CLEANING,SUP-051,LOC-019,WH-S-BIN-38,335.0,30,621.86,May 09 2026,2027-01-13,false
SKU-00439,Coolant Concentrate,MEDICAL,SUP-023,LOC-019,WH-S-BIN-39,363.0kg,10,475.91,2026-07-24,22/02/2027,false
SKU-00440,Wheel Chock Rubber,RAW_MATERIALS,SUP-044,LOC-010,WH-J-BIN-40,335.0kilogram,20,353.49,2026-06-01,,false
SKU-00441,Steel Bolt M8,CHEMICALS,SUP-176,LOC-007,WH-G-BIN-41,99.0 KG,20,195.95,22/02/2026,26/09/2026,false
SKU-00442,Hydraulic Hose 2in,ELECTRONICS,SUP-004,wh-j,WH-J-BIN-42,375.0kg,20,266.84,2026-03-15,,false
SKU-00443,Industrial Solvent 5L,FOOD_DRY,SUP-053,LOC-007,WH-G-BIN-43,287.0 KG,30,793.86,2026-02-03,,false
SKU-00444,Forklift Battery 24V,FOOD_COLD,SUP-097,wh-a,WH-A-BIN-44,483.0 KG,30,631.77,Feb 22 2026,Dec 10 2026,false
SKU-00445,Safety Gloves L,PACKAGING,SUP-014,whse i,WH-I-BIN-45,355.0 KG,25,218.51,Feb 12 2026,2026-05-07,false
SKU-00446,Conveyor Belt Patch,MACHINERY_PARTS,SUP-028,wh_l,WH-L-BIN-46,169.0,,407.82,05/07/2026,12/03/2027,false
SKU-00447,Shrink Wrap Film Roll,PPE,SUP-125,LOC-011,WH-K-BIN-47,325.0kilogram,0,367.47,2026-07-25,,false
SKU-00448,Label Printer Ribbon,CLEANING,SUP-064,LOC-002,WH-B-BIN-48,176.0kilogram,30,548.08,May 01 2026,Feb 23 2027,false
SKU-00449,,MEDICAL,SUP-061,LOC-010,WH-J-BIN-49,161.0kilogram,30,712.54,2026-07-23,,false
SKU-00450,LED Warehouse Light,RAW_MATERIALS,SUP-072,LOC-018,WH-R-BIN-50,97.0kg,15,417.53,07/02/2026,13/03/2027,false
SKU-00451,Nitrile Gloves Box,CHEMICALS,SUP-161,LOC-020,WH-T-BIN-51,136.0kg,40,251.28,2026-02-26,,true
SKU-00452,Pallet Jack Wheel,ELECTRONICS,SUP-034,LOC-018,WH-R-BIN-52,9.0,15,248.58,2026-03-18,2026-11-08,false
SKU-00453,Barcode Scanner,FOOD_DRY,SUP-111,LOC-005,WH-E-BIN-53,94.0kg,0,446.76,2026-06-30,03/10/2026,false
SKU-00454,Fire Extinguisher 4kg,FOOD_COLD,SUP-082,LOC-006,WH-F-BIN-54,1.0,20,330.18,08/04/2026,,false
SKU-00455,,PACKAGING,SUP-039,LOC-009,WH-I-BIN-55,3.0,10,214.96,2026-03-07,,false
SKU-00456,Rubber Gasket Set,MACHINERY_PARTS,SUP-060,LOC-020,WH-T-BIN-56,138.0 KG,30,551.14,2026-03-30,Jul 20 2026,false
SKU-00457,Cable Tie Assorted,PPE,SUP-129,WH-E,WH-E-BIN-57,329.0kilogram,0,394.17,Jun 25 2026,16/03/2027,false
SKU-00458,Dust Mask N95 Pack,CLEANING,SUP-050,Warehouse F,WH-F-BIN-58,36.0kilogram,15,760.26,Jun 04 2026,,false
SKU-00459,Wooden Pallet Std,MEDICAL,SUP-194,whse g,WH-G-BIN-59,8.0kg,15,261.27,04/04/2026,,false
SKU-00460,Steel Shelving Unit,RAW_MATERIALS,SUP-110,LOC-008,WH-H-BIN-60,24.0kg,,316.53,2026-03-06,,false
SKU-00461,Hand Truck,CHEMICALS,SUP-138,LOC-020,WH-T-BIN-61,348.0 KG,30,362.38,2026-07-20,,false
SKU-00462,Spill Kit 20L,ELECTRONICS,SUP-133,LOC-008,WH-H-BIN-62,222.0kilogram,30,413.87,Feb 19 2026,11/06/2026,false
SKU-00463,Epoxy Resin 1L,FOOD_DRY,SUP-049,LOC-002,WH-B-BIN-63,245.0 KG,20,370.16,Apr 13 2026,,false
SKU-00464,Chain Block 1T,FOOD_COLD,SUP-157,WH-J,WH-J-BIN-64,373.0kg,,362.46,Mar 24 2026,,false
SKU-00465,Temperature Logger,PACKAGING,SUP-047,LOC-004,WH-D-BIN-65,319.0kilogram,0,260.12,2026-07-24,2027-03-29,false
SKU-00466,Anti-Slip Tape Roll,MACHINERY_PARTS,SUP-117,LOC-006,WH-F-BIN-66,479.0,30,201.57,Feb 03 2026,,false
SKU-00467,Welding Rod 3.2mm,PPE,SUP-184,wh-f,WH-F-BIN-67,29.0kg,,308.50,22/03/2026,27/08/2027,false
SKU-00468,Compressed Air Hose,CLEANING,SUP-041,LOC-020,WH-T-BIN-68,301.0 KG,25,453.26,12/02/2026,,false
SKU-00469,First Aid Refill,MEDICAL,SUP-042,Warehouse E,WH-E-BIN-69,1.0,23,768.85,18/05/2026,,false
SKU-00470,Racking Beam 2.4m,RAW_MATERIALS,SUP-031,LOC-006,WH-F-BIN-70,13.0 KG,15,684.62,2026-03-13,,false
SKU-00471,Stretch Hood Film,CHEMICALS,SUP-156,LOC-001,WH-A-BIN-71,141.0,25,65.37,27/02/2026,,true
SKU-00472,Load Cell 500kg,ELECTRONICS,SUP-072,LOC-018,WH-R-BIN-72,341.0kg,30,45.94,02/05/2026,Nov 13 2026,false
SKU-00473,Dock Bumpers Pair,FOOD_DRY,SUP-038,LOC-002,WH-B-BIN-73,36.0 KG,0,736.47,Jul 18 2026,,false
SKU-00474,Floor Marking Paint,FOOD_COLD,SUP-107,LOC-004,WH-D-BIN-74,102.0,15,476.79,Mar 09 2026,,false
SKU-00475,Battery Charger 24V,PACKAGING,SUP-117,LOC-006,WH-F-BIN-75,316.0 KG,40,240.84,2026-04-27,23/04/2026,false
SKU-00476,Mesh Security Cage,MACHINERY_PARTS,SUP-018,wh_m,WH-M-BIN-76,238.0kilogram,0,109.37,Feb 03 2026,31/05/2026,false
SKU-00477,Humidity Sensor Probe,PPE,SUP-085,LOC-009,WH-I-BIN-77,231.0,30,89.22,Feb 19 2026,,false
SKU-00478,,CLEANING,SUP-023,LOC-017,WH-Q-BIN-78,390.0kg,25,231.18,2026-02-25,,false
SKU-00479,Coolant Concentrate,MEDICAL,SUP-067,LOC-011,WH-K-BIN-79,314.0kg,30,398.12,2026-02-19,14/06/2027,false
SKU-00480,Wheel Chock Rubber,RAW_MATERIALS,SUP-127,LOC-016,WH-P-BIN-80,112.0,0,156.46,2026-06-30,,false
SKU-00481,Steel Bolt M8,CHEMICALS,SUP-120,LOC-001,WH-A-BIN-01,427.0kg,,332.40,06/05/2026,,true
SKU-00482,Hydraulic Hose 2in,ELECTRONICS,SUP-003,LOC-007,WH-G-BIN-02,123.0kg,40,406.34,2026-05-09,Jan 30 2027,false
SKU-00483,Industrial Solvent 5L,FOOD_DRY,SUP-030,LOC-001,WH-A-BIN-03,190.0kilogram,40,156.82,05/05/2026,27/11/2026,false
SKU-00484,Forklift Battery 24V,FOOD_COLD,SUP-122,wh-p,WH-P-BIN-04,38.0kg,0,713.86,2026-03-15,,false
SKU-00485,Safety Gloves L,PACKAGING,SUP-119,LOC-011,WH-K-BIN-05,436.0 KG,0,240.88,07/02/2026,,false
SKU-00486,Conveyor Belt Patch,MACHINERY_PARTS,SUP-143,LOC-011,WH-K-BIN-06,29.0kilogram,30,710.65,2026-05-01,,false
SKU-00487,Shrink Wrap Film Roll,PPE,SUP-039,LOC-003,WH-C-BIN-07,13.0kg,20,457.64,22/04/2026,,false
SKU-00488,Label Printer Ribbon,CLEANING,SUP-153,LOC-006,WH-F-BIN-08,462.0kg,10,568.45,22/05/2026,,false
SKU-00489,Dock Leveler Seal,MEDICAL,SUP-023,LOC-014,WH-N-BIN-09,469.0kilogram,25,174.48,14/05/2026,,false
SKU-00490,LED Warehouse Light,RAW_MATERIALS,SUP-029,LOC-006,WH-F-BIN-10,7.0kg,,21.90,2026-03-29,,false
SKU-00491,Nitrile Gloves Box,CHEMICALS,SUP-040,LOC-017,WH-Q-BIN-11,194.0,15,620.88,Jun 24 2026,,false
SKU-00492,Pallet Jack Wheel,ELECTRONICS,SUP-133,LOC-004,WH-D-BIN-12,87.0 KG,,571.51,Mar 19 2026,Jun 11 2026,false
SKU-00493,Barcode Scanner,FOOD_DRY,SUP-002,wh_d,WH-D-BIN-13,3.0,20,84.28,2026-02-12,,false
SKU-00494,Fire Extinguisher 4kg,FOOD_COLD,SUP-006,WH-J,WH-J-BIN-14,408.0kilogram,30,155.65,21/05/2026,,false
SKU-00495,PVC Pipe 50mm,PACKAGING,SUP-082,LOC-018,WH-R-BIN-15,245.0kg,0,14.17,21/02/2026,2026-10-27,false
SKU-00496,Rubber Gasket Set,MACHINERY_PARTS,SUP-132,LOC-018,WH-R-BIN-16,125.0kilogram,10,754.74,May 19 2026,,false
SKU-00497,Cable Tie Assorted,PPE,SUP-063,LOC-019,WH-S-BIN-17,56.0kilogram,15,42.48,2026-07-23,,false
SKU-00498,Dust Mask N95 Pack,CLEANING,SUP-173,WH-P,WH-P-BIN-18,74.0kg,10,564.33,Mar 01 2026,,false
SKU-00499,Wooden Pallet Std,MEDICAL,SUP-158,LOC-015,WH-O-BIN-19,179.0,20,647.82,10/07/2026,,false
SKU-00500,Steel Shelving Unit,RAW_MATERIALS,SUP-146,LOC-015,WH-O-BIN-20,67.0,15,365.56,05/02/2026,,false
SKU-00001,Hand Truck,CHEMICALS,SUP-121,LOC-015,WH-O-BIN-21,10.0 KG,15,148.32,2026-02-10,,true
SKU-00002,Spill Kit 20L,ELECTRONICS,SUP-117,LOC-011,WH-K-BIN-22,4.0kg,25,138.30,2026-05-02,,false
SKU-00003,Epoxy Resin 1L,FOOD_DRY,SUP-148,wh-t,WH-T-BIN-23,14.0,15,520.26,14/05/2026,10/06/2027,false
SKU-00004,Chain Block 1T,FOOD_COLD,SUP-119,LOC-018,WH-R-BIN-24,322.0,25,779.17,Apr 23 2026,,false
SKU-00005,Temperature Logger,PACKAGING,SUP-088,LOC-003,WH-C-BIN-25,436.0kg,15,454.63,May 04 2026,,false
SKU-00006,Anti-Slip Tape Roll,MACHINERY_PARTS,SUP-178,LOC-018,WH-R-BIN-26,108.0 KG,15,570.10,2026-03-28,02/04/2026,false
SKU-00007,Welding Rod 3.2mm,PPE,SUP-152,wh_d,WH-D-BIN-27,257.0,30,247.81,2026-04-18,,false
SKU-00008,Compressed Air Hose,CLEANING,SUP-154,LOC-003,WH-C-BIN-28,370.0kilogram,10,396.45,2026-02-11,,false
SKU-00009,First Aid Refill,MEDICAL,SUP-024,LOC-002,WH-B-BIN-29,10.0 KG,15,2.15,Jun 23 2026,,false
SKU-00010,,RAW_MATERIALS,SUP-116,wh-e,WH-E-BIN-30,169.0 KG,30,702.19,2026-05-15,2027-08-13,false
SKU-00011,Stretch Hood Film,CHEMICALS,SUP-174,LOC-019,WH-S-BIN-31,490.0kg,20,276.72,08/07/2026,,false
SKU-00012,Load Cell 500kg,ELECTRONICS,SUP-131,LOC-020,WH-T-BIN-32,10.0kg,25,440.01,Jul 17 2026,2026-04-06,false
SKU-00013,Dock Bumpers Pair,FOOD_DRY,SUP-181,wh_a,WH-A-BIN-33,440.0kilogram,30,189.72,Feb 01 2026,,false
SKU-00014,Floor Marking Paint,FOOD_COLD,SUP-101,wh_s,WH-S-BIN-34,182.0kg,40,170.55,2026-06-16,,false
SKU-00015,Battery Charger 24V,PACKAGING,SUP-036,LOC-016,WH-P-BIN-35,304.0kg,15,125.11,Feb 09 2026,,false
SKU-00016,Mesh Security Cage,MACHINERY_PARTS,SUP-035,LOC-005,WH-E-BIN-36,56.0 KG,10,527.03,26/06/2026,,false
SKU-00017,,PPE,SUP-036,WH-C,WH-C-BIN-37,432.0 KG,40,484.33,13/04/2026,,false
SKU-00018,Pallet Strap Tool,CLEANING,SUP-047,Warehouse T,WH-T-BIN-38,280.0kilogram,25,182.14,Apr 13 2026,,false
SKU-00019,Coolant Concentrate,MEDICAL,SUP-002,LOC-020,WH-T-BIN-39,275.0kilogram,30,329.85,Mar 13 2026,,false
SKU-00020,,RAW_MATERIALS,SUP-094,whse s,WH-S-BIN-40,39.0 KG,10,769.47,2026-07-10,May 03 2027,false
SKU-00021,Steel Bolt M8,CHEMICALS,SUP-187,WH-E,WH-E-BIN-41,289.0,40,373.02,10/07/2026,,false
SKU-00022,Hydraulic Hose 2in,ELECTRONICS,SUP-023,wh_t,WH-T-BIN-42,261.0kg,15,547.89,Mar 14 2026,,false
SKU-00023,Industrial Solvent 5L,FOOD_DRY,SUP-080,LOC-019,WH-S-BIN-43,47.0,30,411.11,Apr 01 2026,Apr 19 2027,false
SKU-00024,Forklift Battery 24V,FOOD_COLD,SUP-188,LOC-019,WH-S-BIN-44,235.0kg,20,135.67,2026-02-03,,false
SKU-00025,Safety Gloves L,PACKAGING,SUP-192,LOC-020,WH-T-BIN-45,392.0kg,20,463.36,06/03/2026,,false
SKU-00026,Conveyor Belt Patch,MACHINERY_PARTS,SUP-169,LOC-002,WH-B-BIN-46,434.0,20,67.84,23/03/2026,2026-05-29,false
SKU-00027,,PPE,SUP-072,LOC-003,WH-C-BIN-47,87.0 KG,20,593.66,2026-02-26,,false
SKU-00028,Label Printer Ribbon,CLEANING,SUP-152,wh_f,WH-F-BIN-48,97.0kg,40,190.48,2026-06-14,Aug 23 2027,false
SKU-00029,,MEDICAL,SUP-009,wh_q,WH-Q-BIN-49,63.0,20,670.42,16/04/2026,,false
SKU-00030,LED Warehouse Light,RAW_MATERIALS,SUP-061,whse m,WH-M-BIN-50,245.0kg,40,673.78,17/07/2026,,false
SKU-00031,Nitrile Gloves Box,CHEMICALS,SUP-194,Warehouse I,WH-I-BIN-51,8.0kg,22,758.70,16/03/2026,,true
SKU-00032,Pallet Jack Wheel,ELECTRONICS,SUP-122,LOC-013,WH-M-BIN-52,94.0kilogram,20,638.25,24/04/2026,,false
SKU-00033,Barcode Scanner,FOOD_DRY,SUP-136,LOC-011,WH-K-BIN-53,35.0,40,346.57,14/02/2026,,false
SKU-00034,Fire Extinguisher 4kg,FOOD_COLD,SUP-086,LOC-009,WH-I-BIN-54,156.0 KG,20,369.96,08/02/2026,,false
SKU-00035,,PACKAGING,SUP-188,WH-H,WH-H-BIN-55,321.0kilogram,,794.59,11/05/2026,,false
SKU-00036,Rubber Gasket Set,MACHINERY_PARTS,SUP-003,LOC-018,WH-R-BIN-56,24.0kg,40,421.16,05/02/2026,Jul 18 2026,false
SKU-00037,Cable Tie Assorted,PPE,SUP-090,WH-O,WH-O-BIN-57,391.0kg,15,47.39,28/02/2026,2026-10-16,false
SKU-00038,Dust Mask N95 Pack,CLEANING,SUP-154,LOC-007,WH-G-BIN-58,82.0,40,105.67,12/02/2026,,false
SKU-00039,Wooden Pallet Std,MEDICAL,SUP-048,LOC-019,WH-S-BIN-59,5.0kg,10,511.75,21/05/2026,,false
SKU-00040,Steel Shelving Unit,RAW_MATERIALS,SUP-178,LOC-014,WH-N-BIN-60,414.0kilogram,40,223.28,Jul 15 2026,,false
SKU-00041,,CHEMICALS,SUP-100,Warehouse M,WH-M-BIN-61,50.0kg,20,394.39,2026-06-09,04/10/2026,false
SKU-00042,Spill Kit 20L,ELECTRONICS,SUP-166,LOC-006,WH-F-BIN-62,14.0kg,25,730.26,2026-05-25,,false
SKU-00043,Epoxy Resin 1L,FOOD_DRY,SUP-009,LOC-004,WH-D-BIN-63,56.0kilogram,10,717.42,Jun 22 2026,,false
SKU-00044,Chain Block 1T,FOOD_COLD,SUP-010,LOC-001,WH-A-BIN-64,219.0,,4.96,Mar 27 2026,,false
SKU-00045,Temperature Logger,PACKAGING,SUP-112,LOC-016,WH-P-BIN-65,452.0 KG,,4.64,04/02/2026,2026-12-23,false
SKU-00046,Anti-Slip Tape Roll,MACHINERY_PARTS,SUP-032,LOC-016,WH-P-BIN-66,294.0kilogram,30,321.69,19/02/2026,,false
SKU-00047,Welding Rod 3.2mm,PPE,SUP-094,wh_c,WH-C-BIN-67,456.0kg,30,613.67,15/02/2026,,false
SKU-00048,Compressed Air Hose,CLEANING,SUP-046,whse g,WH-G-BIN-68,40.0kg,30,313.30,2026-07-03,,false
SKU-00049,First Aid Refill,MEDICAL,SUP-125,LOC-012,WH-L-BIN-69,473.0kilogram,,22.24,2026-03-01,06/12/2026,false
SKU-00050,Racking Beam 2.4m,RAW_MATERIALS,SUP-126,LOC-008,WH-H-BIN-70,52.0kg,25,772.03,2026-04-06,,false
SKU-00051,Stretch Hood Film,CHEMICALS,SUP-010,LOC-001,WH-A-BIN-71,48.0 KG,20,534.52,04/04/2026,2027-07-30,false
SKU-00052,Load Cell 500kg,ELECTRONICS,SUP-039,wh_r,WH-R-BIN-72,316.0kg,,114.99,Feb 13 2026,27/04/2026,false
SKU-00053,Dock Bumpers Pair,FOOD_DRY,SUP-121,wh_a,WH-A-BIN-73,76.0 KG,30,723.92,06/07/2026,2026-09-24,false
SKU-00054,Floor Marking Paint,FOOD_COLD,SUP-157,whse o,WH-O-BIN-74,447.0kilogram,15,476.79,23/02/2026,11/05/2027,false
SKU-00055,Battery Charger 24V,PACKAGING,SUP-017,LOC-008,WH-H-BIN-75,123.0kilogram,0,543.36,08/05/2026,,false
SKU-00056,Mesh Security Cage,MACHINERY_PARTS,SUP-176,wh_d,WH-D-BIN-76,27.0kilogram,30,475.28,06/05/2026,22/09/2026,false
SKU-00057,Humidity Sensor Probe,PPE,SUP-031,LOC-003,WH-C-BIN-77,92.0kilogram,20,133.67,2026-05-29,,false
SKU-00058,Pallet Strap Tool,CLEANING,SUP-011,LOC-019,WH-S-BIN-78,71.0kilogram,15,127.89,Mar 28 2026,,false
SKU-00059,,MEDICAL,SUP-002,wh_c,WH-C-BIN-79,111.0 KG,10,228.42,Feb 03 2026,,false
SKU-00060,Wheel Chock Rubber,RAW_MATERIALS,SUP-178,wh_p,WH-P-BIN-80,5.0,15,750.60,2026-02-24,,false
SKU-00061,Steel Bolt M8,CHEMICALS,SUP-153,Warehouse B,WH-B-BIN-01,387.0 KG,15,626.50,2026-05-02,,false
SKU-00062,Hydraulic Hose 2in,ELECTRONICS,SUP-061,LOC-018,WH-R-BIN-02,80.0kg,15,690.46,2026-03-14,,false
SKU-00063,Industrial Solvent 5L,FOOD_DRY,SUP-057,LOC-017,WH-Q-BIN-03,414.0kilogram,25,637.70,Feb 05 2026,26/10/2026,false
SKU-00064,Forklift Battery 24V,FOOD_COLD,SUP-128,LOC-016,WH-P-BIN-04,101.0 KG,15,292.63,07/06/2026,09/05/2026,false
SKU-00065,Safety Gloves L,PACKAGING,SUP-065,LOC-014,WH-N-BIN-05,335.0kilogram,,740.04,15/06/2026,Sep 25 2026,false
SKU-00066,Conveyor Belt Patch,MACHINERY_PARTS,SUP-008,LOC-006,WH-F-BIN-06,8.0kg,,262.13,10/06/2026,,false
SKU-00067,Shrink Wrap Film Roll,PPE,SUP-059,LOC-011,WH-K-BIN-07,76.0kg,0,696.17,2026-04-25,,false
SKU-00068,Label Printer Ribbon,CLEANING,SUP-019,LOC-008,WH-H-BIN-08,319.0,25,365.08,Apr 22 2026,Jul 08 2027,false
SKU-00069,,MEDICAL,SUP-035,LOC-012,WH-L-BIN-09,12.0kilogram,25,27.61,Mar 07 2026,03/11/2026,false
SKU-00070,LED Warehouse Light,RAW_MATERIALS,SUP-072,LOC-002,WH-B-BIN-10,76.0,15,177.44,May 16 2026,21/02/2027,false
SKU-00071,Nitrile Gloves Box,CHEMICALS,SUP-041,LOC-020,WH-T-BIN-11,426.0kilogram,0,684.29,Jul 08 2026,09/06/2027,false
SKU-00072,Pallet Jack Wheel,ELECTRONICS,SUP-126,WH-Q,WH-Q-BIN-12,130.0kilogram,0,584.55,May 28 2026,,false
SKU-00073,Barcode Scanner,FOOD_DRY,SUP-084,whse h,WH-H-BIN-13,316.0,25,731.18,29/07/2026,,false
SKU-00074,Fire Extinguisher 4kg,FOOD_COLD,SUP-012,LOC-014,WH-N-BIN-14,260.0,,316.67,02/02/2026,,false
SKU-00075,PVC Pipe 50mm,PACKAGING,SUP-116,LOC-004,WH-D-BIN-15,1.0kg,25,175.97,2026-04-30,,false
SKU-00076,Rubber Gasket Set,MACHINERY_PARTS,SUP-062,LOC-010,WH-J-BIN-16,20.0,40,457.16,03/03/2026,,false
SKU-00077,Cable Tie Assorted,PPE,SUP-117,LOC-001,WH-A-BIN-17,415.0,25,297.60,2026-04-03,,false
SKU-00078,Dust Mask N95 Pack,CLEANING,SUP-161,Warehouse A,WH-A-BIN-18,217.0kg,10,602.80,02/02/2026,,false
SKU-00079,Wooden Pallet Std,MEDICAL,SUP-139,Warehouse T,WH-T-BIN-19,426.0,30,269.88,16/07/2026,,false
SKU-00080,Steel Shelving Unit,RAW_MATERIALS,SUP-173,LOC-017,WH-Q-BIN-20,13.0,20,293.73,16/06/2026,,false
SKU-00081,Hand Truck,CHEMICALS,SUP-181,LOC-018,WH-R-BIN-21,307.0 KG,10,192.43,Jul 01 2026,,false
SKU-00082,Spill Kit 20L,ELECTRONICS,SUP-180,wh_s,WH-S-BIN-22,405.0,15,215.35,2026-02-06,,false
SKU-00083,Epoxy Resin 1L,FOOD_DRY,SUP-071,LOC-014,WH-N-BIN-23,52.0kilogram,10,663.99,2026-04-01,,false
SKU-00084,Chain Block 1T,FOOD_COLD,SUP-174,LOC-018,WH-R-BIN-24,292.0,0,539.30,2026-02-03,,false
SKU-00085,,PACKAGING,SUP-049,WH-C,WH-C-BIN-25,6.0kg,25,89.27,21/05/2026,,false
SKU-00086,Anti-Slip Tape Roll,MACHINERY_PARTS,SUP-179,LOC-004,WH-D-BIN-26,4.0,,235.95,2026-02-06,,false
SKU-00087,Welding Rod 3.2mm,PPE,SUP-034,LOC-018,WH-R-BIN-27,197.0 KG,25,52.23,Jun 01 2026,04/12/2026,false
SKU-00088,Compressed Air Hose,CLEANING,SUP-166,LOC-017,WH-Q-BIN-28,230.0,20,389.95,10/02/2026,,false
SKU-00089,,MEDICAL,SUP-141,LOC-017,WH-Q-BIN-29,254.0kilogram,25,139.05,25/05/2026,,false
SKU-00090,,RAW_MATERIALS,SUP-124,LOC-008,WH-H-BIN-30,167.0 KG,,228.94,2026-06-18,Jun 15 2026,false
SKU-00091,Stretch Hood Film,CHEMICALS,SUP-042,LOC-020,WH-T-BIN-31,294.0,,554.90,Feb 10 2026,,false
SKU-00092,,ELECTRONICS,SUP-061,LOC-006,WH-F-BIN-32,41.0,10,297.00,Jun 08 2026,,false
SKU-00093,Dock Bumpers Pair,FOOD_DRY,SUP-182,LOC-018,WH-R-BIN-33,360.0kg,10,432.81,2026-06-19,,false
SKU-00094,Floor Marking Paint,FOOD_COLD,SUP-078,LOC-018,WH-R-BIN-34,8.0,10,742.39,2026-06-21,,false
SKU-00095,Battery Charger 24V,PACKAGING,SUP-190,Warehouse A,WH-A-BIN-35,279.0 KG,,775.75,Mar 06 2026,,false
SKU-00096,Mesh Security Cage,MACHINERY_PARTS,SUP-145,whse e,WH-E-BIN-36,484.0kilogram,,720.34,Jun 25 2026,May 02 2027,false
SKU-00097,Humidity Sensor Probe,PPE,SUP-030,wh-r,WH-R-BIN-37,32.0kg,20,75.80,2026-07-16,,false
SKU-00098,,CLEANING,SUP-165,WH-T,WH-T-BIN-38,318.0kilogram,,158.18,09/07/2026,,false
SKU-00099,Coolant Concentrate,MEDICAL,SUP-115,Warehouse R,WH-R-BIN-39,363.0kg,40,393.39,Feb 26 2026,,false
SKU-00100,Wheel Chock Rubber,RAW_MATERIALS,SUP-131,LOC-020,WH-T-BIN-40,485.0 KG,10,343.26,23/04/2026,,false
SKU-00101,Steel Bolt M8,CHEMICALS,SUP-004,whse l,WH-L-BIN-41,196.0 KG,20,71.90,08/04/2026,,false
SKU-00102,Hydraulic Hose 2in,ELECTRONICS,SUP-114,wh_n,WH-N-BIN-42,103.0kg,20,717.35,Jun 25 2026,,false
SKU-00103,Industrial Solvent 5L,FOOD_DRY,SUP-154,LOC-019,WH-S-BIN-43,93.0 KG,10,789.34,14/07/2026,,false
SKU-00104,Forklift Battery 24V,FOOD_COLD,SUP-194,LOC-019,WH-S-BIN-44,21.0,25,445.54,Mar 07 2026,,false
SKU-00105,Safety Gloves L,PACKAGING,SUP-052,LOC-005,WH-E-BIN-45,446.0kilogram,15,668.00,2026-05-14,2027-01-31,false
SKU-00106,Conveyor Belt Patch,MACHINERY_PARTS,SUP-144,LOC-016,WH-P-BIN-46,257.0 KG,40,764.91,2026-02-18,30/01/2027,false
SKU-00107,Shrink Wrap Film Roll,PPE,SUP-032,LOC-016,WH-P-BIN-47,360.0kg,40,550.90,29/05/2026,,false
SKU-00108,Label Printer Ribbon,CLEANING,SUP-031,whse a,WH-A-BIN-48,161.0kilogram,0,479.92,Apr 29 2026,,false
SKU-00109,Dock Leveler Seal,MEDICAL,SUP-124,LOC-019,WH-S-BIN-49,243.0 KG,30,556.01,30/06/2026,,false
SKU-00110,LED Warehouse Light,RAW_MATERIALS,SUP-132,wh-l,WH-L-BIN-50,17.0,,369.91,03/02/2026,09/02/2027,false
SKU-00111,,CHEMICALS,SUP-092,LOC-005,WH-E-BIN-51,47.0,15,286.08,17/05/2026,,true
SKU-00112,Pallet Jack Wheel,ELECTRONICS,SUP-132,LOC-003,WH-C-BIN-52,412.0kilogram,15,135.37,2026-05-09,,false
SKU-00113,Barcode Scanner,FOOD_DRY,SUP-176,WH-K,WH-K-BIN-53,174.0 KG,0,428.47,May 01 2026,,false
SKU-00114,Fire Extinguisher 4kg,FOOD_COLD,SUP-004,LOC-005,WH-E-BIN-54,285.0,15,736.88,Jun 19 2026,,false
SKU-00115,PVC Pipe 50mm,PACKAGING,SUP-056,LOC-004,WH-D-BIN-55,277.0kg,15,491.52,2026-03-18,,false
SKU-00116,Rubber Gasket Set,MACHINERY_PARTS,SUP-183,LOC-018,WH-R-BIN-56,379.0 KG,,62.97,2026-06-27,,false
SKU-00117,Cable Tie Assorted,PPE,SUP-123,whse a,WH-A-BIN-57,179.0,20,478.92,2026-05-04,,false
SKU-00118,Dust Mask N95 Pack,CLEANING,SUP-182,LOC-006,WH-F-BIN-58,34.0 KG,,115.60,02/06/2026,Aug 20 2027,false
SKU-00119,Wooden Pallet Std,MEDICAL,SUP-033,wh_j,WH-J-BIN-59,86.0kg,15,91.15,2026-07-26,,false
SKU-00120,Steel Shelving Unit,RAW_MATERIALS,SUP-194,LOC-016,WH-P-BIN-60,2.0 KG,25,49.29,30/06/2026,,false
SKU-00121,Hand Truck,CHEMICALS,SUP-012,wh-i,WH-I-BIN-61,174.0kg,10,736.24,08/06/2026,,false
SKU-00122,Spill Kit 20L,ELECTRONICS,SUP-048,LOC-007,WH-G-BIN-62,10.0 KG,40,759.14,May 02 2026,,false
SKU-00123,Epoxy Resin 1L,FOOD_DRY,SUP-042,whse l,WH-L-BIN-63,276.0,,56.53,Mar 04 2026,,false
SKU-00124,Chain Block 1T,FOOD_COLD,SUP-136,LOC-001,WH-A-BIN-64,386.0kg,15,5.45,05/07/2026,,false
SKU-00125,Temperature Logger,PACKAGING,SUP-130,wh_g,WH-G-BIN-65,382.0kg,0,766.28,2026-06-14,09/08/2027,false
SKU-00126,Anti-Slip Tape Roll,MACHINERY_PARTS,SUP-098,LOC-012,WH-L-BIN-66,129.0kilogram,25,252.80,2026-04-02,,false
SKU-00127,Welding Rod 3.2mm,PPE,SUP-134,LOC-004,WH-D-BIN-67,273.0 KG,15,34.41,May 08 2026,,false
SKU-00128,,CLEANING,SUP-030,LOC-016,WH-P-BIN-68,165.0,25,673.19,Jun 03 2026,,false
SKU-00129,First Aid Refill,MEDICAL,SUP-105,WH-R,WH-R-BIN-69,457.0 KG,20,642.34,07/02/2026,,false
SKU-00130,Racking Beam 2.4m,RAW_MATERIALS,SUP-046,LOC-012,WH-L-BIN-70,365.0kilogram,10,527.52,2026-07-09,,false
SKU-00131,Stretch Hood Film,CHEMICALS,SUP-037,LOC-004,WH-D-BIN-71,225.0 KG,25,714.16,Jun 17 2026,,true
SKU-00132,,ELECTRONICS,SUP-087,wh_g,WH-G-BIN-72,324.0,15,580.71,May 20 2026,Apr 04 2027,false
SKU-00133,Dock Bumpers Pair,FOOD_DRY,SUP-152,LOC-019,WH-S-BIN-73,407.0,20,381.71,2026-02-26,,false
SKU-00134,Floor Marking Paint,FOOD_COLD,SUP-125,LOC-013,WH-M-BIN-74,15.0 KG,30,398.82,Feb 20 2026,,false
SKU-00135,Battery Charger 24V,PACKAGING,SUP-008,whse e,WH-E-BIN-75,2.0 KG,10,307.34,07/02/2026,Nov 29 2026,false
SKU-00136,Mesh Security Cage,MACHINERY_PARTS,SUP-040,LOC-011,WH-K-BIN-76,338.0,20,416.92,2026-03-26,,false
SKU-00137,Humidity Sensor Probe,PPE,SUP-052,wh-o,WH-O-BIN-77,358.0,20,647.97,Mar 14 2026,,false
SKU-00138,Pallet Strap Tool,CLEANING,SUP-005,wh-r,WH-R-BIN-78,36.0kg,0,253.02,25/04/2026,17/04/2027,false
SKU-00139,Coolant Concentrate,MEDICAL,SUP-118,LOC-015,WH-O-BIN-79,5.0kg,10,109.32,Apr 22 2026,2027-04-07,false
SKU-00140,Wheel Chock Rubber,RAW_MATERIALS,SUP-196,Warehouse P,WH-P-BIN-80,311.0kilogram,,458.62,2026-03-31,,false
SKU-00141,Steel Bolt M8,CHEMICALS,SUP-041,LOC-018,WH-R-BIN-01,48.0 KG,30,494.32,01/05/2026,,false
SKU-00142,Hydraulic Hose 2in,ELECTRONICS,SUP-083,LOC-010,WH-J-BIN-02,34.0kilogram,10,648.02,03/03/2026,,false
SKU-00143,Industrial Solvent 5L,FOOD_DRY,SUP-196,LOC-001,WH-A-BIN-03,194.0kg,40,282.31,11/02/2026,,false
SKU-00144,,FOOD_COLD,SUP-064,wh-h,WH-H-BIN-04,351.0kilogram,15,695.41,01/07/2026,,false
SKU-00145,Safety Gloves L,PACKAGING,SUP-044,WH-K,WH-K-BIN-05,295.0kilogram,10,455.30,14/04/2026,,false
SKU-00146,Conveyor Belt Patch,MACHINERY_PARTS,SUP-006,whse i,WH-I-BIN-06,260.0kilogram,40,313.46,Mar 06 2026,,false
SKU-00147,Shrink Wrap Film Roll,PPE,SUP-126,LOC-004,WH-D-BIN-07,373.0kg,10,612.39,2026-05-05,,false
SKU-00148,Label Printer Ribbon,CLEANING,SUP-158,whse f,WH-F-BIN-08,206.0kg,20,779.34,2026-07-11,,false
SKU-00149,Dock Leveler Seal,MEDICAL,SUP-055,LOC-018,WH-R-BIN-09,19.0,20,574.73,2026-03-04,16/10/2026,false
SKU-00150,LED Warehouse Light,RAW_MATERIALS,SUP-152,LOC-004,WH-D-BIN-10,17.0,20,521.93,2026-05-14,2026-10-08,false
SKU-00151,Nitrile Gloves Box,CHEMICALS,SUP-077,LOC-017,WH-Q-BIN-11,359.0 KG,25,500.72,Apr 05 2026,,false
SKU-00152,Pallet Jack Wheel,ELECTRONICS,SUP-047,LOC-018,WH-R-BIN-12,341.0 KG,10,171.94,Apr 02 2026,,false
SKU-00153,Barcode Scanner,FOOD_DRY,SUP-164,LOC-009,WH-I-BIN-13,434.0 KG,30,453.76,Feb 20 2026,,false
SKU-00154,Fire Extinguisher 4kg,FOOD_COLD,SUP-134,wh-b,WH-B-BIN-14,206.0kilogram,15,612.89,Apr 10 2026,,false
SKU-00155,PVC Pipe 50mm,PACKAGING,SUP-082,LOC-014,WH-N-BIN-15,445.0,0,215.01,2026-05-18,,false
SKU-00156,Rubber Gasket Set,MACHINERY_PARTS,SUP-066,wh_f,WH-F-BIN-16,327.0 KG,40,197.98,2026-05-12,13/09/2026,false
SKU-00157,Cable Tie Assorted,PPE,SUP-125,whse o,WH-O-BIN-17,243.0 KG,30,110.87,2026-05-25,2027-01-16,false
SKU-00158,,CLEANING,SUP-169,wh-i,WH-I-BIN-18,110.0,30,389.70,25/07/2026,2026-04-29,false
SKU-00159,Wooden Pallet Std,MEDICAL,SUP-022,Warehouse B,WH-B-BIN-19,328.0 KG,,717.63,09/02/2026,Jun 08 2026,false
SKU-00160,Steel Shelving Unit,RAW_MATERIALS,SUP-102,LOC-003,WH-C-BIN-20,390.0 KG,0,401.20,30/06/2026,,false
SKU-00161,Hand Truck,CHEMICALS,SUP-171,Warehouse Q,WH-Q-BIN-21,317.0 KG,0,707.88,2026-05-31,,false
SKU-00162,Spill Kit 20L,ELECTRONICS,SUP-085,LOC-011,WH-K-BIN-22,319.0 KG,0,748.53,05/06/2026,,false
SKU-00163,Epoxy Resin 1L,FOOD_DRY,SUP-028,LOC-005,WH-E-BIN-23,129.0,15,472.41,2026-03-27,,false
SKU-00164,Chain Block 1T,FOOD_COLD,SUP-096,LOC-018,WH-R-BIN-24,77.0kg,40,770.73,Jun 23 2026,,false
SKU-00165,Temperature Logger,PACKAGING,SUP-122,LOC-012,WH-L-BIN-25,208.0kg,40,485.44,Feb 11 2026,2026-04-06,false
SKU-00166,Anti-Slip Tape Roll,MACHINERY_PARTS,SUP-177,LOC-002,WH-B-BIN-26,363.0,,766.87,29/04/2026,,false
SKU-00167,Welding Rod 3.2mm,PPE,SUP-137,wh_d,WH-D-BIN-27,141.0kilogram,0,315.59,May 26 2026,,false
SKU-00168,Compressed Air Hose,CLEANING,SUP-024,Warehouse J,WH-J-BIN-28,407.0 KG,0,732.88,Feb 19 2026,,false
SKU-00169,First Aid Refill,MEDICAL,SUP-197,LOC-011,WH-K-BIN-29,228.0,40,377.93,16/04/2026,May 08 2027,false
SKU-00170,Racking Beam 2.4m,RAW_MATERIALS,SUP-184,wh-k,WH-K-BIN-30,468.0 KG,25,406.05,2026-05-01,Jan 10 2027,false
SKU-00171,Stretch Hood Film,CHEMICALS,SUP-155,LOC-014,WH-N-BIN-31,436.0kg,40,610.06,2026-02-16,,false
SKU-00172,,ELECTRONICS,SUP-165,LOC-015,WH-O-BIN-32,21.0 KG,15,67.62,Jun 20 2026,,false
SKU-00173,,FOOD_DRY,SUP-133,LOC-008,WH-H-BIN-33,413.0,40,549.23,2026-05-10,,false
SKU-00174,Floor Marking Paint,FOOD_COLD,SUP-123,WH-O,WH-O-BIN-34,3.0kg,28,160.53,2026-04-15,,false
SKU-00175,Alha Wolf Pack,PACKAGING,SUP-047,wh-l,WH-L-BIN-35,468.0kilogram,,18.55,2026-07-25,,false
SKU-00176,Mesh Security Cage,MACHINERY_PARTS,SUP-166,whse r,WH-R-BIN-36,340.0kilogram,30,210.90,2026-06-17,,false
SKU-00177,Humidity Sensor Probe,PPE,SUP-103,LOC-002,WH-B-BIN-37,239.0kg,30,137.76,07/03/2026,,false
SKU-00178,Pallet Strap Tool,CLEANING,SUP-004,LOC-004,WH-D-BIN-38,289.0kg,40,539.54,Jun 30 2026,,false
SKU-00179,Coolant Concentrate,MEDICAL,SUP-183,LOC-008,WH-H-BIN-39,117.0kilogram,15,597.66,2026-04-24,,false
SKU-00180,Wheel Chock Rubber,RAW_MATERIALS,SUP-111,wh-e,WH-E-BIN-40,125.0kilogram,0,542.40,2026-04-14,,false
SKU-00181,Steel Bolt M8,CHEMICALS,SUP-105,wh-f,WH-F-BIN-41,5.0kilogram,17,296.97,05/02/2026,,false
SKU-00182,Hydraulic Hose 2in,ELECTRONICS,SUP-003,LOC-003,WH-C-BIN-42,88.0,25,171.35,23/04/2026,,false
SKU-00183,Industrial Solvent 5L,FOOD_DRY,SUP-189,LOC-014,WH-N-BIN-43,18.0,30,744.99,Apr 01 2026,18/06/2026,false
SKU-00184,Forklift Battery 24V,FOOD_COLD,SUP-156,wh-l,WH-L-BIN-44,430.0,40,404.62,Apr 24 2026,06/01/2027,false
SKU-00185,Safety Gloves L,PACKAGING,SUP-102,LOC-010,WH-J-BIN-45,36.0kilogram,40,209.71,2026-03-24,Jul 08 2026,false
SKU-00186,Conveyor Belt Patch,MACHINERY_PARTS,SUP-087,LOC-016,WH-P-BIN-46,23.0,25,251.99,2026-06-28,2026-10-28,false
SKU-00187,Shrink Wrap Film Roll,PPE,SUP-072,LOC-016,WH-P-BIN-47,204.0kg,40,491.12,2026-05-24,,false
SKU-00188,Label Printer Ribbon,CLEANING,SUP-081,LOC-017,WH-Q-BIN-48,24.0 KG,25,122.71,Feb 12 2026,,false
SKU-00189,Dock Leveler Seal,MEDICAL,SUP-014,wh_o,WH-O-BIN-49,3.0,15,132.52,02/04/2026,27/06/2026,false
SKU-00190,LED Warehouse Light,RAW_MATERIALS,SUP-030,LOC-014,WH-N-BIN-50,40.0kilogram,25,367.29,02/07/2026,,false
SKU-00191,Nitrile Gloves Box,CHEMICALS,SUP-032,LOC-005,WH-E-BIN-51,67.0kg,20,600.45,May 22 2026,,false
SKU-00192,Pallet Jack Wheel,ELECTRONICS,SUP-055,LOC-019,WH-S-BIN-52,22.0 KG,30,63.31,25/03/2026,,false
SKU-00193,Barcode Scanner,FOOD_DRY,SUP-085,LOC-004,WH-D-BIN-53,165.0kg,,473.09,03/07/2026,,false
SKU-00194,Fire Extinguisher 4kg,FOOD_COLD,SUP-040,LOC-011,WH-K-BIN-54,61.0kg,10,503.43,2026-05-23,,false
SKU-00195,PVC Pipe 50mm,PACKAGING,SUP-169,WH-T,WH-T-BIN-55,188.0,10,261.28,07/03/2026,,false
SKU-00196,,MACHINERY_PARTS,SUP-055,LOC-005,WH-E-BIN-56,44.0,0,595.55,2026-03-12,,false
SKU-00197,Cable Tie Assorted,PPE,SUP-098,LOC-020,WH-T-BIN-57,224.0kg,10,320.34,25/07/2026,,false
SKU-00198,Dust Mask N95 Pack,CLEANING,SUP-042,Warehouse G,WH-G-BIN-58,419.0kg,25,125.00,2026-05-15,,false
SKU-00199,Wooden Pallet Std,MEDICAL,SUP-111,WH-P,WH-P-BIN-59,432.0kilogram,40,288.52,06/07/2026,,false
SKU-00200,Steel Shelving Unit,RAW_MATERIALS,SUP-132,LOC-012,WH-L-BIN-60,270.0,15,481.07,07/07/2026,,false
SKU-00201,Hand Truck,CHEMICALS,SUP-095,LOC-014,WH-N-BIN-61,115.0kilogram,30,778.67,07/02/2026,2027-02-20,true
SKU-00202,Spill Kit 20L,ELECTRONICS,SUP-127,wh-e,WH-E-BIN-62,342.0kilogram,30,65.19,Mar 30 2026,,false
SKU-00203,,FOOD_DRY,SUP-039,LOC-010,WH-J-BIN-63,370.0,15,237.79,Jul 18 2026,,false
SKU-00204,Chain Block 1T,FOOD_COLD,SUP-020,wh_r,WH-R-BIN-64,7.0kg,10,576.81,May 27 2026,,false
SKU-00205,Temperature Logger,PACKAGING,SUP-066,LOC-012,WH-L-BIN-65,61.0,30,529.94,15/06/2026,Apr 27 2026,false
SKU-00206,Anti-Slip Tape Roll,MACHINERY_PARTS,SUP-101,LOC-006,WH-F-BIN-66,62.0 KG,10,579.83,Feb 09 2026,,false
SKU-00207,Welding Rod 3.2mm,PPE,SUP-160,LOC-015,WH-O-BIN-67,155.0 KG,,170.43,Jul 10 2026,,false
SKU-00208,Compressed Air Hose,CLEANING,SUP-067,LOC-020,WH-T-BIN-68,1.0,10,382.74,03/02/2026,31/07/2027,false
SKU-00209,First Aid Refill,MEDICAL,SUP-169,LOC-013,WH-M-BIN-69,328.0,40,494.16,04/02/2026,,false
SKU-00210,Racking Beam 2.4m,RAW_MATERIALS,SUP-078,whse m,WH-M-BIN-70,4.0kilogram,,687.49,2026-06-07,Dec 04 2026,false
SKU-00211,Stretch Hood Film,CHEMICALS,SUP-167,LOC-016,WH-P-BIN-71,352.0,15,431.79,Jul 08 2026,,true
SKU-00212,Load Cell 500kg,ELECTRONICS,SUP-038,LOC-015,WH-O-BIN-72,6.0 KG,25,357.32,28/03/2026,,false
SKU-00213,Dock Bumpers Pair,FOOD_DRY,SUP-006,WH-P,WH-P-BIN-73,250.0 KG,,667.40,2026-07-17,,false
SKU-00214,,FOOD_COLD,SUP-003,LOC-011,WH-K-BIN-74,342.0,10,397.57,2026-03-04,,false
SKU-00215,Battery Charger 24V,PACKAGING,SUP-188,LOC-020,WH-T-BIN-75,13.0kg,30,489.97,Feb 07 2026,,false
SKU-00216,Mesh Security Cage,MACHINERY_PARTS,SUP-060,LOC-016,WH-P-BIN-76,51.0kg,40,52.68,Feb 15 2026,,false
SKU-00217,Humidity Sensor Probe,PPE,SUP-122,LOC-014,WH-N-BIN-77,273.0 KG,,350.11,19/06/2026,,false
SKU-00218,,CLEANING,SUP-186,LOC-010,WH-J-BIN-78,260.0 KG,,272.64,2026-02-26,2027-08-15,false
SKU-00219,Coolant Concentrate,MEDICAL,SUP-034,LOC-015,WH-O-BIN-79,390.0 KG,20,539.14,29/04/2026,,false
SKU-00220,,RAW_MATERIALS,SUP-042,LOC-016,WH-P-BIN-80,126.0 KG,30,105.02,09/06/2026,,false
SKU-00221,Steel Bolt M8,CHEMICALS,SUP-156,LOC-006,WH-F-BIN-01,71.0kg,25,189.31,2026-03-10,,true
SKU-00222,,ELECTRONICS,SUP-092,LOC-001,WH-A-BIN-02,202.0kilogram,20,27.51,Jul 14 2026,,false
SKU-00223,Industrial Solvent 5L,FOOD_DRY,SUP-111,LOC-011,WH-K-BIN-03,336.0kilogram,10,794.94,May 01 2026,,false
SKU-00224,Forklift Battery 24V,FOOD_COLD,SUP-198,LOC-002,WH-B-BIN-04,156.0kilogram,,484.22,2026-07-04,,false
SKU-00225,Safety Gloves L,PACKAGING,SUP-113,LOC-002,WH-B-BIN-05,254.0,0,625.76,2026-02-24,,false
SKU-00226,Conveyor Belt Patch,MACHINERY_PARTS,SUP-144,LOC-004,WH-D-BIN-06,2.0kg,10,127.31,May 17 2026,,false
SKU-00227,Shrink Wrap Film Roll,PPE,SUP-196,LOC-015,WH-O-BIN-07,275.0kg,30,269.02,2026-06-25,,false
SKU-00228,Label Printer Ribbon,CLEANING,SUP-052,LOC-004,WH-D-BIN-08,232.0kilogram,25,647.70,May 04 2026,15/04/2026,false
SKU-00229,Dock Leveler Seal,MEDICAL,SUP-130,wh-j,WH-J-BIN-09,63.0kg,15,504.29,May 29 2026,,false
SKU-00230,LED Warehouse Light,RAW_MATERIALS,SUP-193,LOC-005,WH-E-BIN-10,291.0 KG,0,331.90,17/04/2026,,false
SKU-00231,,CHEMICALS,SUP-133,LOC-015,WH-O-BIN-11,369.0kg,0,616.58,Mar 20 2026,Jul 12 2026,false
SKU-00232,Pallet Jack Wheel,ELECTRONICS,SUP-087,whse c,WH-C-BIN-12,225.0kg,20,528.82,Feb 16 2026,17/09/2026,false
SKU-00233,Barcode Scanner,FOOD_DRY,SUP-148,LOC-005,WH-E-BIN-13,343.0 KG,10,778.18,14/04/2026,,false
SKU-00234,Fire Extinguisher 4kg,FOOD_COLD,SUP-175,LOC-013,WH-M-BIN-14,303.0kg,40,276.64,2026-05-20,,false
SKU-00235,PVC Pipe 50mm,PACKAGING,SUP-157,LOC-017,WH-Q-BIN-15,378.0 KG,15,500.24,Feb 22 2026,,false
SKU-00236,Rubber Gasket Set,MACHINERY_PARTS,SUP-179,LOC-015,WH-O-BIN-16,474.0 KG,20,705.02,2026-07-09,,false
SKU-00237,Cable Tie Assorted,PPE,SUP-138,whse b,WH-B-BIN-17,219.0kilogram,20,228.57,Jul 07 2026,Jun 02 2027,false
SKU-00238,Dust Mask N95 Pack,CLEANING,SUP-142,wh_q,WH-Q-BIN-18,286.0 KG,20,474.82,30/05/2026,Jun 02 2027,false
SKU-00239,Wooden Pallet Std,MEDICAL,SUP-186,wh-j,WH-J-BIN-19,2.0 KG,25,406.98,2026-06-29,,false
SKU-00240,Steel Shelving Unit,RAW_MATERIALS,SUP-194,LOC-002,WH-B-BIN-20,83.0,40,786.39,2026-03-04,2027-02-19,false
SKU-00241,Hand Truck,CHEMICALS,SUP-183,LOC-019,WH-S-BIN-21,360.0,40,229.06,2026-03-06,,false
SKU-00242,Spill Kit 20L,ELECTRONICS,SUP-134,Warehouse M,WH-M-BIN-22,34.0kg,40,290.29,2026-07-05,,false
SKU-00243,Epoxy Resin 1L,FOOD_DRY,SUP-183,LOC-005,WH-E-BIN-23,444.0,25,105.79,Jun 06 2026,,false
SKU-00244,Chain Block 1T,FOOD_COLD,SUP-020,Warehouse O,WH-O-BIN-24,366.0 KG,20,317.04,24/05/2026,,false
SKU-00245,,PACKAGING,SUP-128,Warehouse S,WH-S-BIN-25,236.0kg,,585.91,Apr 15 2026,,false
SKU-00246,Anti-Slip Tape Roll,MACHINERY_PARTS,SUP-037,WH-F,WH-F-BIN-26,85.0,30,411.52,2026-03-17,,false
SKU-00247,Welding Rod 3.2mm,PPE,SUP-178,LOC-004,WH-D-BIN-27,253.0 KG,15,296.73,2026-06-30,,false
SKU-00248,Compressed Air Hose,CLEANING,SUP-105,LOC-020,WH-T-BIN-28,81.0,10,95.96,2026-05-13,,false
SKU-00249,First Aid Refill,MEDICAL,SUP-078,LOC-012,WH-L-BIN-29,5.0,20,40.82,May 13 2026,,false
SKU-00250,,RAW_MATERIALS,SUP-056,LOC-010,WH-J-BIN-30,439.0kg,15,280.22,2026-07-19,21/05/2026,false
SKU-00251,,CHEMICALS,SUP-124,wh-n,WH-N-BIN-31,178.0 KG,30,381.23,25/02/2026,,true
SKU-00252,Load Cell 500kg,ELECTRONICS,SUP-130,whse e,WH-E-BIN-32,255.0kg,,73.27,Feb 21 2026,2027-02-12,false
SKU-00253,Dock Bumpers Pair,FOOD_DRY,SUP-105,WH-T,WH-T-BIN-33,139.0 KG,25,712.25,20/05/2026,2027-08-08,false
SKU-00254,Floor Marking Paint,FOOD_COLD,SUP-043,whse c,WH-C-BIN-34,32.0kg,40,449.71,2026-06-29,,false
SKU-00255,Battery Charger 24V,PACKAGING,SUP-022,LOC-018,WH-R-BIN-35,336.0 KG,15,418.36,2026-03-31,,false
SKU-00256,Mesh Security Cage,MACHINERY_PARTS,SUP-005,LOC-017,WH-Q-BIN-36,357.0kg,,197.74,2026-03-04,13/12/2026,false
SKU-00257,Humidity Sensor Probe,PPE,SUP-022,LOC-015,WH-O-BIN-37,293.0kilogram,0,273.29,2026-06-14,10/09/2026,false
SKU-00258,Pallet Strap Tool,CLEANING,SUP-007,LOC-014,WH-N-BIN-38,290.0kilogram,0,434.34,May 18 2026,Oct 19 2026,false
SKU-00259,Coolant Concentrate,MEDICAL,SUP-047,LOC-005,WH-E-BIN-39,10.0 KG,20,49.01,08/05/2026,,false
SKU-00260,Wheel Chock Rubber,RAW_MATERIALS,SUP-007,LOC-006,WH-F-BIN-40,49.0kilogram,40,207.83,2026-06-30,11/02/2027,false
SKU-00261,Steel Bolt M8,CHEMICALS,SUP-052,LOC-002,WH-B-BIN-41,405.0kilogram,15,404.53,Jul 01 2026,,true
SKU-00262,,ELECTRONICS,SUP-119,LOC-011,WH-K-BIN-42,1.0,30,216.79,Mar 02 2026,Sep 08 2026,false
SKU-00263,Industrial Solvent 5L,FOOD_DRY,SUP-064,LOC-004,WH-D-BIN-43,304.0,0,357.89,18/02/2026,,false
SKU-00264,Forklift Battery 24V,FOOD_COLD,SUP-053,whse q,WH-Q-BIN-44,92.0kg,,430.95,2026-04-13,,false
SKU-00265,Safety Gloves L,PACKAGING,SUP-116,whse r,WH-R-BIN-45,20.0,10,523.14,18/06/2026,,false
SKU-00266,Conveyor Belt Patch,MACHINERY_PARTS,SUP-016,LOC-001,WH-A-BIN-46,159.0kilogram,,506.50,2026-03-03,,false
SKU-00267,Shrink Wrap Film Roll,PPE,SUP-073,wh-q,WH-Q-BIN-47,102.0kilogram,10,317.45,Jun 29 2026,,false
SKU-00268,Label Printer Ribbon,CLEANING,SUP-186,wh_e,WH-E-BIN-48,163.0kg,30,642.04,Feb 06 2026,,false
SKU-00269,Dock Leveler Seal,MEDICAL,SUP-163,WH-K,WH-K-BIN-49,405.0,,258.67,Jun 07 2026,,false
SKU-00270,LED Warehouse Light,RAW_MATERIALS,SUP-154,wh_o,WH-O-BIN-50,28.0kilogram,20,487.81,29/07/2026,,false
SKU-00271,Nitrile Gloves Box,CHEMICALS,SUP-173,LOC-001,WH-A-BIN-51,231.0,15,431.43,Feb 14 2026,,false
SKU-00272,,ELECTRONICS,SUP-008,wh-r,WH-R-BIN-52,437.0kg,0,650.60,27/02/2026,,false
SKU-00273,Barcode Scanner,FOOD_DRY,SUP-100,Warehouse L,WH-L-BIN-53,449.0,15,297.64,11/06/2026,Apr 23 2027,false
SKU-00274,Fire Extinguisher 4kg,FOOD_COLD,SUP-003,wh-o,WH-O-BIN-54,5.0kg,,154.83,23/02/2026,,false
SKU-00275,PVC Pipe 50mm,PACKAGING,SUP-184,LOC-010,WH-J-BIN-55,139.0,,723.80,Feb 25 2026,09/05/2027,false
SKU-00276,Rubber Gasket Set,MACHINERY_PARTS,SUP-002,Warehouse G,WH-G-BIN-56,440.0kg,15,401.26,Jun 17 2026,,false
SKU-00277,Cable Tie Assorted,PPE,SUP-050,LOC-018,WH-R-BIN-57,398.0 KG,40,54.16,2026-06-28,,false
SKU-00278,Dust Mask N95 Pack,CLEANING,SUP-033,whse c,WH-C-BIN-58,497.0kg,20,626.24,2026-06-11,,false
SKU-00279,Wooden Pallet Std,MEDICAL,SUP-178,wh-a,WH-A-BIN-59,292.0kilogram,40,750.44,16/02/2026,,false
SKU-00280,,RAW_MATERIALS,SUP-083,LOC-002,WH-B-BIN-60,452.0 KG,25,374.34,29/04/2026,,false
SKU-00281,,CHEMICALS,SUP-195,whse q,WH-Q-BIN-61,472.0kilogram,10,337.21,07/04/2026,2026-04-04,true
SKU-00282,Spill Kit 20L,ELECTRONICS,SUP-050,LOC-013,WH-M-BIN-62,61.0kg,20,182.05,2026-02-04,,false
SKU-00283,Epoxy Resin 1L,FOOD_DRY,SUP-020,LOC-014,WH-N-BIN-63,5.0kilogram,15,79.19,2026-03-30,May 11 2026,false
SKU-00284,Chain Block 1T,FOOD_COLD,SUP-007,LOC-014,WH-N-BIN-64,428.0 KG,30,88.06,May 30 2026,,false
SKU-00285,Temperature Logger,PACKAGING,SUP-014,wh-k,WH-K-BIN-65,190.0,0,496.41,Jul 06 2026,03/07/2027,false
SKU-00286,,MACHINERY_PARTS,SUP-149,LOC-015,WH-O-BIN-66,63.0 KG,10,712.29,03/02/2026,,false
SKU-00287,Welding Rod 3.2mm,PPE,SUP-033,wh_c,WH-C-BIN-67,490.0kg,10,501.70,Jul 14 2026,2026-05-13,false
SKU-00288,Compressed Air Hose,CLEANING,SUP-174,LOC-004,WH-D-BIN-68,7.0 KG,10,330.06,2026-02-27,,false
SKU-00289,First Aid Refill,MEDICAL,SUP-003,Warehouse T,WH-T-BIN-69,216.0kilogram,25,82.82,2026-02-14,,false
SKU-00290,Racking Beam 2.4m,RAW_MATERIALS,SUP-117,LOC-001,WH-A-BIN-70,188.0 KG,30,55.90,11/06/2026,,false
SKU-00291,,CHEMICALS,SUP-033,whse s,WH-S-BIN-71,280.0,40,356.81,29/05/2026,,true
SKU-00292,Load Cell 500kg,ELECTRONICS,SUP-016,wh-b,WH-B-BIN-72,179.0 KG,15,287.48,Mar 03 2026,,false
SKU-00293,,FOOD_DRY,SUP-199,LOC-018,WH-R-BIN-73,95.0kg,15,776.28,20/03/2026,,false
SKU-00294,Floor Marking Paint,FOOD_COLD,SUP-169,LOC-019,WH-S-BIN-74,33.0,40,45.58,2026-05-03,,false
SKU-00295,Battery Charger 24V,PACKAGING,SUP-052,LOC-007,WH-G-BIN-75,485.0kilogram,40,534.95,03/02/2026,Jul 06 2026,false
SKU-00296,,MACHINERY_PARTS,SUP-154,wh-o,WH-O-BIN-76,189.0kilogram,40,241.11,07/05/2026,,false
SKU-00297,Humidity Sensor Probe,PPE,SUP-027,wh_f,WH-F-BIN-77,468.0kg,25,736.12,Feb 17 2026,2026-07-02,false
SKU-00298,Pallet Strap Tool,CLEANING,SUP-178,LOC-008,WH-H-BIN-78,258.0kg,15,762.17,2026-05-07,,false
SKU-00299,Coolant Concentrate,MEDICAL,SUP-053,WH-M,WH-M-BIN-79,114.0 KG,,60.84,Jul 23 2026,2026-07-29,false
SKU-00300,Wheel Chock Rubber,RAW_MATERIALS,SUP-030,LOC-018,WH-R-BIN-80,168.0,15,289.21,Jul 23 2026,,false
SKU-00301,Steel Bolt M8,CHEMICALS,SUP-051,wh_g,WH-G-BIN-01,109.0kg,20,198.28,Jun 10 2026,2027-06-09,true
SKU-00302,Hydraulic Hose 2in,ELECTRONICS,SUP-026,wh_i,WH-I-BIN-02,445.0kg,10,90.55,2026-06-07,,false
SKU-00303,Industrial Solvent 5L,FOOD_DRY,SUP-117,LOC-010,WH-J-BIN-03,209.0,15,781.73,21/02/2026,,false
SKU-00304,Forklift Battery 24V,FOOD_COLD,SUP-183,LOC-014,WH-N-BIN-04,3.0kilogram,10,556.09,10/05/2026,2027-03-11,false
SKU-00305,,PACKAGING,SUP-110,LOC-020,WH-T-BIN-05,145.0,40,683.84,May 16 2026,,false
SKU-00306,Conveyor Belt Patch,MACHINERY_PARTS,SUP-084,LOC-005,WH-E-BIN-06,47.0,15,774.77,Mar 27 2026,17/05/2027,false
SKU-00307,Shrink Wrap Film Roll,PPE,SUP-187,LOC-007,WH-G-BIN-07,421.0 KG,10,311.72,2026-02-15,May 17 2027,false
SKU-00308,Label Printer Ribbon,CLEANING,SUP-096,LOC-017,WH-Q-BIN-08,285.0kilogram,25,556.22,26/03/2026,,false
SKU-00309,,MEDICAL,SUP-069,LOC-016,WH-P-BIN-09,225.0kg,30,167.35,09/06/2026,,false
SKU-00310,LED Warehouse Light,RAW_MATERIALS,SUP-061,LOC-015,WH-O-BIN-10,131.0 KG,25,748.53,2026-04-26,,false
SKU-00311,,CHEMICALS,SUP-141,wh-i,WH-I-BIN-11,88.0,10,185.68,20/07/2026,,false
SKU-00312,Pallet Jack Wheel,ELECTRONICS,SUP-087,LOC-020,WH-T-BIN-12,250.0kilogram,25,254.98,Apr 24 2026,,false
SKU-00313,Barcode Scanner,FOOD_DRY,SUP-046,LOC-001,WH-A-BIN-13,139.0kilogram,25,411.21,2026-02-16,2027-05-13,false
SKU-00314,,FOOD_COLD,SUP-071,LOC-003,WH-C-BIN-14,6.0kg,,268.34,Feb 08 2026,Jul 05 2026,false
SKU-00315,PVC Pipe 50mm,PACKAGING,SUP-065,LOC-011,WH-K-BIN-15,401.0,20,565.10,2026-06-25,,false
SKU-00316,Rubber Gasket Set,MACHINERY_PARTS,SUP-067,LOC-018,WH-R-BIN-16,414.0kg,10,324.24,2026-04-18,,false
SKU-00317,Cable Tie Assorted,PPE,SUP-194,LOC-019,WH-S-BIN-17,26.0,40,121.13,20/04/2026,,false
SKU-00318,Dust Mask N95 Pack,CLEANING,SUP-059,whse h,WH-H-BIN-18,403.0kilogram,40,442.99,Apr 02 2026,,false
SKU-00319,Wooden Pallet Std,MEDICAL,SUP-088,LOC-015,WH-O-BIN-19,63.0,0,558.96,Jun 07 2026,,false
SKU-00320,Steel Shelving Unit,RAW_MATERIALS,SUP-116,wh_o,WH-O-BIN-20,3.0 KG,28,590.77,Mar 25 2026,,false
SKU-00321,,CHEMICALS,SUP-087,LOC-012,WH-L-BIN-21,234.0 KG,15,553.03,15/05/2026,,true
SKU-00322,Spill Kit 20L,ELECTRONICS,SUP-146,LOC-001,WH-A-BIN-22,36.0,0,455.42,26/02/2026,2027-02-15,false
SKU-00323,Epoxy Resin 1L,FOOD_DRY,SUP-147,LOC-020,WH-T-BIN-23,220.0kg,0,428.52,Jun 12 2026,,false
SKU-00324,,FOOD_COLD,SUP-028,LOC-016,WH-P-BIN-24,311.0,20,138.80,2026-02-08,,false
SKU-00325,Temperature Logger,PACKAGING,SUP-046,WH-R,WH-R-BIN-25,443.0kilogram,10,729.25,2026-04-23,Oct 04 2026,false
SKU-00326,,MACHINERY_PARTS,SUP-053,LOC-010,WH-J-BIN-26,169.0kg,15,296.18,28/07/2026,23/07/2026,false
SKU-00327,,PPE,SUP-084,LOC-006,WH-F-BIN-27,485.0,0,335.89,2026-07-13,2027-05-31,false
SKU-00328,,CLEANING,SUP-053,LOC-013,WH-M-BIN-28,465.0 KG,15,380.87,2026-02-26,,false
SKU-00329,First Aid Refill,MEDICAL,SUP-080,wh_s,WH-S-BIN-29,123.0kg,,7.94,Jun 24 2026,,false
SKU-00330,Racking Beam 2.4m,RAW_MATERIALS,SUP-017,LOC-015,WH-O-BIN-30,224.0kilogram,0,456.24,Mar 27 2026,,false
SKU-00331,Stretch Hood Film,CHEMICALS,SUP-119,LOC-015,WH-O-BIN-31,40.0kg,30,366.13,01/02/2026,,false
SKU-00332,Load Cell 500kg,ELECTRONICS,SUP-101,LOC-010,WH-J-BIN-32,441.0kg,30,587.13,Apr 04 2026,2027-07-12,false
SKU-00333,,FOOD_DRY,SUP-169,LOC-013,WH-M-BIN-33,377.0kg,15,193.28,Jun 20 2026,,false
SKU-00334,Floor Marking Paint,FOOD_COLD,SUP-161,LOC-009,WH-I-BIN-34,169.0,30,578.48,2026-06-05,2026-04-29,false
SKU-00335,,PACKAGING,SUP-106,wh-p,WH-P-BIN-35,6.0kg,12,624.05,Apr 17 2026,,false
SKU-00336,,MACHINERY_PARTS,SUP-043,LOC-015,WH-O-BIN-36,126.0 KG,20,541.15,2026-04-03,2027-08-20,false
SKU-00337,Humidity Sensor Probe,PPE,SUP-088,LOC-013,WH-M-BIN-37,224.0,40,567.86,Jun 26 2026,27/10/2026,false
SKU-00338,Pallet Strap Tool,CLEANING,SUP-172,Warehouse K,WH-K-BIN-38,257.0kg,40,526.30,2026-04-09,May 21 2026,false
SKU-00339,Coolant Concentrate,MEDICAL,SUP-121,LOC-005,WH-E-BIN-39,162.0kilogram,0,143.43,Jun 29 2026,2026-10-20,false
SKU-00340,Wheel Chock Rubber,RAW_MATERIALS,SUP-190,LOC-018,WH-R-BIN-40,1.0kilogram,25,144.00,2026-07-22,2027-03-01,false
SKU-00341,Steel Bolt M8,CHEMICALS,SUP-056,LOC-018,WH-R-BIN-41,21.0kilogram,25,573.70,2026-07-04,,true
SKU-00342,Hydraulic Hose 2in,ELECTRONICS,SUP-114,WH-J,WH-J-BIN-42,7.0,10,300.97,2026-05-30,,false
SKU-00343,Industrial Solvent 5L,FOOD_DRY,SUP-024,LOC-007,WH-G-BIN-43,1.0,10,52.41,Jul 06 2026,2027-08-07,false
SKU-00344,,FOOD_COLD,SUP-186,LOC-006,WH-F-BIN-44,42.0,15,450.52,12/06/2026,,false
SKU-00345,Safety Gloves L,PACKAGING,SUP-054,LOC-020,WH-T-BIN-45,222.0kilogram,,260.05,27/07/2026,28/02/2027,false
SKU-00346,Conveyor Belt Patch,MACHINERY_PARTS,SUP-168,wh_m,WH-M-BIN-46,26.0kg,20,520.66,27/04/2026,2027-01-19,false
SKU-00347,Shrink Wrap Film Roll,PPE,SUP-018,LOC-002,WH-B-BIN-47,230.0,15,83.25,15/03/2026,,false
SKU-00348,Label Printer Ribbon,CLEANING,SUP-044,LOC-019,WH-S-BIN-48,68.0kilogram,20,542.96,2026-02-03,,false
SKU-00349,Dock Leveler Seal,MEDICAL,SUP-086,LOC-005,WH-E-BIN-49,345.0,15,533.76,2026-07-13,,false
SKU-00350,LED Warehouse Light,RAW_MATERIALS,SUP-005,wh_k,WH-K-BIN-50,486.0,30,187.48,02/03/2026,,false
SKU-00351,Nitrile Gloves Box,CHEMICALS,SUP-060,LOC-001,WH-A-BIN-51,335.0kilogram,10,606.28,2026-02-22,,true
SKU-00352,,ELECTRONICS,SUP-096,LOC-005,WH-E-BIN-52,171.0,25,191.98,2026-02-27,,false
SKU-00353,Barcode Scanner,FOOD_DRY,SUP-190,LOC-015,WH-O-BIN-53,88.0kg,20,417.66,15/04/2026,,false
SKU-00354,Fire Extinguisher 4kg,FOOD_COLD,SUP-193,LOC-010,WH-J-BIN-54,137.0kilogram,10,45.15,2026-02-10,Jun 02 2027,false
SKU-00355,PVC Pipe 50mm,PACKAGING,SUP-176,LOC-008,WH-H-BIN-55,388.0,40,148.47,Feb 19 2026,,false
SKU-00356,Rubber Gasket Set,MACHINERY_PARTS,SUP-017,LOC-001,WH-A-BIN-56,271.0 KG,0,43.58,2026-06-24,2026-07-06,false
SKU-00357,Cable Tie Assorted,PPE,SUP-033,Warehouse G,WH-G-BIN-57,108.0kg,10,190.58,Jul 10 2026,,false
SKU-00358,Dust Mask N95 Pack,CLEANING,SUP-186,Warehouse N,WH-N-BIN-58,7.0,25,243.87,05/03/2026,2027-01-04,false
SKU-00359,Wooden Pallet Std,MEDICAL,SUP-163,wh_o,WH-O-BIN-59,159.0 KG,15,288.95,2026-04-25,,false
SKU-00360,Steel Shelving Unit,RAW_MATERIALS,SUP-121,LOC-006,WH-F-BIN-60,236.0 KG,,656.04,29/03/2026,,false
SKU-00361,Hand Truck,CHEMICALS,SUP-196,WH-A,WH-A-BIN-61,238.0kilogram,25,207.32,Apr 03 2026,Nov 27 2026,true
SKU-00362,Spill Kit 20L,ELECTRONICS,SUP-097,WH-J,WH-J-BIN-62,330.0 KG,30,158.18,12/06/2026,,false
SKU-00363,Epoxy Resin 1L,FOOD_DRY,SUP-004,LOC-001,WH-A-BIN-63,276.0,0,324.84,Apr 15 2026,,false
SKU-00364,Chain Block 1T,FOOD_COLD,SUP-191,LOC-013,WH-M-BIN-64,216.0,20,328.21,21/07/2026,,false
SKU-00365,,PACKAGING,SUP-099,wh-d,WH-D-BIN-65,14.0kg,30,601.76,02/05/2026,,false
SKU-00366,Anti-Slip Tape Roll,MACHINERY_PARTS,SUP-182,wh_q,WH-Q-BIN-66,345.0kg,25,741.36,May 28 2026,,false
SKU-00367,,PPE,SUP-123,LOC-008,WH-H-BIN-67,491.0,10,558.58,2026-02-15,,false
SKU-00368,Compressed Air Hose,CLEANING,SUP-067,LOC-005,WH-E-BIN-68,253.0kg,30,761.52,19/06/2026,Jun 22 2027,false
SKU-00369,First Aid Refill,MEDICAL,SUP-030,wh_a,WH-A-BIN-69,67.0 KG,0,319.34,2026-03-02,,false
SKU-00370,,RAW_MATERIALS,SUP-133,LOC-003,WH-C-BIN-70,468.0 KG,,243.17,Mar 16 2026,,false
SKU-00371,Stretch Hood Film,CHEMICALS,SUP-151,LOC-013,WH-M-BIN-71,395.0,20,72.92,18/02/2026,,false
SKU-00372,Load Cell 500kg,ELECTRONICS,SUP-037,Warehouse L,WH-L-BIN-72,403.0 KG,20,7.12,17/06/2026,,false
SKU-00373,Dock Bumpers Pair,FOOD_DRY,SUP-001,LOC-016,WH-P-BIN-73,55.0,10,232.10,Apr 11 2026,,false
SKU-00374,Floor Marking Paint,FOOD_COLD,SUP-046,wh_f,WH-F-BIN-74,115.0 KG,20,361.63,2026-06-06,Oct 25 2026,false
SKU-00375,Battery Charger 24V,PACKAGING,SUP-052,LOC-006,WH-F-BIN-75,4.0kilogram,10,328.22,Feb 20 2026,,false
SKU-00376,Mesh Security Cage,MACHINERY_PARTS,SUP-028,wh-t,WH-T-BIN-76,5.0,12,275.04,2026-03-03,,false
SKU-00377,Humidity Sensor Probe,PPE,SUP-123,wh_h,WH-H-BIN-77,364.0kilogram,25,601.94,2026-07-29,Jun 26 2026,false
SKU-00378,,CLEANING,SUP-011,LOC-019,WH-S-BIN-78,128.0kg,10,417.02,23/05/2026,2026-05-14,false
SKU-00379,,MEDICAL,SUP-122,Warehouse P,WH-P-BIN-79,192.0 KG,0,275.78,11/05/2026,,false
SKU-00380,Wheel Chock Rubber,RAW_MATERIALS,SUP-093,wh_h,WH-H-BIN-80,224.0kg,40,698.72,2026-07-05,Jun 15 2026,false
SKU-00381,Steel Bolt M8,CHEMICALS,SUP-117,whse a,WH-A-BIN-01,377.0kg,0,740.18,2026-07-24,,false
SKU-00382,,ELECTRONICS,SUP-072,LOC-017,WH-Q-BIN-02,404.0kilogram,40,527.78,Mar 31 2026,,false
SKU-00383,Industrial Solvent 5L,FOOD_DRY,SUP-106,LOC-017,WH-Q-BIN-03,21.0,40,699.00,May 08 2026,Jun 14 2026,false
SKU-00384,,FOOD_COLD,SUP-060,wh-o,WH-O-BIN-04,268.0 KG,30,751.39,2026-03-31,2027-04-06,false
SKU-00385,Safety Gloves L,PACKAGING,SUP-188,LOC-004,WH-D-BIN-05,170.0kilogram,25,701.23,23/03/2026,,false
SKU-00386,Conveyor Belt Patch,MACHINERY_PARTS,SUP-033,whse b,WH-B-BIN-06,22.0,25,374.51,2026-04-07,,false
SKU-00387,Shrink Wrap Film Roll,PPE,SUP-124,wh_d,WH-D-BIN-07,296.0 KG,40,528.48,Jul 08 2026,,false
SKU-00388,Label Printer Ribbon,CLEANING,SUP-112,LOC-004,WH-D-BIN-08,21.0kg,40,177.86,26/05/2026,,false
SKU-00389,Dock Leveler Seal,MEDICAL,SUP-172,wh-p,WH-P-BIN-09,9.0kg,10,636.84,06/05/2026,,false
SKU-00390,LED Warehouse Light,RAW_MATERIALS,SUP-148,whse h,WH-H-BIN-10,493.0 KG,,574.52,Apr 24 2026,,false
SKU-00391,,CHEMICALS,SUP-112,LOC-018,WH-R-BIN-11,139.0kilogram,0,273.51,01/03/2026,14/10/2026,false
SKU-00392,Pallet Jack Wheel,ELECTRONICS,SUP-147,LOC-004,WH-D-BIN-12,85.0,20,3.34,15/07/2026,,false
SKU-00393,Barcode Scanner,FOOD_DRY,SUP-138,LOC-019,WH-S-BIN-13,453.0kilogram,15,638.42,Jun 28 2026,,false
SKU-00394,Fire Extinguisher 4kg,FOOD_COLD,SUP-170,whse q,WH-Q-BIN-14,322.0,30,369.56,Jun 23 2026,,false
SKU-00395,,PACKAGING,SUP-057,LOC-010,WH-J-BIN-15,368.0,25,679.60,01/02/2026,05/08/2027,false
SKU-00396,Rubber Gasket Set,MACHINERY_PARTS,SUP-154,LOC-002,WH-B-BIN-16,178.0,20,678.44,2026-03-06,,false
SKU-00397,Cable Tie Assorted,PPE,SUP-162,whse p,WH-P-BIN-17,130.0kilogram,0,784.95,2026-05-06,,false
SKU-00398,Dust Mask N95 Pack,CLEANING,SUP-184,LOC-005,WH-E-BIN-18,454.0kg,,43.95,2026-06-15,,false
SKU-00399,Wooden Pallet Std,MEDICAL,SUP-187,WH-P,WH-P-BIN-19,173.0kg,25,792.87,Mar 12 2026,,false
SKU-00400,Steel Shelving Unit,RAW_MATERIALS,SUP-087,LOC-013,WH-M-BIN-20,367.0kilogram,25,59.31,2026-05-19,,false
SKU-00401,Hand Truck,CHEMICALS,SUP-179,LOC-010,WH-J-BIN-21,378.0 KG,15,692.95,2026-07-17,Jun 23 2027,false
SKU-00402,Spill Kit 20L,ELECTRONICS,SUP-118,LOC-010,WH-J-BIN-22,103.0kg,40,717.98,07/06/2026,,false
SKU-00403,Epoxy Resin 1L,FOOD_DRY,SUP-192,LOC-007,WH-G-BIN-23,396.0kg,15,83.35,2026-06-23,,false
SKU-00404,,FOOD_COLD,SUP-110,whse m,WH-M-BIN-24,4.0,,145.35,Jul 17 2026,,false
SKU-00405,,PACKAGING,SUP-132,LOC-004,WH-D-BIN-25,193.0kg,40,324.39,22/07/2026,,false
SKU-00406,Anti-Slip Tape Roll,MACHINERY_PARTS,SUP-062,whse d,WH-D-BIN-26,270.0,25,621.13,2026-02-09,10/03/2027,false
SKU-00407,Welding Rod 3.2mm,PPE,SUP-200,LOC-003,WH-C-BIN-27,462.0kg,25,357.20,2026-07-28,,false
SKU-00408,Compressed Air Hose,CLEANING,SUP-030,LOC-004,WH-D-BIN-28,82.0kilogram,10,20.38,06/03/2026,,false
SKU-00409,First Aid Refill,MEDICAL,SUP-123,WH-S,WH-S-BIN-29,375.0 KG,20,799.96,Feb 01 2026,May 04 2027,false
SKU-00410,,RAW_MATERIALS,SUP-077,LOC-014,WH-N-BIN-30,3.0,,430.93,Apr 18 2026,,false
SKU-00411,,CHEMICALS,SUP-101,LOC-001,WH-A-BIN-31,438.0,30,468.61,14/02/2026,,true
SKU-00412,Load Cell 500kg,ELECTRONICS,SUP-169,LOC-007,WH-G-BIN-32,112.0kilogram,10,640.81,Jun 29 2026,Apr 15 2027,false
SKU-00413,Dock Bumpers Pair,FOOD_DRY,SUP-033,LOC-002,WH-B-BIN-33,125.0kg,30,602.95,2026-07-09,,false
SKU-00414,Floor Marking Paint,FOOD_COLD,SUP-130,wh_d,WH-D-BIN-34,206.0kg,20,527.21,28/05/2026,,false
SKU-00415,Battery Charger 24V,PACKAGING,SUP-012,LOC-010,WH-J-BIN-35,483.0,30,462.50,Feb 03 2026,,false
SKU-00416,Mesh Security Cage,MACHINERY_PARTS,SUP-134,LOC-011,WH-K-BIN-36,330.0 KG,20,191.21,Jun 12 2026,21/09/2026,false
SKU-00417,Humidity Sensor Probe,PPE,SUP-077,whse e,WH-E-BIN-37,446.0kg,0,474.24,2026-05-20,,false
SKU-00418,Pallet Strap Tool,CLEANING,SUP-187,LOC-005,WH-E-BIN-38,9.0 KG,30,132.33,05/04/2026,,false
SKU-00419,Coolant Concentrate,MEDICAL,SUP-066,wh-c,WH-C-BIN-39,237.0kg,40,586.67,2026-02-18,Jul 18 2027,false
SKU-00420,Wheel Chock Rubber,RAW_MATERIALS,SUP-183,wh-g,WH-G-BIN-40,308.0kg,20,336.91,2026-06-21,,false
SKU-00421,Steel Bolt M8,CHEMICALS,SUP-112,LOC-011,WH-K-BIN-41,33.0kilogram,25,426.11,05/02/2026,,false
SKU-00422,Hydraulic Hose 2in,ELECTRONICS,SUP-085,LOC-003,WH-C-BIN-42,65.0kg,40,695.35,03/06/2026,,false
SKU-00423,Industrial Solvent 5L,FOOD_DRY,SUP-003,LOC-009,WH-I-BIN-43,213.0,10,626.62,2026-06-29,,false
SKU-00424,Forklift Battery 24V,FOOD_COLD,SUP-135,LOC-006,WH-F-BIN-44,468.0kg,40,424.11,01/02/2026,,false
SKU-00425,Safety Gloves L,PACKAGING,SUP-073,LOC-019,WH-S-BIN-45,158.0 KG,30,146.18,07/02/2026,17/03/2027,false
SKU-00426,Conveyor Belt Patch,MACHINERY_PARTS,SUP-142,LOC-018,WH-R-BIN-46,471.0kilogram,30,549.95,2026-06-21,03/09/2026,false
SKU-00427,,PPE,SUP-037,LOC-005,WH-E-BIN-47,310.0kilogram,25,512.08,2026-04-27,2026-04-29,false
SKU-00428,Label Printer Ribbon,CLEANING,SUP-174,wh-h,WH-H-BIN-48,234.0kilogram,30,639.18,24/03/2026,,false
SKU-00429,Dock Leveler Seal,MEDICAL,SUP-071,LOC-010,WH-J-BIN-49,286.0,25,245.54,08/07/2026,,false
SKU-00430,LED Warehouse Light,RAW_MATERIALS,SUP-105,LOC-010,WH-J-BIN-50,180.0kg,0,756.00,18/06/2026,30/12/2026,false
SKU-00431,Nitrile Gloves Box,CHEMICALS,SUP-015,LOC-019,WH-S-BIN-51,400.0,10,10.53,13/04/2026,,false
SKU-00432,Pallet Jack Wheel,ELECTRONICS,SUP-123,LOC-005,WH-E-BIN-52,283.0 KG,25,101.50,27/07/2026,,false
SKU-00433,Barcode Scanner,FOOD_DRY,SUP-049,LOC-020,WH-T-BIN-53,7.0kg,27,760.79,17/03/2026,Aug 03 2027,false
SKU-00434,Fire Extinguisher 4kg,FOOD_COLD,SUP-011,LOC-020,WH-T-BIN-54,249.0 KG,30,419.77,Jun 03 2026,,false
SKU-00435,,PACKAGING,SUP-020,LOC-006,WH-F-BIN-55,12.0 KG,,304.52,26/04/2026,,false
SKU-00436,Rubber Gasket Set,MACHINERY_PARTS,SUP-087,wh_d,WH-D-BIN-56,147.0kilogram,40,233.47,Mar 29 2026,,false
SKU-00437,Cable Tie Assorted,PPE,SUP-068,Warehouse J,WH-J-BIN-57,21.0,15,743.43,2026-02-16,02/02/2027,false
SKU-00438,Dust Mask N95 Pack,CLEANING,SUP-010,LOC-017,WH-Q-BIN-58,476.0 KG,,493.19,2026-05-07,,false
SKU-00439,Wooden Pallet Std,MEDICAL,SUP-091,LOC-010,WH-J-BIN-59,22.0kg,10,9.07,Apr 11 2026,,false
SKU-00440,Steel Shelving Unit,RAW_MATERIALS,SUP-051,whse p,WH-P-BIN-60,290.0kg,,7.51,2026-02-12,2027-05-06,false
SKU-00441,Hand Truck,CHEMICALS,SUP-058,Warehouse I,WH-I-BIN-61,222.0,25,430.07,May 23 2026,,true
SKU-00442,Spill Kit 20L,ELECTRONICS,SUP-169,wh-o,WH-O-BIN-62,6.0kilogram,23,696.67,Jun 10 2026,2026-04-08,false
SKU-00443,Epoxy Resin 1L,FOOD_DRY,SUP-049,LOC-004,WH-D-BIN-63,14.0kg,20,129.93,10/06/2026,,false
SKU-00444,Chain Block 1T,FOOD_COLD,SUP-171,LOC-016,WH-P-BIN-64,80.0 KG,20,572.03,2026-05-08,,false
SKU-00445,Temperature Logger,PACKAGING,SUP-129,whse m,WH-M-BIN-65,492.0 KG,40,634.58,Jun 28 2026,24/10/2026,false
SKU-00446,Anti-Slip Tape Roll,MACHINERY_PARTS,SUP-089,WH-E,WH-E-BIN-66,26.0kg,30,275.03,Feb 28 2026,,false
SKU-00447,,PPE,SUP-112,LOC-001,WH-A-BIN-67,168.0 KG,25,583.94,2026-06-13,16/11/2026,false
SKU-00448,Compressed Air Hose,CLEANING,SUP-072,LOC-008,WH-H-BIN-68,78.0,0,160.33,Jul 04 2026,06/04/2027,false
SKU-00449,First Aid Refill,MEDICAL,SUP-157,LOC-017,WH-Q-BIN-69,116.0kg,,185.05,2026-06-27,,false
SKU-00450,Racking Beam 2.4m,RAW_MATERIALS,SUP-010,LOC-013,WH-M-BIN-70,118.0kilogram,20,74.57,2026-07-17,,false
SKU-00451,,CHEMICALS,SUP-105,Warehouse M,WH-M-BIN-71,176.0 KG,30,384.40,22/03/2026,Apr 05 2027,false
SKU-00452,Load Cell 500kg,ELECTRONICS,SUP-078,LOC-002,WH-B-BIN-72,157.0 KG,10,199.08,18/07/2026,,false
SKU-00453,Dock Bumpers Pair,FOOD_DRY,SUP-011,LOC-006,WH-F-BIN-73,46.0,10,225.57,2026-02-25,,false
SKU-00454,,FOOD_COLD,SUP-111,LOC-004,WH-D-BIN-74,149.0,15,79.32,2026-07-27,,false
SKU-00455,Battery Charger 24V,PACKAGING,SUP-198,wh_r,WH-R-BIN-75,86.0,0,623.49,Mar 17 2026,,false
SKU-00456,Mesh Security Cage,MACHINERY_PARTS,SUP-096,wh_t,WH-T-BIN-76,352.0kg,15,106.13,2026-02-26,2026-10-23,false
SKU-00457,Humidity Sensor Probe,PPE,SUP-011,LOC-004,WH-D-BIN-77,487.0kg,30,740.55,11/07/2026,2027-04-15,false
SKU-00458,Pallet Strap Tool,CLEANING,SUP-159,LOC-018,WH-R-BIN-78,174.0,20,124.63,28/06/2026,2027-09-03,false
SKU-00459,Coolant Concentrate,MEDICAL,SUP-108,WH-G,WH-G-BIN-79,384.0kg,30,725.64,03/05/2026,,false
SKU-00460,Wheel Chock Rubber,RAW_MATERIALS,SUP-115,LOC-012,WH-L-BIN-80,28.0 KG,40,419.96,24/03/2026,Jun 07 2026,false
SKU-00461,Steel Bolt M8,CHEMICALS,SUP-043,LOC-001,WH-A-BIN-01,160.0,30,50.51,03/02/2026,,true
SKU-00462,Hydraulic Hose 2in,ELECTRONICS,SUP-127,LOC-013,WH-M-BIN-02,292.0,40,308.55,22/04/2026,May 17 2027,false
SKU-00463,,FOOD_DRY,SUP-156,LOC-013,WH-M-BIN-03,6.0,,9.07,Mar 21 2026,,false
SKU-00464,Forklift Battery 24V,FOOD_COLD,SUP-129,LOC-015,WH-O-BIN-04,388.0,40,216.27,30/06/2026,Aug 27 2027,false
SKU-00465,Safety Gloves L,PACKAGING,SUP-058,LOC-006,WH-F-BIN-05,293.0 KG,10,753.75,May 20 2026,12/07/2026,false
SKU-00466,Conveyor Belt Patch,MACHINERY_PARTS,SUP-070,LOC-005,WH-E-BIN-06,4.0,16,506.88,2026-04-27,Feb 23 2027,false
SKU-00467,Shrink Wrap Film Roll,PPE,SUP-022,LOC-011,WH-K-BIN-07,472.0 KG,40,489.96,08/05/2026,,false
SKU-00468,Label Printer Ribbon,CLEANING,SUP-161,LOC-002,WH-B-BIN-08,25.0 KG,0,143.03,Jul 26 2026,,false
SKU-00469,Dock Leveler Seal,MEDICAL,SUP-169,Warehouse R,WH-R-BIN-09,418.0 KG,0,551.12,13/02/2026,,false
SKU-00470,,RAW_MATERIALS,SUP-161,LOC-009,WH-I-BIN-10,329.0,40,164.73,Feb 19 2026,14/01/2027,false
SKU-00471,Nitrile Gloves Box,CHEMICALS,SUP-040,WH-M,WH-M-BIN-11,138.0kg,25,76.77,Jun 14 2026,2027-05-02,false
SKU-00472,Pallet Jack Wheel,ELECTRONICS,SUP-049,wh-f,WH-F-BIN-12,271.0kilogram,30,249.51,Jun 15 2026,,false
SKU-00473,Barcode Scanner,FOOD_DRY,SUP-176,LOC-013,WH-M-BIN-13,3.0 KG,30,516.80,Apr 18 2026,,false
SKU-00474,Fire Extinguisher 4kg,FOOD_COLD,SUP-186,wh_d,WH-D-BIN-14,90.0kg,30,303.54,Jul 25 2026,,false
SKU-00475,PVC Pipe 50mm,PACKAGING,SUP-004,LOC-004,WH-D-BIN-15,445.0 KG,0,616.55,23/05/2026,Jun 29 2026,false
SKU-00476,,MACHINERY_PARTS,SUP-161,LOC-005,WH-E-BIN-16,26.0kilogram,30,86.86,05/05/2026,20/04/2026,false
SKU-00477,Cable Tie Assorted,PPE,SUP-052,LOC-003,WH-C-BIN-17,265.0kilogram,15,247.29,30/03/2026,,false
SKU-00478,,CLEANING,SUP-063,LOC-005,WH-E-BIN-18,298.0kg,10,84.05,2026-05-16,2026-09-21,false
SKU-00479,Wooden Pallet Std,MEDICAL,SUP-131,LOC-004,WH-D-BIN-19,4.0kilogram,10,283.94,18/05/2026,,false
SKU-00480,Steel Shelving Unit,RAW_MATERIALS,SUP-176,LOC-008,WH-H-BIN-20,371.0,25,792.63,03/06/2026,2026-11-24,false
SKU-00481,,CHEMICALS,SUP-073,wh_d,WH-D-BIN-21,59.0,20,736.06,2026-07-19,,false
SKU-00482,Spill Kit 20L,ELECTRONICS,SUP-110,WH-F,WH-F-BIN-22,191.0kg,,550.35,Feb 21 2026,2027-08-06,false
SKU-00483,Epoxy Resin 1L,FOOD_DRY,SUP-090,LOC-010,WH-J-BIN-23,158.0kg,,648.95,11/07/2026,,false
SKU-00484,Chain Block 1T,FOOD_COLD,SUP-039,LOC-001,WH-A-BIN-24,355.0,0,577.63,30/03/2026,2027-04-15,false
SKU-00485,Temperature Logger,PACKAGING,SUP-029,wh-c,WH-C-BIN-25,238.0kg,30,147.13,Apr 23 2026,03/11/2026,false
SKU-00486,Anti-Slip Tape Roll,MACHINERY_PARTS,SUP-082,LOC-012,WH-L-BIN-26,237.0 KG,25,510.01,Jun 25 2026,,false
SKU-00487,Welding Rod 3.2mm,PPE,SUP-099,LOC-008,WH-H-BIN-27,301.0kilogram,25,657.48,23/04/2026,,false
SKU-00488,Compressed Air Hose,CLEANING,SUP-149,WH-C,WH-C-BIN-28,235.0 KG,40,177.03,08/07/2026,,false
SKU-00489,First Aid Refill,MEDICAL,SUP-093,WH-H,WH-H-BIN-29,124.0,10,380.19,2026-06-26,20/05/2026,false
SKU-00490,Racking Beam 2.4m,RAW_MATERIALS,SUP-016,LOC-004,WH-D-BIN-30,204.0kilogram,20,237.17,24/06/2026,,false
SKU-00491,Stretch Hood Film,CHEMICALS,SUP-108,whse r,WH-R-BIN-31,127.0 KG,15,95.55,02/02/2026,Jul 13 2026,false
SKU-00492,Load Cell 500kg,ELECTRONICS,SUP-188,LOC-013,WH-M-BIN-32,376.0,10,530.87,2026-07-12,,false
SKU-00493,Dock Bumpers Pair,FOOD_DRY,SUP-153,LOC-016,WH-P-BIN-33,6.0kg,14,11.96,Apr 15 2026,Jul 21 2026,false
SKU-00494,,FOOD_COLD,SUP-196,LOC-005,WH-E-BIN-34,260.0kilogram,15,241.01,2026-04-16,,false
SKU-00495,Battery Charger 24V,PACKAGING,SUP-114,Warehouse K,WH-K-BIN-35,350.0 KG,0,27.63,Jun 16 2026,Jul 24 2027,false
SKU-00496,,MACHINERY_PARTS,SUP-042,LOC-017,WH-Q-BIN-36,222.0 KG,10,444.22,2026-05-25,,false
SKU-00497,,PPE,SUP-129,LOC-019,WH-S-BIN-37,383.0kg,20,75.37,Apr 25 2026,,false
SKU-00498,Pallet Strap Tool,CLEANING,SUP-191,LOC-005,WH-E-BIN-38,225.0kilogram,15,484.86,11/07/2026,2027-06-12,false
SKU-00499,Coolant Concentrate,MEDICAL,SUP-123,WH-O,WH-O-BIN-39,354.0kg,,518.02,2026-06-11,2027-03-08,false
SKU-00500,Wheel Chock Rubber,RAW_MATERIALS,SUP-028,LOC-009,WH-I-BIN-40,59.0kilogram,,193.14,19/06/2026,,false
SKU-00001,Steel Bolt M8,CHEMICALS,SUP-028,LOC-018,WH-R-BIN-41,128.0 KG,10,442.25,17/02/2026,,false
SKU-00002,Hydraulic Hose 2in,ELECTRONICS,SUP-069,LOC-008,WH-H-BIN-42,311.0kg,10,38.45,May 11 2026,,false
SKU-00003,Industrial Solvent 5L,FOOD_DRY,SUP-080,WH-C,WH-C-BIN-43,202.0 KG,10,252.95,21/04/2026,,false
SKU-00004,Forklift Battery 24V,FOOD_COLD,SUP-034,WH-L,WH-L-BIN-44,27.0,40,402.74,Jun 22 2026,,false
SKU-00005,,PACKAGING,SUP-151,LOC-001,WH-A-BIN-45,215.0,,31.85,2026-06-19,,false
SKU-00006,Conveyor Belt Patch,MACHINERY_PARTS,SUP-175,Warehouse E,WH-E-BIN-46,60.0 KG,25,707.75,06/02/2026,,false
SKU-00007,Shrink Wrap Film Roll,PPE,SUP-197,LOC-005,WH-E-BIN-47,102.0kilogram,40,487.77,Mar 19 2026,,false
SKU-00008,Label Printer Ribbon,CLEANING,SUP-115,LOC-011,WH-K-BIN-48,87.0 KG,0,345.86,Feb 06 2026,,false
SKU-00009,Dock Leveler Seal,MEDICAL,SUP-062,LOC-013,WH-M-BIN-49,332.0kilogram,15,795.53,Jul 06 2026,,false
SKU-00010,LED Warehouse Light,RAW_MATERIALS,SUP-037,LOC-001,WH-A-BIN-50,465.0kilogram,0,638.31,Jul 08 2026,,false
SKU-00011,Nitrile Gloves Box,CHEMICALS,SUP-025,LOC-016,WH-P-BIN-51,10.0,25,291.94,2026-07-08,,true
SKU-00012,Pallet Jack Wheel,ELECTRONICS,SUP-067,whse o,WH-O-BIN-52,151.0,25,751.98,07/03/2026,,false
SKU-00013,Barcode Scanner,FOOD_DRY,SUP-011,LOC-016,WH-P-BIN-53,459.0 KG,20,545.11,Apr 09 2026,,false
SKU-00014,Fire Extinguisher 4kg,FOOD_COLD,SUP-132,LOC-012,WH-L-BIN-54,339.0,,405.74,May 24 2026,,false
SKU-00015,PVC Pipe 50mm,PACKAGING,SUP-159,WH-B,WH-B-BIN-55,49.0kilogram,40,8.34,04/07/2026,,false
SKU-00016,Rubber Gasket Set,MACHINERY_PARTS,SUP-097,wh-j,WH-J-BIN-56,311.0kg,15,699.58,09/02/2026,2026-06-11,false
SKU-00017,Cable Tie Assorted,PPE,SUP-090,LOC-003,WH-C-BIN-57,259.0 KG,25,70.49,Jul 03 2026,,false
SKU-00018,Dust Mask N95 Pack,CLEANING,SUP-197,LOC-013,WH-M-BIN-58,122.0 KG,25,797.16,Mar 28 2026,2026-06-17,false
SKU-00019,Wooden Pallet Std,MEDICAL,SUP-180,whse g,WH-G-BIN-59,30.0 KG,40,758.93,2026-06-23,Jul 11 2026,false
SKU-00020,Steel Shelving Unit,RAW_MATERIALS,SUP-082,wh-g,WH-G-BIN-60,36.0,30,632.07,2026-03-31,2027-03-03,false
SKU-00021,Hand Truck,CHEMICALS,SUP-014,WH-G,WH-G-BIN-61,13.0kg,15,509.28,Jul 09 2026,,true
SKU-00022,Spill Kit 20L,ELECTRONICS,SUP-104,WH-I,WH-I-BIN-62,172.0,10,172.86,May 25 2026,,false
SKU-00023,Epoxy Resin 1L,FOOD_DRY,SUP-014,LOC-006,WH-F-BIN-63,478.0kg,10,133.30,May 02 2026,,false
SKU-00024,Chain Block 1T,FOOD_COLD,SUP-124,LOC-014,WH-N-BIN-64,294.0 KG,,285.04,Feb 03 2026,,false
SKU-00025,Temperature Logger,PACKAGING,SUP-100,LOC-019,WH-S-BIN-65,25.0kilogram,0,535.03,23/02/2026,04/09/2027,false
SKU-00026,Anti-Slip Tape Roll,MACHINERY_PARTS,SUP-083,LOC-005,WH-E-BIN-66,441.0kilogram,40,254.58,Jun 22 2026,,false
SKU-00027,Welding Rod 3.2mm,PPE,SUP-038,LOC-015,WH-O-BIN-67,462.0 KG,25,211.72,30/07/2026,,false
SKU-00028,Compressed Air Hose,CLEANING,SUP-033,Warehouse O,WH-O-BIN-68,250.0,40,337.30,2026-03-13,2026-12-04,false
SKU-00029,First Aid Refill,MEDICAL,SUP-154,LOC-006,WH-F-BIN-69,130.0,25,462.32,2026-07-27,,false
SKU-00030,Racking Beam 2.4m,RAW_MATERIALS,SUP-094,wh_l,WH-L-BIN-70,174.0 KG,10,560.06,14/02/2026,,false
SKU-00031,Stretch Hood Film,CHEMICALS,SUP-106,LOC-015,WH-O-BIN-71,200.0kilogram,25,612.53,01/07/2026,,false
SKU-00032,Load Cell 500kg,ELECTRONICS,SUP-110,LOC-015,WH-O-BIN-72,110.0,20,229.45,Feb 12 2026,,false
SKU-00033,Dock Bumpers Pair,FOOD_DRY,SUP-163,Warehouse N,WH-N-BIN-73,379.0kg,20,796.30,Jul 04 2026,,false
SKU-00034,Floor Marking Paint,FOOD_COLD,SUP-167,LOC-003,WH-C-BIN-74,335.0kilogram,10,499.81,13/03/2026,,false
SKU-00035,Battery Charger 24V,PACKAGING,SUP-163,LOC-004,WH-D-BIN-75,277.0,25,681.66,2026-06-06,2026-06-23,false
SKU-00036,Mesh Security Cage,MACHINERY_PARTS,SUP-199,LOC-008,WH-H-BIN-76,302.0,25,101.30,03/04/2026,,false
SKU-00037,Humidity Sensor Probe,PPE,SUP-166,WH-N,WH-N-BIN-77,421.0,,626.19,23/03/2026,13/06/2026,false
SKU-00038,Pallet Strap Tool,CLEANING,SUP-069,LOC-010,WH-J-BIN-78,155.0 KG,,539.29,2026-07-29,,false
SKU-00039,Coolant Concentrate,MEDICAL,SUP-009,WH-N,WH-N-BIN-79,6.0kg,10,593.51,10/05/2026,,false
SKU-00040,Wheel Chock Rubber,RAW_MATERIALS,SUP-044,LOC-011,WH-K-BIN-80,240.0 KG,30,315.87,17/07/2026,Jul 25 2027,false
SKU-00041,,CHEMICALS,SUP-110,LOC-019,WH-S-BIN-01,500.0,,414.79,2026-04-10,2027-02-08,true
SKU-00042,Hydraulic Hose 2in,ELECTRONICS,SUP-130,LOC-005,WH-E-BIN-02,343.0kg,10,733.50,11/03/2026,,false
SKU-00043,Industrial Solvent 5L,FOOD_DRY,SUP-083,LOC-006,WH-F-BIN-03,7.0kg,15,475.44,Jul 23 2026,23/04/2026,false
SKU-00044,Forklift Battery 24V,FOOD_COLD,SUP-182,LOC-020,WH-T-BIN-04,491.0,,786.76,18/02/2026,2026-11-04,false
SKU-00045,Safety Gloves L,PACKAGING,SUP-048,wh_l,WH-L-BIN-05,354.0kg,15,197.71,2026-04-25,,false
SKU-00046,,MACHINERY_PARTS,SUP-169,LOC-009,WH-I-BIN-06,3.0kilogram,10,464.32,2026-07-04,,false
SKU-00047,Shrink Wrap Film Roll,PPE,SUP-118,whse d,WH-D-BIN-07,10.0kilogram,30,396.41,2026-04-29,08/10/2026,false
SKU-00048,Label Printer Ribbon,CLEANING,SUP-101,Warehouse G,WH-G-BIN-08,271.0 KG,10,501.29,Jun 07 2026,,false
SKU-00049,Dock Leveler Seal,MEDICAL,SUP-097,Warehouse N,WH-N-BIN-09,344.0,20,723.10,2026-02-12,2026-09-04,false
SKU-00050,LED Warehouse Light,RAW_MATERIALS,SUP-162,LOC-019,WH-S-BIN-10,11.0kg,30,491.98,2026-03-13,,false
SKU-00051,Nitrile Gloves Box,CHEMICALS,SUP-041,wh_a,WH-A-BIN-11,399.0kg,30,415.36,21/06/2026,10/09/2026,true
SKU-00052,Pallet Jack Wheel,ELECTRONICS,SUP-030,LOC-012,WH-L-BIN-12,35.0kilogram,15,752.00,May 23 2026,,false
SKU-00053,Barcode Scanner,FOOD_DRY,SUP-124,LOC-009,WH-I-BIN-13,67.0 KG,15,596.67,Mar 26 2026,,false
SKU-00054,Fire Extinguisher 4kg,FOOD_COLD,SUP-132,LOC-014,WH-N-BIN-14,6.0kilogram,25,574.48,Apr 21 2026,,false
SKU-00055,,PACKAGING,SUP-150,LOC-004,WH-D-BIN-15,412.0,0,391.29,2026-04-07,03/09/2027,false
SKU-00056,Rubber Gasket Set,MACHINERY_PARTS,SUP-153,LOC-014,WH-N-BIN-16,159.0,40,344.59,Mar 07 2026,,false
SKU-00057,Cable Tie Assorted,PPE,SUP-096,WH-L,WH-L-BIN-17,11.0kg,40,203.94,17/04/2026,,false
SKU-00058,Dust Mask N95 Pack,CLEANING,SUP-155,wh-j,WH-J-BIN-18,469.0,0,25.89,2026-06-14,,false
SKU-00059,Wooden Pallet Std,MEDICAL,SUP-110,LOC-011,WH-K-BIN-19,115.0kilogram,0,298.58,23/06/2026,May 07 2026,false
SKU-00060,Steel Shelving Unit,RAW_MATERIALS,SUP-032,wh-k,WH-K-BIN-20,183.0 KG,10,636.60,01/06/2026,2027-06-16,false
SKU-00061,Hand Truck,CHEMICALS,SUP-017,wh_r,WH-R-BIN-21,165.0kilogram,,573.58,09/02/2026,2027-01-19,true
SKU-00062,Spill Kit 20L,ELECTRONICS,SUP-175,LOC-014,WH-N-BIN-22,242.0kg,0,399.92,2026-05-21,May 09 2027,false
SKU-00063,Epoxy Resin 1L,FOOD_DRY,SUP-031,LOC-014,WH-N-BIN-23,6.0kilogram,,229.46,16/02/2026,2026-09-09,false
SKU-00064,Chain Block 1T,FOOD_COLD,SUP-002,LOC-019,WH-S-BIN-24,13.0 KG,25,734.59,Jul 20 2026,2026-05-23,false
SKU-00065,,PACKAGING,SUP-166,wh-k,WH-K-BIN-25,55.0kilogram,10,242.20,May 10 2026,,false
SKU-00066,Anti-Slip Tape Roll,MACHINERY_PARTS,SUP-103,whse l,WH-L-BIN-26,304.0kg,10,557.77,Apr 05 2026,Jan 29 2027,false
SKU-00067,Welding Rod 3.2mm,PPE,SUP-165,whse p,WH-P-BIN-27,451.0kg,10,660.71,2026-06-25,23/09/2026,false
SKU-00068,Compressed Air Hose,CLEANING,SUP-083,Warehouse D,WH-D-BIN-28,372.0 KG,0,722.02,27/04/2026,04/09/2027,false
SKU-00069,First Aid Refill,MEDICAL,SUP-002,LOC-018,WH-R-BIN-29,3.0,40,61.88,May 07 2026,,false
SKU-00070,,RAW_MATERIALS,SUP-098,LOC-020,WH-T-BIN-30,5.0,20,689.79,Mar 03 2026,2027-02-09,false
SKU-00071,Stretch Hood Film,CHEMICALS,SUP-164,LOC-014,WH-N-BIN-31,17.0kg,25,393.10,2026-05-20,,true
SKU-00072,Load Cell 500kg,ELECTRONICS,SUP-058,LOC-016,WH-P-BIN-32,155.0 KG,10,668.76,29/05/2026,,false
SKU-00073,Dock Bumpers Pair,FOOD_DRY,SUP-178,wh-g,WH-G-BIN-33,58.0kilogram,10,537.06,Apr 02 2026,29/07/2026,false
SKU-00074,Floor Marking Paint,FOOD_COLD,SUP-049,LOC-013,WH-M-BIN-34,73.0kilogram,25,412.11,2026-05-11,,false
SKU-00075,Battery Charger 24V,PACKAGING,SUP-182,wh-j,WH-J-BIN-35,17.0 KG,,309.69,Apr 06 2026,2027-03-04,false
SKU-00076,Mesh Security Cage,MACHINERY_PARTS,SUP-132,wh-t,WH-T-BIN-36,419.0 KG,15,133.03,2026-05-13,06/06/2026,false
SKU-00077,,PPE,SUP-166,LOC-019,WH-S-BIN-37,95.0,10,715.49,2026-06-13,2026-09-07,false
SKU-00078,Pallet Strap Tool,CLEANING,SUP-008,LOC-009,WH-I-BIN-38,358.0kg,25,69.09,2026-04-11,2027-06-07,false
SKU-00079,Coolant Concentrate,MEDICAL,SUP-039,LOC-007,WH-G-BIN-39,277.0,25,297.08,2026-07-18,,false
SKU-00080,Wheel Chock Rubber,RAW_MATERIALS,SUP-188,LOC-013,WH-M-BIN-40,119.0 KG,25,424.59,Mar 26 2026,,false
SKU-00081,Steel Bolt M8,CHEMICALS,SUP-111,WH-Q,WH-Q-BIN-41,4.0 KG,10,716.26,Mar 05 2026,2026-09-26,true
SKU-00082,Hydraulic Hose 2in,ELECTRONICS,SUP-137,Warehouse C,WH-C-BIN-42,161.0kg,10,314.74,05/07/2026,,false
SKU-00083,Industrial Solvent 5L,FOOD_DRY,SUP-188,LOC-008,WH-H-BIN-43,470.0 KG,0,279.41,2026-05-18,2026-12-12,false
SKU-00084,Forklift Battery 24V,FOOD_COLD,SUP-074,LOC-020,WH-T-BIN-44,33.0,40,591.79,2026-02-04,,false
SKU-00085,Safety Gloves L,PACKAGING,SUP-044,LOC-008,WH-H-BIN-45,6.0kilogram,20,769.87,Feb 10 2026,,false
SKU-00086,,MACHINERY_PARTS,SUP-110,wh_p,WH-P-BIN-46,9.0kg,,476.02,Mar 31 2026,2026-09-03,false
SKU-00087,Shrink Wrap Film Roll,PPE,SUP-001,LOC-019,WH-S-BIN-47,467.0kilogram,25,454.68,17/05/2026,,false
SKU-00088,Label Printer Ribbon,CLEANING,SUP-135,LOC-008,WH-H-BIN-48,105.0kilogram,30,363.19,May 02 2026,Feb 17 2027,false
SKU-00089,Dock Leveler Seal,MEDICAL,SUP-066,LOC-018,WH-R-BIN-49,269.0,40,242.30,May 06 2026,,false
SKU-00090,LED Warehouse Light,RAW_MATERIALS,SUP-199,LOC-017,WH-Q-BIN-50,458.0kilogram,40,217.41,2026-03-20,,false
SKU-00091,Nitrile Gloves Box,CHEMICALS,SUP-038,LOC-001,WH-A-BIN-51,458.0kg,25,593.33,Apr 11 2026,Jun 21 2027,true
SKU-00092,Pallet Jack Wheel,ELECTRONICS,SUP-050,Warehouse C,WH-C-BIN-52,9.0,,719.58,2026-04-06,,false
SKU-00093,Barcode Scanner,FOOD_DRY,SUP-045,LOC-017,WH-Q-BIN-53,486.0kg,20,335.00,2026-05-21,,false
SKU-00094,,FOOD_COLD,SUP-049,LOC-010,WH-J-BIN-54,316.0kg,10,347.90,2026-04-05,,false
SKU-00095,PVC Pipe 50mm,PACKAGING,SUP-089,LOC-019,WH-S-BIN-55,76.0 KG,20,374.12,2026-06-22,,false
SKU-00096,Rubber Gasket Set,MACHINERY_PARTS,SUP-075,wh_q,WH-Q-BIN-56,305.0kilogram,30,640.23,Jul 27 2026,,false
SKU-00097,Cable Tie Assorted,PPE,SUP-011,wh_o,WH-O-BIN-57,164.0kg,15,6.06,May 01 2026,,false
SKU-00098,Dust Mask N95 Pack,CLEANING,SUP-013,LOC-001,WH-A-BIN-58,90.0,,766.90,09/03/2026,,false
SKU-00099,Wooden Pallet Std,MEDICAL,SUP-023,WH-E,WH-E-BIN-59,13.0 KG,,234.06,Jul 22 2026,,false
SKU-00100,Steel Shelving Unit,RAW_MATERIALS,SUP-091,LOC-016,WH-P-BIN-60,435.0kg,15,723.52,25/05/2026,,false
SKU-00101,Hand Truck,CHEMICALS,SUP-153,LOC-010,WH-J-BIN-61,108.0 KG,,463.38,Feb 06 2026,,false
SKU-00102,Spill Kit 20L,ELECTRONICS,SUP-035,WH-I,WH-I-BIN-62,10.0,25,503.40,13/03/2026,,false
SKU-00103,Epoxy Resin 1L,FOOD_DRY,SUP-097,LOC-006,WH-F-BIN-63,468.0kilogram,0,555.92,2026-03-24,,false
SKU-00104,Chain Block 1T,FOOD_COLD,SUP-120,LOC-012,WH-L-BIN-64,238.0kg,20,730.22,Jul 24 2026,,false
SKU-00105,,PACKAGING,SUP-023,LOC-014,WH-N-BIN-65,91.0kg,,299.74,22/02/2026,May 19 2027,false
SKU-00106,Anti-Slip Tape Roll,MACHINERY_PARTS,SUP-145,LOC-018,WH-R-BIN-66,47.0,20,6.75,Mar 20 2026,,false
SKU-00107,,PPE,SUP-014,LOC-015,WH-O-BIN-67,48.0 KG,,79.72,May 17 2026,Jun 30 2027,false
SKU-00108,Compressed Air Hose,CLEANING,SUP-124,LOC-019,WH-S-BIN-68,189.0 KG,40,409.64,17/07/2026,,false
SKU-00109,First Aid Refill,MEDICAL,SUP-133,LOC-007,WH-G-BIN-69,307.0 KG,15,512.46,21/06/2026,2027-08-10,false
SKU-00110,Racking Beam 2.4m,RAW_MATERIALS,SUP-161,LOC-010,WH-J-BIN-70,388.0kg,,499.68,09/06/2026,29/05/2026,false
SKU-00111,Stretch Hood Film,CHEMICALS,SUP-018,LOC-004,WH-D-BIN-71,98.0kilogram,10,84.68,Jul 24 2026,2026-12-12,false
SKU-00112,Load Cell 500kg,ELECTRONICS,SUP-101,LOC-015,WH-O-BIN-72,7.0 KG,10,673.69,Mar 13 2026,28/12/2026,false
SKU-00113,,FOOD_DRY,SUP-157,LOC-009,WH-I-BIN-73,244.0kilogram,40,509.69,Jun 13 2026,,false
SKU-00114,Floor Marking Paint,FOOD_COLD,SUP-191,LOC-005,WH-E-BIN-74,35.0,40,232.98,Jul 05 2026,,false
SKU-00115,,PACKAGING,SUP-127,wh_s,WH-S-BIN-75,361.0kilogram,20,372.24,2026-04-13,,false
SKU-00116,Mesh Security Cage,MACHINERY_PARTS,SUP-008,Warehouse E,WH-E-BIN-76,13.0,20,29.20,Feb 14 2026,22/06/2026,false
SKU-00117,Humidity Sensor Probe,PPE,SUP-114,LOC-020,WH-T-BIN-77,484.0 KG,10,579.01,May 21 2026,,false
SKU-00118,Pallet Strap Tool,CLEANING,SUP-041,LOC-001,WH-A-BIN-78,276.0kilogram,20,420.99,Mar 21 2026,,false
SKU-00119,Coolant Concentrate,MEDICAL,SUP-045,whse c,WH-C-BIN-79,97.0,40,572.72,2026-06-25,,false
SKU-00120,Wheel Chock Rubber,RAW_MATERIALS,SUP-196,LOC-009,WH-I-BIN-80,175.0kg,40,516.82,2026-04-25,14/04/2026,false
SKU-00121,Steel Bolt M8,CHEMICALS,SUP-156,wh_p,WH-P-BIN-01,112.0kilogram,40,421.30,2026-06-27,,false
SKU-00122,Hydraulic Hose 2in,ELECTRONICS,SUP-149,LOC-019,WH-S-BIN-02,319.0kilogram,20,186.90,2026-02-10,2026-11-19,false
SKU-00123,Industrial Solvent 5L,FOOD_DRY,SUP-128,LOC-004,WH-D-BIN-03,263.0kilogram,40,733.98,May 31 2026,,false
SKU-00124,Forklift Battery 24V,FOOD_COLD,SUP-045,LOC-004,WH-D-BIN-04,476.0 KG,40,51.42,May 27 2026,,false
SKU-00125,Safety Gloves L,PACKAGING,SUP-010,LOC-004,WH-D-BIN-05,6.0 KG,29,258.29,02/02/2026,2026-11-27,false
SKU-00126,Conveyor Belt Patch,MACHINERY_PARTS,SUP-097,LOC-015,WH-O-BIN-06,346.0,,351.14,2026-05-18,,false
SKU-00127,Shrink Wrap Film Roll,PPE,SUP-052,LOC-008,WH-H-BIN-07,102.0kilogram,40,70.64,24/07/2026,,false
SKU-00128,Label Printer Ribbon,CLEANING,SUP-053,LOC-004,WH-D-BIN-08,1.0kilogram,10,438.17,12/07/2026,,false
SKU-00129,Dock Leveler Seal,MEDICAL,SUP-048,LOC-011,WH-K-BIN-09,393.0,40,153.73,2026-06-07,,false
SKU-00130,LED Warehouse Light,RAW_MATERIALS,SUP-122,LOC-019,WH-S-BIN-10,200.0kilogram,30,641.67,2026-04-09,,false
SKU-00131,Nitrile Gloves Box,CHEMICALS,SUP-161,LOC-014,WH-N-BIN-11,3.0,25,82.53,Mar 25 2026,,true
SKU-00132,Pallet Jack Wheel,ELECTRONICS,SUP-139,LOC-020,WH-T-BIN-12,31.0kg,20,202.60,Apr 30 2026,,false
SKU-00133,Barcode Scanner,FOOD_DRY,SUP-041,WH-C,WH-C-BIN-13,58.0kilogram,20,489.78,2026-05-12,,false
SKU-00134,Fire Extinguisher 4kg,FOOD_COLD,SUP-159,LOC-013,WH-M-BIN-14,299.0kilogram,10,734.08,24/05/2026,,false
SKU-00135,PVC Pipe 50mm,PACKAGING,SUP-009,LOC-001,WH-A-BIN-15,235.0 KG,20,438.58,2026-05-07,Dec 12 2026,false
SKU-00136,Rubber Gasket Set,MACHINERY_PARTS,SUP-061,wh_b,WH-B-BIN-16,57.0kilogram,25,668.33,21/07/2026,,false
SKU-00137,Cable Tie Assorted,PPE,SUP-019,LOC-012,WH-L-BIN-17,326.0,25,384.06,2026-06-27,,false
SKU-00138,,CLEANING,SUP-186,WH-I,WH-I-BIN-18,9.0kg,10,383.12,2026-06-02,,false
SKU-00139,Wooden Pallet Std,MEDICAL,SUP-015,LOC-001,WH-A-BIN-19,416.0,10,546.19,Jul 26 2026,,false
SKU-00140,Steel Shelving Unit,RAW_MATERIALS,SUP-124,LOC-018,WH-R-BIN-20,218.0 KG,,342.61,2026-06-25,,false
SKU-00141,Hand Truck,CHEMICALS,SUP-113,LOC-004,WH-D-BIN-21,479.0 KG,10,275.81,Jul 16 2026,,true
SKU-00142,,ELECTRONICS,SUP-151,LOC-003,WH-C-BIN-22,136.0kilogram,10,429.90,Jul 19 2026,,false
SKU-00143,Epoxy Resin 1L,FOOD_DRY,SUP-185,LOC-001,WH-A-BIN-23,436.0,15,252.67,26/02/2026,Sep 21 2026,false
SKU-00144,Chain Block 1T,FOOD_COLD,SUP-075,LOC-008,WH-H-BIN-24,330.0kilogram,15,62.95,2026-03-13,,false
SKU-00145,Temperature Logger,PACKAGING,SUP-127,LOC-007,WH-G-BIN-25,396.0kg,40,355.95,14/05/2026,,false
SKU-00146,Anti-Slip Tape Roll,MACHINERY_PARTS,SUP-200,wh_l,WH-L-BIN-26,169.0kilogram,30,256.45,14/03/2026,,false
SKU-00147,Welding Rod 3.2mm,PPE,SUP-027,LOC-017,WH-Q-BIN-27,197.0 KG,10,225.27,2026-06-08,,false
SKU-00148,Compressed Air Hose,CLEANING,SUP-134,LOC-005,WH-E-BIN-28,176.0 KG,15,653.47,2026-06-24,,false
SKU-00149,First Aid Refill,MEDICAL,SUP-061,LOC-002,WH-B-BIN-29,245.0,40,669.39,May 22 2026,May 12 2027,false
SKU-00150,,RAW_MATERIALS,SUP-151,LOC-009,WH-I-BIN-30,173.0,25,488.58,26/03/2026,,false
SKU-00151,Stretch Hood Film,CHEMICALS,SUP-098,Warehouse A,WH-A-BIN-31,247.0kilogram,25,426.93,2026-02-11,,true
SKU-00152,Load Cell 500kg,ELECTRONICS,SUP-196,LOC-018,WH-R-BIN-32,11.0kg,20,648.57,Mar 01 2026,,false
SKU-00153,Dock Bumpers Pair,FOOD_DRY,SUP-194,LOC-007,WH-G-BIN-33,194.0kg,,626.52,16/07/2026,,false
SKU-00154,,FOOD_COLD,SUP-142,Warehouse D,WH-D-BIN-34,389.0kg,25,428.74,13/04/2026,,false
SKU-00155,Battery Charger 24V,PACKAGING,SUP-185,whse s,WH-S-BIN-35,413.0,30,597.02,2026-05-31,,false
SKU-00156,,MACHINERY_PARTS,SUP-004,WH-E,WH-E-BIN-36,429.0kg,20,617.53,2026-05-16,,false
SKU-00157,Humidity Sensor Probe,PPE,SUP-147,LOC-011,WH-K-BIN-37,39.0 KG,,626.38,Feb 25 2026,,false
SKU-00158,Pallet Strap Tool,CLEANING,SUP-032,LOC-001,WH-A-BIN-38,311.0kg,20,15.78,2026-07-28,,false
SKU-00159,Coolant Concentrate,MEDICAL,SUP-010,LOC-015,WH-O-BIN-39,265.0,20,464.50,Jul 10 2026,,false
SKU-00160,Wheel Chock Rubber,RAW_MATERIALS,SUP-157,Warehouse I,WH-I-BIN-40,180.0,30,629.82,May 25 2026,,false
SKU-00161,Steel Bolt M8,CHEMICALS,SUP-033,LOC-016,WH-P-BIN-41,14.0,15,524.37,Jun 13 2026,27/10/2026,false
SKU-00162,Hydraulic Hose 2in,ELECTRONICS,SUP-149,LOC-015,WH-O-BIN-42,41.0kg,20,793.59,26/05/2026,,false
SKU-00163,Industrial Solvent 5L,FOOD_DRY,SUP-174,LOC-001,WH-A-BIN-43,459.0kg,0,37.70,31/05/2026,,false
SKU-00164,,FOOD_COLD,SUP-028,wh_l,WH-L-BIN-44,279.0,10,457.15,Feb 06 2026,12/02/2027,false
SKU-00165,Safety Gloves L,PACKAGING,SUP-019,WH-N,WH-N-BIN-45,238.0kg,,630.96,06/05/2026,,false
SKU-00166,Conveyor Belt Patch,MACHINERY_PARTS,SUP-167,Warehouse N,WH-N-BIN-46,260.0 KG,20,37.60,22/06/2026,06/03/2027,false
SKU-00167,Shrink Wrap Film Roll,PPE,SUP-007,wh_s,WH-S-BIN-47,331.0,10,594.15,2026-03-04,,false
SKU-00168,Label Printer Ribbon,CLEANING,SUP-056,WH-L,WH-L-BIN-48,445.0kg,25,64.60,2026-07-11,2027-07-28,false
SKU-00169,Dock Leveler Seal,MEDICAL,SUP-145,whse h,WH-H-BIN-49,314.0 KG,30,98.75,Mar 17 2026,,false
SKU-00170,LED Warehouse Light,RAW_MATERIALS,SUP-156,wh_b,WH-B-BIN-50,357.0 KG,25,669.14,16/05/2026,,false
SKU-00171,Nitrile Gloves Box,CHEMICALS,SUP-085,LOC-008,WH-H-BIN-51,429.0kilogram,15,599.05,2026-07-01,,false
SKU-00172,Pallet Jack Wheel,ELECTRONICS,SUP-188,LOC-015,WH-O-BIN-52,18.0kg,25,523.36,26/02/2026,,false
SKU-00173,Barcode Scanner,FOOD_DRY,SUP-115,LOC-008,WH-H-BIN-53,234.0kg,0,740.72,May 29 2026,,false
SKU-00174,Fire Extinguisher 4kg,FOOD_COLD,SUP-173,LOC-014,WH-N-BIN-54,9.0 KG,,96.14,2026-04-17,,false
SKU-00175,Alha Wolf Pack,PACKAGING,SUP-130,wh_n,WH-N-BIN-55,314.0,15,701.37,2026-07-27,30/11/2026,false
SKU-00176,Rubber Gasket Set,MACHINERY_PARTS,SUP-031,LOC-006,WH-F-BIN-56,154.0 KG,25,82.59,Jul 22 2026,,false
SKU-00177,Cable Tie Assorted,PPE,SUP-007,Warehouse N,WH-N-BIN-57,105.0 KG,40,735.06,13/04/2026,,false
SKU-00178,Dust Mask N95 Pack,CLEANING,SUP-033,LOC-012,WH-L-BIN-58,376.0kg,25,474.00,2026-02-23,2027-02-18,false
SKU-00179,Wooden Pallet Std,MEDICAL,SUP-185,wh_d,WH-D-BIN-59,57.0,10,328.28,2026-04-06,,false
SKU-00180,Steel Shelving Unit,RAW_MATERIALS,SUP-075,LOC-014,WH-N-BIN-60,264.0kilogram,,472.47,22/03/2026,,false
SKU-00181,Hand Truck,CHEMICALS,SUP-039,LOC-003,WH-C-BIN-61,323.0 KG,10,257.71,15/06/2026,,false
SKU-00182,Spill Kit 20L,ELECTRONICS,SUP-072,LOC-019,WH-S-BIN-62,69.0,,718.05,2026-03-04,May 22 2027,false
SKU-00183,Epoxy Resin 1L,FOOD_DRY,SUP-110,LOC-017,WH-Q-BIN-63,185.0kg,20,35.46,2026-06-07,,false
SKU-00184,Chain Block 1T,FOOD_COLD,SUP-133,wh_n,WH-N-BIN-64,314.0 KG,20,134.14,May 18 2026,,false
SKU-00185,Temperature Logger,PACKAGING,SUP-125,LOC-009,WH-I-BIN-65,134.0kilogram,25,791.07,Jul 03 2026,,false
SKU-00186,Anti-Slip Tape Roll,MACHINERY_PARTS,SUP-171,wh_h,WH-H-BIN-66,18.0,20,23.83,20/07/2026,,false
SKU-00187,,PPE,SUP-138,LOC-018,WH-R-BIN-67,1.0kilogram,21,457.79,Apr 08 2026,,false
SKU-00188,,CLEANING,SUP-033,whse q,WH-Q-BIN-68,252.0kg,0,676.11,08/04/2026,,false
SKU-00189,,MEDICAL,SUP-127,LOC-014,WH-N-BIN-69,64.0kilogram,20,94.94,01/05/2026,,false
SKU-00190,Racking Beam 2.4m,RAW_MATERIALS,SUP-191,LOC-003,WH-C-BIN-70,133.0kg,,222.33,19/02/2026,,false
SKU-00191,Stretch Hood Film,CHEMICALS,SUP-173,wh_q,WH-Q-BIN-71,57.0 KG,0,347.84,19/03/2026,,true
SKU-00192,Load Cell 500kg,ELECTRONICS,SUP-170,WH-R,WH-R-BIN-72,469.0kilogram,,198.24,02/03/2026,,false
SKU-00193,Dock Bumpers Pair,FOOD_DRY,SUP-057,wh_m,WH-M-BIN-73,120.0 KG,40,587.38,19/05/2026,,false
SKU-00194,,FOOD_COLD,SUP-051,LOC-005,WH-E-BIN-74,34.0kg,40,4.55,2026-07-13,,false
SKU-00195,Battery Charger 24V,PACKAGING,SUP-143,LOC-016,WH-P-BIN-75,126.0 KG,30,211.93,2026-04-24,03/05/2026,false
SKU-00196,Mesh Security Cage,MACHINERY_PARTS,SUP-061,LOC-019,WH-S-BIN-76,198.0kilogram,40,672.87,2026-05-17,Jan 30 2027,false
SKU-00197,Humidity Sensor Probe,PPE,SUP-126,wh-p,WH-P-BIN-77,342.0 KG,,79.03,2026-07-02,,false
SKU-00198,,CLEANING,SUP-108,LOC-010,WH-J-BIN-78,186.0 KG,,529.17,2026-05-03,09/02/2027,false
SKU-00199,Coolant Concentrate,MEDICAL,SUP-181,LOC-013,WH-M-BIN-79,416.0 KG,15,481.64,05/02/2026,,false
SKU-00200,Wheel Chock Rubber,RAW_MATERIALS,SUP-008,LOC-008,WH-H-BIN-80,157.0 KG,20,50.52,May 09 2026,,false
SKU-00201,Steel Bolt M8,CHEMICALS,SUP-173,LOC-009,WH-I-BIN-01,230.0kg,20,730.07,23/05/2026,,false
SKU-00202,Hydraulic Hose 2in,ELECTRONICS,SUP-087,wh_h,WH-H-BIN-02,29.0,40,134.90,Jun 08 2026,,false
SKU-00203,Industrial Solvent 5L,FOOD_DRY,SUP-158,Warehouse D,WH-D-BIN-03,18.0kilogram,,18.85,2026-04-24,Apr 29 2026,false
SKU-00204,,FOOD_COLD,SUP-200,whse c,WH-C-BIN-04,190.0kilogram,40,524.64,2026-03-20,,false
SKU-00205,Safety Gloves L,PACKAGING,SUP-093,whse g,WH-G-BIN-05,121.0 KG,30,574.82,May 17 2026,,false
SKU-00206,Conveyor Belt Patch,MACHINERY_PARTS,SUP-096,LOC-006,WH-F-BIN-06,231.0 KG,20,30.79,Jul 25 2026,,false
SKU-00207,Shrink Wrap Film Roll,PPE,SUP-027,LOC-017,WH-Q-BIN-07,223.0,30,242.57,Jun 02 2026,Jun 24 2026,false
SKU-00208,Label Printer Ribbon,CLEANING,SUP-009,LOC-008,WH-H-BIN-08,13.0 KG,20,689.86,Jul 11 2026,2027-01-15,false
SKU-00209,Dock Leveler Seal,MEDICAL,SUP-130,LOC-003,WH-C-BIN-09,380.0kilogram,40,484.69,22/06/2026,Jun 03 2027,false
SKU-00210,,RAW_MATERIALS,SUP-189,LOC-004,WH-D-BIN-10,425.0 KG,30,628.25,13/04/2026,,false
SKU-00211,,CHEMICALS,SUP-191,LOC-017,WH-Q-BIN-11,174.0,10,525.53,01/04/2026,,true
SKU-00212,Pallet Jack Wheel,ELECTRONICS,SUP-024,LOC-014,WH-N-BIN-12,228.0 KG,15,427.50,May 29 2026,,false
SKU-00213,Barcode Scanner,FOOD_DRY,SUP-005,wh_m,WH-M-BIN-13,392.0kg,25,88.43,03/06/2026,,false
SKU-00214,Fire Extinguisher 4kg,FOOD_COLD,SUP-007,LOC-019,WH-S-BIN-14,414.0kg,25,514.97,06/05/2026,,false
SKU-00215,PVC Pipe 50mm,PACKAGING,SUP-162,LOC-005,WH-E-BIN-15,68.0kilogram,10,475.54,2026-07-09,,false
SKU-00216,Rubber Gasket Set,MACHINERY_PARTS,SUP-104,LOC-005,WH-E-BIN-16,449.0kilogram,30,187.48,26/03/2026,,false
SKU-00217,Cable Tie Assorted,PPE,SUP-106,LOC-009,WH-I-BIN-17,399.0,20,453.12,17/04/2026,,false
SKU-00218,,CLEANING,SUP-069,Warehouse A,WH-A-BIN-18,127.0kg,40,522.30,May 09 2026,,false
SKU-00219,Wooden Pallet Std,MEDICAL,SUP-182,LOC-015,WH-O-BIN-19,283.0kg,25,737.14,Apr 13 2026,,false
SKU-00220,,RAW_MATERIALS,SUP-097,LOC-003,WH-C-BIN-20,9.0 KG,15,696.06,2026-07-01,2027-04-11,false
SKU-00221,Hand Truck,CHEMICALS,SUP-109,wh-b,WH-B-BIN-21,107.0,25,335.68,Jul 28 2026,2027-06-06,true
SKU-00222,Spill Kit 20L,ELECTRONICS,SUP-076,wh_n,WH-N-BIN-22,492.0,40,711.86,2026-03-08,,false
SKU-00223,Epoxy Resin 1L,FOOD_DRY,SUP-037,wh-f,WH-F-BIN-23,287.0,20,298.26,26/02/2026,,false
SKU-00224,Chain Block 1T,FOOD_COLD,SUP-121,LOC-009,WH-I-BIN-24,127.0kg,,682.21,2026-06-26,,false
SKU-00225,Temperature Logger,PACKAGING,SUP-135,LOC-006,WH-F-BIN-25,444.0,40,55.50,2026-07-29,Apr 27 2027,false
SKU-00226,Anti-Slip Tape Roll,MACHINERY_PARTS,SUP-180,LOC-010,WH-J-BIN-26,122.0 KG,15,50.76,Apr 02 2026,,false
SKU-00227,Welding Rod 3.2mm,PPE,SUP-041,LOC-020,WH-T-BIN-27,199.0 KG,10,13.28,11/06/2026,,false
SKU-00228,Compressed Air Hose,CLEANING,SUP-073,whse i,WH-I-BIN-28,486.0kg,0,500.35,18/04/2026,,false
SKU-00229,First Aid Refill,MEDICAL,SUP-144,wh-i,WH-I-BIN-29,348.0,30,84.18,05/06/2026,2026-07-11,false
SKU-00230,Racking Beam 2.4m,RAW_MATERIALS,SUP-046,LOC-009,WH-I-BIN-30,17.0 KG,20,265.47,01/03/2026,,false
SKU-00231,Stretch Hood Film,CHEMICALS,SUP-071,LOC-020,WH-T-BIN-31,397.0kg,0,136.14,Jun 01 2026,,false
SKU-00232,Load Cell 500kg,ELECTRONICS,SUP-158,LOC-003,WH-C-BIN-32,14.0,15,716.97,Jul 17 2026,Jul 21 2026,false
SKU-00233,Dock Bumpers Pair,FOOD_DRY,SUP-131,LOC-005,WH-E-BIN-33,245.0kg,0,608.49,30/05/2026,,false
SKU-00234,Floor Marking Paint,FOOD_COLD,SUP-101,wh_r,WH-R-BIN-34,416.0kg,25,418.54,Mar 17 2026,,false
SKU-00235,Battery Charger 24V,PACKAGING,SUP-155,LOC-003,WH-C-BIN-35,129.0kg,0,569.66,10/04/2026,,false
SKU-00236,Mesh Security Cage,MACHINERY_PARTS,SUP-114,LOC-018,WH-R-BIN-36,375.0kg,,349.46,2026-05-02,,false
SKU-00237,Humidity Sensor Probe,PPE,SUP-007,wh-f,WH-F-BIN-37,207.0 KG,0,340.41,23/02/2026,,false
SKU-00238,Pallet Strap Tool,CLEANING,SUP-049,wh_r,WH-R-BIN-38,24.0kilogram,25,421.75,29/07/2026,02/03/2027,false
SKU-00239,Coolant Concentrate,MEDICAL,SUP-080,LOC-019,WH-S-BIN-39,68.0 KG,20,12.37,May 22 2026,,false
SKU-00240,Wheel Chock Rubber,RAW_MATERIALS,SUP-166,wh_b,WH-B-BIN-40,348.0 KG,20,564.00,May 21 2026,02/05/2026,false
SKU-00241,Steel Bolt M8,CHEMICALS,SUP-147,LOC-002,WH-B-BIN-41,35.0kg,0,506.53,27/03/2026,,true
SKU-00242,Hydraulic Hose 2in,ELECTRONICS,SUP-027,whse r,WH-R-BIN-42,3.0kg,10,68.09,2026-06-30,Nov 05 2026,false
SKU-00243,Industrial Solvent 5L,FOOD_DRY,SUP-114,LOC-002,WH-B-BIN-43,7.0,40,682.36,2026-02-13,,false
SKU-00244,Forklift Battery 24V,FOOD_COLD,SUP-189,LOC-020,WH-T-BIN-44,190.0kg,10,568.03,2026-03-02,,false
SKU-00245,Safety Gloves L,PACKAGING,SUP-133,WH-L,WH-L-BIN-45,360.0,10,53.83,Mar 24 2026,,false
SKU-00246,,MACHINERY_PARTS,SUP-187,LOC-005,WH-E-BIN-46,2.0,20,328.58,Feb 18 2026,May 15 2027,false
SKU-00247,Shrink Wrap Film Roll,PPE,SUP-080,LOC-001,WH-A-BIN-47,307.0kg,20,70.70,Apr 03 2026,,false
SKU-00248,Label Printer Ribbon,CLEANING,SUP-030,wh_c,WH-C-BIN-48,113.0kg,,772.68,2026-06-17,,false
SKU-00249,,MEDICAL,SUP-056,LOC-001,WH-A-BIN-49,211.0 KG,40,754.24,12/06/2026,,false
SKU-00250,LED Warehouse Light,RAW_MATERIALS,SUP-080,LOC-005,WH-E-BIN-50,214.0kg,10,332.36,12/06/2026,2027-02-07,false
SKU-00251,,CHEMICALS,SUP-052,LOC-009,WH-I-BIN-51,171.0 KG,15,463.80,May 02 2026,Feb 27 2027,false
SKU-00252,Pallet Jack Wheel,ELECTRONICS,SUP-116,WH-Q,WH-Q-BIN-52,343.0kg,0,469.01,Jun 21 2026,,false
SKU-00253,Barcode Scanner,FOOD_DRY,SUP-146,LOC-018,WH-R-BIN-53,379.0,15,232.37,2026-05-04,,false
SKU-00254,Fire Extinguisher 4kg,FOOD_COLD,SUP-142,WH-Q,WH-Q-BIN-54,400.0kg,0,208.05,2026-04-02,,false
SKU-00255,,PACKAGING,SUP-009,LOC-009,WH-I-BIN-55,284.0,10,259.75,08/03/2026,Jun 26 2027,false
SKU-00256,,MACHINERY_PARTS,SUP-169,Warehouse M,WH-M-BIN-56,23.0 KG,30,721.02,20/06/2026,,false
SKU-00257,Cable Tie Assorted,PPE,SUP-122,LOC-014,WH-N-BIN-57,192.0kg,,246.41,02/04/2026,,false
SKU-00258,Dust Mask N95 Pack,CLEANING,SUP-048,LOC-018,WH-R-BIN-58,31.0kilogram,0,556.21,2026-04-19,,false
SKU-00259,Wooden Pallet Std,MEDICAL,SUP-063,Warehouse P,WH-P-BIN-59,390.0kilogram,20,241.54,01/06/2026,,false
SKU-00260,,RAW_MATERIALS,SUP-028,Warehouse Q,WH-Q-BIN-60,238.0kilogram,25,24.79,2026-03-21,,false
SKU-00261,Hand Truck,CHEMICALS,SUP-077,LOC-006,WH-F-BIN-61,377.0kg,30,601.98,2026-06-27,,false
SKU-00262,Spill Kit 20L,ELECTRONICS,SUP-024,LOC-002,WH-B-BIN-62,425.0 KG,20,133.94,2026-07-30,,false
SKU-00263,Epoxy Resin 1L,FOOD_DRY,SUP-052,LOC-005,WH-E-BIN-63,174.0kg,15,350.37,29/05/2026,,false
SKU-00264,Chain Block 1T,FOOD_COLD,SUP-176,LOC-005,WH-E-BIN-64,452.0kilogram,30,277.08,Apr 01 2026,Jul 10 2026,false
SKU-00265,Temperature Logger,PACKAGING,SUP-176,LOC-018,WH-R-BIN-65,377.0,25,371.86,29/05/2026,,false
SKU-00266,,MACHINERY_PARTS,SUP-100,LOC-004,WH-D-BIN-66,182.0 KG,15,718.62,Feb 08 2026,,false
SKU-00267,Welding Rod 3.2mm,PPE,SUP-153,LOC-014,WH-N-BIN-67,16.0kilogram,25,23.46,Feb 25 2026,,false
SKU-00268,Compressed Air Hose,CLEANING,SUP-197,LOC-006,WH-F-BIN-68,208.0,,601.84,2026-07-11,Jul 02 2027,false
SKU-00269,First Aid Refill,MEDICAL,SUP-036,LOC-008,WH-H-BIN-69,10.0 KG,25,523.93,2026-04-13,,false
SKU-00270,Racking Beam 2.4m,RAW_MATERIALS,SUP-073,WH-E,WH-E-BIN-70,218.0kilogram,20,764.10,15/06/2026,,false
SKU-00271,,CHEMICALS,SUP-102,wh_f,WH-F-BIN-71,284.0kg,40,586.67,13/02/2026,Aug 16 2027,false
SKU-00272,Load Cell 500kg,ELECTRONICS,SUP-042,wh_a,WH-A-BIN-72,85.0kg,20,768.02,2026-04-19,30/07/2027,false
SKU-00273,Dock Bumpers Pair,FOOD_DRY,SUP-198,LOC-014,WH-N-BIN-73,175.0kg,10,402.65,Mar 31 2026,17/04/2027,false
SKU-00274,Floor Marking Paint,FOOD_COLD,SUP-137,LOC-011,WH-K-BIN-74,77.0kg,20,308.01,08/02/2026,,false
SKU-00275,Battery Charger 24V,PACKAGING,SUP-039,LOC-003,WH-C-BIN-75,192.0 KG,10,412.89,2026-02-23,,false
SKU-00276,Mesh Security Cage,MACHINERY_PARTS,SUP-112,LOC-015,WH-O-BIN-76,257.0,10,294.95,27/02/2026,,false
SKU-00277,Humidity Sensor Probe,PPE,SUP-065,wh-l,WH-L-BIN-77,192.0kilogram,,144.63,30/04/2026,2027-01-13,false
SKU-00278,Pallet Strap Tool,CLEANING,SUP-005,WH-N,WH-N-BIN-78,186.0kg,,287.08,2026-07-21,16/07/2026,false
SKU-00279,Coolant Concentrate,MEDICAL,SUP-190,LOC-018,WH-R-BIN-79,18.0kg,25,507.07,Apr 11 2026,,false
SKU-00280,Wheel Chock Rubber,RAW_MATERIALS,SUP-089,whse i,WH-I-BIN-80,372.0,25,745.95,2026-03-18,,false
SKU-00281,Steel Bolt M8,CHEMICALS,SUP-118,LOC-019,WH-S-BIN-01,59.0 KG,10,781.52,17/02/2026,14/05/2026,false
SKU-00282,Hydraulic Hose 2in,ELECTRONICS,SUP-098,LOC-004,WH-D-BIN-02,21.0 KG,30,19.86,26/05/2026,,false
SKU-00283,,FOOD_DRY,SUP-111,LOC-003,WH-C-BIN-03,5.0 KG,10,432.25,May 29 2026,,false
SKU-00284,Forklift Battery 24V,FOOD_COLD,SUP-096,Warehouse B,WH-B-BIN-04,262.0kilogram,,551.71,2026-06-13,,false
SKU-00285,Safety Gloves L,PACKAGING,SUP-129,WH-I,WH-I-BIN-05,43.0kilogram,40,219.60,17/04/2026,,false
SKU-00286,Conveyor Belt Patch,MACHINERY_PARTS,SUP-005,WH-G,WH-G-BIN-06,232.0kg,0,632.63,Feb 18 2026,,false
SKU-00287,Shrink Wrap Film Roll,PPE,SUP-025,LOC-011,WH-K-BIN-07,6.0kg,15,583.07,Feb 25 2026,,false
SKU-00288,Label Printer Ribbon,CLEANING,SUP-151,LOC-015,WH-O-BIN-08,345.0kg,,447.01,04/05/2026,,false
SKU-00289,Dock Leveler Seal,MEDICAL,SUP-082,LOC-011,WH-K-BIN-09,441.0,,170.09,Feb 02 2026,,false
SKU-00290,LED Warehouse Light,RAW_MATERIALS,SUP-173,LOC-006,WH-F-BIN-10,150.0kilogram,25,64.73,Mar 28 2026,,false
SKU-00291,,CHEMICALS,SUP-089,WH-R,WH-R-BIN-11,126.0kg,10,601.18,06/04/2026,,false
SKU-00292,Pallet Jack Wheel,ELECTRONICS,SUP-040,LOC-001,WH-A-BIN-12,319.0 KG,30,612.42,2026-05-19,,false
SKU-00293,,FOOD_DRY,SUP-191,LOC-018,WH-R-BIN-13,140.0kilogram,25,759.16,29/06/2026,,false
SKU-00294,,FOOD_COLD,SUP-102,LOC-004,WH-D-BIN-14,128.0,15,613.97,19/04/2026,2026-11-19,false
SKU-00295,PVC Pipe 50mm,PACKAGING,SUP-105,LOC-018,WH-R-BIN-15,404.0,20,616.86,2026-02-19,,false
SKU-00296,Rubber Gasket Set,MACHINERY_PARTS,SUP-171,LOC-004,WH-D-BIN-16,344.0 KG,,314.95,Apr 18 2026,,false
SKU-00297,Cable Tie Assorted,PPE,SUP-194,Warehouse P,WH-P-BIN-17,166.0,25,143.75,2026-05-18,,false
SKU-00298,,CLEANING,SUP-137,LOC-001,WH-A-BIN-18,191.0kilogram,0,547.31,Jul 05 2026,,false
SKU-00299,Wooden Pallet Std,MEDICAL,SUP-149,whse m,WH-M-BIN-19,234.0,40,495.86,25/06/2026,,false
SKU-00300,Steel Shelving Unit,RAW_MATERIALS,SUP-159,LOC-020,WH-T-BIN-20,61.0,30,261.37,2026-05-28,,false
SKU-00301,Hand Truck,CHEMICALS,SUP-146,LOC-006,WH-F-BIN-21,261.0kilogram,40,707.04,Feb 13 2026,Jul 03 2027,true
SKU-00302,Spill Kit 20L,ELECTRONICS,SUP-050,wh_q,WH-Q-BIN-22,6.0kilogram,17,737.27,May 09 2026,,false
SKU-00303,Epoxy Resin 1L,FOOD_DRY,SUP-076,wh_e,WH-E-BIN-23,8.0,10,356.04,2026-05-30,,false
SKU-00304,Chain Block 1T,FOOD_COLD,SUP-119,LOC-006,WH-F-BIN-24,20.0,30,727.29,May 29 2026,,false
SKU-00305,Temperature Logger,PACKAGING,SUP-185,LOC-015,WH-O-BIN-25,23.0,,416.77,2026-04-01,,false
SKU-00306,Anti-Slip Tape Roll,MACHINERY_PARTS,SUP-019,LOC-013,WH-M-BIN-26,233.0,0,573.20,2026-02-25,,false
SKU-00307,Welding Rod 3.2mm,PPE,SUP-183,wh-r,WH-R-BIN-27,244.0kg,10,319.92,Jul 20 2026,,false
SKU-00308,Compressed Air Hose,CLEANING,SUP-103,LOC-012,WH-L-BIN-28,494.0,,101.00,Jun 23 2026,,false
SKU-00309,First Aid Refill,MEDICAL,SUP-195,WH-I,WH-I-BIN-29,316.0kilogram,,525.92,24/06/2026,29/03/2027,false
SKU-00310,Racking Beam 2.4m,RAW_MATERIALS,SUP-124,LOC-008,WH-H-BIN-30,11.0,15,567.85,May 29 2026,,false
SKU-00311,Stretch Hood Film,CHEMICALS,SUP-088,LOC-009,WH-I-BIN-31,372.0kilogram,20,455.45,2026-02-28,,true
SKU-00312,Load Cell 500kg,ELECTRONICS,SUP-038,LOC-005,WH-E-BIN-32,29.0kilogram,30,234.39,2026-06-20,,false
SKU-00313,Dock Bumpers Pair,FOOD_DRY,SUP-163,wh_s,WH-S-BIN-33,263.0kilogram,20,104.59,2026-02-25,Aug 20 2027,false
SKU-00314,,FOOD_COLD,SUP-099,LOC-010,WH-J-BIN-34,346.0 KG,20,120.39,Jul 27 2026,,false
SKU-00315,Battery Charger 24V,PACKAGING,SUP-094,LOC-009,WH-I-BIN-35,280.0,40,495.53,Jun 17 2026,,false
SKU-00316,Mesh Security Cage,MACHINERY_PARTS,SUP-165,wh-l,WH-L-BIN-36,320.0kg,15,692.60,2026-03-28,,false
SKU-00317,Humidity Sensor Probe,PPE,SUP-135,wh_f,WH-F-BIN-37,109.0,25,53.67,03/06/2026,,false
SKU-00318,,CLEANING,SUP-053,LOC-010,WH-J-BIN-38,96.0kg,15,520.70,30/04/2026,,false
SKU-00319,Coolant Concentrate,MEDICAL,SUP-118,whse p,WH-P-BIN-39,487.0kilogram,30,676.91,18/03/2026,2026-04-26,false
SKU-00320,Wheel Chock Rubber,RAW_MATERIALS,SUP-190,wh-h,WH-H-BIN-40,206.0kg,15,406.92,2026-05-22,2027-02-14,false
SKU-00321,Steel Bolt M8,CHEMICALS,SUP-137,LOC-018,WH-R-BIN-41,399.0kg,,46.67,Mar 07 2026,Apr 19 2026,false
SKU-00322,Hydraulic Hose 2in,ELECTRONICS,SUP-066,LOC-008,WH-H-BIN-42,4.0 KG,17,34.11,25/02/2026,,false
SKU-00323,Industrial Solvent 5L,FOOD_DRY,SUP-142,LOC-009,WH-I-BIN-43,66.0kilogram,20,725.10,27/06/2026,,false
SKU-00324,Forklift Battery 24V,FOOD_COLD,SUP-078,LOC-017,WH-Q-BIN-44,126.0kg,10,372.49,15/03/2026,,false
SKU-00325,Safety Gloves L,PACKAGING,SUP-082,whse b,WH-B-BIN-45,8.0,13,81.70,2026-03-02,,false
SKU-00326,Conveyor Belt Patch,MACHINERY_PARTS,SUP-154,LOC-007,WH-G-BIN-46,173.0,25,91.00,08/04/2026,,false
SKU-00327,Shrink Wrap Film Roll,PPE,SUP-151,LOC-007,WH-G-BIN-47,345.0kilogram,0,481.88,Mar 26 2026,Mar 26 2027,false
SKU-00328,,CLEANING,SUP-085,whse f,WH-F-BIN-48,267.0,30,694.07,28/05/2026,,false
SKU-00329,Dock Leveler Seal,MEDICAL,SUP-071,LOC-011,WH-K-BIN-49,307.0kilogram,40,391.09,May 10 2026,2026-12-01,false
SKU-00330,,RAW_MATERIALS,SUP-121,LOC-017,WH-Q-BIN-50,14.0,25,275.26,Feb 05 2026,Apr 13 2027,false
SKU-00331,Nitrile Gloves Box,CHEMICALS,SUP-047,LOC-018,WH-R-BIN-51,4.0 KG,15,257.37,2026-03-17,,false
SKU-00332,Pallet Jack Wheel,ELECTRONICS,SUP-157,LOC-010,WH-J-BIN-52,312.0kg,15,629.08,20/06/2026,20/03/2027,false
SKU-00333,Barcode Scanner,FOOD_DRY,SUP-170,whse t,WH-T-BIN-53,186.0,,631.42,2026-05-23,,false
SKU-00334,Fire Extinguisher 4kg,FOOD_COLD,SUP-068,wh_h,WH-H-BIN-54,498.0kilogram,25,581.91,May 11 2026,2027-02-16,false
SKU-00335,PVC Pipe 50mm,PACKAGING,SUP-079,wh_o,WH-O-BIN-55,308.0,25,324.46,Apr 17 2026,,false
SKU-00336,Rubber Gasket Set,MACHINERY_PARTS,SUP-166,LOC-012,WH-L-BIN-56,91.0 KG,0,163.37,Feb 11 2026,Aug 25 2027,false
SKU-00337,,PPE,SUP-076,LOC-009,WH-I-BIN-57,7.0 KG,,161.16,05/06/2026,,false
SKU-00338,Dust Mask N95 Pack,CLEANING,SUP-129,wh-t,WH-T-BIN-58,458.0kg,25,261.74,Mar 30 2026,2026-07-10,false
SKU-00339,Wooden Pallet Std,MEDICAL,SUP-121,WH-S,WH-S-BIN-59,419.0 KG,10,390.66,May 20 2026,,false
SKU-00340,Steel Shelving Unit,RAW_MATERIALS,SUP-151,wh-t,WH-T-BIN-60,21.0kilogram,25,351.62,19/05/2026,,false
SKU-00341,Hand Truck,CHEMICALS,SUP-121,wh-d,WH-D-BIN-61,470.0kg,15,332.19,Jun 22 2026,,false
SKU-00342,Spill Kit 20L,ELECTRONICS,SUP-077,LOC-019,WH-S-BIN-62,122.0kilogram,30,438.17,Feb 11 2026,,false
SKU-00343,Epoxy Resin 1L,FOOD_DRY,SUP-143,LOC-009,WH-I-BIN-63,438.0,30,616.38,2026-02-01,23/04/2026,false
SKU-00344,,FOOD_COLD,SUP-093,LOC-011,WH-K-BIN-64,248.0kilogram,0,183.69,29/04/2026,,false
SKU-00345,Temperature Logger,PACKAGING,SUP-051,LOC-011,WH-K-BIN-65,380.0kg,40,113.94,16/02/2026,,false
SKU-00346,Anti-Slip Tape Roll,MACHINERY_PARTS,SUP-110,LOC-014,WH-N-BIN-66,432.0kilogram,25,50.11,Mar 21 2026,2026-05-24,false
SKU-00347,,PPE,SUP-005,whse l,WH-L-BIN-67,243.0 KG,30,263.00,Mar 15 2026,,false
SKU-00348,Compressed Air Hose,CLEANING,SUP-073,LOC-016,WH-P-BIN-68,190.0kilogram,30,779.43,02/07/2026,,false
SKU-00349,First Aid Refill,MEDICAL,SUP-041,LOC-018,WH-R-BIN-69,282.0 KG,0,488.81,12/06/2026,,false
SKU-00350,Racking Beam 2.4m,RAW_MATERIALS,SUP-197,LOC-003,WH-C-BIN-70,240.0 KG,40,795.49,2026-06-22,,false
SKU-00351,Stretch Hood Film,CHEMICALS,SUP-019,LOC-011,WH-K-BIN-71,351.0,15,592.09,11/04/2026,,false
SKU-00352,Load Cell 500kg,ELECTRONICS,SUP-148,LOC-013,WH-M-BIN-72,23.0kg,20,342.87,May 25 2026,2027-02-11,false
SKU-00353,,FOOD_DRY,SUP-150,LOC-008,WH-H-BIN-73,413.0kilogram,40,616.40,Mar 05 2026,,false
SKU-00354,Floor Marking Paint,FOOD_COLD,SUP-184,wh-l,WH-L-BIN-74,3.0kg,16,482.33,20/07/2026,2027-05-30,false
SKU-00355,Battery Charger 24V,PACKAGING,SUP-139,LOC-005,WH-E-BIN-75,55.0 KG,20,162.96,2026-06-19,2026-12-14,false
SKU-00356,Mesh Security Cage,MACHINERY_PARTS,SUP-070,LOC-014,WH-N-BIN-76,499.0,15,100.24,2026-04-25,Apr 12 2027,false
SKU-00357,Humidity Sensor Probe,PPE,SUP-114,LOC-001,WH-A-BIN-77,400.0,,358.56,19/04/2026,2026-09-24,false
SKU-00358,Pallet Strap Tool,CLEANING,SUP-053,LOC-007,WH-G-BIN-78,214.0 KG,,406.35,Mar 04 2026,,false
SKU-00359,,MEDICAL,SUP-032,LOC-017,WH-Q-BIN-79,407.0 KG,15,288.00,10/05/2026,,false
SKU-00360,,RAW_MATERIALS,SUP-049,whse n,WH-N-BIN-80,66.0kilogram,15,91.37,05/04/2026,,false
SKU-00361,Steel Bolt M8,CHEMICALS,SUP-002,wh-a,WH-A-BIN-01,431.0 KG,25,669.55,10/04/2026,,false
SKU-00362,Hydraulic Hose 2in,ELECTRONICS,SUP-059,LOC-010,WH-J-BIN-02,63.0,40,14.65,May 21 2026,,false
SKU-00363,Industrial Solvent 5L,FOOD_DRY,SUP-012,LOC-011,WH-K-BIN-03,453.0,15,113.90,Apr 01 2026,Nov 17 2026,false
SKU-00364,Forklift Battery 24V,FOOD_COLD,SUP-016,LOC-002,WH-B-BIN-04,430.0,30,494.81,Jun 20 2026,,false
SKU-00365,Safety Gloves L,PACKAGING,SUP-045,WH-N,WH-N-BIN-05,499.0 KG,15,535.60,Apr 28 2026,,false
SKU-00366,Conveyor Belt Patch,MACHINERY_PARTS,SUP-042,WH-D,WH-D-BIN-06,274.0kg,10,673.46,21/02/2026,,false
SKU-00367,Shrink Wrap Film Roll,PPE,SUP-008,LOC-011,WH-K-BIN-07,33.0 KG,0,731.03,Jul 19 2026,11/11/2026,false
SKU-00368,Label Printer Ribbon,CLEANING,SUP-097,wh-r,WH-R-BIN-08,326.0kg,0,717.96,Jul 07 2026,24/02/2027,false
SKU-00369,Dock Leveler Seal,MEDICAL,SUP-017,LOC-014,WH-N-BIN-09,263.0 KG,10,353.45,26/02/2026,,false
SKU-00370,,RAW_MATERIALS,SUP-080,LOC-001,WH-A-BIN-10,260.0kg,,293.74,2026-02-23,,false
SKU-00371,Nitrile Gloves Box,CHEMICALS,SUP-123,LOC-004,WH-D-BIN-11,403.0,25,105.59,Jun 24 2026,2027-05-20,true
SKU-00372,,ELECTRONICS,SUP-191,LOC-003,WH-C-BIN-12,387.0 KG,10,202.04,Feb 12 2026,23/12/2026,false
SKU-00373,Barcode Scanner,FOOD_DRY,SUP-085,LOC-010,WH-J-BIN-13,256.0,40,707.10,27/06/2026,,false
SKU-00374,,FOOD_COLD,SUP-109,LOC-011,WH-K-BIN-14,2.0kg,20,506.24,10/06/2026,,false
SKU-00375,PVC Pipe 50mm,PACKAGING,SUP-004,LOC-006,WH-F-BIN-15,13.0 KG,15,11.35,29/03/2026,,false
SKU-00376,Rubber Gasket Set,MACHINERY_PARTS,SUP-089,LOC-016,WH-P-BIN-16,341.0kilogram,15,794.17,Apr 05 2026,,false
SKU-00377,,PPE,SUP-068,LOC-020,WH-T-BIN-17,9.0kilogram,30,271.21,Jun 13 2026,,false
SKU-00378,Dust Mask N95 Pack,CLEANING,SUP-088,LOC-009,WH-I-BIN-18,466.0kilogram,0,535.07,2026-05-04,,false
SKU-00379,Wooden Pallet Std,MEDICAL,SUP-068,LOC-017,WH-Q-BIN-19,420.0kilogram,10,102.73,2026-06-02,,false
SKU-00380,,RAW_MATERIALS,SUP-029,wh-o,WH-O-BIN-20,301.0 KG,10,363.15,2026-03-11,,false
SKU-00381,,CHEMICALS,SUP-130,WH-C,WH-C-BIN-21,223.0kilogram,15,115.08,2026-02-06,,true
SKU-00382,Spill Kit 20L,ELECTRONICS,SUP-051,LOC-001,WH-A-BIN-22,401.0kilogram,40,425.39,Jul 18 2026,,false
SKU-00383,,FOOD_DRY,SUP-093,LOC-018,WH-R-BIN-23,137.0kilogram,30,81.91,18/06/2026,19/11/2026,false
SKU-00384,Chain Block 1T,FOOD_COLD,SUP-058,LOC-020,WH-T-BIN-24,496.0kg,,488.51,09/06/2026,,false
SKU-00385,Temperature Logger,PACKAGING,SUP-013,LOC-009,WH-I-BIN-25,171.0 KG,25,382.28,May 09 2026,,false
SKU-00386,Anti-Slip Tape Roll,MACHINERY_PARTS,SUP-185,wh_e,WH-E-BIN-26,18.0 KG,20,476.00,2026-07-13,09/07/2027,false
SKU-00387,Welding Rod 3.2mm,PPE,SUP-194,LOC-002,WH-B-BIN-27,6.0kg,25,760.83,29/05/2026,,false
SKU-00388,Compressed Air Hose,CLEANING,SUP-041,LOC-013,WH-M-BIN-28,234.0kg,40,58.28,21/05/2026,,false
SKU-00389,First Aid Refill,MEDICAL,SUP-103,LOC-005,WH-E-BIN-29,391.0kilogram,,115.64,2026-05-21,Apr 14 2027,false
SKU-00390,Racking Beam 2.4m,RAW_MATERIALS,SUP-003,wh-k,WH-K-BIN-30,80.0kg,40,479.56,Jun 01 2026,,false
SKU-00391,Stretch Hood Film,CHEMICALS,SUP-077,LOC-015,WH-O-BIN-31,83.0 KG,0,274.42,May 22 2026,2027-09-02,false
SKU-00392,Load Cell 500kg,ELECTRONICS,SUP-098,WH-B,WH-B-BIN-32,476.0 KG,0,136.43,2026-02-03,,false
SKU-00393,Dock Bumpers Pair,FOOD_DRY,SUP-195,LOC-016,WH-P-BIN-33,135.0kilogram,20,767.87,Apr 29 2026,,false
SKU-00394,Floor Marking Paint,FOOD_COLD,SUP-171,LOC-008,WH-H-BIN-34,448.0 KG,25,692.40,May 20 2026,Oct 22 2026,false
SKU-00395,Battery Charger 24V,PACKAGING,SUP-065,LOC-009,WH-I-BIN-35,280.0,40,286.62,27/07/2026,,false
SKU-00396,Mesh Security Cage,MACHINERY_PARTS,SUP-183,LOC-004,WH-D-BIN-36,268.0kg,0,533.17,04/07/2026,,false
SKU-00397,Humidity Sensor Probe,PPE,SUP-144,LOC-016,WH-P-BIN-37,448.0kg,30,534.71,Jul 20 2026,,false
SKU-00398,Pallet Strap Tool,CLEANING,SUP-028,LOC-020,WH-T-BIN-38,449.0kilogram,30,95.74,May 30 2026,,false
SKU-00399,Coolant Concentrate,MEDICAL,SUP-149,LOC-012,WH-L-BIN-39,383.0kg,,595.96,03/05/2026,,false
SKU-00400,Wheel Chock Rubber,RAW_MATERIALS,SUP-118,LOC-015,WH-O-BIN-40,462.0,30,503.24,Apr 11 2026,,false
SKU-00401,Steel Bolt M8,CHEMICALS,SUP-056,LOC-001,WH-A-BIN-41,112.0 KG,30,641.91,05/04/2026,,false
SKU-00402,Hydraulic Hose 2in,ELECTRONICS,SUP-092,wh_i,WH-I-BIN-42,369.0kilogram,0,627.40,May 08 2026,15/04/2027,false
SKU-00403,,FOOD_DRY,SUP-179,LOC-015,WH-O-BIN-43,154.0 KG,,691.06,2026-02-15,,false
SKU-00404,Forklift Battery 24V,FOOD_COLD,SUP-190,LOC-011,WH-K-BIN-44,405.0kg,25,685.60,06/05/2026,,false
SKU-00405,,PACKAGING,SUP-158,LOC-012,WH-L-BIN-45,398.0kg,30,246.06,07/07/2026,,false
SKU-00406,Conveyor Belt Patch,MACHINERY_PARTS,SUP-081,LOC-013,WH-M-BIN-46,274.0 KG,30,389.38,2026-05-05,Aug 27 2027,false
SKU-00407,,PPE,SUP-093,LOC-015,WH-O-BIN-47,101.0 KG,0,249.80,23/03/2026,Jun 23 2027,false
SKU-00408,Label Printer Ribbon,CLEANING,SUP-076,wh-r,WH-R-BIN-48,306.0 KG,0,160.50,07/07/2026,,false
SKU-00409,Dock Leveler Seal,MEDICAL,SUP-170,wh_t,WH-T-BIN-49,456.0,25,318.61,2026-04-23,,false
SKU-00410,LED Warehouse Light,RAW_MATERIALS,SUP-189,LOC-004,WH-D-BIN-50,468.0 KG,,67.60,03/06/2026,,false
SKU-00411,Nitrile Gloves Box,CHEMICALS,SUP-011,wh_o,WH-O-BIN-51,5.0kg,15,666.93,04/06/2026,Jul 02 2026,true
SKU-00412,,ELECTRONICS,SUP-113,LOC-008,WH-H-BIN-52,435.0kilogram,,771.74,Feb 24 2026,Jun 29 2026,false
SKU-00413,Barcode Scanner,FOOD_DRY,SUP-113,LOC-016,WH-P-BIN-53,304.0,25,678.63,Mar 04 2026,,false
SKU-00414,,FOOD_COLD,SUP-161,LOC-013,WH-M-BIN-54,474.0kg,30,637.84,28/04/2026,,false
SKU-00415,PVC Pipe 50mm,PACKAGING,SUP-111,LOC-009,WH-I-BIN-55,206.0kilogram,20,286.95,2026-02-03,,false
SKU-00416,Rubber Gasket Set,MACHINERY_PARTS,SUP-083,WH-E,WH-E-BIN-56,443.0kg,0,104.75,2026-03-23,,false
SKU-00417,Cable Tie Assorted,PPE,SUP-138,LOC-016,WH-P-BIN-57,73.0kg,,574.62,Feb 15 2026,,false
SKU-00418,Dust Mask N95 Pack,CLEANING,SUP-058,LOC-018,WH-R-BIN-58,157.0 KG,25,351.42,01/03/2026,May 12 2026,false
SKU-00419,Wooden Pallet Std,MEDICAL,SUP-017,LOC-014,WH-N-BIN-59,31.0kilogram,15,382.35,2026-06-23,2027-02-23,false
SKU-00420,Steel Shelving Unit,RAW_MATERIALS,SUP-175,LOC-003,WH-C-BIN-60,53.0,20,717.43,Jul 23 2026,,false
SKU-00421,,CHEMICALS,SUP-126,LOC-020,WH-T-BIN-61,380.0 KG,25,530.12,12/05/2026,,false
SKU-00422,Spill Kit 20L,ELECTRONICS,SUP-085,wh_j,WH-J-BIN-62,311.0 KG,15,613.51,2026-02-06,,false
SKU-00423,Epoxy Resin 1L,FOOD_DRY,SUP-081,wh_s,WH-S-BIN-63,23.0,0,287.96,2026-06-30,Apr 25 2026,false
SKU-00424,,FOOD_COLD,SUP-158,Warehouse C,WH-C-BIN-64,291.0kilogram,10,619.44,Jun 15 2026,2027-07-03,false
SKU-00425,Temperature Logger,PACKAGING,SUP-008,WH-F,WH-F-BIN-65,495.0kilogram,40,460.05,2026-02-05,2027-03-24,false
SKU-00426,Anti-Slip Tape Roll,MACHINERY_PARTS,SUP-105,Warehouse M,WH-M-BIN-66,376.0kg,25,285.42,11/04/2026,Feb 05 2027,false
SKU-00427,Welding Rod 3.2mm,PPE,SUP-128,wh_i,WH-I-BIN-67,114.0kg,10,518.49,2026-07-10,,false
SKU-00428,Compressed Air Hose,CLEANING,SUP-116,LOC-011,WH-K-BIN-68,68.0kg,0,50.60,Mar 10 2026,2026-05-14,false
SKU-00429,,MEDICAL,SUP-175,Warehouse B,WH-B-BIN-69,17.0kg,20,309.03,23/07/2026,Jun 19 2026,false
SKU-00430,Racking Beam 2.4m,RAW_MATERIALS,SUP-145,whse s,WH-S-BIN-70,6.0,20,147.07,05/06/2026,,false
SKU-00431,Stretch Hood Film,CHEMICALS,SUP-025,whse l,WH-L-BIN-71,369.0 KG,0,713.37,15/06/2026,,false
SKU-00432,Load Cell 500kg,ELECTRONICS,SUP-008,whse o,WH-O-BIN-72,39.0 KG,30,97.99,2026-05-12,,false
SKU-00433,Dock Bumpers Pair,FOOD_DRY,SUP-028,whse j,WH-J-BIN-73,17.0kg,20,483.60,Feb 24 2026,06/12/2026,false
SKU-00434,Floor Marking Paint,FOOD_COLD,SUP-117,LOC-011,WH-K-BIN-74,300.0 KG,40,535.63,14/07/2026,,false
SKU-00435,Battery Charger 24V,PACKAGING,SUP-064,LOC-011,WH-K-BIN-75,92.0,20,35.19,15/07/2026,2027-03-24,false
SKU-00436,Mesh Security Cage,MACHINERY_PARTS,SUP-169,LOC-016,WH-P-BIN-76,406.0kg,40,531.48,09/05/2026,,false
SKU-00437,Humidity Sensor Probe,PPE,SUP-145,LOC-017,WH-Q-BIN-77,379.0kg,30,162.34,2026-05-09,,false
SKU-00438,Pallet Strap Tool,CLEANING,SUP-115,LOC-005,WH-E-BIN-78,121.0 KG,,302.90,27/03/2026,,false
SKU-00439,Coolant Concentrate,MEDICAL,SUP-126,LOC-001,WH-A-BIN-79,184.0kilogram,10,629.52,18/05/2026,,false
SKU-00440,,RAW_MATERIALS,SUP-136,WH-B,WH-B-BIN-80,2.0kg,,457.88,Jun 16 2026,,false
SKU-00441,Steel Bolt M8,CHEMICALS,SUP-190,whse k,WH-K-BIN-01,5.0,10,431.14,Feb 05 2026,,false
SKU-00442,,ELECTRONICS,SUP-135,LOC-017,WH-Q-BIN-02,111.0kilogram,0,80.72,2026-06-13,17/12/2026,false
SKU-00443,Industrial Solvent 5L,FOOD_DRY,SUP-183,LOC-008,WH-H-BIN-03,57.0kilogram,20,491.19,Jul 19 2026,,false
SKU-00444,Forklift Battery 24V,FOOD_COLD,SUP-053,whse m,WH-M-BIN-04,79.0,40,528.36,07/05/2026,30/06/2026,false
SKU-00445,Safety Gloves L,PACKAGING,SUP-100,LOC-006,WH-F-BIN-05,136.0 KG,0,479.80,21/02/2026,10/11/2026,false
SKU-00446,,MACHINERY_PARTS,SUP-109,LOC-009,WH-I-BIN-06,312.0kilogram,40,752.34,2026-02-13,,false
SKU-00447,,PPE,SUP-105,wh-i,WH-I-BIN-07,25.0kg,40,721.06,Mar 28 2026,,false
SKU-00448,,CLEANING,SUP-154,LOC-009,WH-I-BIN-08,340.0,10,360.40,2026-02-11,23/04/2026,false
SKU-00449,Dock Leveler Seal,MEDICAL,SUP-019,whse h,WH-H-BIN-09,32.0kilogram,40,263.25,May 26 2026,May 23 2026,false
SKU-00450,,RAW_MATERIALS,SUP-073,wh_m,WH-M-BIN-10,166.0 KG,30,317.14,2026-06-09,Oct 30 2026,false
SKU-00451,Nitrile Gloves Box,CHEMICALS,SUP-143,LOC-003,WH-C-BIN-11,274.0kg,,89.26,2026-06-02,May 02 2027,true
SKU-00452,Pallet Jack Wheel,ELECTRONICS,SUP-048,LOC-013,WH-M-BIN-12,410.0,10,493.03,Apr 09 2026,Jun 05 2026,false
SKU-00453,Barcode Scanner,FOOD_DRY,SUP-114,wh-e,WH-E-BIN-13,17.0kg,30,580.48,19/07/2026,2026-12-15,false
SKU-00454,Fire Extinguisher 4kg,FOOD_COLD,SUP-004,LOC-019,WH-S-BIN-14,194.0,15,162.12,2026-02-16,2027-04-23,false
SKU-00455,PVC Pipe 50mm,PACKAGING,SUP-101,wh_b,WH-B-BIN-15,98.0kilogram,25,157.08,2026-02-12,2027-07-17,false
SKU-00456,Rubber Gasket Set,MACHINERY_PARTS,SUP-007,LOC-015,WH-O-BIN-16,4.0,29,116.40,May 10 2026,,false
SKU-00457,Cable Tie Assorted,PPE,SUP-029,wh-b,WH-B-BIN-17,53.0 KG,40,137.59,09/05/2026,,false
SKU-00458,Dust Mask N95 Pack,CLEANING,SUP-010,LOC-012,WH-L-BIN-18,4.0kilogram,15,451.04,22/04/2026,30/07/2026,false
SKU-00459,Wooden Pallet Std,MEDICAL,SUP-031,LOC-019,WH-S-BIN-19,134.0 KG,0,60.99,14/02/2026,22/05/2026,false
SKU-00460,Steel Shelving Unit,RAW_MATERIALS,SUP-147,LOC-016,WH-P-BIN-20,217.0 KG,40,598.96,Feb 06 2026,,false
SKU-00461,,CHEMICALS,SUP-157,wh_p,WH-P-BIN-21,196.0kg,20,719.06,2026-04-05,,false
SKU-00462,Spill Kit 20L,ELECTRONICS,SUP-058,wh-l,WH-L-BIN-22,166.0kilogram,15,799.31,19/06/2026,,false
SKU-00463,,FOOD_DRY,SUP-190,LOC-012,WH-L-BIN-23,241.0kg,10,569.13,Mar 14 2026,,false
SKU-00464,Chain Block 1T,FOOD_COLD,SUP-103,whse h,WH-H-BIN-24,450.0 KG,15,707.13,Apr 04 2026,,false
SKU-00465,Temperature Logger,PACKAGING,SUP-114,LOC-015,WH-O-BIN-25,257.0kg,25,579.20,Jun 08 2026,,false
SKU-00466,Anti-Slip Tape Roll,MACHINERY_PARTS,SUP-056,WH-H,WH-H-BIN-26,117.0,40,627.73,28/04/2026,,false
SKU-00467,,PPE,SUP-141,WH-O,WH-O-BIN-27,411.0kilogram,0,315.48,Apr 01 2026,,false
SKU-00468,Compressed Air Hose,CLEANING,SUP-139,LOC-004,WH-D-BIN-28,251.0 KG,40,499.63,Jul 17 2026,,false
SKU-00469,First Aid Refill,MEDICAL,SUP-056,LOC-007,WH-G-BIN-29,302.0,20,346.56,Apr 08 2026,,false
SKU-00470,Racking Beam 2.4m,RAW_MATERIALS,SUP-178,LOC-001,WH-A-BIN-30,217.0kg,15,451.56,21/06/2026,,false
SKU-00471,,CHEMICALS,SUP-148,LOC-013,WH-M-BIN-31,7.0 KG,20,106.18,Mar 28 2026,,true
SKU-00472,,ELECTRONICS,SUP-136,LOC-020,WH-T-BIN-32,341.0 KG,40,70.43,Jul 28 2026,,false
SKU-00473,Dock Bumpers Pair,FOOD_DRY,SUP-085,LOC-002,WH-B-BIN-33,66.0,0,766.45,May 13 2026,15/11/2026,false
SKU-00474,Floor Marking Paint,FOOD_COLD,SUP-093,LOC-003,WH-C-BIN-34,485.0,30,272.22,Jun 16 2026,,false
SKU-00475,Battery Charger 24V,PACKAGING,SUP-078,LOC-010,WH-J-BIN-35,430.0 KG,10,96.52,Feb 22 2026,Mar 30 2027,false
SKU-00476,Mesh Security Cage,MACHINERY_PARTS,SUP-041,WH-N,WH-N-BIN-36,302.0 KG,30,678.70,May 28 2026,,false
SKU-00477,Humidity Sensor Probe,PPE,SUP-170,LOC-004,WH-D-BIN-37,485.0kg,15,379.30,2026-03-30,13/03/2027,false
SKU-00478,Pallet Strap Tool,CLEANING,SUP-197,whse f,WH-F-BIN-38,320.0kg,,468.74,2026-06-14,,false
SKU-00479,Coolant Concentrate,MEDICAL,SUP-006,LOC-015,WH-O-BIN-39,363.0kilogram,25,709.42,2026-07-13,,false
SKU-00480,Wheel Chock Rubber,RAW_MATERIALS,SUP-035,LOC-006,WH-F-BIN-40,173.0 KG,30,159.31,2026-02-18,Aug 07 2027,false
SKU-00481,Steel Bolt M8,CHEMICALS,SUP-075,wh-k,WH-K-BIN-41,425.0kilogram,40,639.86,2026-07-26,,false
SKU-00482,Hydraulic Hose 2in,ELECTRONICS,SUP-107,LOC-019,WH-S-BIN-42,206.0kilogram,15,417.30,24/07/2026,,false
SKU-00483,Industrial Solvent 5L,FOOD_DRY,SUP-082,wh_p,WH-P-BIN-43,46.0kilogram,15,796.93,05/05/2026,,false
SKU-00484,Forklift Battery 24V,FOOD_COLD,SUP-070,LOC-002,WH-B-BIN-44,408.0kg,40,27.04,Feb 21 2026,,false
SKU-00485,Safety Gloves L,PACKAGING,SUP-189,whse a,WH-A-BIN-45,47.0,30,30.71,08/02/2026,,false
SKU-00486,Conveyor Belt Patch,MACHINERY_PARTS,SUP-179,wh_i,WH-I-BIN-46,191.0,25,340.76,04/05/2026,,false
SKU-00487,Shrink Wrap Film Roll,PPE,SUP-089,LOC-005,WH-E-BIN-47,153.0 KG,40,730.86,2026-02-09,,false
SKU-00488,Label Printer Ribbon,CLEANING,SUP-171,wh-c,WH-C-BIN-48,461.0kilogram,20,645.37,03/07/2026,,false
SKU-00489,Dock Leveler Seal,MEDICAL,SUP-020,LOC-008,WH-H-BIN-49,10.0,15,691.22,Jul 28 2026,,false
SKU-00490,,RAW_MATERIALS,SUP-189,LOC-001,WH-A-BIN-50,194.0,0,126.68,Feb 20 2026,,false
SKU-00491,Nitrile Gloves Box,CHEMICALS,SUP-162,LOC-015,WH-O-BIN-51,189.0 KG,0,112.69,2026-07-10,25/08/2027,true
SKU-00492,Pallet Jack Wheel,ELECTRONICS,SUP-001,LOC-003,WH-C-BIN-52,425.0 KG,25,310.75,Feb 20 2026,,false
SKU-00493,Barcode Scanner,FOOD_DRY,SUP-050,wh-q,WH-Q-BIN-53,16.0,25,585.79,Mar 01 2026,2027-01-24,false
SKU-00494,Fire Extinguisher 4kg,FOOD_COLD,SUP-114,LOC-002,WH-B-BIN-54,3.0 KG,15,702.78,05/03/2026,,false
SKU-00495,PVC Pipe 50mm,PACKAGING,SUP-180,LOC-007,WH-G-BIN-55,379.0kg,10,605.52,Jun 02 2026,,false
SKU-00496,Rubber Gasket Set,MACHINERY_PARTS,SUP-102,wh_f,WH-F-BIN-56,448.0 KG,40,229.75,2026-04-12,,false
SKU-00497,Cable Tie Assorted,PPE,SUP-089,LOC-009,WH-I-BIN-57,143.0kilogram,40,202.83,Jun 19 2026,,false
SKU-00498,Dust Mask N95 Pack,CLEANING,SUP-016,whse c,WH-C-BIN-58,272.0,10,654.53,10/07/2026,,false
SKU-00499,,MEDICAL,SUP-004,WH-O,WH-O-BIN-59,38.0kg,40,559.06,Feb 25 2026,,false
SKU-00500,Steel Shelving Unit,RAW_MATERIALS,SUP-146,LOC-003,WH-C-BIN-60,392.0kg,20,385.40,2026-03-25,,false
SKU-00001,Hand Truck,CHEMICALS,SUP-196,LOC-010,WH-J-BIN-61,180.0 KG,25,36.07,2026-05-01,2026-11-25,false
SKU-00002,Spill Kit 20L,ELECTRONICS,SUP-084,Warehouse O,WH-O-BIN-62,453.0 KG,0,372.59,2026-06-21,,false
SKU-00003,,FOOD_DRY,SUP-189,LOC-005,WH-E-BIN-63,217.0kg,,631.04,Apr 24 2026,2026-07-13,false
SKU-00004,Chain Block 1T,FOOD_COLD,SUP-103,LOC-005,WH-E-BIN-64,27.0kilogram,20,122.53,13/06/2026,,false
SKU-00005,Temperature Logger,PACKAGING,SUP-025,wh-g,WH-G-BIN-65,220.0kg,,315.00,2026-05-14,May 11 2027,false
SKU-00006,Anti-Slip Tape Roll,MACHINERY_PARTS,SUP-072,LOC-018,WH-R-BIN-66,117.0kilogram,15,757.97,2026-06-20,,false
SKU-00007,Welding Rod 3.2mm,PPE,SUP-171,LOC-016,WH-P-BIN-67,200.0 KG,10,565.41,Feb 25 2026,Jun 19 2026,false
SKU-00008,Compressed Air Hose,CLEANING,SUP-037,LOC-010,WH-J-BIN-68,285.0,15,12.35,2026-05-13,,false
SKU-00009,First Aid Refill,MEDICAL,SUP-087,wh_f,WH-F-BIN-69,179.0 KG,,424.65,May 04 2026,Nov 04 2026,false
SKU-00010,Racking Beam 2.4m,RAW_MATERIALS,SUP-177,LOC-012,WH-L-BIN-70,85.0,,297.27,May 28 2026,2027-04-15,false
SKU-00011,Stretch Hood Film,CHEMICALS,SUP-084,LOC-007,WH-G-BIN-71,139.0,40,721.67,31/03/2026,,false
SKU-00012,Load Cell 500kg,ELECTRONICS,SUP-088,LOC-018,WH-R-BIN-72,426.0kg,30,625.71,06/03/2026,Feb 10 2027,false
SKU-00013,Dock Bumpers Pair,FOOD_DRY,SUP-182,LOC-008,WH-H-BIN-73,332.0 KG,30,376.86,Jul 26 2026,,false
SKU-00014,Floor Marking Paint,FOOD_COLD,SUP-131,LOC-011,WH-K-BIN-74,216.0 KG,10,371.23,2026-05-23,2027-05-08,false
SKU-00015,Battery Charger 24V,PACKAGING,SUP-116,wh_c,WH-C-BIN-75,9.0kilogram,,622.65,2026-03-31,,false
SKU-00016,Mesh Security Cage,MACHINERY_PARTS,SUP-058,wh_h,WH-H-BIN-76,21.0 KG,40,118.60,2026-05-22,,false
SKU-00017,Humidity Sensor Probe,PPE,SUP-125,LOC-011,WH-K-BIN-77,329.0 KG,20,152.18,28/02/2026,,false
SKU-00018,Pallet Strap Tool,CLEANING,SUP-031,Warehouse T,WH-T-BIN-78,7.0kilogram,20,200.08,25/04/2026,,false
SKU-00019,Coolant Concentrate,MEDICAL,SUP-180,whse n,WH-N-BIN-79,5.0kg,16,515.90,2026-04-14,Jul 29 2027,false
SKU-00020,Wheel Chock Rubber,RAW_MATERIALS,SUP-095,LOC-003,WH-C-BIN-80,417.0 KG,,445.10,2026-02-28,,false
SKU-00021,Steel Bolt M8,CHEMICALS,SUP-195,wh_o,WH-O-BIN-01,75.0 KG,20,363.76,2026-06-19,2027-07-06,false
SKU-00022,Hydraulic Hose 2in,ELECTRONICS,SUP-005,LOC-011,WH-K-BIN-02,46.0kg,10,253.58,Apr 25 2026,,false
SKU-00023,Industrial Solvent 5L,FOOD_DRY,SUP-007,LOC-018,WH-R-BIN-03,242.0,40,669.19,Jul 22 2026,,false
SKU-00024,Forklift Battery 24V,FOOD_COLD,SUP-083,wh-j,WH-J-BIN-04,407.0 KG,30,571.50,25/03/2026,Sep 01 2027,false
SKU-00025,Safety Gloves L,PACKAGING,SUP-018,Warehouse C,WH-C-BIN-05,3.0 KG,15,777.91,05/05/2026,2027-03-02,false
SKU-00026,Conveyor Belt Patch,MACHINERY_PARTS,SUP-106,LOC-003,WH-C-BIN-06,13.0kilogram,,514.17,Apr 20 2026,,false
SKU-00027,Shrink Wrap Film Roll,PPE,SUP-141,whse e,WH-E-BIN-07,65.0kilogram,0,183.46,16/07/2026,Jan 10 2027,false
SKU-00028,Label Printer Ribbon,CLEANING,SUP-007,LOC-018,WH-R-BIN-08,349.0,10,607.31,21/06/2026,20/12/2026,false
SKU-00029,,MEDICAL,SUP-129,WH-E,WH-E-BIN-09,185.0 KG,20,409.18,May 17 2026,,false
SKU-00030,LED Warehouse Light,RAW_MATERIALS,SUP-007,LOC-016,WH-P-BIN-10,385.0,40,30.73,Jun 02 2026,Jun 27 2027,false
SKU-00031,Nitrile Gloves Box,CHEMICALS,SUP-126,wh_s,WH-S-BIN-11,198.0,10,719.07,Jun 18 2026,,true
SKU-00032,Pallet Jack Wheel,ELECTRONICS,SUP-138,LOC-005,WH-E-BIN-12,488.0 KG,10,300.69,Apr 22 2026,,false
SKU-00033,,FOOD_DRY,SUP-052,wh-f,WH-F-BIN-13,331.0kilogram,0,315.32,Feb 14 2026,,false
SKU-00034,Fire Extinguisher 4kg,FOOD_COLD,SUP-116,LOC-010,WH-J-BIN-14,248.0 KG,10,325.74,13/06/2026,,false
SKU-00035,PVC Pipe 50mm,PACKAGING,SUP-011,WH-D,WH-D-BIN-15,7.0kilogram,25,598.32,Feb 04 2026,,false
SKU-00036,Rubber Gasket Set,MACHINERY_PARTS,SUP-152,LOC-007,WH-G-BIN-16,175.0kilogram,0,185.39,May 27 2026,May 11 2026,false
SKU-00037,Cable Tie Assorted,PPE,SUP-131,Warehouse G,WH-G-BIN-17,3.0,,312.08,2026-05-08,2027-09-02,false
SKU-00038,,CLEANING,SUP-101,LOC-015,WH-O-BIN-18,16.0,30,636.41,2026-02-10,,false
SKU-00039,,MEDICAL,SUP-020,wh_h,WH-H-BIN-19,74.0,,686.02,May 21 2026,,false
SKU-00040,Steel Shelving Unit,RAW_MATERIALS,SUP-078,LOC-001,WH-A-BIN-20,215.0,25,517.33,Apr 13 2026,,false
SKU-00041,Hand Truck,CHEMICALS,SUP-020,LOC-012,WH-L-BIN-21,233.0kilogram,20,243.04,24/05/2026,Oct 30 2026,false
SKU-00042,Spill Kit 20L,ELECTRONICS,SUP-031,LOC-007,WH-G-BIN-22,401.0,,745.77,16/06/2026,,false
SKU-00043,Epoxy Resin 1L,FOOD_DRY,SUP-029,LOC-001,WH-A-BIN-23,391.0 KG,10,20.00,2026-03-08,,false
SKU-00044,Chain Block 1T,FOOD_COLD,SUP-017,LOC-016,WH-P-BIN-24,5.0kg,,31.65,2026-04-11,,false
SKU-00045,Temperature Logger,PACKAGING,SUP-106,wh_o,WH-O-BIN-25,26.0 KG,15,767.62,May 20 2026,22/07/2026,false
SKU-00046,Anti-Slip Tape Roll,MACHINERY_PARTS,SUP-185,LOC-010,WH-J-BIN-26,123.0kg,25,770.63,2026-06-12,Jun 26 2026,false
SKU-00047,Welding Rod 3.2mm,PPE,SUP-177,LOC-008,WH-H-BIN-27,21.0,25,668.64,2026-04-10,19/05/2026,false
SKU-00048,Compressed Air Hose,CLEANING,SUP-180,LOC-018,WH-R-BIN-28,425.0,25,72.56,27/04/2026,Mar 04 2027,false
SKU-00049,First Aid Refill,MEDICAL,SUP-121,LOC-015,WH-O-BIN-29,103.0 KG,30,433.53,2026-05-09,,false
SKU-00050,Racking Beam 2.4m,RAW_MATERIALS,SUP-105,LOC-012,WH-L-BIN-30,317.0 KG,15,235.37,2026-02-08,,false
SKU-00051,Stretch Hood Film,CHEMICALS,SUP-173,LOC-016,WH-P-BIN-31,228.0kilogram,30,708.05,06/05/2026,,false
SKU-00052,,ELECTRONICS,SUP-116,LOC-015,WH-O-BIN-32,296.0,,734.80,Feb 20 2026,2027-05-16,false
SKU-00053,Dock Bumpers Pair,FOOD_DRY,SUP-154,WH-E,WH-E-BIN-33,296.0kg,20,459.81,08/06/2026,,false
SKU-00054,Floor Marking Paint,FOOD_COLD,SUP-021,WH-M,WH-M-BIN-34,234.0 KG,0,416.62,05/03/2026,,false
SKU-00055,Battery Charger 24V,PACKAGING,SUP-066,WH-A,WH-A-BIN-35,360.0kg,30,392.37,08/05/2026,,false
SKU-00056,Mesh Security Cage,MACHINERY_PARTS,SUP-141,whse l,WH-L-BIN-36,287.0kg,25,600.36,04/02/2026,,false
SKU-00057,Humidity Sensor Probe,PPE,SUP-058,LOC-004,WH-D-BIN-37,349.0kilogram,40,152.29,30/07/2026,,false
SKU-00058,Pallet Strap Tool,CLEANING,SUP-028,WH-Q,WH-Q-BIN-38,93.0,25,605.13,2026-05-14,,false
SKU-00059,Coolant Concentrate,MEDICAL,SUP-139,wh-g,WH-G-BIN-39,69.0,40,98.62,13/06/2026,28/01/2027,false
SKU-00060,Wheel Chock Rubber,RAW_MATERIALS,SUP-018,LOC-003,WH-C-BIN-40,251.0 KG,20,323.59,02/02/2026,,false
SKU-00061,Steel Bolt M8,CHEMICALS,SUP-077,LOC-020,WH-T-BIN-41,218.0kg,20,735.81,Feb 18 2026,,false
SKU-00062,Hydraulic Hose 2in,ELECTRONICS,SUP-174,LOC-002,WH-B-BIN-42,36.0,25,379.93,23/04/2026,,false
SKU-00063,Industrial Solvent 5L,FOOD_DRY,SUP-198,LOC-018,WH-R-BIN-43,236.0kilogram,10,777.15,Mar 27 2026,,false
SKU-00064,Forklift Battery 24V,FOOD_COLD,SUP-098,LOC-001,WH-A-BIN-44,269.0kilogram,10,68.21,2026-02-19,,false
SKU-00065,Safety Gloves L,PACKAGING,SUP-117,LOC-004,WH-D-BIN-45,403.0kg,25,259.65,Mar 11 2026,,false
SKU-00066,Conveyor Belt Patch,MACHINERY_PARTS,SUP-056,LOC-015,WH-O-BIN-46,22.0,30,625.11,Mar 23 2026,,false
SKU-00067,Shrink Wrap Film Roll,PPE,SUP-018,WH-O,WH-O-BIN-47,112.0,30,740.13,13/02/2026,,false
SKU-00068,Label Printer Ribbon,CLEANING,SUP-065,LOC-002,WH-B-BIN-48,80.0kilogram,30,236.12,2026-06-19,,false
SKU-00069,Dock Leveler Seal,MEDICAL,SUP-075,LOC-002,WH-B-BIN-49,189.0kg,30,63.30,2026-03-29,,false
SKU-00070,LED Warehouse Light,RAW_MATERIALS,SUP-064,Warehouse P,WH-P-BIN-50,218.0kg,10,618.43,2026-07-19,,false
SKU-00071,Nitrile Gloves Box,CHEMICALS,SUP-047,LOC-010,WH-J-BIN-51,194.0 KG,15,571.63,01/02/2026,,false
SKU-00072,Pallet Jack Wheel,ELECTRONICS,SUP-026,LOC-004,WH-D-BIN-52,10.0,15,294.61,2026-02-02,,false
SKU-00073,,FOOD_DRY,SUP-006,wh-n,WH-N-BIN-53,288.0kilogram,40,336.06,Jul 22 2026,,false
SKU-00074,Fire Extinguisher 4kg,FOOD_COLD,SUP-112,LOC-009,WH-I-BIN-54,379.0 KG,30,702.47,2026-02-10,2026-06-27,false
SKU-00075,PVC Pipe 50mm,PACKAGING,SUP-122,wh_l,WH-L-BIN-55,279.0kg,25,98.57,Jun 19 2026,,false
SKU-00076,Rubber Gasket Set,MACHINERY_PARTS,SUP-147,LOC-003,WH-C-BIN-56,11.0kilogram,15,211.88,2026-07-13,,false
SKU-00077,Cable Tie Assorted,PPE,SUP-150,LOC-006,WH-F-BIN-57,79.0kg,25,597.82,2026-04-21,Nov 06 2026,false
SKU-00078,,CLEANING,SUP-096,LOC-001,WH-A-BIN-58,281.0 KG,10,425.35,2026-05-14,,false
SKU-00079,Wooden Pallet Std,MEDICAL,SUP-082,LOC-005,WH-E-BIN-59,460.0kilogram,15,383.66,Jun 06 2026,,false
SKU-00080,,RAW_MATERIALS,SUP-045,LOC-004,WH-D-BIN-60,303.0kilogram,25,118.60,2026-06-28,,false
SKU-00081,Hand Truck,CHEMICALS,SUP-038,LOC-017,WH-Q-BIN-61,2.0kg,28,331.98,Feb 20 2026,,true
SKU-00082,Spill Kit 20L,ELECTRONICS,SUP-068,LOC-008,WH-H-BIN-62,50.0 KG,25,624.94,Jul 23 2026,19/06/2026,false
SKU-00083,Epoxy Resin 1L,FOOD_DRY,SUP-172,LOC-007,WH-G-BIN-63,496.0kg,40,181.33,2026-06-28,,false
SKU-00084,Chain Block 1T,FOOD_COLD,SUP-158,Warehouse P,WH-P-BIN-64,280.0kg,0,127.51,27/02/2026,,false
SKU-00085,Temperature Logger,PACKAGING,SUP-074,LOC-017,WH-Q-BIN-65,20.0kg,25,450.23,2026-06-23,Jul 22 2026,false
SKU-00086,Anti-Slip Tape Roll,MACHINERY_PARTS,SUP-095,LOC-002,WH-B-BIN-66,221.0kg,20,274.50,Mar 15 2026,,false
SKU-00087,Welding Rod 3.2mm,PPE,SUP-084,Warehouse T,WH-T-BIN-67,457.0 KG,20,697.18,Feb 04 2026,,false
SKU-00088,,CLEANING,SUP-178,LOC-019,WH-S-BIN-68,492.0 KG,30,111.54,2026-05-05,,false
SKU-00089,,MEDICAL,SUP-178,wh-c,WH-C-BIN-69,195.0kilogram,25,216.03,22/05/2026,18/07/2027,false
SKU-00090,Racking Beam 2.4m,RAW_MATERIALS,SUP-153,wh-j,WH-J-BIN-70,136.0kg,,453.68,02/05/2026,,false
SKU-00091,Stretch Hood Film,CHEMICALS,SUP-050,LOC-010,WH-J-BIN-71,191.0 KG,0,340.23,2026-02-12,,true
SKU-00092,Load Cell 500kg,ELECTRONICS,SUP-036,whse t,WH-T-BIN-72,414.0 KG,0,570.67,2026-03-11,,false
SKU-00093,Dock Bumpers Pair,FOOD_DRY,SUP-053,LOC-011,WH-K-BIN-73,256.0,0,701.16,2026-02-17,,false
SKU-00094,Floor Marking Paint,FOOD_COLD,SUP-053,WH-H,WH-H-BIN-74,424.0kg,30,648.04,2026-04-26,,false
SKU-00095,Battery Charger 24V,PACKAGING,SUP-101,wh_h,WH-H-BIN-75,387.0,25,118.78,25/02/2026,,false
SKU-00096,Mesh Security Cage,MACHINERY_PARTS,SUP-065,wh-c,WH-C-BIN-76,212.0 KG,10,649.97,May 26 2026,2026-12-04,false
SKU-00097,Humidity Sensor Probe,PPE,SUP-117,wh_p,WH-P-BIN-77,318.0,30,214.03,2026-04-12,,false
SKU-00098,Pallet Strap Tool,CLEANING,SUP-153,LOC-016,WH-P-BIN-78,263.0,10,290.35,2026-07-17,Oct 31 2026,false
SKU-00099,Coolant Concentrate,MEDICAL,SUP-018,wh_b,WH-B-BIN-79,75.0 KG,20,740.75,2026-02-05,,false
SKU-00100,Wheel Chock Rubber,RAW_MATERIALS,SUP-053,wh-n,WH-N-BIN-80,476.0 KG,10,271.41,21/02/2026,16/07/2026,false
SKU-00101,Steel Bolt M8,CHEMICALS,SUP-073,whse i,WH-I-BIN-01,143.0,25,214.86,2026-03-11,,true
SKU-00102,Hydraulic Hose 2in,ELECTRONICS,SUP-039,LOC-008,WH-H-BIN-02,303.0,10,164.11,23/02/2026,2027-03-14,false
SKU-00103,Industrial Solvent 5L,FOOD_DRY,SUP-042,wh-a,WH-A-BIN-03,312.0,10,676.62,2026-06-04,Jan 03 2027,false
SKU-00104,Forklift Battery 24V,FOOD_COLD,SUP-118,LOC-008,WH-H-BIN-04,104.0,,4.53,Feb 09 2026,,false
SKU-00105,,PACKAGING,SUP-112,LOC-010,WH-J-BIN-05,460.0kg,30,678.13,17/04/2026,20/10/2026,false
SKU-00106,Conveyor Belt Patch,MACHINERY_PARTS,SUP-114,LOC-015,WH-O-BIN-06,398.0kilogram,15,20.38,22/05/2026,,false
SKU-00107,,PPE,SUP-173,wh_g,WH-G-BIN-07,243.0 KG,25,400.23,Feb 23 2026,,false
SKU-00108,Label Printer Ribbon,CLEANING,SUP-114,LOC-013,WH-M-BIN-08,125.0 KG,30,559.75,2026-04-25,,false
SKU-00109,Dock Leveler Seal,MEDICAL,SUP-104,LOC-006,WH-F-BIN-09,131.0kg,15,718.97,Apr 24 2026,Jan 25 2027,false
SKU-00110,LED Warehouse Light,RAW_MATERIALS,SUP-121,LOC-020,WH-T-BIN-10,371.0 KG,10,362.89,2026-07-25,,false
SKU-00111,Nitrile Gloves Box,CHEMICALS,SUP-147,LOC-013,WH-M-BIN-11,204.0 KG,20,727.53,08/07/2026,,false
SKU-00112,Pallet Jack Wheel,ELECTRONICS,SUP-059,WH-L,WH-L-BIN-12,207.0,20,683.21,Feb 15 2026,2026-12-20,false
SKU-00113,Barcode Scanner,FOOD_DRY,SUP-154,WH-Q,WH-Q-BIN-13,2.0kilogram,30,609.05,Jul 07 2026,,false
SKU-00114,Fire Extinguisher 4kg,FOOD_COLD,SUP-024,LOC-006,WH-F-BIN-14,376.0kilogram,30,205.61,Jun 22 2026,,false
SKU-00115,,PACKAGING,SUP-037,LOC-010,WH-J-BIN-15,243.0,,134.97,Jul 13 2026,2027-02-05,false
SKU-00116,,MACHINERY_PARTS,SUP-024,LOC-008,WH-H-BIN-16,46.0kilogram,30,693.71,Jun 15 2026,,false
SKU-00117,Cable Tie Assorted,PPE,SUP-141,LOC-010,WH-J-BIN-17,236.0kilogram,25,157.92,11/07/2026,,false
SKU-00118,Dust Mask N95 Pack,CLEANING,SUP-198,wh_c,WH-C-BIN-18,157.0 KG,10,443.64,27/04/2026,2027-04-23,false
SKU-00119,Wooden Pallet Std,MEDICAL,SUP-040,wh_f,WH-F-BIN-19,26.0 KG,30,139.09,May 22 2026,2026-04-12,false
SKU-00120,,RAW_MATERIALS,SUP-006,LOC-017,WH-Q-BIN-20,278.0 KG,30,126.42,27/06/2026,Apr 27 2027,false
SKU-00121,Hand Truck,CHEMICALS,SUP-156,LOC-008,WH-H-BIN-21,208.0kilogram,0,568.75,2026-05-28,27/11/2026,true
SKU-00122,Spill Kit 20L,ELECTRONICS,SUP-194,Warehouse T,WH-T-BIN-22,54.0kilogram,10,424.06,27/03/2026,,false
SKU-00123,Epoxy Resin 1L,FOOD_DRY,SUP-141,LOC-013,WH-M-BIN-23,391.0kilogram,30,754.74,01/05/2026,,false
SKU-00124,Chain Block 1T,FOOD_COLD,SUP-148,LOC-020,WH-T-BIN-24,448.0kg,40,327.33,2026-03-24,,false
SKU-00125,Temperature Logger,PACKAGING,SUP-033,WH-P,WH-P-BIN-25,38.0kg,0,240.16,26/02/2026,,false
SKU-00126,Anti-Slip Tape Roll,MACHINERY_PARTS,SUP-098,wh-n,WH-N-BIN-26,173.0kg,25,174.03,2026-02-17,07/09/2026,false
SKU-00127,Welding Rod 3.2mm,PPE,SUP-116,LOC-005,WH-E-BIN-27,322.0 KG,0,242.97,May 29 2026,,false
SKU-00128,Compressed Air Hose,CLEANING,SUP-005,LOC-005,WH-E-BIN-28,482.0,15,373.23,2026-06-08,,false
SKU-00129,First Aid Refill,MEDICAL,SUP-034,LOC-015,WH-O-BIN-29,46.0kilogram,25,82.83,2026-04-26,,false
SKU-00130,Racking Beam 2.4m,RAW_MATERIALS,SUP-090,whse b,WH-B-BIN-30,485.0kg,25,479.39,May 01 2026,,false
SKU-00131,Stretch Hood Film,CHEMICALS,SUP-142,LOC-017,WH-Q-BIN-31,40.0,25,283.28,11/06/2026,,true
SKU-00132,Load Cell 500kg,ELECTRONICS,SUP-043,LOC-017,WH-Q-BIN-32,9.0kg,10,505.28,Apr 26 2026,2026-12-19,false
SKU-00133,Dock Bumpers Pair,FOOD_DRY,SUP-115,LOC-001,WH-A-BIN-33,191.0kilogram,25,295.64,2026-03-20,,false
SKU-00134,Floor Marking Paint,FOOD_COLD,SUP-032,LOC-019,WH-S-BIN-34,408.0kg,25,583.47,Mar 08 2026,2027-06-06,false
SKU-00135,,PACKAGING,SUP-018,LOC-017,WH-Q-BIN-35,497.0 KG,15,585.70,2026-02-18,,false
SKU-00136,Mesh Security Cage,MACHINERY_PARTS,SUP-037,LOC-009,WH-I-BIN-36,410.0 KG,15,316.73,Jul 20 2026,,false
SKU-00137,Humidity Sensor Probe,PPE,SUP-078,LOC-002,WH-B-BIN-37,4.0kilogram,10,123.01,Mar 12 2026,,false
SKU-00138,Pallet Strap Tool,CLEANING,SUP-066,wh_s,WH-S-BIN-38,20.0,15,630.04,2026-06-04,2027-05-04,false
SKU-00139,Coolant Concentrate,MEDICAL,SUP-043,LOC-015,WH-O-BIN-39,30.0kilogram,40,582.88,Apr 26 2026,,false
SKU-00140,Wheel Chock Rubber,RAW_MATERIALS,SUP-067,LOC-016,WH-P-BIN-40,305.0,30,505.96,2026-05-08,,false
SKU-00141,Steel Bolt M8,CHEMICALS,SUP-040,LOC-017,WH-Q-BIN-41,369.0kilogram,40,645.34,29/05/2026,,true
SKU-00142,Hydraulic Hose 2in,ELECTRONICS,SUP-112,LOC-001,WH-A-BIN-42,159.0 KG,25,793.07,2026-07-17,,false
SKU-00143,Industrial Solvent 5L,FOOD_DRY,SUP-077,LOC-019,WH-S-BIN-43,461.0,0,675.90,Jun 04 2026,,false
SKU-00144,Forklift Battery 24V,FOOD_COLD,SUP-119,LOC-008,WH-H-BIN-44,9.0kilogram,15,321.08,07/03/2026,,false
SKU-00145,Safety Gloves L,PACKAGING,SUP-077,wh-k,WH-K-BIN-45,8.0kilogram,10,620.42,Jul 16 2026,,false
SKU-00146,,MACHINERY_PARTS,SUP-104,Warehouse N,WH-N-BIN-46,8.0kg,,247.79,Mar 28 2026,,false
SKU-00147,Shrink Wrap Film Roll,PPE,SUP-102,WH-P,WH-P-BIN-47,129.0kilogram,30,489.24,18/06/2026,,false
SKU-00148,Label Printer Ribbon,CLEANING,SUP-041,LOC-011,WH-K-BIN-48,187.0kilogram,30,637.36,28/07/2026,Oct 11 2026,false
SKU-00149,Dock Leveler Seal,MEDICAL,SUP-139,LOC-005,WH-E-BIN-49,272.0,25,558.51,22/06/2026,,false
SKU-00150,LED Warehouse Light,RAW_MATERIALS,SUP-001,LOC-002,WH-B-BIN-50,10.0 KG,25,549.16,2026-02-01,,false
SKU-00151,Nitrile Gloves Box,CHEMICALS,SUP-171,LOC-012,WH-L-BIN-51,29.0,30,67.71,20/07/2026,Jun 24 2027,false
SKU-00152,,ELECTRONICS,SUP-044,WH-G,WH-G-BIN-52,441.0kilogram,,493.12,18/03/2026,,false
SKU-00153,Barcode Scanner,FOOD_DRY,SUP-157,LOC-003,WH-C-BIN-53,9.0kilogram,20,412.88,25/03/2026,,false
SKU-00154,Fire Extinguisher 4kg,FOOD_COLD,SUP-058,LOC-020,WH-T-BIN-54,22.0kg,,648.60,30/04/2026,,false
SKU-00155,PVC Pipe 50mm,PACKAGING,SUP-079,wh-q,WH-Q-BIN-55,354.0,20,189.63,12/05/2026,,false
SKU-00156,Rubber Gasket Set,MACHINERY_PARTS,SUP-054,LOC-011,WH-K-BIN-56,3.0kilogram,15,470.97,2026-06-30,23/07/2026,false
SKU-00157,Cable Tie Assorted,PPE,SUP-028,LOC-005,WH-E-BIN-57,3.0,,257.32,30/05/2026,,false
SKU-00158,,CLEANING,SUP-112,LOC-016,WH-P-BIN-58,82.0kg,25,584.05,May 14 2026,,false
SKU-00159,Wooden Pallet Std,MEDICAL,SUP-122,LOC-007,WH-G-BIN-59,37.0,40,41.03,27/05/2026,,false
SKU-00160,Steel Shelving Unit,RAW_MATERIALS,SUP-048,wh-m,WH-M-BIN-60,274.0kilogram,0,690.33,06/04/2026,,false
SKU-00161,Hand Truck,CHEMICALS,SUP-084,LOC-005,WH-E-BIN-61,382.0kg,40,454.12,01/02/2026,,true
SKU-00162,Spill Kit 20L,ELECTRONICS,SUP-065,LOC-006,WH-F-BIN-62,67.0kilogram,25,193.54,2026-02-26,Nov 09 2026,false
SKU-00163,Epoxy Resin 1L,FOOD_DRY,SUP-072,wh-p,WH-P-BIN-63,1.0 KG,15,569.67,23/02/2026,,false
SKU-00164,Chain Block 1T,FOOD_COLD,SUP-087,LOC-012,WH-L-BIN-64,73.0 KG,10,170.43,06/05/2026,,false
SKU-00165,,PACKAGING,SUP-071,LOC-017,WH-Q-BIN-65,220.0kilogram,30,490.56,Apr 10 2026,,false
SKU-00166,Anti-Slip Tape Roll,MACHINERY_PARTS,SUP-117,LOC-002,WH-B-BIN-66,322.0kilogram,40,37.52,06/05/2026,,false
SKU-00167,,PPE,SUP-105,LOC-001,WH-A-BIN-67,341.0kg,30,743.38,25/02/2026,,false
SKU-00168,Compressed Air Hose,CLEANING,SUP-060,LOC-019,WH-S-BIN-68,447.0kg,20,522.34,2026-07-21,,false
SKU-00169,,MEDICAL,SUP-172,LOC-008,WH-H-BIN-69,150.0,30,34.35,Apr 06 2026,Jul 01 2026,false
SKU-00170,Racking Beam 2.4m,RAW_MATERIALS,SUP-102,LOC-008,WH-H-BIN-70,2.0 KG,10,651.91,13/03/2026,,false
SKU-00171,Stretch Hood Film,CHEMICALS,SUP-005,LOC-014,WH-N-BIN-71,464.0,,246.35,2026-02-27,,false
SKU-00172,Load Cell 500kg,ELECTRONICS,SUP-149,wh_p,WH-P-BIN-72,293.0 KG,15,740.65,Apr 22 2026,28/12/2026,false
SKU-00173,Dock Bumpers Pair,FOOD_DRY,SUP-186,LOC-018,WH-R-BIN-73,110.0kg,20,65.58,Feb 15 2026,,false
SKU-00174,Floor Marking Paint,FOOD_COLD,SUP-123,wh-h,WH-H-BIN-74,5.0,10,207.16,19/06/2026,,false
SKU-00175,Alha Wolf Pack,PACKAGING,SUP-053,wh-n,WH-N-BIN-75,103.0,40,798.31,03/02/2026,,false
SKU-00176,Mesh Security Cage,MACHINERY_PARTS,SUP-164,LOC-018,WH-R-BIN-76,59.0kg,10,4.66,May 30 2026,,false
SKU-00177,Humidity Sensor Probe,PPE,SUP-200,Warehouse C,WH-C-BIN-77,426.0 KG,0,271.35,Mar 24 2026,18/04/2027,false
SKU-00178,Pallet Strap Tool,CLEANING,SUP-120,LOC-018,WH-R-BIN-78,82.0,30,286.29,07/07/2026,,false
SKU-00179,Coolant Concentrate,MEDICAL,SUP-046,wh-l,WH-L-BIN-79,9.0 KG,,497.03,2026-07-08,,false
SKU-00180,Wheel Chock Rubber,RAW_MATERIALS,SUP-042,whse c,WH-C-BIN-80,14.0,15,282.40,May 04 2026,Jul 19 2027,false
SKU-00181,Steel Bolt M8,CHEMICALS,SUP-194,whse m,WH-M-BIN-01,73.0kilogram,25,135.68,2026-02-22,,false
SKU-00182,,ELECTRONICS,SUP-192,WH-S,WH-S-BIN-02,54.0kg,40,747.17,Mar 26 2026,,false
SKU-00183,Industrial Solvent 5L,FOOD_DRY,SUP-198,LOC-018,WH-R-BIN-03,218.0 KG,25,31.03,12/06/2026,,false
SKU-00184,,FOOD_COLD,SUP-147,LOC-001,WH-A-BIN-04,48.0kilogram,20,670.34,May 11 2026,,false
SKU-00185,Safety Gloves L,PACKAGING,SUP-022,LOC-015,WH-O-BIN-05,9.0kilogram,15,379.80,Mar 11 2026,07/11/2026,false
SKU-00186,Conveyor Belt Patch,MACHINERY_PARTS,SUP-186,LOC-018,WH-R-BIN-06,1.0kilogram,30,658.09,2026-05-16,,false
SKU-00187,Shrink Wrap Film Roll,PPE,SUP-028,LOC-002,WH-B-BIN-07,500.0 KG,10,652.92,2026-06-21,09/01/2027,false
SKU-00188,Label Printer Ribbon,CLEANING,SUP-088,wh-i,WH-I-BIN-08,230.0,0,399.63,2026-05-15,,false
SKU-00189,Dock Leveler Seal,MEDICAL,SUP-006,whse n,WH-N-BIN-09,165.0kg,10,745.27,Feb 26 2026,,false
SKU-00190,LED Warehouse Light,RAW_MATERIALS,SUP-026,LOC-020,WH-T-BIN-10,9.0kilogram,20,100.73,Mar 05 2026,,false
SKU-00191,Nitrile Gloves Box,CHEMICALS,SUP-150,LOC-007,WH-G-BIN-11,60.0kg,0,441.07,2026-03-14,,false
SKU-00192,Pallet Jack Wheel,ELECTRONICS,SUP-183,wh_c,WH-C-BIN-12,498.0,30,442.79,2026-05-15,,false
SKU-00193,,FOOD_DRY,SUP-104,wh-d,WH-D-BIN-13,7.0,,43.54,13/07/2026,,false
SKU-00194,Fire Extinguisher 4kg,FOOD_COLD,SUP-151,whse d,WH-D-BIN-14,74.0kg,10,290.18,Mar 14 2026,2026-04-18,false
SKU-00195,PVC Pipe 50mm,PACKAGING,SUP-068,LOC-004,WH-D-BIN-15,322.0kilogram,15,136.37,14/02/2026,17/02/2027,false
SKU-00196,Rubber Gasket Set,MACHINERY_PARTS,SUP-180,LOC-019,WH-S-BIN-16,73.0kg,0,583.54,Jun 28 2026,2026-07-03,false
SKU-00197,,PPE,SUP-189,LOC-006,WH-F-BIN-17,462.0kilogram,0,545.77,May 22 2026,,false
SKU-00198,Dust Mask N95 Pack,CLEANING,SUP-187,LOC-019,WH-S-BIN-18,4.0,11,311.98,Mar 17 2026,,false
SKU-00199,Wooden Pallet Std,MEDICAL,SUP-089,LOC-010,WH-J-BIN-19,227.0kg,15,216.95,23/02/2026,,false
SKU-00200,Steel Shelving Unit,RAW_MATERIALS,SUP-181,WH-D,WH-D-BIN-20,150.0,25,325.62,2026-06-12,,false
SKU-00201,Hand Truck,CHEMICALS,SUP-177,LOC-009,WH-I-BIN-21,11.0kilogram,15,200.53,2026-07-20,,true
SKU-00202,Spill Kit 20L,ELECTRONICS,SUP-191,LOC-008,WH-H-BIN-22,7.0 KG,10,460.51,14/02/2026,2026-10-26,false
SKU-00203,Epoxy Resin 1L,FOOD_DRY,SUP-184,Warehouse G,WH-G-BIN-23,444.0kg,10,358.77,23/06/2026,,false
SKU-00204,,FOOD_COLD,SUP-095,LOC-004,WH-D-BIN-24,230.0 KG,20,531.17,18/02/2026,,false
SKU-00205,Temperature Logger,PACKAGING,SUP-053,whse e,WH-E-BIN-25,22.0 KG,25,392.95,May 21 2026,,false
SKU-00206,Anti-Slip Tape Roll,MACHINERY_PARTS,SUP-013,Warehouse N,WH-N-BIN-26,21.0 KG,20,667.28,2026-04-04,,false
SKU-00207,Welding Rod 3.2mm,PPE,SUP-075,whse q,WH-Q-BIN-27,5.0,15,342.07,Jul 27 2026,,false
SKU-00208,Compressed Air Hose,CLEANING,SUP-196,LOC-016,WH-P-BIN-28,53.0kilogram,30,360.58,04/02/2026,,false
SKU-00209,First Aid Refill,MEDICAL,SUP-123,LOC-009,WH-I-BIN-29,8.0kg,25,516.89,23/04/2026,2026-12-28,false
SKU-00210,Racking Beam 2.4m,RAW_MATERIALS,SUP-142,Warehouse H,WH-H-BIN-30,348.0kilogram,30,418.58,04/02/2026,,false
SKU-00211,Stretch Hood Film,CHEMICALS,SUP-070,LOC-004,WH-D-BIN-31,357.0kg,0,52.25,03/07/2026,,true
SKU-00212,Load Cell 500kg,ELECTRONICS,SUP-065,wh-j,WH-J-BIN-32,145.0,0,491.65,17/03/2026,,false
SKU-00213,Dock Bumpers Pair,FOOD_DRY,SUP-161,wh_f,WH-F-BIN-33,1.0 KG,25,443.99,07/03/2026,,false
SKU-00214,Floor Marking Paint,FOOD_COLD,SUP-001,LOC-011,WH-K-BIN-34,24.0kg,25,202.43,22/05/2026,,false
SKU-00215,,PACKAGING,SUP-052,Warehouse S,WH-S-BIN-35,225.0kg,40,286.80,2026-04-24,,false
SKU-00216,Mesh Security Cage,MACHINERY_PARTS,SUP-160,LOC-016,WH-P-BIN-36,475.0 KG,15,286.79,30/05/2026,Jun 17 2026,false
SKU-00217,Humidity Sensor Probe,PPE,SUP-086,LOC-018,WH-R-BIN-37,136.0 KG,25,84.35,25/06/2026,,false
SKU-00218,,CLEANING,SUP-106,LOC-008,WH-H-BIN-38,42.0 KG,0,59.94,Feb 06 2026,,false
SKU-00219,Coolant Concentrate,MEDICAL,SUP-113,LOC-018,WH-R-BIN-39,89.0 KG,40,31.22,28/07/2026,,false
SKU-00220,Wheel Chock Rubber,RAW_MATERIALS,SUP-105,whse s,WH-S-BIN-40,163.0,10,76.60,31/05/2026,,false
SKU-00221,,CHEMICALS,SUP-031,wh_t,WH-T-BIN-41,432.0kilogram,10,750.74,2026-05-30,,true
SKU-00222,Hydraulic Hose 2in,ELECTRONICS,SUP-139,LOC-009,WH-I-BIN-42,356.0 KG,,392.66,Jun 05 2026,,false
SKU-00223,Industrial Solvent 5L,FOOD_DRY,SUP-085,LOC-014,WH-N-BIN-43,65.0 KG,,2.07,Feb 02 2026,,false
SKU-00224,Forklift Battery 24V,FOOD_COLD,SUP-092,LOC-012,WH-L-BIN-44,251.0kg,,784.60,Mar 06 2026,,false
SKU-00225,Safety Gloves L,PACKAGING,SUP-171,LOC-001,WH-A-BIN-45,118.0kilogram,20,158.29,07/06/2026,2026-11-29,false
SKU-00226,Conveyor Belt Patch,MACHINERY_PARTS,SUP-034,LOC-007,WH-G-BIN-46,15.0 KG,20,581.14,08/06/2026,Oct 29 2026,false
SKU-00227,,PPE,SUP-161,LOC-012,WH-L-BIN-47,470.0 KG,0,550.96,20/06/2026,,false
SKU-00228,Label Printer Ribbon,CLEANING,SUP-097,wh-p,WH-P-BIN-48,107.0kg,10,714.53,Jul 03 2026,,false
SKU-00229,,MEDICAL,SUP-196,LOC-003,WH-C-BIN-49,7.0kg,15,214.38,2026-03-19,Nov 23 2026,false
SKU-00230,LED Warehouse Light,RAW_MATERIALS,SUP-174,Warehouse R,WH-R-BIN-50,481.0 KG,30,787.56,Apr 06 2026,,false
SKU-00231,Nitrile Gloves Box,CHEMICALS,SUP-153,LOC-006,WH-F-BIN-51,358.0kg,30,489.54,08/04/2026,,true
SKU-00232,Pallet Jack Wheel,ELECTRONICS,SUP-156,whse i,WH-I-BIN-52,494.0 KG,15,237.84,Mar 15 2026,25/03/2027,false
SKU-00233,Barcode Scanner,FOOD_DRY,SUP-024,WH-O,WH-O-BIN-53,3.0 KG,11,759.75,Jul 02 2026,,false
SKU-00234,Fire Extinguisher 4kg,FOOD_COLD,SUP-123,LOC-018,WH-R-BIN-54,485.0 KG,25,44.16,Jun 14 2026,,false
SKU-00235,PVC Pipe 50mm,PACKAGING,SUP-060,LOC-018,WH-R-BIN-55,84.0kilogram,0,486.31,12/07/2026,Apr 12 2026,false
SKU-00236,,MACHINERY_PARTS,SUP-138,LOC-008,WH-H-BIN-56,62.0kilogram,30,267.00,Jun 26 2026,,false
SKU-00237,Cable Tie Assorted,PPE,SUP-012,LOC-006,WH-F-BIN-57,271.0kg,25,177.97,Feb 18 2026,,false
SKU-00238,Dust Mask N95 Pack,CLEANING,SUP-133,WH-C,WH-C-BIN-58,339.0 KG,15,65.97,May 09 2026,,false
SKU-00239,Wooden Pallet Std,MEDICAL,SUP-043,WH-O,WH-O-BIN-59,161.0 KG,40,624.48,2026-02-10,04/09/2026,false
SKU-00240,Steel Shelving Unit,RAW_MATERIALS,SUP-186,WH-A,WH-A-BIN-60,62.0kilogram,10,385.66,2026-07-05,Dec 05 2026,false
SKU-00241,Hand Truck,CHEMICALS,SUP-138,LOC-015,WH-O-BIN-61,39.0kg,40,790.75,11/05/2026,2026-07-11,true
SKU-00242,Spill Kit 20L,ELECTRONICS,SUP-130,Warehouse D,WH-D-BIN-62,168.0kg,40,481.08,05/03/2026,2026-11-13,false
SKU-00243,Epoxy Resin 1L,FOOD_DRY,SUP-123,LOC-018,WH-R-BIN-63,271.0 KG,20,402.13,Jul 20 2026,24/01/2027,false
SKU-00244,Chain Block 1T,FOOD_COLD,SUP-098,Warehouse K,WH-K-BIN-64,40.0,25,4.23,May 25 2026,2026-09-24,false
SKU-00245,Temperature Logger,PACKAGING,SUP-097,LOC-008,WH-H-BIN-65,345.0kg,20,424.97,18/04/2026,,false
SKU-00246,Anti-Slip Tape Roll,MACHINERY_PARTS,SUP-145,LOC-013,WH-M-BIN-66,140.0 KG,10,792.55,27/04/2026,,false
SKU-00247,Welding Rod 3.2mm,PPE,SUP-094,LOC-002,WH-B-BIN-67,19.0kg,20,33.42,2026-04-01,Aug 30 2027,false
SKU-00248,Compressed Air Hose,CLEANING,SUP-105,WH-B,WH-B-BIN-68,143.0kg,,495.24,Jul 26 2026,,false
SKU-00249,First Aid Refill,MEDICAL,SUP-200,WH-T,WH-T-BIN-69,500.0kilogram,40,215.71,18/07/2026,Sep 30 2026,false
SKU-00250,Racking Beam 2.4m,RAW_MATERIALS,SUP-101,WH-D,WH-D-BIN-70,447.0 KG,20,591.33,25/05/2026,,false
SKU-00251,,CHEMICALS,SUP-165,LOC-009,WH-I-BIN-71,300.0 KG,15,413.50,25/04/2026,,false
SKU-00252,Load Cell 500kg,ELECTRONICS,SUP-136,LOC-007,WH-G-BIN-72,52.0kilogram,40,114.92,2026-04-19,,false
SKU-00253,Dock Bumpers Pair,FOOD_DRY,SUP-174,Warehouse T,WH-T-BIN-73,19.0 KG,20,247.38,May 15 2026,,false
SKU-00254,Floor Marking Paint,FOOD_COLD,SUP-006,whse f,WH-F-BIN-74,470.0,15,580.73,17/03/2026,,false
SKU-00255,Battery Charger 24V,PACKAGING,SUP-055,LOC-014,WH-N-BIN-75,178.0 KG,10,34.54,Apr 22 2026,,false
SKU-00256,Mesh Security Cage,MACHINERY_PARTS,SUP-162,LOC-010,WH-J-BIN-76,100.0 KG,25,693.29,2026-07-20,,false
SKU-00257,Humidity Sensor Probe,PPE,SUP-104,WH-F,WH-F-BIN-77,137.0kg,0,151.19,11/06/2026,,false
SKU-00258,Pallet Strap Tool,CLEANING,SUP-172,LOC-001,WH-A-BIN-78,260.0 KG,10,411.36,2026-03-17,,false
SKU-00259,Coolant Concentrate,MEDICAL,SUP-006,LOC-017,WH-Q-BIN-79,135.0,0,401.77,15/06/2026,,false
SKU-00260,Wheel Chock Rubber,RAW_MATERIALS,SUP-085,WH-I,WH-I-BIN-80,88.0,40,273.26,May 17 2026,2027-08-17,false
SKU-00261,Steel Bolt M8,CHEMICALS,SUP-075,whse b,WH-B-BIN-01,124.0kilogram,15,285.34,18/03/2026,,true
SKU-00262,Hydraulic Hose 2in,ELECTRONICS,SUP-182,LOC-011,WH-K-BIN-02,222.0kilogram,10,73.87,Feb 27 2026,,false
SKU-00263,Industrial Solvent 5L,FOOD_DRY,SUP-135,LOC-015,WH-O-BIN-03,389.0,,194.39,2026-07-07,2026-12-09,false
SKU-00264,Forklift Battery 24V,FOOD_COLD,SUP-127,LOC-007,WH-G-BIN-04,88.0kilogram,15,684.14,Jul 11 2026,26/03/2027,false
SKU-00265,Safety Gloves L,PACKAGING,SUP-193,LOC-003,WH-C-BIN-05,409.0,30,312.69,Apr 03 2026,,false
SKU-00266,Conveyor Belt Patch,MACHINERY_PARTS,SUP-105,LOC-017,WH-Q-BIN-06,302.0,0,168.55,24/07/2026,2026-12-02,false
SKU-00267,Shrink Wrap Film Roll,PPE,SUP-151,Warehouse A,WH-A-BIN-07,191.0,10,420.05,27/07/2026,,false
SKU-00268,,CLEANING,SUP-177,LOC-008,WH-H-BIN-08,190.0kilogram,25,228.35,2026-02-28,,false
SKU-00269,Dock Leveler Seal,MEDICAL,SUP-186,LOC-004,WH-D-BIN-09,20.0kilogram,25,488.57,2026-05-03,,false
SKU-00270,LED Warehouse Light,RAW_MATERIALS,SUP-015,WH-E,WH-E-BIN-10,179.0kg,10,512.15,05/03/2026,,false
SKU-00271,,CHEMICALS,SUP-028,LOC-010,WH-J-BIN-11,169.0,30,670.78,2026-03-02,,true
SKU-00272,Pallet Jack Wheel,ELECTRONICS,SUP-050,LOC-014,WH-N-BIN-12,437.0 KG,15,405.67,2026-07-12,,false
SKU-00273,Barcode Scanner,FOOD_DRY,SUP-116,whse h,WH-H-BIN-13,191.0kilogram,20,747.15,02/02/2026,Jun 28 2026,false
SKU-00274,Fire Extinguisher 4kg,FOOD_COLD,SUP-034,LOC-010,WH-J-BIN-14,294.0kilogram,30,505.12,2026-05-05,,false
SKU-00275,PVC Pipe 50mm,PACKAGING,SUP-127,LOC-008,WH-H-BIN-15,239.0kg,25,78.60,Jun 28 2026,20/08/2027,false
SKU-00276,Rubber Gasket Set,MACHINERY_PARTS,SUP-200,LOC-014,WH-N-BIN-16,29.0,0,46.20,Jun 08 2026,,false
SKU-00277,Cable Tie Assorted,PPE,SUP-100,Warehouse L,WH-L-BIN-17,472.0,25,310.25,2026-02-05,,false
SKU-00278,Dust Mask N95 Pack,CLEANING,SUP-019,whse o,WH-O-BIN-18,401.0 KG,20,204.71,2026-05-04,,false
SKU-00279,Wooden Pallet Std,MEDICAL,SUP-014,LOC-012,WH-L-BIN-19,240.0,,389.34,Mar 28 2026,,false
SKU-00280,Steel Shelving Unit,RAW_MATERIALS,SUP-196,LOC-014,WH-N-BIN-20,349.0kilogram,30,665.45,May 17 2026,,false
SKU-00281,Hand Truck,CHEMICALS,SUP-030,wh_b,WH-B-BIN-21,175.0 KG,15,788.15,2026-06-11,2026-05-24,true
SKU-00282,Spill Kit 20L,ELECTRONICS,SUP-123,LOC-008,WH-H-BIN-22,361.0kilogram,0,327.15,2026-06-06,,false
SKU-00283,Epoxy Resin 1L,FOOD_DRY,SUP-166,LOC-008,WH-H-BIN-23,334.0kilogram,20,297.71,04/02/2026,06/05/2026,false
SKU-00284,Chain Block 1T,FOOD_COLD,SUP-156,LOC-001,WH-A-BIN-24,44.0kilogram,0,465.51,14/07/2026,,false
SKU-00285,Temperature Logger,PACKAGING,SUP-074,Warehouse J,WH-J-BIN-25,113.0 KG,30,205.68,2026-06-18,,false
SKU-00286,Anti-Slip Tape Roll,MACHINERY_PARTS,SUP-194,LOC-013,WH-M-BIN-26,381.0 KG,30,500.34,2026-04-25,,false
SKU-00287,Welding Rod 3.2mm,PPE,SUP-142,LOC-010,WH-J-BIN-27,329.0kilogram,40,609.35,2026-04-05,,false
SKU-00288,Compressed Air Hose,CLEANING,SUP-134,LOC-003,WH-C-BIN-28,94.0,20,761.64,May 28 2026,,false
SKU-00289,First Aid Refill,MEDICAL,SUP-085,LOC-005,WH-E-BIN-29,72.0 KG,30,456.45,2026-06-11,,false
SKU-00290,Racking Beam 2.4m,RAW_MATERIALS,SUP-049,wh-f,WH-F-BIN-30,114.0 KG,10,621.46,11/04/2026,Nov 10 2026,false
SKU-00291,Stretch Hood Film,CHEMICALS,SUP-145,wh-m,WH-M-BIN-31,20.0,30,379.44,20/04/2026,,false
SKU-00292,Load Cell 500kg,ELECTRONICS,SUP-196,LOC-015,WH-O-BIN-32,15.0kilogram,25,754.54,02/06/2026,2027-06-13,false
SKU-00293,Dock Bumpers Pair,FOOD_DRY,SUP-156,whse q,WH-Q-BIN-33,186.0,15,196.68,Mar 19 2026,,false
SKU-00294,Floor Marking Paint,FOOD_COLD,SUP-169,whse e,WH-E-BIN-34,27.0kilogram,30,718.01,2026-04-17,,false
SKU-00295,Battery Charger 24V,PACKAGING,SUP-037,Warehouse D,WH-D-BIN-35,309.0,,679.48,23/06/2026,,false
SKU-00296,Mesh Security Cage,MACHINERY_PARTS,SUP-152,LOC-013,WH-M-BIN-36,203.0,0,76.61,Mar 12 2026,,false
SKU-00297,Humidity Sensor Probe,PPE,SUP-147,LOC-013,WH-M-BIN-37,196.0kilogram,25,174.87,09/03/2026,Apr 15 2026,false
SKU-00298,Pallet Strap Tool,CLEANING,SUP-110,WH-P,WH-P-BIN-38,364.0kg,10,646.17,11/05/2026,,false
SKU-00299,Coolant Concentrate,MEDICAL,SUP-087,LOC-019,WH-S-BIN-39,81.0,0,434.09,30/05/2026,,false
SKU-00300,Wheel Chock Rubber,RAW_MATERIALS,SUP-198,LOC-019,WH-S-BIN-40,455.0kilogram,20,666.36,2026-06-18,2026-09-14,false
SKU-00301,Steel Bolt M8,CHEMICALS,SUP-193,LOC-016,WH-P-BIN-41,14.0 KG,15,726.06,Apr 22 2026,,true
SKU-00302,Hydraulic Hose 2in,ELECTRONICS,SUP-030,LOC-002,WH-B-BIN-42,410.0,0,651.82,May 06 2026,06/12/2026,false
SKU-00303,Industrial Solvent 5L,FOOD_DRY,SUP-013,wh_a,WH-A-BIN-43,212.0 KG,10,486.01,09/05/2026,18/07/2027,false
SKU-00304,Forklift Battery 24V,FOOD_COLD,SUP-117,LOC-002,WH-B-BIN-44,21.0,25,759.64,Feb 16 2026,,false
SKU-00305,Safety Gloves L,PACKAGING,SUP-161,LOC-014,WH-N-BIN-45,45.0kg,,15.42,2026-03-26,,false
SKU-00306,Conveyor Belt Patch,MACHINERY_PARTS,SUP-114,LOC-015,WH-O-BIN-46,164.0kg,,708.58,Apr 18 2026,2026-06-03,false
SKU-00307,Shrink Wrap Film Roll,PPE,SUP-172,whse n,WH-N-BIN-47,1.0 KG,15,580.54,Mar 31 2026,08/05/2027,false
SKU-00308,Label Printer Ribbon,CLEANING,SUP-013,LOC-013,WH-M-BIN-48,309.0kg,15,212.31,Apr 20 2026,,false
SKU-00309,Dock Leveler Seal,MEDICAL,SUP-173,whse q,WH-Q-BIN-49,7.0,,73.17,27/06/2026,,false
SKU-00310,LED Warehouse Light,RAW_MATERIALS,SUP-092,LOC-011,WH-K-BIN-50,23.0kilogram,,374.82,2026-07-10,,false
SKU-00311,Nitrile Gloves Box,CHEMICALS,SUP-003,LOC-015,WH-O-BIN-51,454.0kilogram,15,64.72,19/06/2026,,true
SKU-00312,Pallet Jack Wheel,ELECTRONICS,SUP-057,LOC-004,WH-D-BIN-52,236.0kg,0,107.62,2026-03-26,,false
SKU-00313,Barcode Scanner,FOOD_DRY,SUP-147,LOC-018,WH-R-BIN-53,7.0,20,437.06,May 13 2026,,false
SKU-00314,Fire Extinguisher 4kg,FOOD_COLD,SUP-152,LOC-009,WH-I-BIN-54,391.0 KG,10,114.40,2026-04-20,,false
SKU-00315,PVC Pipe 50mm,PACKAGING,SUP-131,wh_j,WH-J-BIN-55,5.0kilogram,10,165.50,May 27 2026,18/04/2027,false
SKU-00316,,MACHINERY_PARTS,SUP-102,LOC-004,WH-D-BIN-56,5.0kilogram,25,400.73,2026-03-21,,false
SKU-00317,Cable Tie Assorted,PPE,SUP-048,wh_f,WH-F-BIN-57,27.0kilogram,10,715.62,02/03/2026,,false
SKU-00318,,CLEANING,SUP-047,LOC-018,WH-R-BIN-58,9.0kg,10,458.87,May 04 2026,,false
SKU-00319,Wooden Pallet Std,MEDICAL,SUP-188,whse p,WH-P-BIN-59,330.0kilogram,40,186.84,2026-03-14,,false
SKU-00320,Steel Shelving Unit,RAW_MATERIALS,SUP-030,LOC-008,WH-H-BIN-60,6.0kilogram,,458.80,06/04/2026,2026-07-01,false
SKU-00321,Hand Truck,CHEMICALS,SUP-127,whse a,WH-A-BIN-61,379.0kg,0,344.09,2026-02-06,,false
SKU-00322,Spill Kit 20L,ELECTRONICS,SUP-117,LOC-004,WH-D-BIN-62,16.0kg,25,624.35,23/06/2026,,false
SKU-00323,Epoxy Resin 1L,FOOD_DRY,SUP-094,LOC-001,WH-A-BIN-63,21.0kilogram,0,672.86,2026-06-14,02/08/2027,false
SKU-00324,Chain Block 1T,FOOD_COLD,SUP-162,LOC-008,WH-H-BIN-64,187.0 KG,20,699.01,28/04/2026,,false
SKU-00325,Temperature Logger,PACKAGING,SUP-199,whse a,WH-A-BIN-65,296.0 KG,20,121.97,2026-07-12,,false
SKU-00326,Anti-Slip Tape Roll,MACHINERY_PARTS,SUP-167,LOC-017,WH-Q-BIN-66,3.0kg,20,604.46,2026-07-20,,false
SKU-00327,Welding Rod 3.2mm,PPE,SUP-152,LOC-018,WH-R-BIN-67,415.0kg,30,434.40,2026-03-13,,false
SKU-00328,,CLEANING,SUP-041,LOC-001,WH-A-BIN-68,476.0 KG,15,554.05,2026-06-02,,false
SKU-00329,First Aid Refill,MEDICAL,SUP-111,LOC-018,WH-R-BIN-69,326.0kg,40,519.40,2026-05-15,,false
SKU-00330,Racking Beam 2.4m,RAW_MATERIALS,SUP-087,LOC-020,WH-T-BIN-70,396.0,0,228.29,06/04/2026,Oct 12 2026,false
SKU-00331,Stretch Hood Film,CHEMICALS,SUP-130,LOC-018,WH-R-BIN-71,434.0,25,354.24,2026-04-30,May 08 2026,false
SKU-00332,Load Cell 500kg,ELECTRONICS,SUP-140,LOC-008,WH-H-BIN-72,249.0,,526.07,2026-07-24,,false
SKU-00333,Dock Bumpers Pair,FOOD_DRY,SUP-116,LOC-020,WH-T-BIN-73,214.0 KG,20,531.63,2026-04-03,17/07/2027,false
SKU-00334,Floor Marking Paint,FOOD_COLD,SUP-157,LOC-016,WH-P-BIN-74,272.0,30,732.42,Mar 23 2026,,false
SKU-00335,Battery Charger 24V,PACKAGING,SUP-184,LOC-016,WH-P-BIN-75,98.0 KG,0,158.53,2026-07-21,,false
SKU-00336,Mesh Security Cage,MACHINERY_PARTS,SUP-082,WH-R,WH-R-BIN-76,12.0 KG,40,296.21,Feb 02 2026,,false
SKU-00337,,PPE,SUP-008,LOC-009,WH-I-BIN-77,478.0kg,40,582.70,2026-05-07,,false
SKU-00338,Pallet Strap Tool,CLEANING,SUP-146,whse o,WH-O-BIN-78,35.0kilogram,10,142.37,2026-05-04,,false
SKU-00339,,MEDICAL,SUP-069,whse l,WH-L-BIN-79,113.0kilogram,,158.49,01/05/2026,,false
SKU-00340,Wheel Chock Rubber,RAW_MATERIALS,SUP-076,LOC-020,WH-T-BIN-80,346.0kilogram,15,592.01,May 23 2026,,false
SKU-00341,Steel Bolt M8,CHEMICALS,SUP-057,LOC-013,WH-M-BIN-01,119.0,,84.28,Apr 18 2026,,true
SKU-00342,Hydraulic Hose 2in,ELECTRONICS,SUP-176,LOC-003,WH-C-BIN-02,488.0,40,791.53,29/03/2026,,false
SKU-00343,Industrial Solvent 5L,FOOD_DRY,SUP-088,LOC-006,WH-F-BIN-03,105.0kilogram,,178.88,2026-02-03,,false
SKU-00344,Forklift Battery 24V,FOOD_COLD,SUP-088,wh_h,WH-H-BIN-04,331.0kg,30,86.76,2026-04-21,2027-05-15,false
SKU-00345,Safety Gloves L,PACKAGING,SUP-094,LOC-012,WH-L-BIN-05,350.0kilogram,10,680.40,2026-05-08,,false
SKU-00346,Conveyor Belt Patch,MACHINERY_PARTS,SUP-157,LOC-001,WH-A-BIN-06,407.0,20,8.07,May 13 2026,,false
SKU-00347,Shrink Wrap Film Roll,PPE,SUP-031,wh-t,WH-T-BIN-07,477.0kg,40,92.33,29/03/2026,,false
SKU-00348,Label Printer Ribbon,CLEANING,SUP-124,LOC-020,WH-T-BIN-08,14.0kilogram,15,216.77,Jul 21 2026,,false
SKU-00349,Dock Leveler Seal,MEDICAL,SUP-094,LOC-003,WH-C-BIN-09,221.0kg,15,262.76,2026-05-08,,false
SKU-00350,LED Warehouse Light,RAW_MATERIALS,SUP-028,wh_g,WH-G-BIN-10,10.0 KG,15,381.73,18/03/2026,,false
SKU-00351,Nitrile Gloves Box,CHEMICALS,SUP-061,LOC-004,WH-D-BIN-11,238.0kg,0,214.07,Jun 22 2026,13/07/2027,false
SKU-00352,Pallet Jack Wheel,ELECTRONICS,SUP-073,LOC-004,WH-D-BIN-12,6.0kilogram,15,758.48,2026-06-29,,false
SKU-00353,Barcode Scanner,FOOD_DRY,SUP-135,LOC-019,WH-S-BIN-13,24.0kg,25,7.37,Apr 29 2026,,false
SKU-00354,Fire Extinguisher 4kg,FOOD_COLD,SUP-061,LOC-005,WH-E-BIN-14,283.0kg,0,131.91,Jun 25 2026,,false
SKU-00355,PVC Pipe 50mm,PACKAGING,SUP-143,Warehouse K,WH-K-BIN-15,487.0kilogram,0,691.50,2026-03-03,Feb 12 2027,false
SKU-00356,Rubber Gasket Set,MACHINERY_PARTS,SUP-107,LOC-017,WH-Q-BIN-16,406.0 KG,0,135.74,Mar 26 2026,,false
SKU-00357,Cable Tie Assorted,PPE,SUP-131,whse k,WH-K-BIN-17,399.0kilogram,20,586.84,2026-04-13,,false
SKU-00358,Dust Mask N95 Pack,CLEANING,SUP-082,wh_l,WH-L-BIN-18,384.0,0,245.02,Feb 23 2026,,false
SKU-00359,Wooden Pallet Std,MEDICAL,SUP-022,LOC-004,WH-D-BIN-19,374.0 KG,0,706.23,2026-07-20,02/09/2026,false
SKU-00360,Steel Shelving Unit,RAW_MATERIALS,SUP-079,LOC-005,WH-E-BIN-20,347.0kilogram,20,106.64,2026-07-01,Dec 29 2026,false
SKU-00361,Hand Truck,CHEMICALS,SUP-082,LOC-011,WH-K-BIN-21,6.0kilogram,10,507.47,13/04/2026,,false
SKU-00362,Spill Kit 20L,ELECTRONICS,SUP-175,Warehouse F,WH-F-BIN-22,165.0kg,,307.69,2026-03-02,,false
SKU-00363,Epoxy Resin 1L,FOOD_DRY,SUP-184,LOC-020,WH-T-BIN-23,93.0kg,25,179.22,07/04/2026,,false
SKU-00364,Chain Block 1T,FOOD_COLD,SUP-185,LOC-015,WH-O-BIN-24,349.0 KG,20,787.86,Jun 18 2026,May 20 2027,false
SKU-00365,Temperature Logger,PACKAGING,SUP-074,wh-l,WH-L-BIN-25,55.0 KG,15,646.57,2026-07-03,2027-06-04,false
SKU-00366,Anti-Slip Tape Roll,MACHINERY_PARTS,SUP-049,LOC-005,WH-E-BIN-26,3.0,30,500.01,15/07/2026,Jun 21 2026,false
SKU-00367,Welding Rod 3.2mm,PPE,SUP-190,LOC-013,WH-M-BIN-27,4.0kg,10,164.76,Mar 11 2026,,false
SKU-00368,Compressed Air Hose,CLEANING,SUP-089,LOC-015,WH-O-BIN-28,8.0,10,532.80,Jun 15 2026,,false
SKU-00369,,MEDICAL,SUP-090,wh_f,WH-F-BIN-29,257.0 KG,25,502.93,2026-03-29,,false
SKU-00370,Racking Beam 2.4m,RAW_MATERIALS,SUP-098,LOC-005,WH-E-BIN-30,461.0kg,,495.65,Mar 22 2026,Jul 12 2026,false
SKU-00371,Stretch Hood Film,CHEMICALS,SUP-098,LOC-015,WH-O-BIN-31,303.0kilogram,40,575.19,2026-06-30,2026-12-01,false
SKU-00372,Load Cell 500kg,ELECTRONICS,SUP-017,LOC-006,WH-F-BIN-32,371.0kilogram,25,175.38,2026-03-08,,false
SKU-00373,Dock Bumpers Pair,FOOD_DRY,SUP-048,LOC-019,WH-S-BIN-33,3.0,15,727.89,Jun 06 2026,,false
SKU-00374,Floor Marking Paint,FOOD_COLD,SUP-044,wh-n,WH-N-BIN-34,395.0 KG,10,62.14,14/05/2026,,false
SKU-00375,Battery Charger 24V,PACKAGING,SUP-142,wh-h,WH-H-BIN-35,93.0kg,,562.57,May 29 2026,,false
SKU-00376,,MACHINERY_PARTS,SUP-139,LOC-019,WH-S-BIN-36,183.0kg,15,392.30,Feb 15 2026,,false
SKU-00377,Humidity Sensor Probe,PPE,SUP-189,wh_o,WH-O-BIN-37,471.0kg,40,199.21,2026-07-25,,false
SKU-00378,Pallet Strap Tool,CLEANING,SUP-086,LOC-019,WH-S-BIN-38,463.0kilogram,20,489.75,Jul 01 2026,,false
SKU-00379,Coolant Concentrate,MEDICAL,SUP-115,wh_f,WH-F-BIN-39,442.0,30,141.12,Jul 13 2026,Jun 18 2027,false
SKU-00380,Wheel Chock Rubber,RAW_MATERIALS,SUP-015,LOC-006,WH-F-BIN-40,146.0 KG,20,728.71,02/07/2026,,false
SKU-00381,Steel Bolt M8,CHEMICALS,SUP-126,wh-g,WH-G-BIN-41,478.0kilogram,,756.75,2026-03-20,,true
SKU-00382,Hydraulic Hose 2in,ELECTRONICS,SUP-008,LOC-005,WH-E-BIN-42,365.0kg,0,318.91,2026-07-17,,false
SKU-00383,Industrial Solvent 5L,FOOD_DRY,SUP-049,wh_r,WH-R-BIN-43,39.0 KG,15,486.05,2026-02-05,,false
SKU-00384,Forklift Battery 24V,FOOD_COLD,SUP-133,whse o,WH-O-BIN-44,279.0kg,30,555.27,Apr 26 2026,,false
SKU-00385,Safety Gloves L,PACKAGING,SUP-092,LOC-017,WH-Q-BIN-45,141.0kg,15,163.19,May 20 2026,19/09/2026,false
SKU-00386,,MACHINERY_PARTS,SUP-061,LOC-010,WH-J-BIN-46,19.0kilogram,25,89.37,2026-07-13,,false
SKU-00387,Shrink Wrap Film Roll,PPE,SUP-042,LOC-012,WH-L-BIN-47,466.0,15,20.23,22/06/2026,,false
SKU-00388,Label Printer Ribbon,CLEANING,SUP-043,WH-S,WH-S-BIN-48,494.0,0,21.18,May 14 2026,,false
SKU-00389,Dock Leveler Seal,MEDICAL,SUP-123,wh-g,WH-G-BIN-49,354.0kg,20,729.50,2026-03-05,2026-12-08,false
SKU-00390,,RAW_MATERIALS,SUP-121,LOC-014,WH-N-BIN-50,127.0 KG,10,93.91,Apr 20 2026,,false
SKU-00391,,CHEMICALS,SUP-163,wh-b,WH-B-BIN-51,4.0kg,15,739.34,Apr 04 2026,,false
SKU-00392,Pallet Jack Wheel,ELECTRONICS,SUP-014,Warehouse E,WH-E-BIN-52,330.0,10,323.35,2026-06-27,13/03/2027,false
SKU-00393,,FOOD_DRY,SUP-011,LOC-006,WH-F-BIN-53,336.0,10,530.05,2026-03-17,,false
SKU-00394,Fire Extinguisher 4kg,FOOD_COLD,SUP-064,WH-O,WH-O-BIN-54,493.0kg,15,155.57,24/04/2026,2027-06-18,false
SKU-00395,,PACKAGING,SUP-054,Warehouse K,WH-K-BIN-55,26.0,30,649.38,Mar 19 2026,,false
SKU-00396,Rubber Gasket Set,MACHINERY_PARTS,SUP-039,LOC-004,WH-D-BIN-56,421.0 KG,0,632.29,2026-02-06,,false
SKU-00397,Cable Tie Assorted,PPE,SUP-161,LOC-013,WH-M-BIN-57,91.0kg,30,262.66,26/06/2026,,false
SKU-00398,,CLEANING,SUP-153,LOC-005,WH-E-BIN-58,19.0kilogram,20,795.66,2026-05-02,,false
SKU-00399,Wooden Pallet Std,MEDICAL,SUP-017,LOC-013,WH-M-BIN-59,399.0 KG,0,173.27,10/02/2026,02/04/2026,false
SKU-00400,Steel Shelving Unit,RAW_MATERIALS,SUP-153,LOC-019,WH-S-BIN-60,85.0 KG,20,621.54,Jun 02 2026,,false
SKU-00401,Hand Truck,CHEMICALS,SUP-031,LOC-015,WH-O-BIN-61,6.0,15,311.12,27/06/2026,,true
SKU-00402,Spill Kit 20L,ELECTRONICS,SUP-067,wh-a,WH-A-BIN-62,474.0kg,10,744.29,13/04/2026,2026-05-30,false
SKU-00403,,FOOD_DRY,SUP-093,wh-d,WH-D-BIN-63,102.0,30,134.75,Feb 22 2026,,false
SKU-00404,,FOOD_COLD,SUP-114,WH-B,WH-B-BIN-64,389.0kilogram,40,19.86,02/06/2026,,false
SKU-00405,Temperature Logger,PACKAGING,SUP-033,Warehouse E,WH-E-BIN-65,164.0 KG,0,210.33,20/06/2026,Feb 09 2027,false
SKU-00406,Anti-Slip Tape Roll,MACHINERY_PARTS,SUP-057,WH-A,WH-A-BIN-66,383.0kilogram,40,291.82,Apr 18 2026,Jul 11 2027,false
SKU-00407,Welding Rod 3.2mm,PPE,SUP-145,LOC-016,WH-P-BIN-67,347.0 KG,0,499.08,2026-04-27,,false
SKU-00408,Compressed Air Hose,CLEANING,SUP-152,LOC-015,WH-O-BIN-68,418.0kilogram,40,139.64,2026-05-28,,false
SKU-00409,First Aid Refill,MEDICAL,SUP-123,LOC-009,WH-I-BIN-69,5.0kilogram,,49.40,2026-06-30,2027-06-10,false
SKU-00410,Racking Beam 2.4m,RAW_MATERIALS,SUP-032,LOC-017,WH-Q-BIN-70,7.0 KG,10,222.38,2026-07-07,Mar 22 2027,false
SKU-00411,Stretch Hood Film,CHEMICALS,SUP-042,whse p,WH-P-BIN-71,1.0,25,536.82,2026-04-07,,true
SKU-00412,Load Cell 500kg,ELECTRONICS,SUP-008,LOC-019,WH-S-BIN-72,6.0 KG,11,328.05,04/07/2026,2026-09-20,false
SKU-00413,Dock Bumpers Pair,FOOD_DRY,SUP-014,LOC-008,WH-H-BIN-73,384.0,,650.77,18/05/2026,2026-07-24,false
SKU-00414,Floor Marking Paint,FOOD_COLD,SUP-136,LOC-012,WH-L-BIN-74,271.0kg,20,158.85,26/07/2026,2027-08-25,false
SKU-00415,Battery Charger 24V,PACKAGING,SUP-112,WH-S,WH-S-BIN-75,198.0 KG,15,341.87,2026-04-12,,false
SKU-00416,Mesh Security Cage,MACHINERY_PARTS,SUP-065,LOC-020,WH-T-BIN-76,35.0kilogram,25,799.81,09/06/2026,,false
SKU-00417,Humidity Sensor Probe,PPE,SUP-104,Warehouse T,WH-T-BIN-77,441.0,,670.99,21/04/2026,,false
SKU-00418,Pallet Strap Tool,CLEANING,SUP-039,Warehouse N,WH-N-BIN-78,200.0 KG,10,560.18,2026-03-31,,false
SKU-00419,,MEDICAL,SUP-009,WH-A,WH-A-BIN-79,156.0kilogram,10,502.22,Jul 24 2026,,false
SKU-00420,Wheel Chock Rubber,RAW_MATERIALS,SUP-030,LOC-003,WH-C-BIN-80,248.0kg,,31.81,Feb 13 2026,Jan 06 2027,false
SKU-00421,Steel Bolt M8,CHEMICALS,SUP-150,Warehouse I,WH-I-BIN-01,298.0kilogram,15,451.21,01/02/2026,,false
SKU-00422,Hydraulic Hose 2in,ELECTRONICS,SUP-147,wh-i,WH-I-BIN-02,181.0kg,10,35.75,24/02/2026,2026-11-26,false
SKU-00423,Industrial Solvent 5L,FOOD_DRY,SUP-129,LOC-020,WH-T-BIN-03,433.0kg,10,398.53,Apr 20 2026,,false
SKU-00424,Forklift Battery 24V,FOOD_COLD,SUP-136,LOC-020,WH-T-BIN-04,347.0kilogram,,473.07,Feb 05 2026,01/06/2026,false
SKU-00425,Safety Gloves L,PACKAGING,SUP-107,WH-D,WH-D-BIN-05,328.0,25,306.84,05/07/2026,,false
SKU-00426,Conveyor Belt Patch,MACHINERY_PARTS,SUP-056,wh-e,WH-E-BIN-06,166.0 KG,25,200.10,16/06/2026,,false
SKU-00427,Shrink Wrap Film Roll,PPE,SUP-112,LOC-011,WH-K-BIN-07,127.0 KG,15,476.91,Mar 03 2026,,false
SKU-00428,Label Printer Ribbon,CLEANING,SUP-030,whse s,WH-S-BIN-08,248.0,30,729.03,2026-06-18,2026-04-16,false
SKU-00429,Dock Leveler Seal,MEDICAL,SUP-170,WH-N,WH-N-BIN-09,33.0kilogram,15,656.21,14/03/2026,2026-06-02,false
SKU-00430,LED Warehouse Light,RAW_MATERIALS,SUP-028,LOC-006,WH-F-BIN-10,3.0,10,505.40,2026-02-11,,false
SKU-00431,Nitrile Gloves Box,CHEMICALS,SUP-025,LOC-009,WH-I-BIN-11,496.0kilogram,,68.78,2026-04-27,,false
SKU-00432,,ELECTRONICS,SUP-147,wh_t,WH-T-BIN-12,324.0 KG,30,720.86,2026-07-02,,false
SKU-00433,Barcode Scanner,FOOD_DRY,SUP-114,LOC-003,WH-C-BIN-13,394.0kg,10,233.23,2026-02-11,,false
SKU-00434,Fire Extinguisher 4kg,FOOD_COLD,SUP-008,WH-Q,WH-Q-BIN-14,440.0kg,0,715.54,14/05/2026,,false
SKU-00435,PVC Pipe 50mm,PACKAGING,SUP-036,LOC-018,WH-R-BIN-15,6.0 KG,15,188.04,2026-04-09,,false
SKU-00436,Rubber Gasket Set,MACHINERY_PARTS,SUP-096,Warehouse Q,WH-Q-BIN-16,6.0 KG,25,209.08,2026-07-19,27/07/2026,false
SKU-00437,Cable Tie Assorted,PPE,SUP-122,whse n,WH-N-BIN-17,262.0kg,20,305.44,09/07/2026,2026-12-04,false
SKU-00438,Dust Mask N95 Pack,CLEANING,SUP-153,LOC-010,WH-J-BIN-18,66.0kilogram,25,409.70,Mar 25 2026,,false
SKU-00439,Wooden Pallet Std,MEDICAL,SUP-070,WH-S,WH-S-BIN-19,104.0kg,0,122.05,Apr 21 2026,,false
SKU-00440,Steel Shelving Unit,RAW_MATERIALS,SUP-172,LOC-019,WH-S-BIN-20,264.0kilogram,0,471.90,2026-06-02,2026-07-25,false
SKU-00441,Hand Truck,CHEMICALS,SUP-067,LOC-004,WH-D-BIN-21,65.0 KG,,37.13,11/03/2026,,false
SKU-00442,Spill Kit 20L,ELECTRONICS,SUP-125,LOC-006,WH-F-BIN-22,365.0 KG,20,267.98,2026-04-25,,false
SKU-00443,Epoxy Resin 1L,FOOD_DRY,SUP-028,LOC-012,WH-L-BIN-23,496.0kilogram,,536.68,Apr 20 2026,,false
SKU-00444,Chain Block 1T,FOOD_COLD,SUP-075,LOC-006,WH-F-BIN-24,43.0kg,40,227.87,2026-02-24,,false
SKU-00445,Temperature Logger,PACKAGING,SUP-099,LOC-013,WH-M-BIN-25,147.0kilogram,30,213.98,2026-03-22,,false
SKU-00446,Anti-Slip Tape Roll,MACHINERY_PARTS,SUP-039,LOC-010,WH-J-BIN-26,9.0kilogram,10,129.53,30/04/2026,,false
SKU-00447,Welding Rod 3.2mm,PPE,SUP-195,wh-s,WH-S-BIN-27,442.0,15,2.27,06/03/2026,,false
SKU-00448,Compressed Air Hose,CLEANING,SUP-069,Warehouse H,WH-H-BIN-28,224.0 KG,30,704.51,25/06/2026,,false
SKU-00449,First Aid Refill,MEDICAL,SUP-102,Warehouse I,WH-I-BIN-29,97.0 KG,25,461.45,Apr 13 2026,,false
SKU-00450,Racking Beam 2.4m,RAW_MATERIALS,SUP-160,whse a,WH-A-BIN-30,52.0kilogram,0,470.03,2026-05-28,2026-10-26,false
SKU-00451,Stretch Hood Film,CHEMICALS,SUP-170,wh-l,WH-L-BIN-31,327.0,0,165.25,Apr 17 2026,,true
SKU-00452,Load Cell 500kg,ELECTRONICS,SUP-122,whse g,WH-G-BIN-32,228.0kg,40,36.95,2026-05-26,,false
SKU-00453,Dock Bumpers Pair,FOOD_DRY,SUP-143,LOC-011,WH-K-BIN-33,68.0,30,728.19,29/04/2026,,false
SKU-00454,Floor Marking Paint,FOOD_COLD,SUP-193,LOC-009,WH-I-BIN-34,4.0 KG,,520.93,2026-06-11,,false
SKU-00455,Battery Charger 24V,PACKAGING,SUP-071,LOC-010,WH-J-BIN-35,423.0,10,717.47,14/07/2026,2027-05-04,false
SKU-00456,Mesh Security Cage,MACHINERY_PARTS,SUP-033,LOC-017,WH-Q-BIN-36,152.0kilogram,40,35.38,Mar 14 2026,,false
SKU-00457,Humidity Sensor Probe,PPE,SUP-103,LOC-001,WH-A-BIN-37,446.0kg,25,332.13,Jul 04 2026,,false
SKU-00458,Pallet Strap Tool,CLEANING,SUP-084,LOC-008,WH-H-BIN-38,114.0,30,437.64,23/02/2026,,false
SKU-00459,Coolant Concentrate,MEDICAL,SUP-159,WH-R,WH-R-BIN-39,488.0kg,0,495.60,Apr 09 2026,,false
SKU-00460,Wheel Chock Rubber,RAW_MATERIALS,SUP-130,LOC-010,WH-J-BIN-40,310.0,,471.51,May 11 2026,Feb 20 2027,false
SKU-00461,Steel Bolt M8,CHEMICALS,SUP-029,LOC-002,WH-B-BIN-41,3.0,10,625.27,Apr 29 2026,2026-05-04,true
SKU-00462,Hydraulic Hose 2in,ELECTRONICS,SUP-178,wh-m,WH-M-BIN-42,8.0kg,10,583.10,Jun 02 2026,2026-05-04,false
SKU-00463,Industrial Solvent 5L,FOOD_DRY,SUP-138,LOC-020,WH-T-BIN-43,414.0kg,0,200.35,2026-02-15,,false
SKU-00464,Forklift Battery 24V,FOOD_COLD,SUP-026,LOC-005,WH-E-BIN-44,316.0,30,8.13,Jul 24 2026,2027-05-05,false
SKU-00465,Safety Gloves L,PACKAGING,SUP-168,LOC-020,WH-T-BIN-45,313.0,40,465.13,Jun 15 2026,,false
SKU-00466,Conveyor Belt Patch,MACHINERY_PARTS,SUP-076,LOC-002,WH-B-BIN-46,212.0 KG,25,689.53,Feb 23 2026,,false
SKU-00467,Shrink Wrap Film Roll,PPE,SUP-111,LOC-014,WH-N-BIN-47,14.0,25,253.17,Apr 28 2026,05/02/2027,false
SKU-00468,Label Printer Ribbon,CLEANING,SUP-194,Warehouse P,WH-P-BIN-48,194.0 KG,25,626.45,2026-05-13,2026-06-03,false
SKU-00469,Dock Leveler Seal,MEDICAL,SUP-057,WH-K,WH-K-BIN-49,420.0 KG,15,195.53,27/04/2026,,false
SKU-00470,LED Warehouse Light,RAW_MATERIALS,SUP-104,LOC-009,WH-I-BIN-50,21.0kg,25,561.08,Jul 17 2026,,false
SKU-00471,Nitrile Gloves Box,CHEMICALS,SUP-102,wh-d,WH-D-BIN-51,191.0,40,9.31,2026-02-08,,false
SKU-00472,Pallet Jack Wheel,ELECTRONICS,SUP-031,LOC-006,WH-F-BIN-52,97.0 KG,15,343.69,Mar 30 2026,,false
SKU-00473,Barcode Scanner,FOOD_DRY,SUP-080,Warehouse P,WH-P-BIN-53,88.0 KG,25,84.72,15/06/2026,,false
SKU-00474,Fire Extinguisher 4kg,FOOD_COLD,SUP-182,LOC-009,WH-I-BIN-54,67.0kg,10,765.32,16/03/2026,,false
SKU-00475,PVC Pipe 50mm,PACKAGING,SUP-164,LOC-017,WH-Q-BIN-55,18.0,25,471.87,20/04/2026,31/05/2026,false
SKU-00476,Rubber Gasket Set,MACHINERY_PARTS,SUP-183,WH-P,WH-P-BIN-56,3.0kg,25,753.53,08/04/2026,,false
SKU-00477,Cable Tie Assorted,PPE,SUP-070,wh_a,WH-A-BIN-57,89.0kilogram,25,511.60,Apr 13 2026,,false
SKU-00478,Dust Mask N95 Pack,CLEANING,SUP-038,LOC-003,WH-C-BIN-58,76.0,,202.48,Mar 30 2026,2026-05-24,false
SKU-00479,,MEDICAL,SUP-059,LOC-011,WH-K-BIN-59,197.0kilogram,25,426.77,03/04/2026,,false
SKU-00480,Steel Shelving Unit,RAW_MATERIALS,SUP-090,LOC-018,WH-R-BIN-60,5.0,26,446.88,01/06/2026,08/08/2027,false
SKU-00481,Hand Truck,CHEMICALS,SUP-084,wh_q,WH-Q-BIN-61,205.0kilogram,20,27.09,2026-04-12,,true
SKU-00482,Spill Kit 20L,ELECTRONICS,SUP-074,LOC-012,WH-L-BIN-62,259.0kg,40,90.90,Jun 11 2026,2026-10-08,false
SKU-00483,Epoxy Resin 1L,FOOD_DRY,SUP-183,whse e,WH-E-BIN-63,166.0kg,25,781.77,Feb 06 2026,,false
SKU-00484,Chain Block 1T,FOOD_COLD,SUP-188,wh-t,WH-T-BIN-64,63.0kg,0,166.61,10/02/2026,,false
SKU-00485,,PACKAGING,SUP-166,wh_j,WH-J-BIN-65,367.0 KG,40,432.04,Feb 05 2026,2027-06-10,false
SKU-00486,Anti-Slip Tape Roll,MACHINERY_PARTS,SUP-019,wh_f,WH-F-BIN-66,201.0,25,486.18,Apr 22 2026,03/10/2026,false
SKU-00487,Welding Rod 3.2mm,PPE,SUP-011,LOC-008,WH-H-BIN-67,188.0kg,20,795.48,Jun 02 2026,,false
SKU-00488,Compressed Air Hose,CLEANING,SUP-185,wh-k,WH-K-BIN-68,277.0,30,266.16,02/06/2026,,false
SKU-00489,First Aid Refill,MEDICAL,SUP-004,wh-j,WH-J-BIN-69,459.0,10,84.86,13/07/2026,,false
SKU-00490,Racking Beam 2.4m,RAW_MATERIALS,SUP-113,whse m,WH-M-BIN-70,278.0kg,25,277.58,Jun 16 2026,,false
SKU-00491,Stretch Hood Film,CHEMICALS,SUP-066,wh_i,WH-I-BIN-71,489.0,20,44.68,16/03/2026,,true
SKU-00492,,ELECTRONICS,SUP-093,LOC-018,WH-R-BIN-72,53.0kilogram,40,627.85,2026-07-03,,false
SKU-00493,Dock Bumpers Pair,FOOD_DRY,SUP-165,WH-A,WH-A-BIN-73,353.0 KG,40,100.42,2026-03-15,,false
SKU-00494,Floor Marking Paint,FOOD_COLD,SUP-129,LOC-015,WH-O-BIN-74,358.0 KG,30,498.43,2026-03-04,,false
SKU-00495,Battery Charger 24V,PACKAGING,SUP-151,LOC-014,WH-N-BIN-75,283.0,30,479.88,13/05/2026,,false
SKU-00496,Mesh Security Cage,MACHINERY_PARTS,SUP-124,LOC-011,WH-K-BIN-76,16.0 KG,30,545.46,May 27 2026,,false
SKU-00497,Humidity Sensor Probe,PPE,SUP-060,wh_m,WH-M-BIN-77,9.0 KG,10,203.60,23/05/2026,,false
SKU-00498,Pallet Strap Tool,CLEANING,SUP-053,LOC-005,WH-E-BIN-78,305.0kilogram,,192.14,2026-07-04,28/12/2026,false
SKU-00499,Coolant Concentrate,MEDICAL,SUP-029,WH-E,WH-E-BIN-79,357.0,40,653.90,2026-03-07,04/04/2026,false
SKU-00500,Wheel Chock Rubber,RAW_MATERIALS,SUP-045,LOC-007,WH-G-BIN-80,463.0 KG,30,446.52,2026-06-06,May 18 2026,false
SKU-00001,Steel Bolt M8,CHEMICALS,SUP-038,wh-f,WH-F-BIN-01,42.0kilogram,10,142.23,2026-07-30,Jul 01 2026,true
SKU-00002,Hydraulic Hose 2in,ELECTRONICS,SUP-099,LOC-017,WH-Q-BIN-02,242.0,25,407.32,2026-02-19,2026-07-27,false
SKU-00003,Industrial Solvent 5L,FOOD_DRY,SUP-172,Warehouse T,WH-T-BIN-03,305.0,0,99.12,12/03/2026,,false
SKU-00004,Forklift Battery 24V,FOOD_COLD,SUP-076,LOC-003,WH-C-BIN-04,210.0kilogram,15,189.71,Mar 11 2026,04/09/2027,false
SKU-00005,Safety Gloves L,PACKAGING,SUP-082,LOC-010,WH-J-BIN-05,144.0,40,39.80,Mar 29 2026,,false
SKU-00006,Conveyor Belt Patch,MACHINERY_PARTS,SUP-108,LOC-009,WH-I-BIN-06,404.0,0,248.85,02/03/2026,2027-02-07,false
SKU-00007,Shrink Wrap Film Roll,PPE,SUP-174,LOC-011,WH-K-BIN-07,4.0kg,10,732.97,Jul 30 2026,,false
SKU-00008,Label Printer Ribbon,CLEANING,SUP-072,LOC-012,WH-L-BIN-08,400.0kilogram,,722.55,2026-07-19,Sep 09 2026,false
SKU-00009,Dock Leveler Seal,MEDICAL,SUP-111,LOC-014,WH-N-BIN-09,219.0kilogram,40,315.60,Apr 27 2026,2027-07-27,false
SKU-00010,LED Warehouse Light,RAW_MATERIALS,SUP-023,whse j,WH-J-BIN-10,66.0 KG,40,789.45,30/07/2026,,false
SKU-00011,Nitrile Gloves Box,CHEMICALS,SUP-139,LOC-015,WH-O-BIN-11,71.0 KG,,216.55,2026-02-22,,false
SKU-00012,Pallet Jack Wheel,ELECTRONICS,SUP-158,Warehouse Q,WH-Q-BIN-12,208.0 KG,10,439.49,2026-05-16,,false
SKU-00013,Barcode Scanner,FOOD_DRY,SUP-037,LOC-018,WH-R-BIN-13,293.0kilogram,25,311.95,2026-04-04,,false
SKU-00014,Fire Extinguisher 4kg,FOOD_COLD,SUP-136,LOC-001,WH-A-BIN-14,296.0 KG,15,96.41,17/03/2026,,false
SKU-00015,PVC Pipe 50mm,PACKAGING,SUP-158,wh-p,WH-P-BIN-15,7.0kg,10,63.87,2026-04-05,,false
SKU-00016,Rubber Gasket Set,MACHINERY_PARTS,SUP-006,LOC-013,WH-M-BIN-16,324.0 KG,40,107.90,2026-02-01,2026-07-19,false
SKU-00017,Cable Tie Assorted,PPE,SUP-117,LOC-012,WH-L-BIN-17,343.0,0,305.35,2026-05-14,,false
SKU-00018,Dust Mask N95 Pack,CLEANING,SUP-142,LOC-003,WH-C-BIN-18,22.0 KG,,747.75,Jul 12 2026,,false
SKU-00019,Wooden Pallet Std,MEDICAL,SUP-093,LOC-015,WH-O-BIN-19,281.0kilogram,20,366.62,2026-07-07,,false
SKU-00021,Hand Truck,CHEMICALS,SUP-099,LOC-010,WH-J-BIN-21,114.0kg,30,668.16,Mar 11 2026,,true
SKU-00022,Spill Kit 20L,ELECTRONICS,SUP-156,wh-c,WH-C-BIN-22,323.0kilogram,,131.85,Feb 26 2026,,false
SKU-00023,Epoxy Resin 1L,FOOD_DRY,SUP-086,wh-p,WH-P-BIN-23,2.0 KG,30,730.90,May 24 2026,,false
SKU-00024,Chain Block 1T,FOOD_COLD,SUP-069,LOC-012,WH-L-BIN-24,73.0kg,15,389.91,19/07/2026,,false
SKU-00026,Anti-Slip Tape Roll,MACHINERY_PARTS,SUP-033,LOC-017,WH-Q-BIN-26,452.0,10,398.56,30/07/2026,,false
SKU-00028,Compressed Air Hose,CLEANING,SUP-017,LOC-002,WH-B-BIN-28,224.0kilogram,40,221.54,Jul 17 2026,,false
SKU-00030,Racking Beam 2.4m,RAW_MATERIALS,SUP-035,LOC-007,WH-G-BIN-30,453.0 KG,20,735.79,2026-02-24,,false
SKU-00031,Stretch Hood Film,CHEMICALS,SUP-185,LOC-011,WH-K-BIN-31,2.0kilogram,25,653.83,Jun 14 2026,,true
SKU-00032,,ELECTRONICS,SUP-184,LOC-009,WH-I-BIN-32,14.0kilogram,25,434.71,Apr 26 2026,2026-04-02,false
SKU-00033,Dock Bumpers Pair,FOOD_DRY,SUP-124,Warehouse A,WH-A-BIN-33,50.0kg,10,49.08,2026-07-01,,false
SKU-00034,Floor Marking Paint,FOOD_COLD,SUP-096,LOC-019,WH-S-BIN-34,8.0kg,,70.77,2026-06-13,01/08/2027,false
SKU-00035,Battery Charger 24V,PACKAGING,SUP-021,LOC-014,WH-N-BIN-35,24.0,40,635.57,17/07/2026,,false
SKU-00036,Mesh Security Cage,MACHINERY_PARTS,SUP-035,wh_s,WH-S-BIN-36,2.0 KG,15,545.03,29/07/2026,,false
SKU-00037,,PPE,SUP-066,LOC-016,WH-P-BIN-37,444.0kg,40,628.60,2026-03-09,,false
SKU-00038,,CLEANING,SUP-179,wh-k,WH-K-BIN-38,136.0kilogram,20,375.72,2026-03-01,,false
SKU-00039,Coolant Concentrate,MEDICAL,SUP-147,whse r,WH-R-BIN-39,462.0,15,224.66,2026-04-01,,false
SKU-00040,Wheel Chock Rubber,RAW_MATERIALS,SUP-106,LOC-004,WH-D-BIN-40,3.0kg,25,431.66,06/06/2026,,false
SKU-00041,Steel Bolt M8,CHEMICALS,SUP-010,wh-c,WH-C-BIN-41,12.0kg,20,323.82,Feb 05 2026,,true
SKU-00042,Hydraulic Hose 2in,ELECTRONICS,SUP-076,wh_o,WH-O-BIN-42,471.0kilogram,15,420.17,May 30 2026,,false
SKU-00043,Industrial Solvent 5L,FOOD_DRY,SUP-039,LOC-011,WH-K-BIN-43,9.0,25,596.77,2026-04-07,,false
SKU-00044,Forklift Battery 24V,FOOD_COLD,SUP-151,LOC-007,WH-G-BIN-44,132.0kilogram,30,744.90,2026-03-24,,false
SKU-00045,Safety Gloves L,PACKAGING,SUP-141,LOC-007,WH-G-BIN-45,110.0kilogram,20,638.64,19/02/2026,,false
SKU-00046,Conveyor Belt Patch,MACHINERY_PARTS,SUP-104,LOC-010,WH-J-BIN-46,6.0,15,356.58,21/05/2026,17/04/2026,false
SKU-00047,Shrink Wrap Film Roll,PPE,SUP-101,LOC-002,WH-B-BIN-47,249.0 KG,20,318.86,08/06/2026,,false
SKU-00049,Dock Leveler Seal,MEDICAL,SUP-153,LOC-001,WH-A-BIN-49,296.0 KG,10,560.47,23/07/2026,,false
SKU-00050,LED Warehouse Light,RAW_MATERIALS,SUP-027,LOC-020,WH-T-BIN-50,71.0kilogram,15,406.99,2026-04-22,,false
SKU-00051,Nitrile Gloves Box,CHEMICALS,SUP-154,LOC-004,WH-D-BIN-51,19.0kilogram,40,312.47,05/02/2026,,false
SKU-00052,Pallet Jack Wheel,ELECTRONICS,SUP-163,WH-F,WH-F-BIN-52,227.0,10,559.51,09/07/2026,Jan 14 2027,false
SKU-00053,Barcode Scanner,FOOD_DRY,SUP-001,wh_f,WH-F-BIN-53,8.0 KG,10,720.28,30/04/2026,,false
SKU-00054,Fire Extinguisher 4kg,FOOD_COLD,SUP-003,LOC-002,WH-B-BIN-54,460.0,15,64.99,02/07/2026,,false
SKU-00055,PVC Pipe 50mm,PACKAGING,SUP-055,WH-K,WH-K-BIN-55,388.0 KG,0,638.76,2026-02-05,,false
SKU-00056,,MACHINERY_PARTS,SUP-067,LOC-019,WH-S-BIN-56,344.0kg,25,36.97,Mar 26 2026,,false
SKU-00057,Cable Tie Assorted,PPE,SUP-196,LOC-004,WH-D-BIN-57,5.0,25,744.74,2026-03-01,,false
SKU-00058,,CLEANING,SUP-165,LOC-012,WH-L-BIN-58,487.0 KG,10,786.09,May 18 2026,2026-09-03,false
SKU-00059,Wooden Pallet Std,MEDICAL,SUP-056,WH-T,WH-T-BIN-59,415.0kilogram,20,96.58,May 20 2026,,false
SKU-00060,Steel Shelving Unit,RAW_MATERIALS,SUP-033,LOC-012,WH-L-BIN-60,469.0kilogram,10,559.59,19/05/2026,May 13 2026,false
SKU-00061,,CHEMICALS,SUP-019,wh-c,WH-C-BIN-61,173.0,,792.41,2026-05-05,,false
SKU-00062,Spill Kit 20L,ELECTRONICS,SUP-045,wh-t,WH-T-BIN-62,203.0kg,30,549.45,04/05/2026,,false
SKU-00063,Epoxy Resin 1L,FOOD_DRY,SUP-012,LOC-005,WH-E-BIN-63,2.0kg,20,752.58,Jul 27 2026,,false
SKU-00064,,FOOD_COLD,SUP-102,LOC-001,WH-A-BIN-64,239.0kg,30,310.71,Apr 09 2026,May 22 2026,false
SKU-00065,Temperature Logger,PACKAGING,SUP-068,whse p,WH-P-BIN-65,418.0kg,10,215.11,06/02/2026,,false
SKU-00066,Anti-Slip Tape Roll,MACHINERY_PARTS,SUP-184,LOC-005,WH-E-BIN-66,14.0kilogram,15,770.62,Apr 26 2026,,false
SKU-00067,Welding Rod 3.2mm,PPE,SUP-006,whse h,WH-H-BIN-67,221.0,10,127.43,May 08 2026,,false
SKU-00068,Compressed Air Hose,CLEANING,SUP-056,LOC-001,WH-A-BIN-68,344.0,15,788.32,11/05/2026,Jul 03 2026,false
SKU-00070,Racking Beam 2.4m,RAW_MATERIALS,SUP-048,Warehouse M,WH-M-BIN-70,74.0kg,20,502.93,11/02/2026,,false
SKU-00071,Stretch Hood Film,CHEMICALS,SUP-180,WH-S,WH-S-BIN-71,96.0kg,0,78.01,27/07/2026,,false
SKU-00072,Load Cell 500kg,ELECTRONICS,SUP-147,Warehouse B,WH-B-BIN-72,349.0kilogram,10,286.22,29/07/2026,,false
SKU-00073,Dock Bumpers Pair,FOOD_DRY,SUP-143,wh-r,WH-R-BIN-73,281.0kg,25,722.48,08/07/2026,2026-04-08,false
SKU-00074,,FOOD_COLD,SUP-101,whse m,WH-M-BIN-74,132.0,25,268.94,Apr 05 2026,2027-08-12,false
SKU-00075,Battery Charger 24V,PACKAGING,SUP-194,Warehouse K,WH-K-BIN-75,304.0kilogram,30,453.34,Jun 13 2026,,false
SKU-00076,Mesh Security Cage,MACHINERY_PARTS,SUP-044,Warehouse C,WH-C-BIN-76,397.0,30,186.29,30/05/2026,Sep 22 2026,false
SKU-00077,Humidity Sensor Probe,PPE,SUP-172,LOC-014,WH-N-BIN-77,1.0 KG,14,150.86,26/05/2026,,false
SKU-00078,Pallet Strap Tool,CLEANING,SUP-119,LOC-015,WH-O-BIN-78,375.0 KG,10,93.40,2026-05-03,Jun 04 2026,false
SKU-00079,Coolant Concentrate,MEDICAL,SUP-058,LOC-006,WH-F-BIN-79,404.0kg,40,766.03,2026-07-05,,false
SKU-00080,Wheel Chock Rubber,RAW_MATERIALS,SUP-186,LOC-020,WH-T-BIN-80,34.0,40,728.07,Jul 29 2026,,false
SKU-00082,Hydraulic Hose 2in,ELECTRONICS,SUP-112,LOC-004,WH-D-BIN-02,7.0kg,10,441.09,Jul 10 2026,,false
SKU-00083,Industrial Solvent 5L,FOOD_DRY,SUP-081,LOC-019,WH-S-BIN-03,403.0kg,30,77.17,Mar 10 2026,Aug 18 2027,false
SKU-00084,,FOOD_COLD,SUP-012,LOC-017,WH-Q-BIN-04,45.0kg,40,384.04,Feb 01 2026,,false
SKU-00085,Safety Gloves L,PACKAGING,SUP-056,LOC-020,WH-T-BIN-05,300.0,10,384.71,16/06/2026,2027-06-23,false
SKU-00086,,MACHINERY_PARTS,SUP-071,LOC-017,WH-Q-BIN-06,471.0kilogram,20,796.35,2026-06-25,Jul 18 2026,false
SKU-00087,Shrink Wrap Film Roll,PPE,SUP-185,wh-f,WH-F-BIN-07,1.0 KG,15,430.25,2026-02-20,,false
SKU-00088,Label Printer Ribbon,CLEANING,SUP-035,LOC-008,WH-H-BIN-08,6.0 KG,40,224.45,06/06/2026,,false
SKU-00089,Dock Leveler Seal,MEDICAL,SUP-192,LOC-005,WH-E-BIN-09,288.0,0,462.66,10/06/2026,14/06/2026,false
SKU-00090,LED Warehouse Light,RAW_MATERIALS,SUP-173,whse a,WH-A-BIN-10,396.0,15,782.98,May 21 2026,,false
SKU-00091,Nitrile Gloves Box,CHEMICALS,SUP-057,Warehouse E,WH-E-BIN-11,8.0kilogram,25,556.97,04/07/2026,,true
SKU-00092,Pallet Jack Wheel,ELECTRONICS,SUP-011,LOC-007,WH-G-BIN-12,2.0,,317.91,Jul 30 2026,Jan 06 2027,false
SKU-00093,,FOOD_DRY,SUP-089,LOC-002,WH-B-BIN-13,426.0,40,368.76,2026-04-20,,false
SKU-00094,Fire Extinguisher 4kg,FOOD_COLD,SUP-025,LOC-019,WH-S-BIN-14,295.0kg,,522.11,27/02/2026,,false
SKU-00095,PVC Pipe 50mm,PACKAGING,SUP-107,LOC-003,WH-C-BIN-15,472.0kilogram,40,303.74,25/02/2026,Jan 29 2027,false
SKU-00096,,MACHINERY_PARTS,SUP-041,LOC-002,WH-B-BIN-16,403.0 KG,,25.28,2026-05-28,,false
SKU-00097,Cable Tie Assorted,PPE,SUP-071,Warehouse R,WH-R-BIN-17,337.0,10,641.56,09/06/2026,,false
SKU-00098,Dust Mask N95 Pack,CLEANING,SUP-108,Warehouse D,WH-D-BIN-18,27.0kg,25,296.12,15/04/2026,,false
SKU-00099,Wooden Pallet Std,MEDICAL,SUP-118,LOC-013,WH-M-BIN-19,469.0kilogram,0,744.03,Jul 09 2026,,false
SKU-00100,,RAW_MATERIALS,SUP-132,whse s,WH-S-BIN-20,221.0,0,230.98,26/05/2026,17/05/2026,false
SKU-00102,Spill Kit 20L,ELECTRONICS,SUP-113,whse b,WH-B-BIN-22,220.0kg,25,152.47,2026-06-03,,false
SKU-00103,Epoxy Resin 1L,FOOD_DRY,SUP-107,WH-S,WH-S-BIN-23,24.0 KG,,105.32,17/06/2026,2026-12-05,false
SKU-00104,Chain Block 1T,FOOD_COLD,SUP-035,LOC-013,WH-M-BIN-24,471.0 KG,25,206.07,2026-04-16,,false
SKU-00105,Temperature Logger,PACKAGING,SUP-190,LOC-005,WH-E-BIN-25,355.0 KG,20,82.93,2026-03-21,,false
SKU-00106,Anti-Slip Tape Roll,MACHINERY_PARTS,SUP-163,LOC-017,WH-Q-BIN-26,293.0,10,550.42,Jul 05 2026,,false
SKU-00107,,PPE,SUP-105,LOC-020,WH-T-BIN-27,347.0,15,69.54,27/02/2026,,false
SKU-00108,Compressed Air Hose,CLEANING,SUP-175,wh_s,WH-S-BIN-28,154.0,25,710.11,2026-05-19,,false
SKU-00109,First Aid Refill,MEDICAL,SUP-048,LOC-015,WH-O-BIN-29,18.0kilogram,20,759.59,Jul 22 2026,11/12/2026,false
SKU-00111,,CHEMICALS,SUP-181,LOC-003,WH-C-BIN-31,207.0kg,0,300.34,May 23 2026,,true
SKU-00112,Load Cell 500kg,ELECTRONICS,SUP-200,LOC-015,WH-O-BIN-32,219.0,40,266.00,2026-04-05,,false
SKU-00114,Floor Marking Paint,FOOD_COLD,SUP-185,wh_i,WH-I-BIN-34,481.0 KG,0,350.40,2026-03-08,2026-12-30,false
SKU-00115,Battery Charger 24V,PACKAGING,SUP-070,LOC-016,WH-P-BIN-35,217.0kilogram,25,769.90,Jul 14 2026,,false
SKU-00116,Mesh Security Cage,MACHINERY_PARTS,SUP-054,wh-n,WH-N-BIN-36,11.0,20,726.79,06/03/2026,Aug 22 2027,false
SKU-00117,Humidity Sensor Probe,PPE,SUP-159,wh-k,WH-K-BIN-37,11.0 KG,20,115.79,2026-04-26,,false
SKU-00118,Pallet Strap Tool,CLEANING,SUP-098,LOC-019,WH-S-BIN-38,174.0,25,193.14,05/04/2026,,false
SKU-00119,Coolant Concentrate,MEDICAL,SUP-035,whse i,WH-I-BIN-39,208.0 KG,15,309.08,May 18 2026,2026-11-30,false
SKU-00120,Wheel Chock Rubber,RAW_MATERIALS,SUP-171,LOC-002,WH-B-BIN-40,353.0kilogram,20,127.62,15/04/2026,,false
SKU-00121,Steel Bolt M8,CHEMICALS,SUP-078,whse d,WH-D-BIN-41,182.0,,363.34,Apr 16 2026,,true
SKU-00122,Hydraulic Hose 2in,ELECTRONICS,SUP-058,LOC-015,WH-O-BIN-42,484.0kg,10,517.20,Jun 29 2026,2026-05-23,false
SKU-00123,Industrial Solvent 5L,FOOD_DRY,SUP-136,Warehouse P,WH-P-BIN-43,202.0kg,0,584.45,2026-04-07,2027-03-06,false
SKU-00124,Forklift Battery 24V,FOOD_COLD,SUP-143,LOC-003,WH-C-BIN-44,12.0kg,20,591.82,15/06/2026,,false
SKU-00125,,PACKAGING,SUP-130,LOC-014,WH-N-BIN-45,255.0kg,0,543.61,Jul 18 2026,,false
SKU-00126,Conveyor Belt Patch,MACHINERY_PARTS,SUP-128,Warehouse D,WH-D-BIN-46,349.0kilogram,,542.01,03/02/2026,,false
SKU-00127,Shrink Wrap Film Roll,PPE,SUP-106,LOC-017,WH-Q-BIN-47,194.0 KG,0,371.31,27/06/2026,2027-04-14,false
SKU-00128,Label Printer Ribbon,CLEANING,SUP-111,WH-S,WH-S-BIN-48,369.0 KG,,90.96,2026-07-15,,false
SKU-00129,Dock Leveler Seal,MEDICAL,SUP-196,LOC-002,WH-B-BIN-49,378.0kg,40,430.53,Jul 24 2026,,false
SKU-00130,LED Warehouse Light,RAW_MATERIALS,SUP-084,LOC-012,WH-L-BIN-50,285.0,40,736.78,Mar 29 2026,27/07/2026,false
SKU-00131,Nitrile Gloves Box,CHEMICALS,SUP-187,LOC-006,WH-F-BIN-51,53.0kg,15,756.40,Jun 30 2026,,false
SKU-00132,,ELECTRONICS,SUP-078,LOC-020,WH-T-BIN-52,313.0 KG,15,610.92,2026-03-17,,false
SKU-00133,,FOOD_DRY,SUP-127,WH-C,WH-C-BIN-53,2.0kilogram,15,282.15,2026-06-21,,false
SKU-00134,Fire Extinguisher 4kg,FOOD_COLD,SUP-199,LOC-017,WH-Q-BIN-54,110.0kilogram,25,150.82,Feb 19 2026,09/05/2026,false
SKU-00135,PVC Pipe 50mm,PACKAGING,SUP-064,LOC-016,WH-P-BIN-55,85.0kilogram,20,714.81,12/02/2026,,false
SKU-00136,Rubber Gasket Set,MACHINERY_PARTS,SUP-061,LOC-007,WH-G-BIN-56,12.0 KG,15,560.05,Jun 12 2026,,false
SKU-00137,,PPE,SUP-155,LOC-017,WH-Q-BIN-57,12.0,30,662.99,2026-06-04,,false
SKU-00138,Dust Mask N95 Pack,CLEANING,SUP-058,LOC-012,WH-L-BIN-58,136.0,15,29.74,20/04/2026,,false
SKU-00139,Wooden Pallet Std,MEDICAL,SUP-013,LOC-003,WH-C-BIN-59,6.0,30,767.77,2026-03-23,,false
SKU-00141,Hand Truck,CHEMICALS,SUP-010,LOC-013,WH-M-BIN-61,27.0kg,,676.57,2026-03-11,2027-07-26,true
SKU-00142,Spill Kit 20L,ELECTRONICS,SUP-174,LOC-018,WH-R-BIN-62,343.0kg,30,395.41,2026-02-19,,false
SKU-00143,Epoxy Resin 1L,FOOD_DRY,SUP-182,wh_n,WH-N-BIN-63,154.0,0,161.84,2026-04-08,,false
SKU-00144,Chain Block 1T,FOOD_COLD,SUP-034,LOC-009,WH-I-BIN-64,127.0 KG,,786.01,2026-06-24,,false
SKU-00145,Temperature Logger,PACKAGING,SUP-183,WH-F,WH-F-BIN-65,28.0kg,30,797.72,May 03 2026,,false
SKU-00146,Anti-Slip Tape Roll,MACHINERY_PARTS,SUP-172,wh-r,WH-R-BIN-66,399.0 KG,0,548.89,Jun 13 2026,,false
SKU-00147,Welding Rod 3.2mm,PPE,SUP-188,LOC-006,WH-F-BIN-67,6.0kilogram,20,794.46,2026-06-06,,false
SKU-00149,First Aid Refill,MEDICAL,SUP-100,LOC-002,WH-B-BIN-69,446.0kg,15,639.39,2026-07-13,,false
SKU-00150,,RAW_MATERIALS,SUP-137,Warehouse D,WH-D-BIN-70,159.0kg,10,662.48,2026-07-29,,false
SKU-00151,Stretch Hood Film,CHEMICALS,SUP-172,LOC-016,WH-P-BIN-71,137.0,20,523.25,09/05/2026,,true
SKU-00152,Load Cell 500kg,ELECTRONICS,SUP-057,WH-C,WH-C-BIN-72,1.0kilogram,26,184.93,Mar 31 2026,,false
SKU-00154,Floor Marking Paint,FOOD_COLD,SUP-081,whse c,WH-C-BIN-74,161.0kg,40,202.64,Jul 12 2026,Jun 20 2026,false
SKU-00155,Battery Charger 24V,PACKAGING,SUP-161,WH-F,WH-F-BIN-75,54.0kg,40,59.47,Mar 08 2026,,false
SKU-00156,,MACHINERY_PARTS,SUP-085,LOC-011,WH-K-BIN-76,22.0kilogram,25,474.76,2026-06-06,,false
SKU-00157,,PPE,SUP-083,whse s,WH-S-BIN-77,300.0 KG,25,649.34,Jul 26 2026,2026-08-30,false
SKU-00158,Pallet Strap Tool,CLEANING,SUP-044,LOC-009,WH-I-BIN-78,101.0kilogram,25,522.32,06/07/2026,11/04/2026,false
SKU-00159,Coolant Concentrate,MEDICAL,SUP-187,WH-E,WH-E-BIN-79,5.0kg,40,602.01,2026-04-11,,false
SKU-00160,Wheel Chock Rubber,RAW_MATERIALS,SUP-104,Warehouse T,WH-T-BIN-80,292.0kilogram,25,380.70,12/07/2026,2027-05-24,false
SKU-00161,Steel Bolt M8,CHEMICALS,SUP-110,Warehouse F,WH-F-BIN-01,477.0,25,788.10,13/06/2026,May 14 2026,true
SKU-00162,Hydraulic Hose 2in,ELECTRONICS,SUP-173,LOC-013,WH-M-BIN-02,34.0kg,0,425.27,21/02/2026,,false
SKU-00163,Industrial Solvent 5L,FOOD_DRY,SUP-167,whse p,WH-P-BIN-03,235.0kilogram,30,752.68,2026-02-05,,false
SKU-00164,Forklift Battery 24V,FOOD_COLD,SUP-179,wh-s,WH-S-BIN-04,178.0,40,307.02,12/05/2026,,false
SKU-00165,Safety Gloves L,PACKAGING,SUP-008,WH-G,WH-G-BIN-05,364.0kilogram,,188.07,2026-06-23,,false
SKU-00166,Conveyor Belt Patch,MACHINERY_PARTS,SUP-041,WH-B,WH-B-BIN-06,1.0 KG,10,303.75,2026-05-19,,false
SKU-00167,Shrink Wrap Film Roll,PPE,SUP-164,LOC-019,WH-S-BIN-07,429.0kilogram,25,2.95,2026-04-14,,false
SKU-00168,Label Printer Ribbon,CLEANING,SUP-119,LOC-018,WH-R-BIN-08,176.0kilogram,25,321.93,06/03/2026,,false
SKU-00169,Dock Leveler Seal,MEDICAL,SUP-152,LOC-015,WH-O-BIN-09,492.0,25,162.64,03/05/2026,,false
SKU-00170,,RAW_MATERIALS,SUP-177,LOC-014,WH-N-BIN-10,151.0,10,196.92,2026-05-11,Jun 08 2026,false
SKU-00171,,CHEMICALS,SUP-121,Warehouse H,WH-H-BIN-11,39.0kg,15,342.45,2026-06-13,,false
SKU-00172,Pallet Jack Wheel,ELECTRONICS,SUP-021,LOC-015,WH-O-BIN-12,471.0 KG,10,305.37,May 09 2026,Aug 21 2027,false
SKU-00173,Barcode Scanner,FOOD_DRY,SUP-013,LOC-007,WH-G-BIN-13,209.0,40,89.88,17/03/2026,2027-02-25,false
SKU-00175,Alha Wolf Pack,PACKAGING,SUP-173,WH-N,WH-N-BIN-15,238.0kilogram,15,492.04,18/03/2026,,false
SKU-00176,Rubber Gasket Set,MACHINERY_PARTS,SUP-144,LOC-020,WH-T-BIN-16,311.0 KG,0,226.79,12/02/2026,,false
SKU-00177,Cable Tie Assorted,PPE,SUP-064,LOC-014,WH-N-BIN-17,189.0kilogram,20,235.14,2026-06-04,,false
SKU-00178,Dust Mask N95 Pack,CLEANING,SUP-182,Warehouse J,WH-J-BIN-18,10.0kilogram,20,742.55,Mar 02 2026,,false
SKU-00179,Wooden Pallet Std,MEDICAL,SUP-193,LOC-008,WH-H-BIN-19,144.0,,463.50,19/05/2026,,false
SKU-00180,,RAW_MATERIALS,SUP-148,LOC-008,WH-H-BIN-20,469.0 KG,20,541.47,Feb 12 2026,Apr 24 2026,false
SKU-00182,,ELECTRONICS,SUP-058,LOC-005,WH-E-BIN-22,323.0,10,382.67,05/06/2026,,false
SKU-00183,Epoxy Resin 1L,FOOD_DRY,SUP-172,LOC-019,WH-S-BIN-23,292.0kg,0,747.14,Jul 05 2026,,false
SKU-00184,Chain Block 1T,FOOD_COLD,SUP-041,LOC-008,WH-H-BIN-24,24.0kilogram,10,50.84,2026-06-16,,false
SKU-00185,Temperature Logger,PACKAGING,SUP-123,LOC-004,WH-D-BIN-25,42.0 KG,0,279.50,2026-05-18,,false
SKU-00186,Anti-Slip Tape Roll,MACHINERY_PARTS,SUP-095,LOC-014,WH-N-BIN-26,261.0kilogram,20,31.76,2026-07-28,,false
SKU-00187,,PPE,SUP-078,WH-B,WH-B-BIN-27,310.0kg,20,120.41,2026-02-24,,false
SKU-00188,Compressed Air Hose,CLEANING,SUP-146,LOC-008,WH-H-BIN-28,6.0 KG,10,164.82,Apr 03 2026,,false
SKU-00189,First Aid Refill,MEDICAL,SUP-101,LOC-011,WH-K-BIN-29,202.0,,271.23,07/02/2026,24/06/2027,false
SKU-00190,Racking Beam 2.4m,RAW_MATERIALS,SUP-001,wh-p,WH-P-BIN-30,240.0 KG,30,488.37,13/07/2026,May 18 2026,false
SKU-00191,Stretch Hood Film,CHEMICALS,SUP-181,wh_i,WH-I-BIN-31,302.0kg,,311.53,Jul 09 2026,,true
SKU-00192,Load Cell 500kg,ELECTRONICS,SUP-141,wh-r,WH-R-BIN-32,44.0kilogram,20,127.74,09/02/2026,2027-03-26,false
SKU-00193,,FOOD_DRY,SUP-009,LOC-005,WH-E-BIN-33,8.0 KG,,525.51,2026-07-26,,false
SKU-00194,,FOOD_COLD,SUP-060,LOC-010,WH-J-BIN-34,250.0kilogram,,540.49,2026-02-12,,false
SKU-00195,Battery Charger 24V,PACKAGING,SUP-139,whse m,WH-M-BIN-35,6.0kilogram,14,603.10,Jul 18 2026,,false
SKU-00196,Mesh Security Cage,MACHINERY_PARTS,SUP-168,LOC-005,WH-E-BIN-36,351.0kg,10,53.40,2026-05-24,,false
SKU-00197,Humidity Sensor Probe,PPE,SUP-010,wh_g,WH-G-BIN-37,126.0kg,20,430.18,28/04/2026,Jul 01 2026,false
SKU-00198,Pallet Strap Tool,CLEANING,SUP-042,LOC-002,WH-B-BIN-38,437.0 KG,15,272.00,07/04/2026,,false
SKU-00199,Coolant Concentrate,MEDICAL,SUP-187,WH-K,WH-K-BIN-39,405.0kg,0,795.22,2026-02-21,May 23 2027,false
SKU-00200,Wheel Chock Rubber,RAW_MATERIALS,SUP-003,wh_h,WH-H-BIN-40,7.0kilogram,,702.50,Jun 02 2026,Dec 12 2026,false
SKU-00201,Steel Bolt M8,CHEMICALS,SUP-057,LOC-001,WH-A-BIN-41,149.0,15,100.04,2026-04-12,May 03 2026,false
SKU-00202,Hydraulic Hose 2in,ELECTRONICS,SUP-003,LOC-012,WH-L-BIN-42,458.0 KG,25,279.20,May 11 2026,,false
SKU-00203,Industrial Solvent 5L,FOOD_DRY,SUP-192,LOC-008,WH-H-BIN-43,108.0 KG,10,728.37,2026-03-04,2026-11-26,false
SKU-00204,,FOOD_COLD,SUP-198,LOC-018,WH-R-BIN-44,437.0 KG,20,734.48,Jun 27 2026,Aug 31 2027,false
SKU-00205,,PACKAGING,SUP-033,LOC-002,WH-B-BIN-45,171.0,30,647.98,Jul 26 2026,,false
SKU-00206,,MACHINERY_PARTS,SUP-117,wh_c,WH-C-BIN-46,103.0,40,705.10,Jul 16 2026,2026-09-25,false
SKU-00207,,PPE,SUP-185,LOC-015,WH-O-BIN-47,489.0 KG,25,584.26,04/07/2026,,false
SKU-00208,Label Printer Ribbon,CLEANING,SUP-165,LOC-016,WH-P-BIN-48,373.0 KG,40,498.59,Feb 27 2026,,false
SKU-00209,Dock Leveler Seal,MEDICAL,SUP-068,LOC-006,WH-F-BIN-49,217.0kg,10,736.56,Jun 21 2026,,false
SKU-00210,LED Warehouse Light,RAW_MATERIALS,SUP-162,LOC-016,WH-P-BIN-50,193.0,15,479.84,Mar 03 2026,Feb 08 2027,false
SKU-00211,Nitrile Gloves Box,CHEMICALS,SUP-099,Warehouse K,WH-K-BIN-51,408.0 KG,25,580.32,Jun 23 2026,,false
SKU-00213,,FOOD_DRY,SUP-116,wh_g,WH-G-BIN-53,413.0,30,70.59,18/07/2026,2026-10-12,false
SKU-00214,Fire Extinguisher 4kg,FOOD_COLD,SUP-136,LOC-004,WH-D-BIN-54,23.0kg,25,333.91,23/02/2026,,false
SKU-00215,PVC Pipe 50mm,PACKAGING,SUP-172,LOC-002,WH-B-BIN-55,252.0 KG,10,555.48,2026-02-19,,false
SKU-00216,Rubber Gasket Set,MACHINERY_PARTS,SUP-154,Warehouse H,WH-H-BIN-56,10.0 KG,15,144.21,2026-05-10,,false
SKU-00217,,PPE,SUP-127,LOC-004,WH-D-BIN-57,8.0,10,201.32,2026-03-10,,false
SKU-00218,Dust Mask N95 Pack,CLEANING,SUP-047,LOC-015,WH-O-BIN-58,30.0kg,15,142.57,Feb 07 2026,2027-03-10,false
SKU-00219,Wooden Pallet Std,MEDICAL,SUP-176,whse k,WH-K-BIN-59,153.0 KG,0,155.50,2026-06-11,,false
SKU-00220,Steel Shelving Unit,RAW_MATERIALS,SUP-178,Warehouse A,WH-A-BIN-60,438.0kg,30,724.07,26/07/2026,,false
SKU-00221,Hand Truck,CHEMICALS,SUP-129,LOC-010,WH-J-BIN-61,285.0,0,11.37,2026-04-03,,true
SKU-00222,Spill Kit 20L,ELECTRONICS,SUP-003,LOC-006,WH-F-BIN-62,211.0,,280.79,24/02/2026,,false
SKU-00223,Epoxy Resin 1L,FOOD_DRY,SUP-049,wh_k,WH-K-BIN-63,369.0,0,146.96,Apr 12 2026,,false
SKU-00224,Chain Block 1T,FOOD_COLD,SUP-041,LOC-007,WH-G-BIN-64,399.0 KG,30,380.38,2026-06-17,11/05/2027,false
SKU-00225,Temperature Logger,PACKAGING,SUP-092,LOC-006,WH-F-BIN-65,3.0 KG,30,68.80,2026-02-26,,false
SKU-00226,Anti-Slip Tape Roll,MACHINERY_PARTS,SUP-008,LOC-005,WH-E-BIN-66,208.0kg,40,95.39,09/05/2026,Jan 23 2027,false
SKU-00227,Welding Rod 3.2mm,PPE,SUP-056,WH-N,WH-N-BIN-67,97.0kilogram,10,466.09,Jun 01 2026,,false
SKU-00228,Compressed Air Hose,CLEANING,SUP-063,Warehouse N,WH-N-BIN-68,362.0 KG,25,661.68,2026-05-16,,false
SKU-00229,First Aid Refill,MEDICAL,SUP-011,LOC-006,WH-F-BIN-69,22.0kilogram,25,517.75,2026-03-11,,false
SKU-00230,Racking Beam 2.4m,RAW_MATERIALS,SUP-025,LOC-011,WH-K-BIN-70,124.0kg,15,681.36,Jul 19 2026,,false
SKU-00231,Stretch Hood Film,CHEMICALS,SUP-147,whse i,WH-I-BIN-71,456.0kilogram,30,68.80,Jun 22 2026,Jul 24 2027,true
SKU-00232,Load Cell 500kg,ELECTRONICS,SUP-020,wh_f,WH-F-BIN-72,403.0 KG,20,569.56,Mar 15 2026,,false
SKU-00233,Dock Bumpers Pair,FOOD_DRY,SUP-112,LOC-005,WH-E-BIN-73,233.0,30,8.73,03/03/2026,,false
SKU-00234,Floor Marking Paint,FOOD_COLD,SUP-136,WH-D,WH-D-BIN-74,154.0kg,20,791.08,2026-06-26,21/06/2026,false
SKU-00235,Battery Charger 24V,PACKAGING,SUP-011,WH-A,WH-A-BIN-75,218.0 KG,0,732.62,2026-03-25,,false
SKU-00236,Mesh Security Cage,MACHINERY_PARTS,SUP-164,LOC-015,WH-O-BIN-76,265.0kg,30,589.93,22/04/2026,,false
SKU-00238,Pallet Strap Tool,CLEANING,SUP-192,LOC-013,WH-M-BIN-78,416.0,,175.73,12/02/2026,,false
SKU-00239,Coolant Concentrate,MEDICAL,SUP-029,wh_f,WH-F-BIN-79,92.0 KG,30,156.26,26/07/2026,2026-10-07,false
SKU-00240,Wheel Chock Rubber,RAW_MATERIALS,SUP-177,LOC-010,WH-J-BIN-80,43.0 KG,,637.08,2026-07-02,,false
SKU-00241,Steel Bolt M8,CHEMICALS,SUP-188,LOC-010,WH-J-BIN-01,500.0kilogram,25,560.61,02/07/2026,,true
SKU-00242,Hydraulic Hose 2in,ELECTRONICS,SUP-115,wh_t,WH-T-BIN-02,442.0 KG,15,491.15,2026-03-05,,false
SKU-00243,Industrial Solvent 5L,FOOD_DRY,SUP-025,LOC-017,WH-Q-BIN-03,102.0kg,40,17.88,2026-06-04,,false
SKU-00244,Forklift Battery 24V,FOOD_COLD,SUP-109,wh_n,WH-N-BIN-04,30.0 KG,25,51.79,02/05/2026,,false
SKU-00245,Safety Gloves L,PACKAGING,SUP-192,LOC-007,WH-G-BIN-05,296.0,15,5.07,Feb 19 2026,18/10/2026,false
SKU-00246,Conveyor Belt Patch,MACHINERY_PARTS,SUP-084,Warehouse B,WH-B-BIN-06,111.0 KG,0,440.77,2026-07-30,,false
SKU-00247,Shrink Wrap Film Roll,PPE,SUP-142,LOC-012,WH-L-BIN-07,102.0kilogram,40,528.67,Mar 08 2026,,false
SKU-00248,,CLEANING,SUP-016,LOC-020,WH-T-BIN-08,250.0kg,10,605.52,May 29 2026,Apr 21 2027,false
SKU-00249,Dock Leveler Seal,MEDICAL,SUP-046,whse h,WH-H-BIN-09,304.0kilogram,0,488.31,Apr 23 2026,,false
SKU-00250,LED Warehouse Light,RAW_MATERIALS,SUP-055,wh_g,WH-G-BIN-10,267.0,0,508.73,19/02/2026,,false
SKU-00251,Nitrile Gloves Box,CHEMICALS,SUP-193,LOC-018,WH-R-BIN-11,413.0kg,0,442.62,2026-07-03,Apr 09 2027,true
SKU-00252,Pallet Jack Wheel,ELECTRONICS,SUP-049,whse c,WH-C-BIN-12,359.0kg,15,574.08,21/06/2026,,false
SKU-00253,Barcode Scanner,FOOD_DRY,SUP-173,LOC-004,WH-D-BIN-13,454.0,30,151.09,27/02/2026,,false
SKU-00254,Fire Extinguisher 4kg,FOOD_COLD,SUP-136,LOC-003,WH-C-BIN-14,186.0kilogram,25,17.79,29/03/2026,,false
SKU-00255,PVC Pipe 50mm,PACKAGING,SUP-099,LOC-016,WH-P-BIN-15,6.0,10,719.29,2026-03-15,2027-07-21,false
SKU-00256,,MACHINERY_PARTS,SUP-026,WH-Q,WH-Q-BIN-16,354.0kg,0,374.74,2026-04-08,03/11/2026,false
SKU-00258,,CLEANING,SUP-129,LOC-015,WH-O-BIN-18,76.0kg,40,427.53,2026-05-28,,false
SKU-00259,Wooden Pallet Std,MEDICAL,SUP-178,wh-r,WH-R-BIN-19,199.0kilogram,,792.56,Jun 22 2026,,false
SKU-00260,,RAW_MATERIALS,SUP-097,LOC-013,WH-M-BIN-20,376.0kg,20,138.31,2026-05-01,,false
SKU-00261,Hand Truck,CHEMICALS,SUP-025,wh-s,WH-S-BIN-21,185.0,15,453.27,2026-06-19,,true
SKU-00262,Spill Kit 20L,ELECTRONICS,SUP-155,LOC-008,WH-H-BIN-22,363.0kg,20,591.06,26/06/2026,,false
SKU-00263,Epoxy Resin 1L,FOOD_DRY,SUP-156,whse s,WH-S-BIN-23,247.0kg,10,330.78,Mar 01 2026,,false
SKU-00264,Chain Block 1T,FOOD_COLD,SUP-017,LOC-010,WH-J-BIN-24,244.0 KG,0,443.49,28/02/2026,31/08/2026,false
SKU-00265,Temperature Logger,PACKAGING,SUP-079,LOC-015,WH-O-BIN-25,368.0,40,680.79,2026-05-19,,false
SKU-00266,Anti-Slip Tape Roll,MACHINERY_PARTS,SUP-071,LOC-013,WH-M-BIN-26,9.0,10,195.54,04/04/2026,2027-04-23,false
SKU-00268,Compressed Air Hose,CLEANING,SUP-053,whse k,WH-K-BIN-28,395.0 KG,25,235.79,Mar 03 2026,2027-03-12,false
SKU-00269,,MEDICAL,SUP-008,whse r,WH-R-BIN-29,168.0kg,,412.79,Apr 21 2026,Jul 23 2027,false
SKU-00270,Racking Beam 2.4m,RAW_MATERIALS,SUP-084,LOC-001,WH-A-BIN-30,80.0 KG,15,33.19,2026-04-19,2027-04-21,false
SKU-00271,Stretch Hood Film,CHEMICALS,SUP-142,LOC-010,WH-J-BIN-31,27.0,30,667.18,30/04/2026,,false
SKU-00272,Load Cell 500kg,ELECTRONICS,SUP-001,WH-H,WH-H-BIN-32,469.0,30,643.99,May 07 2026,,false
SKU-00273,Dock Bumpers Pair,FOOD_DRY,SUP-079,wh-p,WH-P-BIN-33,437.0 KG,40,380.03,03/07/2026,,false
SKU-00274,Floor Marking Paint,FOOD_COLD,SUP-089,LOC-018,WH-R-BIN-34,463.0kg,25,631.07,2026-07-27,,false
SKU-00275,,PACKAGING,SUP-001,LOC-002,WH-B-BIN-35,43.0kg,15,323.83,2026-03-01,,false
SKU-00276,,MACHINERY_PARTS,SUP-092,LOC-020,WH-T-BIN-36,23.0 KG,40,614.27,2026-06-11,2027-01-10,false
SKU-00277,Humidity Sensor Probe,PPE,SUP-139,LOC-015,WH-O-BIN-37,452.0kg,40,43.33,Mar 30 2026,,false
SKU-00278,Pallet Strap Tool,CLEANING,SUP-168,LOC-001,WH-A-BIN-38,291.0,10,26.92,2026-02-19,,false
SKU-00279,Coolant Concentrate,MEDICAL,SUP-110,LOC-007,WH-G-BIN-39,474.0kilogram,20,735.31,2026-05-14,2026-06-26,false
SKU-00280,Wheel Chock Rubber,RAW_MATERIALS,SUP-034,LOC-009,WH-I-BIN-40,324.0,30,275.67,Apr 13 2026,,false
SKU-00281,Steel Bolt M8,CHEMICALS,SUP-103,LOC-018,WH-R-BIN-41,489.0,0,630.34,2026-06-28,10/11/2026,true
SKU-00282,Hydraulic Hose 2in,ELECTRONICS,SUP-157,LOC-012,WH-L-BIN-42,243.0kg,,614.96,13/06/2026,,false
SKU-00283,Industrial Solvent 5L,FOOD_DRY,SUP-032,wh_f,WH-F-BIN-43,24.0kilogram,30,528.61,09/04/2026,,false
SKU-00284,Forklift Battery 24V,FOOD_COLD,SUP-067,LOC-001,WH-A-BIN-44,177.0kilogram,,628.80,2026-04-26,,false
SKU-00285,,PACKAGING,SUP-058,wh_t,WH-T-BIN-45,243.0,30,186.94,2026-06-03,,false
SKU-00286,Conveyor Belt Patch,MACHINERY_PARTS,SUP-002,LOC-011,WH-K-BIN-46,5.0,25,176.09,Jun 18 2026,,false
SKU-00287,,PPE,SUP-015,LOC-020,WH-T-BIN-47,399.0,10,744.55,2026-07-13,Oct 15 2026,false
SKU-00288,Label Printer Ribbon,CLEANING,SUP-061,LOC-016,WH-P-BIN-48,8.0,25,429.79,13/03/2026,,false
SKU-00289,Dock Leveler Seal,MEDICAL,SUP-159,LOC-008,WH-H-BIN-49,304.0kg,20,138.43,Mar 03 2026,,false
SKU-00290,LED Warehouse Light,RAW_MATERIALS,SUP-044,whse j,WH-J-BIN-50,450.0kilogram,40,326.05,Mar 24 2026,,false
SKU-00291,Nitrile Gloves Box,CHEMICALS,SUP-126,LOC-011,WH-K-BIN-51,3.0kg,20,43.68,Feb 17 2026,2026-04-04,true
SKU-00292,Pallet Jack Wheel,ELECTRONICS,SUP-154,LOC-010,WH-J-BIN-52,152.0kilogram,10,612.22,Feb 17 2026,,false
SKU-00293,Barcode Scanner,FOOD_DRY,SUP-092,LOC-007,WH-G-BIN-53,92.0kilogram,0,682.83,16/05/2026,,false
SKU-00294,Fire Extinguisher 4kg,FOOD_COLD,SUP-119,LOC-004,WH-D-BIN-54,202.0kg,10,368.65,May 25 2026,,false
SKU-00295,PVC Pipe 50mm,PACKAGING,SUP-155,Warehouse J,WH-J-BIN-55,38.0,15,179.35,29/06/2026,,false
SKU-00296,Rubber Gasket Set,MACHINERY_PARTS,SUP-056,LOC-017,WH-Q-BIN-56,62.0kilogram,25,193.24,16/02/2026,Jul 05 2026,false
SKU-00297,Cable Tie Assorted,PPE,SUP-154,LOC-017,WH-Q-BIN-57,238.0kg,15,711.92,Mar 10 2026,,false
SKU-00298,Dust Mask N95 Pack,CLEANING,SUP-091,Warehouse C,WH-C-BIN-58,109.0kilogram,,348.97,May 11 2026,2027-06-10,false
SKU-00299,,MEDICAL,SUP-081,LOC-003,WH-C-BIN-59,82.0 KG,15,529.39,2026-05-08,,false
SKU-00300,Steel Shelving Unit,RAW_MATERIALS,SUP-124,whse h,WH-H-BIN-60,432.0kilogram,0,452.49,Jul 03 2026,2026-05-26,false
SKU-00301,,CHEMICALS,SUP-109,wh_l,WH-L-BIN-61,18.0kilogram,40,588.71,Apr 08 2026,,false
SKU-00302,Spill Kit 20L,ELECTRONICS,SUP-152,LOC-006,WH-F-BIN-62,223.0 KG,0,181.14,Apr 20 2026,Jun 21 2026,false
SKU-00303,Epoxy Resin 1L,FOOD_DRY,SUP-151,wh_e,WH-E-BIN-63,314.0kilogram,30,211.07,2026-05-04,,false
SKU-00304,,FOOD_COLD,SUP-157,LOC-002,WH-B-BIN-64,314.0,30,91.51,2026-03-16,2026-07-26,false
SKU-00305,Temperature Logger,PACKAGING,SUP-142,LOC-020,WH-T-BIN-65,265.0 KG,20,188.69,Feb 05 2026,Apr 06 2026,false
SKU-00306,Anti-Slip Tape Roll,MACHINERY_PARTS,SUP-042,LOC-011,WH-K-BIN-66,7.0 KG,10,231.42,Feb 14 2026,,false
SKU-00307,Welding Rod 3.2mm,PPE,SUP-100,LOC-010,WH-J-BIN-67,396.0,20,601.36,Feb 09 2026,,false
SKU-00308,Compressed Air Hose,CLEANING,SUP-186,Warehouse T,WH-T-BIN-68,318.0,25,298.01,Mar 27 2026,,false
SKU-00309,First Aid Refill,MEDICAL,SUP-163,LOC-011,WH-K-BIN-69,312.0kg,40,594.03,01/03/2026,,false
SKU-00310,,RAW_MATERIALS,SUP-046,LOC-002,WH-B-BIN-70,56.0 KG,15,488.14,11/02/2026,,false
SKU-00311,Stretch Hood Film,CHEMICALS,SUP-036,whse c,WH-C-BIN-71,290.0,20,362.58,2026-07-10,,false
SKU-00312,Load Cell 500kg,ELECTRONICS,SUP-193,LOC-011,WH-K-BIN-72,290.0kg,30,649.09,May 23 2026,,false
SKU-00313,Dock Bumpers Pair,FOOD_DRY,SUP-109,LOC-007,WH-G-BIN-73,409.0,25,419.65,2026-07-09,,false
SKU-00314,Floor Marking Paint,FOOD_COLD,SUP-186,LOC-006,WH-F-BIN-74,9.0 KG,15,679.44,Jul 01 2026,,false
SKU-00315,Battery Charger 24V,PACKAGING,SUP-148,LOC-003,WH-C-BIN-75,332.0 KG,15,221.53,2026-05-05,,false
SKU-00316,Mesh Security Cage,MACHINERY_PARTS,SUP-003,LOC-019,WH-S-BIN-76,31.0kg,0,772.92,Mar 06 2026,,false
SKU-00317,Humidity Sensor Probe,PPE,SUP-027,wh-f,WH-F-BIN-77,259.0,25,739.84,03/03/2026,Apr 04 2027,false
SKU-00318,,CLEANING,SUP-057,LOC-007,WH-G-BIN-78,424.0,0,596.12,Mar 15 2026,,false
SKU-00319,Coolant Concentrate,MEDICAL,SUP-194,LOC-001,WH-A-BIN-79,257.0 KG,40,157.74,Feb 08 2026,,false
SKU-00320,Wheel Chock Rubber,RAW_MATERIALS,SUP-006,LOC-013,WH-M-BIN-80,37.0,40,10.33,Mar 16 2026,,false
SKU-00321,Steel Bolt M8,CHEMICALS,SUP-147,Warehouse E,WH-E-BIN-01,11.0,25,35.73,15/07/2026,05/04/2027,false
SKU-00322,Hydraulic Hose 2in,ELECTRONICS,SUP-137,WH-K,WH-K-BIN-02,71.0kilogram,0,50.68,2026-06-26,2027-02-13,false
SKU-00323,Industrial Solvent 5L,FOOD_DRY,SUP-055,LOC-010,WH-J-BIN-03,256.0,40,746.27,17/03/2026,17/06/2026,false
SKU-00325,,PACKAGING,SUP-194,LOC-013,WH-M-BIN-05,91.0,,280.25,2026-02-27,03/05/2026,false
SKU-00326,Conveyor Belt Patch,MACHINERY_PARTS,SUP-146,LOC-013,WH-M-BIN-06,127.0 KG,15,502.05,2026-03-13,Sep 02 2026,false
SKU-00327,Shrink Wrap Film Roll,PPE,SUP-193,whse k,WH-K-BIN-07,5.0,24,688.90,Apr 25 2026,17/02/2027,false
SKU-00328,,CLEANING,SUP-150,LOC-008,WH-H-BIN-08,12.0kilogram,25,233.56,Apr 21 2026,2027-03-12,false
SKU-00329,Dock Leveler Seal,MEDICAL,SUP-011,wh-t,WH-T-BIN-09,88.0kilogram,40,147.01,Jul 23 2026,,false
SKU-00330,LED Warehouse Light,RAW_MATERIALS,SUP-140,LOC-006,WH-F-BIN-10,235.0,30,275.81,May 28 2026,,false
SKU-00331,,CHEMICALS,SUP-046,whse j,WH-J-BIN-11,62.0,30,547.00,2026-07-11,Aug 25 2027,true
SKU-00332,Pallet Jack Wheel,ELECTRONICS,SUP-160,LOC-004,WH-D-BIN-12,256.0 KG,40,269.14,Feb 18 2026,,false
SKU-00333,,FOOD_DRY,SUP-105,wh_j,WH-J-BIN-13,6.0 KG,13,449.05,2026-07-30,May 06 2026,false
SKU-00334,Fire Extinguisher 4kg,FOOD_COLD,SUP-126,Warehouse E,WH-E-BIN-14,24.0,15,747.03,2026-03-22,06/11/2026,false
SKU-00335,PVC Pipe 50mm,PACKAGING,SUP-068,LOC-004,WH-D-BIN-15,152.0 KG,40,464.05,2026-03-01,,false
SKU-00337,Cable Tie Assorted,PPE,SUP-148,LOC-001,WH-A-BIN-17,314.0kg,25,605.42,12/02/2026,,false
SKU-00338,Dust Mask N95 Pack,CLEANING,SUP-161,whse t,WH-T-BIN-18,12.0 KG,40,686.84,Feb 23 2026,,false
SKU-00340,Steel Shelving Unit,RAW_MATERIALS,SUP-082,LOC-009,WH-I-BIN-20,4.0kg,20,110.36,27/03/2026,,false
SKU-00341,Hand Truck,CHEMICALS,SUP-117,wh-d,WH-D-BIN-21,14.0kilogram,20,788.13,2026-07-03,,false
SKU-00342,Spill Kit 20L,ELECTRONICS,SUP-199,LOC-009,WH-I-BIN-22,412.0kg,,473.34,19/03/2026,,false
SKU-00343,,FOOD_DRY,SUP-130,LOC-003,WH-C-BIN-23,125.0,25,769.52,2026-06-04,,false
SKU-00344,Chain Block 1T,FOOD_COLD,SUP-055,wh-h,WH-H-BIN-24,165.0kilogram,25,77.25,28/07/2026,,false
SKU-00345,Temperature Logger,PACKAGING,SUP-004,LOC-020,WH-T-BIN-25,12.0kilogram,30,698.93,2026-07-25,,false
SKU-00346,Anti-Slip Tape Roll,MACHINERY_PARTS,SUP-140,Warehouse F,WH-F-BIN-26,5.0kilogram,15,739.22,Jul 13 2026,,false
SKU-00347,Welding Rod 3.2mm,PPE,SUP-060,LOC-006,WH-F-BIN-27,6.0,10,606.85,Jul 14 2026,14/01/2027,false
SKU-00348,Compressed Air Hose,CLEANING,SUP-015,whse a,WH-A-BIN-28,373.0 KG,40,452.89,20/06/2026,,false
SKU-00349,First Aid Refill,MEDICAL,SUP-096,wh_i,WH-I-BIN-29,142.0kilogram,0,572.24,12/05/2026,May 04 2027,false
SKU-00350,,RAW_MATERIALS,SUP-163,LOC-004,WH-D-BIN-30,93.0kilogram,15,470.73,Mar 10 2026,,false
SKU-00352,Load Cell 500kg,ELECTRONICS,SUP-066,LOC-013,WH-M-BIN-32,497.0,0,793.50,15/05/2026,2026-10-09,false
SKU-00353,Dock Bumpers Pair,FOOD_DRY,SUP-048,LOC-005,WH-E-BIN-33,27.0 KG,20,172.76,Apr 14 2026,,false
SKU-00354,Floor Marking Paint,FOOD_COLD,SUP-028,LOC-004,WH-D-BIN-34,444.0,,307.29,11/04/2026,2026-06-21,false
SKU-00355,,PACKAGING,SUP-177,whse d,WH-D-BIN-35,1.0 KG,,556.18,2026-06-17,,false
SKU-00356,,MACHINERY_PARTS,SUP-039,wh_b,WH-B-BIN-36,6.0kg,17,577.71,2026-07-13,,false
SKU-00357,Humidity Sensor Probe,PPE,SUP-093,wh-s,WH-S-BIN-37,229.0kg,15,381.69,May 11 2026,Apr 25 2027,false
SKU-00358,Pallet Strap Tool,CLEANING,SUP-016,LOC-001,WH-A-BIN-38,273.0 KG,10,11.83,Apr 03 2026,,false
SKU-00359,Coolant Concentrate,MEDICAL,SUP-158,LOC-007,WH-G-BIN-39,2.0,25,89.11,Mar 14 2026,Oct 16 2026,false
SKU-00360,Wheel Chock Rubber,RAW_MATERIALS,SUP-145,LOC-013,WH-M-BIN-40,400.0,10,397.50,2026-06-13,,false
SKU-00361,,CHEMICALS,SUP-007,LOC-004,WH-D-BIN-41,441.0 KG,0,224.90,2026-04-17,,false
SKU-00362,Hydraulic Hose 2in,ELECTRONICS,SUP-029,Warehouse P,WH-P-BIN-42,105.0,30,364.92,13/05/2026,2026-09-02,false
SKU-00363,,FOOD_DRY,SUP-105,wh_h,WH-H-BIN-43,94.0kilogram,10,629.64,27/06/2026,,false
SKU-00364,,FOOD_COLD,SUP-093,whse f,WH-F-BIN-44,67.0kilogram,15,146.50,2026-03-02,Jun 17 2026,false
SKU-00365,Safety Gloves L,PACKAGING,SUP-194,wh-i,WH-I-BIN-45,92.0,10,15.58,May 22 2026,,false
SKU-00366,Conveyor Belt Patch,MACHINERY_PARTS,SUP-190,whse j,WH-J-BIN-46,248.0 KG,,20.04,08/02/2026,Jul 11 2027,false
SKU-00367,Shrink Wrap Film Roll,PPE,SUP-108,WH-F,WH-F-BIN-47,340.0 KG,40,377.32,Jul 10 2026,,false
SKU-00368,,CLEANING,SUP-155,LOC-015,WH-O-BIN-48,173.0 KG,0,108.88,May 03 2026,05/05/2026,false
SKU-00369,Dock Leveler Seal,MEDICAL,SUP-150,Warehouse L,WH-L-BIN-49,2.0kg,30,90.13,15/03/2026,Aug 06 2027,false
SKU-00370,LED Warehouse Light,RAW_MATERIALS,SUP-024,LOC-019,WH-S-BIN-50,432.0kilogram,15,563.09,Feb 25 2026,,false
SKU-00371,Nitrile Gloves Box,CHEMICALS,SUP-106,whse r,WH-R-BIN-51,265.0kg,20,411.93,2026-04-14,,true
SKU-00372,Pallet Jack Wheel,ELECTRONICS,SUP-098,wh-o,WH-O-BIN-52,9.0kilogram,10,20.86,2026-06-01,,false
SKU-00373,Barcode Scanner,FOOD_DRY,SUP-169,LOC-015,WH-O-BIN-53,65.0 KG,30,496.53,Mar 07 2026,2027-01-26,false
SKU-00374,Fire Extinguisher 4kg,FOOD_COLD,SUP-022,WH-E,WH-E-BIN-54,13.0,25,424.21,2026-06-09,,false
SKU-00375,PVC Pipe 50mm,PACKAGING,SUP-156,LOC-013,WH-M-BIN-55,13.0,40,224.32,2026-05-23,,false
SKU-00376,Rubber Gasket Set,MACHINERY_PARTS,SUP-112,WH-Q,WH-Q-BIN-56,249.0 KG,20,95.58,2026-03-06,10/07/2026,false
SKU-00377,Cable Tie Assorted,PPE,SUP-106,LOC-017,WH-Q-BIN-57,160.0kilogram,20,136.20,2026-06-18,,false
SKU-00379,Wooden Pallet Std,MEDICAL,SUP-176,LOC-016,WH-P-BIN-59,95.0,,703.16,Jun 05 2026,,false
SKU-00380,Steel Shelving Unit,RAW_MATERIALS,SUP-016,LOC-001,WH-A-BIN-60,39.0kilogram,10,572.03,Apr 18 2026,,false
SKU-00381,Hand Truck,CHEMICALS,SUP-062,LOC-015,WH-O-BIN-61,76.0kg,30,458.25,2026-03-07,25/05/2026,false
SKU-00382,Spill Kit 20L,ELECTRONICS,SUP-065,wh-d,WH-D-BIN-62,227.0kg,10,680.61,2026-04-23,2026-04-12,false
SKU-00383,,FOOD_DRY,SUP-193,LOC-019,WH-S-BIN-63,16.0kilogram,40,747.19,2026-03-04,,false
SKU-00384,Chain Block 1T,FOOD_COLD,SUP-198,LOC-018,WH-R-BIN-64,392.0,30,434.34,2026-05-05,Sep 03 2026,false
SKU-00385,Temperature Logger,PACKAGING,SUP-140,Warehouse J,WH-J-BIN-65,62.0kg,0,385.06,2026-05-25,,false
SKU-00386,Anti-Slip Tape Roll,MACHINERY_PARTS,SUP-063,LOC-013,WH-M-BIN-66,9.0kg,10,96.76,2026-07-06,09/04/2027,false
SKU-00387,,PPE,SUP-115,LOC-008,WH-H-BIN-67,2.0kg,10,445.13,27/04/2026,,false
SKU-00389,First Aid Refill,MEDICAL,SUP-037,LOC-017,WH-Q-BIN-69,313.0kg,0,152.91,2026-05-25,,false
SKU-00390,Racking Beam 2.4m,RAW_MATERIALS,SUP-018,LOC-001,WH-A-BIN-70,124.0,20,358.29,25/04/2026,,false
SKU-00391,Stretch Hood Film,CHEMICALS,SUP-156,LOC-019,WH-S-BIN-71,148.0kilogram,30,324.73,08/04/2026,,true
SKU-00392,Load Cell 500kg,ELECTRONICS,SUP-025,whse b,WH-B-BIN-72,1.0,10,432.18,07/07/2026,,false
SKU-00393,Dock Bumpers Pair,FOOD_DRY,SUP-039,LOC-017,WH-Q-BIN-73,354.0 KG,15,232.61,Jul 30 2026,,false
SKU-00394,Floor Marking Paint,FOOD_COLD,SUP-101,whse e,WH-E-BIN-74,37.0 KG,15,551.68,2026-06-26,11/01/2027,false
SKU-00396,Mesh Security Cage,MACHINERY_PARTS,SUP-164,LOC-012,WH-L-BIN-76,230.0kilogram,15,15.88,2026-05-16,19/04/2027,false
SKU-00397,,PPE,SUP-041,LOC-003,WH-C-BIN-77,68.0,30,266.95,2026-03-12,Aug 24 2027,false
SKU-00398,Pallet Strap Tool,CLEANING,SUP-176,LOC-004,WH-D-BIN-78,6.0,25,278.07,26/07/2026,,false
SKU-00399,Coolant Concentrate,MEDICAL,SUP-171,wh_j,WH-J-BIN-79,476.0kilogram,0,139.97,16/07/2026,2027-07-04,false
SKU-00401,,CHEMICALS,SUP-007,WH-N,WH-N-BIN-01,4.0kg,10,25.64,16/06/2026,,true
SKU-00402,Hydraulic Hose 2in,ELECTRONICS,SUP-146,LOC-005,WH-E-BIN-02,493.0kilogram,,101.82,2026-02-13,19/07/2026,false
SKU-00403,,FOOD_DRY,SUP-137,LOC-009,WH-I-BIN-03,28.0kg,40,764.66,25/05/2026,,false
SKU-00404,Forklift Battery 24V,FOOD_COLD,SUP-098,LOC-010,WH-J-BIN-04,43.0kilogram,40,782.82,Apr 14 2026,Nov 11 2026,false
SKU-00405,Safety Gloves L,PACKAGING,SUP-163,LOC-008,WH-H-BIN-05,216.0,20,72.31,May 31 2026,2026-05-12,false
SKU-00406,Conveyor Belt Patch,MACHINERY_PARTS,SUP-094,LOC-001,WH-A-BIN-06,388.0,25,248.68,2026-06-22,,false
SKU-00407,Shrink Wrap Film Roll,PPE,SUP-061,LOC-009,WH-I-BIN-07,305.0kilogram,20,428.74,2026-06-19,,false
SKU-00408,Label Printer Ribbon,CLEANING,SUP-194,LOC-011,WH-K-BIN-08,403.0,10,148.25,06/04/2026,,false
SKU-00409,Dock Leveler Seal,MEDICAL,SUP-131,wh_a,WH-A-BIN-09,453.0kilogram,25,626.97,Jun 21 2026,,false
SKU-00410,LED Warehouse Light,RAW_MATERIALS,SUP-071,LOC-005,WH-E-BIN-10,494.0 KG,10,682.14,Apr 08 2026,,false
SKU-00411,Nitrile Gloves Box,CHEMICALS,SUP-070,LOC-017,WH-Q-BIN-11,339.0kg,0,463.39,17/02/2026,Nov 19 2026,true
SKU-00412,Pallet Jack Wheel,ELECTRONICS,SUP-010,LOC-001,WH-A-BIN-12,497.0 KG,25,794.75,Jun 23 2026,,false
SKU-00413,Barcode Scanner,FOOD_DRY,SUP-061,LOC-005,WH-E-BIN-13,462.0 KG,20,703.21,25/04/2026,2027-04-01,false
SKU-00414,Fire Extinguisher 4kg,FOOD_COLD,SUP-040,LOC-018,WH-R-BIN-14,7.0kilogram,10,601.47,19/06/2026,,false
SKU-00415,PVC Pipe 50mm,PACKAGING,SUP-066,LOC-012,WH-L-BIN-15,13.0 KG,30,227.88,08/07/2026,,false
SKU-00416,Rubber Gasket Set,MACHINERY_PARTS,SUP-026,LOC-004,WH-D-BIN-16,383.0 KG,40,66.09,Jun 23 2026,,false
SKU-00417,Cable Tie Assorted,PPE,SUP-064,whse o,WH-O-BIN-17,458.0,10,470.23,2026-05-18,Aug 11 2027,false
SKU-00418,,CLEANING,SUP-129,wh_q,WH-Q-BIN-18,111.0kg,0,641.49,2026-03-15,,false
SKU-00419,Wooden Pallet Std,MEDICAL,SUP-104,LOC-001,WH-A-BIN-19,152.0kg,25,794.38,14/06/2026,2026-10-20,false
SKU-00420,Steel Shelving Unit,RAW_MATERIALS,SUP-042,wh_c,WH-C-BIN-20,469.0kg,0,67.64,2026-06-13,,false
SKU-00421,Hand Truck,CHEMICALS,SUP-008,LOC-008,WH-H-BIN-21,382.0 KG,10,423.26,29/07/2026,,false
SKU-00422,,ELECTRONICS,SUP-128,LOC-008,WH-H-BIN-22,71.0kilogram,,44.19,Jul 16 2026,,false
SKU-00423,Epoxy Resin 1L,FOOD_DRY,SUP-042,LOC-007,WH-G-BIN-23,377.0,10,474.60,Feb 26 2026,,false
SKU-00424,Chain Block 1T,FOOD_COLD,SUP-021,LOC-002,WH-B-BIN-24,433.0,10,651.01,30/05/2026,2027-04-30,false
SKU-00425,Temperature Logger,PACKAGING,SUP-193,whse d,WH-D-BIN-25,274.0,40,522.48,15/04/2026,,false
SKU-00426,Anti-Slip Tape Roll,MACHINERY_PARTS,SUP-200,Warehouse B,WH-B-BIN-26,73.0kg,40,126.16,01/05/2026,,false
SKU-00427,Welding Rod 3.2mm,PPE,SUP-193,LOC-020,WH-T-BIN-27,389.0kg,10,676.63,Feb 18 2026,,false
SKU-00428,Compressed Air Hose,CLEANING,SUP-135,LOC-015,WH-O-BIN-28,464.0 KG,20,63.48,Apr 09 2026,2026-07-15,false
SKU-00429,First Aid Refill,MEDICAL,SUP-058,whse k,WH-K-BIN-29,4.0kilogram,20,134.84,17/03/2026,Apr 03 2026,false
SKU-00430,Racking Beam 2.4m,RAW_MATERIALS,SUP-134,LOC-015,WH-O-BIN-30,21.0,40,46.88,02/06/2026,,false
SKU-00431,Stretch Hood Film,CHEMICALS,SUP-029,LOC-015,WH-O-BIN-31,74.0kg,25,623.80,Apr 01 2026,,false
SKU-00432,Load Cell 500kg,ELECTRONICS,SUP-034,WH-E,WH-E-BIN-32,366.0kg,15,308.59,29/03/2026,,false
SKU-00433,Dock Bumpers Pair,FOOD_DRY,SUP-199,wh_p,WH-P-BIN-33,6.0,10,448.61,2026-07-03,2027-04-01,false
SKU-00434,,FOOD_COLD,SUP-047,LOC-001,WH-A-BIN-34,166.0kg,0,573.62,2026-04-28,,false
SKU-00435,Battery Charger 24V,PACKAGING,SUP-120,LOC-012,WH-L-BIN-35,3.0kg,30,156.94,Jun 26 2026,,false
SKU-00436,Mesh Security Cage,MACHINERY_PARTS,SUP-102,LOC-007,WH-G-BIN-36,103.0kilogram,15,631.89,2026-04-23,,false
SKU-00437,Humidity Sensor Probe,PPE,SUP-172,LOC-020,WH-T-BIN-37,215.0kg,0,533.77,25/07/2026,,false
SKU-00438,Pallet Strap Tool,CLEANING,SUP-114,LOC-013,WH-M-BIN-38,369.0kg,40,198.23,Apr 28 2026,,false
SKU-00439,Coolant Concentrate,MEDICAL,SUP-023,LOC-005,WH-E-BIN-39,48.0kilogram,20,659.11,2026-04-22,,false
SKU-00440,Wheel Chock Rubber,RAW_MATERIALS,SUP-002,wh-c,WH-C-BIN-40,7.0kg,25,764.08,Feb 14 2026,,false
SKU-00441,Steel Bolt M8,CHEMICALS,SUP-197,LOC-017,WH-Q-BIN-41,477.0kg,20,91.78,Mar 15 2026,Aug 20 2027,false
SKU-00442,Hydraulic Hose 2in,ELECTRONICS,SUP-036,LOC-019,WH-S-BIN-42,297.0kg,20,242.54,2026-07-03,2026-09-04,false
SKU-00443,Industrial Solvent 5L,FOOD_DRY,SUP-154,LOC-014,WH-N-BIN-43,1.0 KG,,295.90,2026-07-12,Oct 20 2026,false
SKU-00444,Forklift Battery 24V,FOOD_COLD,SUP-122,LOC-013,WH-M-BIN-44,206.0,40,559.23,Apr 18 2026,,false
SKU-00445,Safety Gloves L,PACKAGING,SUP-060,LOC-008,WH-H-BIN-45,464.0,40,74.39,2026-07-30,2027-06-07,false
SKU-00446,Conveyor Belt Patch,MACHINERY_PARTS,SUP-005,LOC-011,WH-K-BIN-46,80.0kilogram,0,209.14,Jun 21 2026,,false
SKU-00447,Shrink Wrap Film Roll,PPE,SUP-130,LOC-016,WH-P-BIN-47,433.0,0,257.41,2026-05-28,,false
SKU-00448,Label Printer Ribbon,CLEANING,SUP-087,LOC-018,WH-R-BIN-48,401.0kg,20,724.85,26/03/2026,08/10/2026,false
SKU-00449,Dock Leveler Seal,MEDICAL,SUP-026,LOC-011,WH-K-BIN-49,139.0 KG,,80.57,29/04/2026,,false
SKU-00450,LED Warehouse Light,RAW_MATERIALS,SUP-040,LOC-009,WH-I-BIN-50,457.0kg,25,650.05,2026-04-03,2026-05-06,false
SKU-00451,Nitrile Gloves Box,CHEMICALS,SUP-059,LOC-006,WH-F-BIN-51,19.0kg,40,591.04,2026-04-27,,false
SKU-00452,Pallet Jack Wheel,ELECTRONICS,SUP-198,LOC-014,WH-N-BIN-52,12.0,25,23.80,Jun 08 2026,17/07/2026,false
SKU-00453,Barcode Scanner,FOOD_DRY,SUP-129,LOC-002,WH-B-BIN-53,82.0 KG,25,385.59,2026-02-16,,false
SKU-00454,Fire Extinguisher 4kg,FOOD_COLD,SUP-124,LOC-008,WH-H-BIN-54,7.0kg,40,184.16,2026-07-26,,false
SKU-00455,PVC Pipe 50mm,PACKAGING,SUP-114,wh_f,WH-F-BIN-55,10.0kg,20,368.30,Jun 14 2026,,false
SKU-00456,,MACHINERY_PARTS,SUP-013,LOC-013,WH-M-BIN-56,5.0kg,15,423.41,2026-06-23,,false
SKU-00457,,PPE,SUP-048,LOC-015,WH-O-BIN-57,284.0kg,30,344.03,2026-06-26,,false
SKU-00458,,CLEANING,SUP-115,LOC-001,WH-A-BIN-58,476.0kilogram,40,688.01,Jun 08 2026,,false
SKU-00459,Wooden Pallet Std,MEDICAL,SUP-054,LOC-011,WH-K-BIN-59,300.0 KG,40,112.41,Feb 26 2026,,false
SKU-00460,,RAW_MATERIALS,SUP-056,LOC-005,WH-E-BIN-60,240.0kilogram,30,326.34,Feb 09 2026,,false
SKU-00461,,CHEMICALS,SUP-068,wh-a,WH-A-BIN-61,490.0,30,555.75,2026-04-27,Sep 28 2026,false
SKU-00462,Spill Kit 20L,ELECTRONICS,SUP-002,LOC-009,WH-I-BIN-62,17.0 KG,20,117.54,Jun 09 2026,,false
SKU-00463,Epoxy Resin 1L,FOOD_DRY,SUP-108,wh_s,WH-S-BIN-63,62.0kilogram,40,344.39,26/05/2026,,false
SKU-00464,Chain Block 1T,FOOD_COLD,SUP-081,LOC-001,WH-A-BIN-64,369.0,15,401.15,2026-04-03,29/04/2027,false
SKU-00465,Temperature Logger,PACKAGING,SUP-182,LOC-016,WH-P-BIN-65,196.0 KG,20,690.40,2026-05-30,25/08/2027,false
SKU-00466,Anti-Slip Tape Roll,MACHINERY_PARTS,SUP-067,wh_q,WH-Q-BIN-66,4.0,15,105.93,2026-06-08,,false
SKU-00468,Compressed Air Hose,CLEANING,SUP-045,LOC-006,WH-F-BIN-68,95.0kg,40,664.45,14/02/2026,2027-04-24,false
SKU-00469,First Aid Refill,MEDICAL,SUP-110,whse p,WH-P-BIN-69,81.0,30,127.78,Mar 13 2026,Jan 27 2027,false
SKU-00470,Racking Beam 2.4m,RAW_MATERIALS,SUP-030,LOC-012,WH-L-BIN-70,157.0kg,,27.84,16/06/2026,,false
SKU-00471,Stretch Hood Film,CHEMICALS,SUP-109,LOC-004,WH-D-BIN-71,24.0kilogram,30,718.99,16/04/2026,2026-09-14,false
SKU-00472,Load Cell 500kg,ELECTRONICS,SUP-141,LOC-019,WH-S-BIN-72,68.0kilogram,10,216.37,11/07/2026,Mar 21 2027,false
SKU-00474,,FOOD_COLD,SUP-007,whse r,WH-R-BIN-74,56.0 KG,0,737.43,10/07/2026,,false
SKU-00475,Battery Charger 24V,PACKAGING,SUP-050,LOC-013,WH-M-BIN-75,474.0 KG,25,753.21,May 17 2026,,false
SKU-00476,Mesh Security Cage,MACHINERY_PARTS,SUP-051,Warehouse S,WH-S-BIN-76,114.0,15,225.17,2026-03-05,,false
SKU-00477,Humidity Sensor Probe,PPE,SUP-029,LOC-008,WH-H-BIN-77,433.0,0,347.72,2026-05-30,,false
SKU-00478,Pallet Strap Tool,CLEANING,SUP-002,LOC-018,WH-R-BIN-78,133.0 KG,30,605.47,2026-05-08,10/06/2026,false
SKU-00479,Coolant Concentrate,MEDICAL,SUP-016,LOC-009,WH-I-BIN-79,471.0kg,15,440.93,03/07/2026,,false
SKU-00480,Wheel Chock Rubber,RAW_MATERIALS,SUP-057,LOC-020,WH-T-BIN-80,329.0 KG,40,145.79,Jul 08 2026,2027-05-09,false
SKU-00481,Steel Bolt M8,CHEMICALS,SUP-147,LOC-006,WH-F-BIN-01,440.0 KG,,654.05,Jul 15 2026,2027-06-14,true
SKU-00482,Hydraulic Hose 2in,ELECTRONICS,SUP-184,wh_n,WH-N-BIN-02,251.0,25,443.27,2026-05-14,2026-11-23,false
SKU-00483,Industrial Solvent 5L,FOOD_DRY,SUP-053,LOC-012,WH-L-BIN-03,270.0kg,30,20.67,30/07/2026,,false
SKU-00484,Forklift Battery 24V,FOOD_COLD,SUP-140,LOC-017,WH-Q-BIN-04,174.0kg,25,291.98,16/04/2026,,false
SKU-00485,Safety Gloves L,PACKAGING,SUP-044,LOC-001,WH-A-BIN-05,299.0kilogram,10,674.24,2026-06-17,,false
SKU-00486,Conveyor Belt Patch,MACHINERY_PARTS,SUP-012,LOC-020,WH-T-BIN-06,115.0,15,755.71,31/05/2026,,false
SKU-00487,Shrink Wrap Film Roll,PPE,SUP-009,LOC-020,WH-T-BIN-07,152.0,20,140.34,2026-06-20,,false
SKU-00488,Label Printer Ribbon,CLEANING,SUP-050,LOC-012,WH-L-BIN-08,3.0kg,15,648.05,2026-02-14,16/11/2026,false
SKU-00489,Dock Leveler Seal,MEDICAL,SUP-089,LOC-011,WH-K-BIN-09,4.0kilogram,20,546.99,Jul 22 2026,,false
SKU-00490,LED Warehouse Light,RAW_MATERIALS,SUP-104,LOC-008,WH-H-BIN-10,278.0,30,627.13,Feb 21 2026,,false
SKU-00491,Nitrile Gloves Box,CHEMICALS,SUP-194,Warehouse G,WH-G-BIN-11,3.0kilogram,19,132.24,12/04/2026,,true
SKU-00492,Pallet Jack Wheel,ELECTRONICS,SUP-007,LOC-018,WH-R-BIN-12,308.0kg,20,99.71,May 23 2026,,false
SKU-00493,Barcode Scanner,FOOD_DRY,SUP-024,LOC-009,WH-I-BIN-13,470.0kilogram,15,479.56,2026-05-11,,false
SKU-00494,Fire Extinguisher 4kg,FOOD_COLD,SUP-154,LOC-020,WH-T-BIN-14,88.0,30,322.39,Jul 11 2026,11/05/2027,false
SKU-00495,PVC Pipe 50mm,PACKAGING,SUP-118,LOC-016,WH-P-BIN-15,321.0 KG,20,308.38,2026-02-28,,false
SKU-00496,Rubber Gasket Set,MACHINERY_PARTS,SUP-165,Warehouse I,WH-I-BIN-16,309.0 KG,10,637.87,02/03/2026,,false
SKU-00497,Cable Tie Assorted,PPE,SUP-047,LOC-005,WH-E-BIN-17,8.0,25,578.59,28/06/2026,,false
SKU-00498,Dust Mask N95 Pack,CLEANING,SUP-071,LOC-014,WH-N-BIN-18,17.0kilogram,25,307.71,24/06/2026,,false
SKU-00499,Wooden Pallet Std,MEDICAL,SUP-159,whse a,WH-A-BIN-19,81.0kilogram,25,475.29,12/02/2026,18/05/2026,false
SKU-00500,,RAW_MATERIALS,SUP-069,wh_r,WH-R-BIN-20,2.0kg,20,52.11,2026-02-04,,false
SKU-00001,Hand Truck,CHEMICALS,SUP-085,LOC-008,WH-H-BIN-21,25.0kg,20,113.38,2026-03-04,,false
SKU-00002,Spill Kit 20L,ELECTRONICS,SUP-061,LOC-010,WH-J-BIN-22,29.0 KG,40,510.89,May 25 2026,,false
SKU-00003,Epoxy Resin 1L,FOOD_DRY,SUP-155,LOC-015,WH-O-BIN-23,211.0kilogram,15,402.37,May 31 2026,2026-10-16,false
SKU-00004,,FOOD_COLD,SUP-161,LOC-009,WH-I-BIN-24,365.0,0,473.38,2026-07-29,,false
SKU-00005,Temperature Logger,PACKAGING,SUP-198,LOC-010,WH-J-BIN-25,267.0kilogram,30,663.95,Jun 10 2026,,false
SKU-00006,Anti-Slip Tape Roll,MACHINERY_PARTS,SUP-061,LOC-007,WH-G-BIN-26,107.0kg,0,78.03,2026-02-22,,false
SKU-00007,Welding Rod 3.2mm,PPE,SUP-043,LOC-002,WH-B-BIN-27,259.0,20,221.40,19/03/2026,,false
SKU-00008,Compressed Air Hose,CLEANING,SUP-163,LOC-011,WH-K-BIN-28,422.0kg,30,663.97,2026-03-14,,false
SKU-00009,First Aid Refill,MEDICAL,SUP-199,LOC-006,WH-F-BIN-29,378.0kilogram,20,16.36,Mar 22 2026,2026-11-26,false
SKU-00010,Racking Beam 2.4m,RAW_MATERIALS,SUP-102,LOC-009,WH-I-BIN-30,84.0kilogram,25,739.33,Feb 17 2026,,false
SKU-00011,Stretch Hood Film,CHEMICALS,SUP-189,LOC-011,WH-K-BIN-31,61.0,20,139.75,2026-05-02,,true
SKU-00012,Load Cell 500kg,ELECTRONICS,SUP-137,LOC-004,WH-D-BIN-32,200.0kilogram,15,136.07,2026-05-15,,false
SKU-00013,Dock Bumpers Pair,FOOD_DRY,SUP-045,whse o,WH-O-BIN-33,25.0,30,74.33,17/06/2026,05/09/2026,false
SKU-00014,Floor Marking Paint,FOOD_COLD,SUP-063,wh-f,WH-F-BIN-34,64.0kilogram,20,630.87,Feb 25 2026,,false
SKU-00015,,PACKAGING,SUP-101,LOC-014,WH-N-BIN-35,445.0,15,320.00,2026-05-24,2026-06-08,false
SKU-00016,Mesh Security Cage,MACHINERY_PARTS,SUP-014,LOC-011,WH-K-BIN-36,204.0,30,229.46,20/07/2026,,false
SKU-00017,Humidity Sensor Probe,PPE,SUP-184,LOC-001,WH-A-BIN-37,334.0 KG,15,431.92,2026-06-15,2026-12-10,false
SKU-00018,Pallet Strap Tool,CLEANING,SUP-042,wh-e,WH-E-BIN-38,448.0kg,,307.09,Jul 29 2026,,false
SKU-00019,Coolant Concentrate,MEDICAL,SUP-108,LOC-002,WH-B-BIN-39,497.0kg,10,257.66,May 20 2026,,false
SKU-00020,Wheel Chock Rubber,RAW_MATERIALS,SUP-029,LOC-013,WH-M-BIN-40,403.0kilogram,40,349.87,27/06/2026,,false
SKU-00021,Steel Bolt M8,CHEMICALS,SUP-073,Warehouse M,WH-M-BIN-41,382.0kilogram,15,261.80,Apr 03 2026,2027-06-19,true
SKU-00022,Hydraulic Hose 2in,ELECTRONICS,SUP-109,LOC-009,WH-I-BIN-42,247.0,10,539.29,08/06/2026,,false
SKU-00023,Industrial Solvent 5L,FOOD_DRY,SUP-106,LOC-007,WH-G-BIN-43,26.0 KG,,570.62,10/04/2026,,false
SKU-00024,Forklift Battery 24V,FOOD_COLD,SUP-036,wh-j,WH-J-BIN-44,6.0kilogram,15,94.81,Jun 10 2026,,false
SKU-00025,Safety Gloves L,PACKAGING,SUP-046,wh_o,WH-O-BIN-45,260.0kilogram,25,760.92,Jul 22 2026,,false
SKU-00026,Conveyor Belt Patch,MACHINERY_PARTS,SUP-178,LOC-014,WH-N-BIN-46,424.0,15,37.91,20/05/2026,,false
SKU-00027,Shrink Wrap Film Roll,PPE,SUP-018,LOC-014,WH-N-BIN-47,187.0,25,17.78,Jul 08 2026,,false
SKU-00028,Label Printer Ribbon,CLEANING,SUP-159,WH-P,WH-P-BIN-48,10.0 KG,30,231.05,Jun 04 2026,24/11/2026,false
SKU-00029,Dock Leveler Seal,MEDICAL,SUP-079,LOC-015,WH-O-BIN-49,415.0kilogram,20,277.59,2026-05-06,2027-01-14,false
SKU-00030,LED Warehouse Light,RAW_MATERIALS,SUP-129,LOC-007,WH-G-BIN-50,219.0,0,10.60,2026-04-30,,false
SKU-00031,Nitrile Gloves Box,CHEMICALS,SUP-198,LOC-010,WH-J-BIN-51,209.0kg,,335.58,07/03/2026,,true
SKU-00032,Pallet Jack Wheel,ELECTRONICS,SUP-045,LOC-015,WH-O-BIN-52,284.0kg,15,783.44,30/07/2026,05/09/2026,false
SKU-00033,Barcode Scanner,FOOD_DRY,SUP-087,LOC-020,WH-T-BIN-53,276.0,15,594.05,23/05/2026,,false
SKU-00034,,FOOD_COLD,SUP-024,LOC-006,WH-F-BIN-54,391.0 KG,,14.77,2026-07-22,,false
SKU-00035,PVC Pipe 50mm,PACKAGING,SUP-200,LOC-019,WH-S-BIN-55,264.0kg,15,245.17,15/02/2026,,false
SKU-00036,Rubber Gasket Set,MACHINERY_PARTS,SUP-189,LOC-014,WH-N-BIN-56,170.0kilogram,10,211.02,Jun 06 2026,,false
SKU-00038,Dust Mask N95 Pack,CLEANING,SUP-187,wh-m,WH-M-BIN-58,62.0 KG,25,685.20,15/04/2026,,false
SKU-00039,Wooden Pallet Std,MEDICAL,SUP-107,LOC-009,WH-I-BIN-59,7.0kilogram,17,721.26,Jul 13 2026,,false
SKU-00040,Steel Shelving Unit,RAW_MATERIALS,SUP-169,LOC-012,WH-L-BIN-60,471.0 KG,20,597.74,Mar 06 2026,,false
SKU-00041,Hand Truck,CHEMICALS,SUP-016,LOC-002,WH-B-BIN-61,251.0 KG,15,89.78,20/03/2026,,true
SKU-00042,Spill Kit 20L,ELECTRONICS,SUP-179,LOC-002,WH-B-BIN-62,352.0kilogram,25,291.95,2026-04-12,2026-12-28,false
SKU-00043,Epoxy Resin 1L,FOOD_DRY,SUP-087,LOC-002,WH-B-BIN-63,136.0kilogram,,474.53,2026-05-29,,false
SKU-00044,Chain Block 1T,FOOD_COLD,SUP-007,LOC-007,WH-G-BIN-64,267.0 KG,25,377.86,Jun 30 2026,2027-03-25,false
SKU-00045,Temperature Logger,PACKAGING,SUP-035,LOC-018,WH-R-BIN-65,7.0 KG,15,460.56,2026-05-20,,false
SKU-00046,Anti-Slip Tape Roll,MACHINERY_PARTS,SUP-158,LOC-003,WH-C-BIN-66,414.0,10,264.62,24/03/2026,,false
SKU-00047,Welding Rod 3.2mm,PPE,SUP-174,LOC-011,WH-K-BIN-67,433.0,30,458.97,Jun 08 2026,,false
SKU-00048,Compressed Air Hose,CLEANING,SUP-175,LOC-010,WH-J-BIN-68,106.0 KG,0,403.96,29/03/2026,,false
SKU-00049,First Aid Refill,MEDICAL,SUP-007,LOC-013,WH-M-BIN-69,452.0 KG,40,19.48,09/02/2026,,false
SKU-00050,,RAW_MATERIALS,SUP-147,LOC-010,WH-J-BIN-70,91.0kg,15,685.45,2026-04-13,27/07/2027,false
SKU-00051,Stretch Hood Film,CHEMICALS,SUP-140,LOC-003,WH-C-BIN-71,225.0kilogram,0,166.33,Jul 15 2026,,false
SKU-00052,Load Cell 500kg,ELECTRONICS,SUP-196,WH-M,WH-M-BIN-72,315.0kg,15,380.70,Mar 04 2026,,false
SKU-00053,,FOOD_DRY,SUP-046,wh_s,WH-S-BIN-73,448.0,0,454.19,Mar 15 2026,,false
SKU-00054,Floor Marking Paint,FOOD_COLD,SUP-126,LOC-006,WH-F-BIN-74,6.0,10,618.55,Jun 01 2026,,false
SKU-00055,,PACKAGING,SUP-024,LOC-015,WH-O-BIN-75,397.0kg,25,658.24,13/05/2026,Jun 06 2026,false
SKU-00056,,MACHINERY_PARTS,SUP-068,LOC-020,WH-T-BIN-76,227.0kg,15,473.90,2026-02-05,2027-08-21,false
SKU-00057,,PPE,SUP-023,LOC-008,WH-H-BIN-77,414.0 KG,40,512.51,03/02/2026,,false
SKU-00058,,CLEANING,SUP-029,wh-a,WH-A-BIN-78,203.0,20,795.12,2026-02-27,,false
SKU-00059,,MEDICAL,SUP-017,WH-F,WH-F-BIN-79,194.0,30,796.99,Mar 17 2026,2027-01-09,false
SKU-00060,Wheel Chock Rubber,RAW_MATERIALS,SUP-070,WH-F,WH-F-BIN-80,307.0kilogram,15,629.51,2026-07-17,,false
SKU-00061,Steel Bolt M8,CHEMICALS,SUP-178,WH-E,WH-E-BIN-01,440.0,40,332.60,Mar 24 2026,,false
SKU-00062,Hydraulic Hose 2in,ELECTRONICS,SUP-099,wh-a,WH-A-BIN-02,212.0kg,40,276.30,2026-02-15,,false
SKU-00064,Forklift Battery 24V,FOOD_COLD,SUP-027,LOC-002,WH-B-BIN-04,353.0kilogram,25,578.73,24/06/2026,,false
SKU-00065,Safety Gloves L,PACKAGING,SUP-024,LOC-017,WH-Q-BIN-05,15.0,20,749.66,Jun 21 2026,Sep 26 2026,false
SKU-00066,Conveyor Belt Patch,MACHINERY_PARTS,SUP-162,WH-N,WH-N-BIN-06,41.0 KG,20,411.52,Mar 14 2026,Jul 27 2026,false
SKU-00067,Shrink Wrap Film Roll,PPE,SUP-133,LOC-002,WH-B-BIN-07,479.0,40,322.88,17/03/2026,,false
SKU-00068,Label Printer Ribbon,CLEANING,SUP-154,Warehouse F,WH-F-BIN-08,10.0kg,25,262.35,2026-07-23,,false
SKU-00069,Dock Leveler Seal,MEDICAL,SUP-118,whse a,WH-A-BIN-09,284.0 KG,15,148.71,Feb 15 2026,,false
SKU-00070,LED Warehouse Light,RAW_MATERIALS,SUP-162,LOC-015,WH-O-BIN-10,18.0kg,20,474.68,2026-07-02,Apr 02 2026,false
SKU-00072,,ELECTRONICS,SUP-044,WH-D,WH-D-BIN-12,261.0,,425.25,26/07/2026,,false
SKU-00074,Fire Extinguisher 4kg,FOOD_COLD,SUP-117,LOC-004,WH-D-BIN-14,345.0kilogram,10,157.31,2026-05-24,,false
SKU-00075,PVC Pipe 50mm,PACKAGING,SUP-069,LOC-009,WH-I-BIN-15,186.0 KG,15,514.26,06/05/2026,,false
SKU-00076,,MACHINERY_PARTS,SUP-175,wh_q,WH-Q-BIN-16,468.0,0,10.74,16/05/2026,08/07/2026,false
SKU-00077,Cable Tie Assorted,PPE,SUP-077,Warehouse E,WH-E-BIN-17,356.0,,469.28,Jun 21 2026,,false
SKU-00078,Dust Mask N95 Pack,CLEANING,SUP-118,LOC-008,WH-H-BIN-18,18.0 KG,20,325.25,15/07/2026,,false
SKU-00079,Wooden Pallet Std,MEDICAL,SUP-157,LOC-008,WH-H-BIN-19,352.0,,603.86,2026-05-29,Apr 04 2026,false
SKU-00080,Steel Shelving Unit,RAW_MATERIALS,SUP-082,wh_m,WH-M-BIN-20,452.0kg,,179.40,Apr 13 2026,2027-02-27,false
SKU-00081,,CHEMICALS,SUP-129,LOC-009,WH-I-BIN-21,60.0kg,0,623.55,May 20 2026,,false
SKU-00082,Spill Kit 20L,ELECTRONICS,SUP-103,wh_h,WH-H-BIN-22,379.0kilogram,0,119.20,01/05/2026,,false
SKU-00083,Epoxy Resin 1L,FOOD_DRY,SUP-116,LOC-019,WH-S-BIN-23,147.0kilogram,25,330.07,2026-06-10,,false
SKU-00084,Chain Block 1T,FOOD_COLD,SUP-060,LOC-005,WH-E-BIN-24,39.0,25,500.69,Mar 17 2026,,false
SKU-00085,Temperature Logger,PACKAGING,SUP-073,LOC-014,WH-N-BIN-25,19.0kg,30,774.30,10/02/2026,,false
SKU-00086,Anti-Slip Tape Roll,MACHINERY_PARTS,SUP-035,LOC-006,WH-F-BIN-26,45.0,40,149.25,16/04/2026,,false
SKU-00087,Welding Rod 3.2mm,PPE,SUP-159,LOC-019,WH-S-BIN-27,25.0,15,759.00,07/03/2026,,false
SKU-00088,Compressed Air Hose,CLEANING,SUP-105,whse s,WH-S-BIN-28,116.0kg,,727.13,Feb 27 2026,,false
SKU-00089,First Aid Refill,MEDICAL,SUP-151,LOC-005,WH-E-BIN-29,328.0,40,601.69,Mar 30 2026,10/02/2027,false
SKU-00090,Racking Beam 2.4m,RAW_MATERIALS,SUP-143,LOC-013,WH-M-BIN-30,257.0kilogram,30,11.86,Jun 29 2026,09/04/2027,false
SKU-00091,Stretch Hood Film,CHEMICALS,SUP-066,LOC-008,WH-H-BIN-31,28.0,30,650.85,2026-07-06,,true
SKU-00092,Load Cell 500kg,ELECTRONICS,SUP-136,LOC-020,WH-T-BIN-32,117.0,,323.16,23/07/2026,02/11/2026,false
SKU-00093,Dock Bumpers Pair,FOOD_DRY,SUP-018,LOC-001,WH-A-BIN-33,172.0kg,20,119.14,2026-02-23,,false
SKU-00094,Floor Marking Paint,FOOD_COLD,SUP-079,wh-c,WH-C-BIN-34,353.0,40,585.41,08/03/2026,,false
SKU-00095,,PACKAGING,SUP-056,LOC-003,WH-C-BIN-35,17.0kilogram,,123.54,18/02/2026,,false
SKU-00096,,MACHINERY_PARTS,SUP-121,LOC-018,WH-R-BIN-36,36.0kg,15,666.59,Apr 23 2026,,false
SKU-00097,Humidity Sensor Probe,PPE,SUP-041,wh_j,WH-J-BIN-37,422.0kilogram,40,11.06,22/02/2026,,false
SKU-00098,Pallet Strap Tool,CLEANING,SUP-015,Warehouse E,WH-E-BIN-38,113.0 KG,30,794.67,2026-04-12,2027-05-05,false
SKU-00099,,MEDICAL,SUP-027,wh-t,WH-T-BIN-39,153.0kg,30,752.25,Mar 13 2026,Jun 17 2027,false
SKU-00100,,RAW_MATERIALS,SUP-167,LOC-002,WH-B-BIN-40,209.0kg,0,527.79,2026-05-29,29/04/2027,false
SKU-00101,Steel Bolt M8,CHEMICALS,SUP-115,wh_a,WH-A-BIN-41,229.0kg,30,385.27,2026-02-14,,false
SKU-00102,Hydraulic Hose 2in,ELECTRONICS,SUP-002,LOC-010,WH-J-BIN-42,146.0 KG,,569.24,May 10 2026,,false
SKU-00103,Industrial Solvent 5L,FOOD_DRY,SUP-019,wh_h,WH-H-BIN-43,119.0 KG,40,79.35,2026-07-17,,false
SKU-00104,Forklift Battery 24V,FOOD_COLD,SUP-126,LOC-016,WH-P-BIN-44,120.0kg,25,51.56,Apr 14 2026,2026-06-16,false
SKU-00105,Safety Gloves L,PACKAGING,SUP-194,LOC-003,WH-C-BIN-45,410.0 KG,30,666.99,2026-03-03,Feb 16 2027,false
SKU-00106,Conveyor Belt Patch,MACHINERY_PARTS,SUP-185,LOC-020,WH-T-BIN-46,8.0kg,10,153.52,2026-06-13,,false
SKU-00107,,PPE,SUP-080,wh-j,WH-J-BIN-47,453.0,20,395.72,2026-07-24,2027-01-15,false
SKU-00108,Label Printer Ribbon,CLEANING,SUP-192,LOC-015,WH-O-BIN-48,232.0 KG,30,54.42,29/07/2026,,false
SKU-00109,,MEDICAL,SUP-106,LOC-016,WH-P-BIN-49,59.0,,504.64,Feb 04 2026,,false
SKU-00110,LED Warehouse Light,RAW_MATERIALS,SUP-200,LOC-018,WH-R-BIN-50,65.0kg,,691.37,2026-03-01,,false
SKU-00111,Nitrile Gloves Box,CHEMICALS,SUP-021,WH-L,WH-L-BIN-51,200.0,20,447.56,2026-05-01,06/10/2026,false
SKU-00112,,ELECTRONICS,SUP-089,LOC-012,WH-L-BIN-52,24.0kg,30,668.46,25/05/2026,,false
SKU-00113,Barcode Scanner,FOOD_DRY,SUP-184,LOC-009,WH-I-BIN-53,337.0kilogram,0,95.34,2026-04-20,,false
SKU-00114,Fire Extinguisher 4kg,FOOD_COLD,SUP-166,LOC-002,WH-B-BIN-54,440.0,25,471.09,Jul 27 2026,2026-07-29,false
SKU-00115,,PACKAGING,SUP-082,LOC-010,WH-J-BIN-55,80.0kilogram,20,200.42,2026-03-13,,false
SKU-00116,Rubber Gasket Set,MACHINERY_PARTS,SUP-046,LOC-005,WH-E-BIN-56,431.0,10,316.14,19/06/2026,,false
SKU-00117,Cable Tie Assorted,PPE,SUP-062,LOC-002,WH-B-BIN-57,210.0kg,30,758.92,20/02/2026,,false
SKU-00118,Dust Mask N95 Pack,CLEANING,SUP-169,LOC-001,WH-A-BIN-58,293.0kg,25,271.68,Apr 24 2026,22/08/2027,false
SKU-00120,Steel Shelving Unit,RAW_MATERIALS,SUP-182,LOC-014,WH-N-BIN-60,125.0kg,30,335.18,Jun 09 2026,,false
SKU-00121,,CHEMICALS,SUP-049,LOC-002,WH-B-BIN-61,259.0,30,406.77,2026-07-17,,false
SKU-00122,Spill Kit 20L,ELECTRONICS,SUP-125,LOC-014,WH-N-BIN-62,278.0kilogram,10,775.12,Feb 28 2026,,false
SKU-00123,Epoxy Resin 1L,FOOD_DRY,SUP-011,LOC-006,WH-F-BIN-63,6.0kg,40,554.82,May 19 2026,,false
SKU-00124,Chain Block 1T,FOOD_COLD,SUP-021,wh_h,WH-H-BIN-64,122.0kg,10,304.10,Jul 06 2026,,false
SKU-00125,Temperature Logger,PACKAGING,SUP-138,LOC-011,WH-K-BIN-65,303.0 KG,20,640.67,May 30 2026,Jul 10 2026,false
SKU-00126,Anti-Slip Tape Roll,MACHINERY_PARTS,SUP-169,LOC-006,WH-F-BIN-66,77.0 KG,10,364.95,2026-02-05,,false
SKU-00127,Welding Rod 3.2mm,PPE,SUP-038,LOC-006,WH-F-BIN-67,180.0kilogram,10,381.89,2026-05-22,,false
SKU-00128,Compressed Air Hose,CLEANING,SUP-183,WH-L,WH-L-BIN-68,171.0kilogram,20,691.11,Feb 07 2026,,false
SKU-00129,,MEDICAL,SUP-164,LOC-005,WH-E-BIN-69,60.0 KG,15,597.23,22/02/2026,11/06/2026,false
SKU-00130,Racking Beam 2.4m,RAW_MATERIALS,SUP-087,LOC-019,WH-S-BIN-70,144.0,,643.52,17/04/2026,,false
SKU-00131,Stretch Hood Film,CHEMICALS,SUP-105,LOC-005,WH-E-BIN-71,147.0kilogram,15,4.22,01/06/2026,,false
SKU-00132,Load Cell 500kg,ELECTRONICS,SUP-192,Warehouse E,WH-E-BIN-72,57.0kg,25,650.74,2026-04-07,May 05 2027,false
SKU-00133,Dock Bumpers Pair,FOOD_DRY,SUP-056,LOC-001,WH-A-BIN-73,284.0kg,25,35.14,2026-04-20,29/12/2026,false
SKU-00134,Floor Marking Paint,FOOD_COLD,SUP-112,wh-h,WH-H-BIN-74,24.0 KG,0,513.57,2026-02-15,,false
SKU-00135,Battery Charger 24V,PACKAGING,SUP-069,LOC-014,WH-N-BIN-75,24.0kilogram,,470.14,01/03/2026,Dec 18 2026,false
SKU-00136,Mesh Security Cage,MACHINERY_PARTS,SUP-043,wh-d,WH-D-BIN-76,432.0,10,20.60,2026-05-24,Nov 07 2026,false
SKU-00137,Humidity Sensor Probe,PPE,SUP-041,wh_k,WH-K-BIN-77,122.0kg,40,375.06,2026-02-28,,false
SKU-00138,Pallet Strap Tool,CLEANING,SUP-060,LOC-012,WH-L-BIN-78,77.0kg,0,35.24,21/02/2026,,false
SKU-00139,Coolant Concentrate,MEDICAL,SUP-111,LOC-018,WH-R-BIN-79,88.0kilogram,,758.12,May 16 2026,,false
SKU-00140,Wheel Chock Rubber,RAW_MATERIALS,SUP-066,LOC-011,WH-K-BIN-80,159.0,0,230.09,2026-03-10,Feb 09 2027,false
SKU-00141,Steel Bolt M8,CHEMICALS,SUP-073,LOC-020,WH-T-BIN-01,166.0kg,40,15.00,Mar 09 2026,Jun 11 2027,true
SKU-00142,Hydraulic Hose 2in,ELECTRONICS,SUP-153,Warehouse R,WH-R-BIN-02,198.0kg,25,671.50,2026-05-19,,false
SKU-00143,Industrial Solvent 5L,FOOD_DRY,SUP-102,LOC-011,WH-K-BIN-03,100.0 KG,25,121.23,Mar 26 2026,,false
SKU-00144,Forklift Battery 24V,FOOD_COLD,SUP-127,WH-T,WH-T-BIN-04,181.0,10,83.83,14/04/2026,2027-03-27,false
SKU-00145,Safety Gloves L,PACKAGING,SUP-080,LOC-005,WH-E-BIN-05,1.0kg,30,125.10,2026-04-14,,false
SKU-00146,Conveyor Belt Patch,MACHINERY_PARTS,SUP-005,LOC-013,WH-M-BIN-06,120.0,15,293.40,12/07/2026,,false
SKU-00147,Shrink Wrap Film Roll,PPE,SUP-051,LOC-012,WH-L-BIN-07,15.0 KG,,73.95,2026-03-25,,false
SKU-00148,Label Printer Ribbon,CLEANING,SUP-081,LOC-004,WH-D-BIN-08,47.0 KG,,145.04,2026-05-14,2026-11-04,false
SKU-00149,Dock Leveler Seal,MEDICAL,SUP-054,wh_c,WH-C-BIN-09,322.0 KG,15,568.30,24/05/2026,,false
SKU-00150,LED Warehouse Light,RAW_MATERIALS,SUP-055,wh-l,WH-L-BIN-10,368.0kg,10,375.10,17/07/2026,,false
SKU-00151,,CHEMICALS,SUP-186,wh-k,WH-K-BIN-11,83.0kilogram,25,746.06,2026-02-17,,false
SKU-00152,Pallet Jack Wheel,ELECTRONICS,SUP-112,LOC-013,WH-M-BIN-12,499.0 KG,40,344.89,2026-04-22,,false
SKU-00153,,FOOD_DRY,SUP-142,LOC-004,WH-D-BIN-13,119.0kg,15,502.51,Mar 09 2026,,false
SKU-00154,Fire Extinguisher 4kg,FOOD_COLD,SUP-102,WH-O,WH-O-BIN-14,23.0kg,30,776.51,03/02/2026,,false
SKU-00155,,PACKAGING,SUP-122,LOC-016,WH-P-BIN-15,5.0 KG,17,82.01,2026-06-13,,false
SKU-00157,Cable Tie Assorted,PPE,SUP-093,LOC-020,WH-T-BIN-17,270.0kg,25,552.78,2026-02-26,,false
SKU-00158,Dust Mask N95 Pack,CLEANING,SUP-055,LOC-016,WH-P-BIN-18,7.0kg,19,737.40,2026-05-09,2027-06-13,false
SKU-00159,Wooden Pallet Std,MEDICAL,SUP-196,WH-H,WH-H-BIN-19,437.0 KG,15,302.10,01/03/2026,,false
SKU-00160,Steel Shelving Unit,RAW_MATERIALS,SUP-067,LOC-006,WH-F-BIN-20,244.0kilogram,,129.24,16/03/2026,,false
SKU-00161,Hand Truck,CHEMICALS,SUP-167,Warehouse K,WH-K-BIN-21,11.0,15,202.59,2026-07-30,,true
SKU-00162,Spill Kit 20L,ELECTRONICS,SUP-049,WH-T,WH-T-BIN-22,409.0 KG,15,171.51,15/05/2026,,false
SKU-00163,Epoxy Resin 1L,FOOD_DRY,SUP-169,WH-P,WH-P-BIN-23,329.0,10,640.16,Mar 29 2026,,false
SKU-00164,,FOOD_COLD,SUP-083,LOC-011,WH-K-BIN-24,63.0 KG,,717.57,Jul 16 2026,,false
SKU-00165,Temperature Logger,PACKAGING,SUP-083,LOC-015,WH-O-BIN-25,311.0,25,101.21,2026-07-30,21/12/2026,false
SKU-00166,Anti-Slip Tape Roll,MACHINERY_PARTS,SUP-073,LOC-013,WH-M-BIN-26,129.0kg,15,794.33,2026-06-22,,false
SKU-00167,Welding Rod 3.2mm,PPE,SUP-127,LOC-005,WH-E-BIN-27,259.0 KG,25,560.48,2026-07-22,16/05/2027,false
SKU-00168,Compressed Air Hose,CLEANING,SUP-103,LOC-013,WH-M-BIN-28,393.0kg,,167.45,2026-04-29,,false
SKU-00169,First Aid Refill,MEDICAL,SUP-061,LOC-002,WH-B-BIN-29,20.0,25,637.33,2026-06-26,,false
SKU-00170,Racking Beam 2.4m,RAW_MATERIALS,SUP-022,wh-j,WH-J-BIN-30,31.0,,44.81,2026-03-26,,false
SKU-00171,Stretch Hood Film,CHEMICALS,SUP-005,wh-i,WH-I-BIN-31,351.0kilogram,40,406.06,Apr 12 2026,,false
SKU-00172,Load Cell 500kg,ELECTRONICS,SUP-096,LOC-005,WH-E-BIN-32,14.0kilogram,30,197.60,2026-04-18,Sep 19 2026,false
SKU-00173,Dock Bumpers Pair,FOOD_DRY,SUP-131,LOC-007,WH-G-BIN-33,202.0,40,706.66,May 24 2026,,false
SKU-00174,Floor Marking Paint,FOOD_COLD,SUP-187,Warehouse N,WH-N-BIN-34,164.0,10,517.26,07/06/2026,,false
SKU-00175,Alha Wolf Pack,PACKAGING,SUP-134,wh-d,WH-D-BIN-35,320.0 KG,15,460.30,14/03/2026,,false
SKU-00176,,MACHINERY_PARTS,SUP-154,Warehouse I,WH-I-BIN-36,59.0,0,29.44,22/02/2026,,false
SKU-00177,Humidity Sensor Probe,PPE,SUP-081,Warehouse K,WH-K-BIN-37,463.0,10,116.05,15/04/2026,,false
SKU-00178,Pallet Strap Tool,CLEANING,SUP-076,LOC-014,WH-N-BIN-38,4.0 KG,15,306.04,Jun 27 2026,,false
SKU-00179,Coolant Concentrate,MEDICAL,SUP-041,wh_d,WH-D-BIN-39,300.0kg,40,521.43,11/02/2026,,false
SKU-00180,Wheel Chock Rubber,RAW_MATERIALS,SUP-085,LOC-004,WH-D-BIN-40,167.0kg,30,5.26,2026-07-12,,false
SKU-00182,Hydraulic Hose 2in,ELECTRONICS,SUP-112,LOC-015,WH-O-BIN-42,377.0,40,653.66,Mar 17 2026,Dec 06 2026,false
SKU-00183,Industrial Solvent 5L,FOOD_DRY,SUP-128,LOC-010,WH-J-BIN-43,108.0kilogram,20,572.68,Mar 23 2026,2027-03-21,false
SKU-00184,Forklift Battery 24V,FOOD_COLD,SUP-017,Warehouse P,WH-P-BIN-44,282.0kg,0,104.76,Apr 06 2026,,false
SKU-00185,,PACKAGING,SUP-165,LOC-017,WH-Q-BIN-45,352.0kilogram,30,678.56,2026-07-13,,false
SKU-00186,Conveyor Belt Patch,MACHINERY_PARTS,SUP-134,LOC-013,WH-M-BIN-46,216.0 KG,10,205.82,Feb 16 2026,2027-09-04,false
SKU-00187,Shrink Wrap Film Roll,PPE,SUP-103,LOC-012,WH-L-BIN-47,259.0 KG,20,696.13,22/05/2026,,false
SKU-00188,Label Printer Ribbon,CLEANING,SUP-007,LOC-013,WH-M-BIN-48,367.0 KG,0,216.93,2026-04-22,,false
SKU-00189,Dock Leveler Seal,MEDICAL,SUP-174,LOC-007,WH-G-BIN-49,143.0 KG,30,356.93,2026-06-09,,false
SKU-00190,LED Warehouse Light,RAW_MATERIALS,SUP-031,wh_m,WH-M-BIN-50,449.0 KG,10,308.58,2026-06-27,11/10/2026,false
SKU-00191,Nitrile Gloves Box,CHEMICALS,SUP-026,LOC-001,WH-A-BIN-51,185.0,25,326.27,2026-05-20,,true
SKU-00192,Pallet Jack Wheel,ELECTRONICS,SUP-103,wh_q,WH-Q-BIN-52,187.0kilogram,20,81.70,Jun 16 2026,,false
SKU-00193,Barcode Scanner,FOOD_DRY,SUP-121,LOC-009,WH-I-BIN-53,2.0 KG,25,417.77,15/04/2026,,false
SKU-00194,,FOOD_COLD,SUP-034,Warehouse Q,WH-Q-BIN-54,3.0kilogram,20,261.43,Jun 21 2026,,false
SKU-00195,PVC Pipe 50mm,PACKAGING,SUP-066,LOC-006,WH-F-BIN-55,174.0 KG,0,378.90,2026-05-16,,false
SKU-00196,Rubber Gasket Set,MACHINERY_PARTS,SUP-037,whse a,WH-A-BIN-56,454.0kilogram,0,729.90,12/04/2026,26/03/2027,false
SKU-00197,Cable Tie Assorted,PPE,SUP-132,LOC-001,WH-A-BIN-57,139.0 KG,0,694.08,Jul 14 2026,,false
SKU-00198,,CLEANING,SUP-006,LOC-015,WH-O-BIN-58,10.0kg,,124.80,Jun 06 2026,,false
SKU-00199,Wooden Pallet Std,MEDICAL,SUP-165,whse q,WH-Q-BIN-59,23.0 KG,25,589.24,Jun 03 2026,2027-07-09,false
SKU-00200,Steel Shelving Unit,RAW_MATERIALS,SUP-156,LOC-001,WH-A-BIN-60,466.0 KG,0,535.04,Jul 27 2026,2027-01-14,false
SKU-00201,Hand Truck,CHEMICALS,SUP-198,LOC-019,WH-S-BIN-61,20.0kilogram,,676.02,05/03/2026,,false
SKU-00203,Epoxy Resin 1L,FOOD_DRY,SUP-040,LOC-011,WH-K-BIN-63,12.0kg,30,12.52,2026-05-10,,false
SKU-00204,Chain Block 1T,FOOD_COLD,SUP-119,LOC-002,WH-B-BIN-64,201.0kg,15,240.73,2026-03-22,,false
SKU-00205,Temperature Logger,PACKAGING,SUP-147,LOC-001,WH-A-BIN-65,275.0kg,20,710.84,2026-03-03,,false
SKU-00206,Anti-Slip Tape Roll,MACHINERY_PARTS,SUP-012,wh_r,WH-R-BIN-66,356.0,15,494.36,2026-05-22,2026-04-30,false
SKU-00207,,PPE,SUP-167,LOC-005,WH-E-BIN-67,434.0kilogram,0,284.31,Mar 17 2026,,false
SKU-00209,,MEDICAL,SUP-086,LOC-005,WH-E-BIN-69,163.0 KG,30,675.82,2026-06-21,,false
SKU-00210,Racking Beam 2.4m,RAW_MATERIALS,SUP-059,LOC-002,WH-B-BIN-70,308.0kilogram,10,427.01,04/04/2026,,false
SKU-00211,Stretch Hood Film,CHEMICALS,SUP-157,LOC-012,WH-L-BIN-71,78.0kilogram,20,341.44,May 23 2026,2026-04-06,false
SKU-00212,,ELECTRONICS,SUP-185,LOC-017,WH-Q-BIN-72,9.0,15,257.36,2026-02-16,06/07/2027,false
SKU-00213,,FOOD_DRY,SUP-102,LOC-017,WH-Q-BIN-73,283.0kilogram,40,129.02,15/02/2026,,false
SKU-00214,Floor Marking Paint,FOOD_COLD,SUP-044,LOC-008,WH-H-BIN-74,35.0 KG,25,573.71,2026-05-20,,false
SKU-00215,Battery Charger 24V,PACKAGING,SUP-118,WH-F,WH-F-BIN-75,449.0,25,155.59,30/07/2026,Apr 14 2027,false
SKU-00216,Mesh Security Cage,MACHINERY_PARTS,SUP-104,LOC-013,WH-M-BIN-76,451.0 KG,15,545.74,2026-04-26,,false
SKU-00217,Humidity Sensor Probe,PPE,SUP-136,LOC-003,WH-C-BIN-77,3.0 KG,19,659.02,2026-05-04,,false
SKU-00218,Pallet Strap Tool,CLEANING,SUP-080,wh_s,WH-S-BIN-78,338.0,25,742.43,31/05/2026,,false
SKU-00219,Coolant Concentrate,MEDICAL,SUP-118,LOC-005,WH-E-BIN-79,93.0kilogram,40,403.06,Mar 04 2026,,false
SKU-00220,,RAW_MATERIALS,SUP-039,wh-a,WH-A-BIN-80,136.0kg,15,650.42,12/04/2026,2026-05-01,false
SKU-00221,Steel Bolt M8,CHEMICALS,SUP-070,LOC-011,WH-K-BIN-01,429.0,0,537.54,11/03/2026,,true
SKU-00222,Hydraulic Hose 2in,ELECTRONICS,SUP-115,Warehouse O,WH-O-BIN-02,185.0 KG,30,357.25,Mar 25 2026,20/04/2026,false
SKU-00224,Forklift Battery 24V,FOOD_COLD,SUP-152,LOC-007,WH-G-BIN-04,59.0kg,30,500.20,2026-07-20,,false
SKU-00225,Safety Gloves L,PACKAGING,SUP-192,LOC-015,WH-O-BIN-05,256.0kg,,482.82,2026-03-10,May 09 2027,false
SKU-00226,Conveyor Belt Patch,MACHINERY_PARTS,SUP-078,LOC-019,WH-S-BIN-06,281.0 KG,20,135.78,2026-03-12,,false
SKU-00227,,PPE,SUP-130,LOC-007,WH-G-BIN-07,301.0kilogram,20,689.27,2026-07-26,,false
SKU-00228,Label Printer Ribbon,CLEANING,SUP-103,LOC-016,WH-P-BIN-08,97.0kg,10,748.65,2026-02-10,27/10/2026,false
SKU-00229,Dock Leveler Seal,MEDICAL,SUP-008,LOC-020,WH-T-BIN-09,455.0kg,40,438.36,2026-06-21,,false
SKU-00230,LED Warehouse Light,RAW_MATERIALS,SUP-166,WH-S,WH-S-BIN-10,296.0,0,610.41,Mar 22 2026,,false
SKU-00231,Nitrile Gloves Box,CHEMICALS,SUP-007,LOC-005,WH-E-BIN-11,443.0kilogram,40,608.82,2026-02-28,,true
SKU-00232,Pallet Jack Wheel,ELECTRONICS,SUP-013,LOC-004,WH-D-BIN-12,16.0,25,116.89,2026-03-11,,false
SKU-00233,Barcode Scanner,FOOD_DRY,SUP-060,LOC-020,WH-T-BIN-13,160.0kg,15,350.45,May 14 2026,,false
SKU-00234,,FOOD_COLD,SUP-117,LOC-020,WH-T-BIN-14,144.0kilogram,10,263.67,2026-03-22,29/05/2026,false
SKU-00235,PVC Pipe 50mm,PACKAGING,SUP-106,whse t,WH-T-BIN-15,285.0kilogram,0,154.43,May 01 2026,,false
SKU-00237,Cable Tie Assorted,PPE,SUP-114,LOC-016,WH-P-BIN-17,3.0 KG,15,704.12,05/07/2026,,false
SKU-00238,Dust Mask N95 Pack,CLEANING,SUP-085,LOC-011,WH-K-BIN-18,11.0,20,287.27,16/02/2026,,false
SKU-00239,Wooden Pallet Std,MEDICAL,SUP-135,LOC-003,WH-C-BIN-19,336.0kilogram,25,569.30,2026-05-20,2027-01-17,false
SKU-00240,Steel Shelving Unit,RAW_MATERIALS,SUP-012,LOC-009,WH-I-BIN-20,208.0kg,20,250.47,2026-05-13,2026-10-08,false
SKU-00241,,CHEMICALS,SUP-014,LOC-016,WH-P-BIN-21,490.0,40,782.27,May 09 2026,,false
SKU-00242,,ELECTRONICS,SUP-103,LOC-007,WH-G-BIN-22,21.0,30,621.60,26/02/2026,,false
SKU-00243,,FOOD_DRY,SUP-191,whse c,WH-C-BIN-23,318.0kg,10,358.23,17/07/2026,,false
SKU-00244,Chain Block 1T,FOOD_COLD,SUP-060,LOC-005,WH-E-BIN-24,174.0,40,410.88,2026-05-24,,false
SKU-00245,Temperature Logger,PACKAGING,SUP-122,LOC-014,WH-N-BIN-25,434.0,30,655.88,13/04/2026,,false
SKU-00246,Anti-Slip Tape Roll,MACHINERY_PARTS,SUP-077,LOC-014,WH-N-BIN-26,4.0,14,607.19,23/03/2026,,false
SKU-00247,Welding Rod 3.2mm,PPE,SUP-031,wh-g,WH-G-BIN-27,318.0kg,20,129.81,09/02/2026,,false
SKU-00248,Compressed Air Hose,CLEANING,SUP-170,LOC-005,WH-E-BIN-28,13.0 KG,25,168.29,21/07/2026,,false
SKU-00249,,MEDICAL,SUP-145,LOC-005,WH-E-BIN-29,65.0kg,0,244.83,2026-06-19,,false
SKU-00250,,RAW_MATERIALS,SUP-059,LOC-008,WH-H-BIN-30,14.0 KG,15,440.89,2026-02-20,,false
SKU-00251,Stretch Hood Film,CHEMICALS,SUP-138,LOC-009,WH-I-BIN-31,318.0 KG,15,728.48,15/05/2026,,true
SKU-00252,Load Cell 500kg,ELECTRONICS,SUP-121,LOC-013,WH-M-BIN-32,150.0,40,506.49,30/04/2026,,false
SKU-00253,Dock Bumpers Pair,FOOD_DRY,SUP-073,LOC-018,WH-R-BIN-33,62.0,40,738.83,2026-02-24,,false
SKU-00254,,FOOD_COLD,SUP-109,wh-d,WH-D-BIN-34,1.0kilogram,10,63.38,10/02/2026,,false
SKU-00255,Battery Charger 24V,PACKAGING,SUP-104,WH-D,WH-D-BIN-35,27.0kg,30,80.91,May 15 2026,,false
SKU-00256,Mesh Security Cage,MACHINERY_PARTS,SUP-171,LOC-009,WH-I-BIN-36,217.0kg,25,205.61,09/03/2026,2026-05-16,false
SKU-00257,,PPE,SUP-178,LOC-007,WH-G-BIN-37,435.0,25,474.01,Jun 28 2026,Jul 14 2026,false
SKU-00258,Pallet Strap Tool,CLEANING,SUP-104,LOC-018,WH-R-BIN-38,360.0,20,649.90,2026-04-13,2026-09-13,false
SKU-00259,Coolant Concentrate,MEDICAL,SUP-192,LOC-012,WH-L-BIN-39,314.0 KG,10,151.36,Mar 10 2026,,false
SKU-00260,Wheel Chock Rubber,RAW_MATERIALS,SUP-107,LOC-007,WH-G-BIN-40,251.0kilogram,25,333.56,Apr 10 2026,,false
SKU-00261,Steel Bolt M8,CHEMICALS,SUP-001,Warehouse C,WH-C-BIN-41,180.0kg,15,649.42,Jul 22 2026,,true
SKU-00262,Hydraulic Hose 2in,ELECTRONICS,SUP-035,LOC-005,WH-E-BIN-42,377.0kg,40,33.62,07/06/2026,,false
SKU-00263,,FOOD_DRY,SUP-109,LOC-015,WH-O-BIN-43,133.0kilogram,30,14.88,Mar 31 2026,,false
SKU-00264,Forklift Battery 24V,FOOD_COLD,SUP-158,LOC-015,WH-O-BIN-44,5.0 KG,,220.93,Jul 24 2026,,false
SKU-00265,Safety Gloves L,PACKAGING,SUP-043,Warehouse T,WH-T-BIN-45,145.0kg,15,681.47,Apr 29 2026,,false
SKU-00266,Conveyor Belt Patch,MACHINERY_PARTS,SUP-079,wh-n,WH-N-BIN-46,464.0kilogram,,198.57,28/06/2026,Mar 14 2027,false
SKU-00267,Shrink Wrap Film Roll,PPE,SUP-056,LOC-013,WH-M-BIN-47,310.0kg,10,514.99,2026-02-24,,false
SKU-00268,Label Printer Ribbon,CLEANING,SUP-092,LOC-011,WH-K-BIN-48,6.0 KG,30,680.94,24/05/2026,,false
SKU-00269,Dock Leveler Seal,MEDICAL,SUP-077,LOC-003,WH-C-BIN-49,28.0,30,438.96,2026-07-30,,false
SKU-00270,LED Warehouse Light,RAW_MATERIALS,SUP-191,wh_f,WH-F-BIN-50,191.0kilogram,0,665.73,22/05/2026,,false
SKU-00271,Nitrile Gloves Box,CHEMICALS,SUP-175,wh_j,WH-J-BIN-51,468.0 KG,,184.50,2026-07-30,31/05/2027,true
SKU-00272,,ELECTRONICS,SUP-060,LOC-008,WH-H-BIN-52,149.0 KG,,557.21,Apr 26 2026,,false
SKU-00273,Barcode Scanner,FOOD_DRY,SUP-075,LOC-016,WH-P-BIN-53,12.0,30,625.77,2026-04-04,,false
SKU-00274,Fire Extinguisher 4kg,FOOD_COLD,SUP-133,LOC-017,WH-Q-BIN-54,321.0,25,8.45,Jul 27 2026,Aug 17 2027,false
SKU-00275,PVC Pipe 50mm,PACKAGING,SUP-083,LOC-019,WH-S-BIN-55,144.0kilogram,20,412.04,17/07/2026,,false
SKU-00276,Rubber Gasket Set,MACHINERY_PARTS,SUP-096,LOC-017,WH-Q-BIN-56,24.0,30,196.08,12/05/2026,,false
SKU-00277,Cable Tie Assorted,PPE,SUP-150,WH-G,WH-G-BIN-57,2.0kilogram,10,428.82,Jun 17 2026,,false
SKU-00278,Dust Mask N95 Pack,CLEANING,SUP-004,LOC-004,WH-D-BIN-58,428.0 KG,25,537.77,19/02/2026,10/07/2027,false
SKU-00279,Wooden Pallet Std,MEDICAL,SUP-082,LOC-017,WH-Q-BIN-59,15.0 KG,,439.24,Jul 30 2026,,false
SKU-00280,Steel Shelving Unit,RAW_MATERIALS,SUP-110,LOC-005,WH-E-BIN-60,316.0,0,59.54,24/05/2026,,false
SKU-00281,Hand Truck,CHEMICALS,SUP-181,whse f,WH-F-BIN-61,3.0kg,40,45.28,24/03/2026,Jul 06 2026,false
SKU-00282,Spill Kit 20L,ELECTRONICS,SUP-166,LOC-011,WH-K-BIN-62,191.0 KG,40,732.58,Jun 25 2026,19/06/2026,false
SKU-00283,,FOOD_DRY,SUP-074,Warehouse F,WH-F-BIN-63,10.0kilogram,40,385.36,04/07/2026,2026-06-08,false
SKU-00284,Chain Block 1T,FOOD_COLD,SUP-020,wh-k,WH-K-BIN-64,183.0,20,340.68,2026-05-28,Mar 23 2027,false
SKU-00285,Temperature Logger,PACKAGING,SUP-190,LOC-007,WH-G-BIN-65,28.0,30,187.22,02/03/2026,09/02/2027,false
SKU-00286,Anti-Slip Tape Roll,MACHINERY_PARTS,SUP-048,wh_e,WH-E-BIN-66,25.0kilogram,,591.85,19/07/2026,2027-08-04,false
SKU-00288,Compressed Air Hose,CLEANING,SUP-066,LOC-007,WH-G-BIN-68,177.0kg,30,141.10,2026-06-14,Jul 24 2027,false
SKU-00289,,MEDICAL,SUP-097,LOC-017,WH-Q-BIN-69,427.0kg,10,269.76,16/04/2026,,false
SKU-00290,Racking Beam 2.4m,RAW_MATERIALS,SUP-086,whse j,WH-J-BIN-70,130.0 KG,15,643.72,Feb 24 2026,,false
SKU-00291,Stretch Hood Film,CHEMICALS,SUP-110,LOC-015,WH-O-BIN-71,7.0kg,,584.29,Mar 03 2026,Sep 26 2026,false
SKU-00292,Load Cell 500kg,ELECTRONICS,SUP-112,WH-H,WH-H-BIN-72,252.0kg,0,657.11,May 21 2026,,false
SKU-00293,,FOOD_DRY,SUP-141,LOC-019,WH-S-BIN-73,340.0,40,286.26,2026-07-07,,false
SKU-00294,Floor Marking Paint,FOOD_COLD,SUP-177,LOC-011,WH-K-BIN-74,216.0,15,451.05,2026-07-14,,false
SKU-00295,,PACKAGING,SUP-125,LOC-009,WH-I-BIN-75,479.0,0,698.13,22/03/2026,,false
SKU-00296,Mesh Security Cage,MACHINERY_PARTS,SUP-159,LOC-002,WH-B-BIN-76,233.0,25,296.84,28/05/2026,,false
SKU-00297,Humidity Sensor Probe,PPE,SUP-149,WH-M,WH-M-BIN-77,29.0 KG,40,739.20,2026-04-21,,false
SKU-00298,Pallet Strap Tool,CLEANING,SUP-185,WH-N,WH-N-BIN-78,361.0 KG,20,552.14,17/04/2026,,false
SKU-00299,,MEDICAL,SUP-196,WH-E,WH-E-BIN-79,470.0kilogram,40,201.37,2026-05-17,,false
SKU-00300,Wheel Chock Rubber,RAW_MATERIALS,SUP-182,Warehouse G,WH-G-BIN-80,218.0 KG,0,272.33,Jul 10 2026,,false
SKU-00301,Steel Bolt M8,CHEMICALS,SUP-165,LOC-006,WH-F-BIN-01,462.0kilogram,25,596.47,2026-03-12,,false
SKU-00302,Hydraulic Hose 2in,ELECTRONICS,SUP-070,LOC-011,WH-K-BIN-02,357.0kg,15,344.47,2026-02-09,,false
SKU-00303,Industrial Solvent 5L,FOOD_DRY,SUP-007,whse s,WH-S-BIN-03,24.0,25,377.37,Feb 17 2026,,false
SKU-00304,Forklift Battery 24V,FOOD_COLD,SUP-158,LOC-008,WH-H-BIN-04,405.0 KG,30,333.39,2026-05-01,,false
SKU-00305,,PACKAGING,SUP-173,Warehouse H,WH-H-BIN-05,29.0 KG,30,556.32,2026-07-08,,false
SKU-00306,Conveyor Belt Patch,MACHINERY_PARTS,SUP-063,LOC-001,WH-A-BIN-06,274.0kg,10,134.50,29/07/2026,2027-08-18,false
SKU-00307,Shrink Wrap Film Roll,PPE,SUP-071,LOC-004,WH-D-BIN-07,334.0,30,569.84,2026-03-10,,false
SKU-00308,Label Printer Ribbon,CLEANING,SUP-099,LOC-005,WH-E-BIN-08,160.0,40,783.28,20/04/2026,,false
SKU-00309,Dock Leveler Seal,MEDICAL,SUP-152,LOC-007,WH-G-BIN-09,172.0kg,0,223.82,Jun 24 2026,2027-07-24,false
SKU-00310,LED Warehouse Light,RAW_MATERIALS,SUP-163,wh_s,WH-S-BIN-10,218.0,15,165.68,12/06/2026,,false
SKU-00311,Nitrile Gloves Box,CHEMICALS,SUP-028,LOC-020,WH-T-BIN-11,91.0kg,25,505.23,May 15 2026,,true
SKU-00312,Pallet Jack Wheel,ELECTRONICS,SUP-147,LOC-013,WH-M-BIN-12,278.0 KG,20,89.65,Feb 16 2026,06/05/2026,false
SKU-00313,Barcode Scanner,FOOD_DRY,SUP-180,LOC-014,WH-N-BIN-13,387.0 KG,,362.30,2026-02-08,,false
SKU-00314,Fire Extinguisher 4kg,FOOD_COLD,SUP-106,LOC-001,WH-A-BIN-14,475.0kilogram,40,28.22,Apr 22 2026,,false
SKU-00315,PVC Pipe 50mm,PACKAGING,SUP-044,LOC-004,WH-D-BIN-15,422.0,20,621.30,May 28 2026,2026-06-09,false
SKU-00316,Rubber Gasket Set,MACHINERY_PARTS,SUP-155,wh-s,WH-S-BIN-16,394.0kg,20,186.84,22/05/2026,23/12/2026,false
SKU-00317,Cable Tie Assorted,PPE,SUP-122,LOC-007,WH-G-BIN-17,234.0kg,40,220.36,05/07/2026,2027-08-16,false
SKU-00318,Dust Mask N95 Pack,CLEANING,SUP-012,Warehouse J,WH-J-BIN-18,308.0kg,0,764.10,10/04/2026,2026-09-30,false
SKU-00319,Wooden Pallet Std,MEDICAL,SUP-154,LOC-016,WH-P-BIN-19,5.0kg,15,10.32,2026-05-19,Mar 23 2027,false
SKU-00320,Steel Shelving Unit,RAW_MATERIALS,SUP-168,LOC-019,WH-S-BIN-20,322.0,40,525.61,2026-06-19,2027-02-05,false
SKU-00321,Hand Truck,CHEMICALS,SUP-039,LOC-002,WH-B-BIN-21,307.0 KG,30,97.02,Mar 13 2026,,false
SKU-00322,Spill Kit 20L,ELECTRONICS,SUP-159,LOC-003,WH-C-BIN-22,40.0,30,616.23,25/05/2026,,false
SKU-00323,Epoxy Resin 1L,FOOD_DRY,SUP-191,Warehouse Q,WH-Q-BIN-23,174.0kg,20,169.20,10/06/2026,,false
SKU-00324,Chain Block 1T,FOOD_COLD,SUP-109,whse c,WH-C-BIN-24,376.0kg,10,81.55,Mar 13 2026,28/06/2027,false
SKU-00325,Temperature Logger,PACKAGING,SUP-016,LOC-013,WH-M-BIN-25,185.0kg,,70.96,26/03/2026,,false
SKU-00326,Anti-Slip Tape Roll,MACHINERY_PARTS,SUP-053,LOC-004,WH-D-BIN-26,420.0kg,15,678.38,26/07/2026,,false
SKU-00327,Welding Rod 3.2mm,PPE,SUP-078,LOC-005,WH-E-BIN-27,362.0kg,25,445.41,2026-02-13,,false
SKU-00328,Compressed Air Hose,CLEANING,SUP-075,LOC-003,WH-C-BIN-28,9.0kilogram,10,255.06,28/03/2026,,false
SKU-00329,First Aid Refill,MEDICAL,SUP-198,LOC-003,WH-C-BIN-29,129.0kilogram,30,393.71,16/05/2026,,false
SKU-00330,,RAW_MATERIALS,SUP-049,LOC-014,WH-N-BIN-30,56.0kg,30,400.45,2026-02-23,22/07/2027,false
SKU-00331,Stretch Hood Film,CHEMICALS,SUP-169,WH-D,WH-D-BIN-31,82.0 KG,25,123.10,May 02 2026,Jul 24 2027,true
SKU-00332,Load Cell 500kg,ELECTRONICS,SUP-020,Warehouse B,WH-B-BIN-32,22.0kg,40,531.44,11/02/2026,01/07/2027,false
SKU-00333,Dock Bumpers Pair,FOOD_DRY,SUP-100,wh_f,WH-F-BIN-33,228.0,10,798.68,Jun 16 2026,,false
SKU-00334,Floor Marking Paint,FOOD_COLD,SUP-190,whse p,WH-P-BIN-34,5.0 KG,20,577.09,14/07/2026,,false
SKU-00335,Battery Charger 24V,PACKAGING,SUP-150,WH-O,WH-O-BIN-35,325.0 KG,30,728.04,Apr 12 2026,,false
SKU-00336,Mesh Security Cage,MACHINERY_PARTS,SUP-155,LOC-013,WH-M-BIN-36,279.0kilogram,20,26.44,2026-07-03,28/09/2026,false
SKU-00337,Humidity Sensor Probe,PPE,SUP-161,LOC-019,WH-S-BIN-37,394.0 KG,40,733.78,Jun 07 2026,,false
SKU-00338,,CLEANING,SUP-094,LOC-012,WH-L-BIN-38,278.0 KG,0,359.71,Jul 08 2026,,false
SKU-00339,Coolant Concentrate,MEDICAL,SUP-040,wh-o,WH-O-BIN-39,21.0,25,208.67,28/07/2026,,false
SKU-00340,Wheel Chock Rubber,RAW_MATERIALS,SUP-006,LOC-016,WH-P-BIN-40,18.0,,408.38,Apr 14 2026,Mar 11 2027,false
SKU-00341,Steel Bolt M8,CHEMICALS,SUP-067,LOC-006,WH-F-BIN-41,423.0kg,10,701.81,30/07/2026,,false
SKU-00342,Hydraulic Hose 2in,ELECTRONICS,SUP-105,LOC-014,WH-N-BIN-42,9.0kg,30,82.03,26/06/2026,,false
SKU-00343,Industrial Solvent 5L,FOOD_DRY,SUP-037,WH-R,WH-R-BIN-43,261.0 KG,10,99.13,2026-02-12,,false
SKU-00345,Safety Gloves L,PACKAGING,SUP-037,LOC-008,WH-H-BIN-45,18.0kg,30,377.89,2026-06-21,19/01/2027,false
SKU-00346,Conveyor Belt Patch,MACHINERY_PARTS,SUP-050,LOC-017,WH-Q-BIN-46,330.0,20,33.13,Mar 11 2026,Oct 16 2026,false
SKU-00347,Shrink Wrap Film Roll,PPE,SUP-116,LOC-009,WH-I-BIN-47,12.0,30,748.94,2026-05-03,28/10/2026,false
SKU-00348,Label Printer Ribbon,CLEANING,SUP-199,LOC-001,WH-A-BIN-48,119.0kilogram,20,425.43,2026-06-27,25/07/2027,false
SKU-00349,Dock Leveler Seal,MEDICAL,SUP-112,LOC-001,WH-A-BIN-49,80.0,20,784.47,27/02/2026,,false
SKU-00350,LED Warehouse Light,RAW_MATERIALS,SUP-135,LOC-015,WH-O-BIN-50,9.0kg,15,20.94,2026-05-15,21/07/2026,false
SKU-00351,,CHEMICALS,SUP-160,LOC-004,WH-D-BIN-51,485.0kilogram,20,491.39,2026-06-28,08/10/2026,false
SKU-00352,Pallet Jack Wheel,ELECTRONICS,SUP-195,LOC-017,WH-Q-BIN-52,496.0kilogram,10,640.29,May 18 2026,,false
SKU-00353,Barcode Scanner,FOOD_DRY,SUP-141,wh_e,WH-E-BIN-53,9.0kilogram,10,180.17,2026-04-23,,false
SKU-00354,Fire Extinguisher 4kg,FOOD_COLD,SUP-194,LOC-008,WH-H-BIN-54,274.0 KG,20,21.90,2026-06-02,,false
SKU-00355,,PACKAGING,SUP-143,LOC-015,WH-O-BIN-55,5.0 KG,30,497.21,08/04/2026,,false
SKU-00356,Rubber Gasket Set,MACHINERY_PARTS,SUP-062,wh-i,WH-I-BIN-56,388.0kg,0,266.88,09/05/2026,,false
SKU-00357,Cable Tie Assorted,PPE,SUP-127,LOC-012,WH-L-BIN-57,210.0kg,0,436.70,20/05/2026,,false
SKU-00358,Dust Mask N95 Pack,CLEANING,SUP-148,LOC-006,WH-F-BIN-58,20.0,,510.83,Feb 04 2026,,false
SKU-00359,,MEDICAL,SUP-092,LOC-010,WH-J-BIN-59,286.0kg,,582.85,2026-04-22,03/10/2026,false
SKU-00360,Steel Shelving Unit,RAW_MATERIALS,SUP-108,LOC-011,WH-K-BIN-60,143.0,25,715.16,Jul 09 2026,,false
SKU-00361,Hand Truck,CHEMICALS,SUP-082,Warehouse M,WH-M-BIN-61,247.0,15,448.99,May 15 2026,,false
SKU-00362,Spill Kit 20L,ELECTRONICS,SUP-015,LOC-018,WH-R-BIN-62,203.0 KG,15,157.17,19/04/2026,25/06/2026,false
SKU-00363,Epoxy Resin 1L,FOOD_DRY,SUP-158,LOC-020,WH-T-BIN-63,347.0kg,15,368.95,25/03/2026,,false
SKU-00364,Chain Block 1T,FOOD_COLD,SUP-083,Warehouse F,WH-F-BIN-64,468.0 KG,0,193.83,2026-06-24,,false
SKU-00365,Temperature Logger,PACKAGING,SUP-045,LOC-009,WH-I-BIN-65,174.0kg,15,364.59,Jun 28 2026,,false
SKU-00366,Anti-Slip Tape Roll,MACHINERY_PARTS,SUP-029,LOC-010,WH-J-BIN-66,189.0kg,,88.19,2026-03-16,,false
SKU-00367,Welding Rod 3.2mm,PPE,SUP-081,LOC-011,WH-K-BIN-67,164.0 KG,25,667.61,08/03/2026,2026-11-27,false
SKU-00368,Compressed Air Hose,CLEANING,SUP-004,LOC-013,WH-M-BIN-68,8.0,15,171.89,Feb 12 2026,Apr 24 2026,false
SKU-00369,First Aid Refill,MEDICAL,SUP-159,wh-e,WH-E-BIN-69,193.0 KG,0,678.96,09/05/2026,21/12/2026,false
SKU-00370,,RAW_MATERIALS,SUP-036,LOC-018,WH-R-BIN-70,218.0kilogram,30,113.58,2026-04-10,,false
SKU-00372,Load Cell 500kg,ELECTRONICS,SUP-154,LOC-020,WH-T-BIN-72,8.0 KG,10,663.72,24/07/2026,Nov 09 2026,false
SKU-00373,Dock Bumpers Pair,FOOD_DRY,SUP-023,whse j,WH-J-BIN-73,257.0 KG,25,288.63,2026-05-30,,false
SKU-00374,,FOOD_COLD,SUP-046,wh_s,WH-S-BIN-74,215.0 KG,25,5.95,04/06/2026,,false
SKU-00375,Battery Charger 24V,PACKAGING,SUP-091,LOC-005,WH-E-BIN-75,36.0 KG,0,401.09,May 14 2026,2026-11-18,false
SKU-00376,Mesh Security Cage,MACHINERY_PARTS,SUP-200,LOC-018,WH-R-BIN-76,3.0 KG,11,40.90,2026-03-05,,false
SKU-00378,,CLEANING,SUP-055,LOC-008,WH-H-BIN-78,336.0kilogram,20,3.65,2026-02-15,2026-09-30,false
SKU-00379,Coolant Concentrate,MEDICAL,SUP-048,LOC-001,WH-A-BIN-79,317.0,40,302.51,Feb 07 2026,20/02/2027,false
SKU-00380,Wheel Chock Rubber,RAW_MATERIALS,SUP-180,LOC-009,WH-I-BIN-80,52.0 KG,25,248.67,2026-04-06,,false
SKU-00381,Steel Bolt M8,CHEMICALS,SUP-160,LOC-019,WH-S-BIN-01,1.0 KG,19,643.43,2026-06-05,,true
SKU-00382,,ELECTRONICS,SUP-022,LOC-008,WH-H-BIN-02,353.0,,615.17,19/05/2026,,false
SKU-00383,,FOOD_DRY,SUP-097,Warehouse K,WH-K-BIN-03,245.0kg,20,626.33,30/06/2026,,false
SKU-00384,Forklift Battery 24V,FOOD_COLD,SUP-076,LOC-020,WH-T-BIN-04,2.0kg,12,343.47,14/04/2026,,false
SKU-00385,Safety Gloves L,PACKAGING,SUP-088,wh_n,WH-N-BIN-05,8.0kilogram,10,55.38,2026-07-24,,false
SKU-00386,Conveyor Belt Patch,MACHINERY_PARTS,SUP-041,LOC-019,WH-S-BIN-06,64.0kg,30,45.85,2026-02-11,,false
SKU-00387,Shrink Wrap Film Roll,PPE,SUP-185,LOC-003,WH-C-BIN-07,8.0,,313.85,Feb 20 2026,2026-07-16,false
SKU-00388,Label Printer Ribbon,CLEANING,SUP-175,wh_r,WH-R-BIN-08,32.0,25,165.19,May 29 2026,,false
SKU-00389,Dock Leveler Seal,MEDICAL,SUP-039,LOC-005,WH-E-BIN-09,370.0,15,59.15,2026-06-25,,false
SKU-00390,LED Warehouse Light,RAW_MATERIALS,SUP-163,LOC-013,WH-M-BIN-10,388.0kilogram,30,729.47,2026-07-09,,false
SKU-00391,Nitrile Gloves Box,CHEMICALS,SUP-074,LOC-003,WH-C-BIN-11,97.0,0,363.94,05/05/2026,2027-01-02,false
SKU-00392,Pallet Jack Wheel,ELECTRONICS,SUP-146,LOC-008,WH-H-BIN-12,295.0 KG,0,563.03,Jul 12 2026,,false
SKU-00393,Barcode Scanner,FOOD_DRY,SUP-037,wh_g,WH-G-BIN-13,243.0kg,20,305.32,2026-02-24,,false
SKU-00394,Fire Extinguisher 4kg,FOOD_COLD,SUP-033,Warehouse G,WH-G-BIN-14,406.0kg,25,443.89,06/02/2026,2027-08-02,false
SKU-00395,PVC Pipe 50mm,PACKAGING,SUP-106,LOC-016,WH-P-BIN-15,11.0 KG,20,113.29,Jul 06 2026,,false
SKU-00396,Rubber Gasket Set,MACHINERY_PARTS,SUP-200,wh_d,WH-D-BIN-16,361.0kg,20,132.61,12/04/2026,,false
SKU-00397,Cable Tie Assorted,PPE,SUP-075,LOC-013,WH-M-BIN-17,240.0,15,52.76,24/06/2026,06/03/2027,false
SKU-00398,Dust Mask N95 Pack,CLEANING,SUP-047,LOC-016,WH-P-BIN-18,181.0,20,200.63,Apr 28 2026,,false
SKU-00399,,MEDICAL,SUP-081,wh_m,WH-M-BIN-19,217.0 KG,0,354.15,16/05/2026,,false
SKU-00400,Steel Shelving Unit,RAW_MATERIALS,SUP-110,LOC-019,WH-S-BIN-20,104.0,15,295.35,2026-06-30,,false
SKU-00401,Hand Truck,CHEMICALS,SUP-079,wh_a,WH-A-BIN-21,340.0kilogram,25,776.61,Apr 14 2026,,true
SKU-00402,Spill Kit 20L,ELECTRONICS,SUP-086,LOC-018,WH-R-BIN-22,1.0kilogram,,700.90,2026-03-26,,false
SKU-00403,,FOOD_DRY,SUP-153,LOC-006,WH-F-BIN-23,398.0,15,468.28,Jun 05 2026,04/06/2026,false
SKU-00404,Chain Block 1T,FOOD_COLD,SUP-176,LOC-009,WH-I-BIN-24,5.0 KG,20,695.20,12/02/2026,,false
SKU-00405,,PACKAGING,SUP-002,LOC-012,WH-L-BIN-25,95.0kg,,440.98,04/02/2026,,false
SKU-00406,,MACHINERY_PARTS,SUP-074,whse a,WH-A-BIN-26,272.0kg,20,691.49,17/05/2026,28/10/2026,false
SKU-00407,Welding Rod 3.2mm,PPE,SUP-118,LOC-002,WH-B-BIN-27,124.0kilogram,,363.32,2026-02-06,2027-01-26,false
SKU-00408,,CLEANING,SUP-199,wh_e,WH-E-BIN-28,118.0kg,15,741.32,2026-02-02,2026-09-27,false
SKU-00409,First Aid Refill,MEDICAL,SUP-082,Warehouse I,WH-I-BIN-29,387.0kg,10,357.32,20/04/2026,,false
SKU-00410,Racking Beam 2.4m,RAW_MATERIALS,SUP-105,LOC-007,WH-G-BIN-30,132.0kg,40,646.79,Apr 12 2026,,false
SKU-00411,Stretch Hood Film,CHEMICALS,SUP-002,Warehouse G,WH-G-BIN-31,54.0,,23.60,2026-07-18,,false
SKU-00412,Load Cell 500kg,ELECTRONICS,SUP-075,LOC-017,WH-Q-BIN-32,490.0kilogram,30,771.82,Mar 13 2026,,false
SKU-00413,Dock Bumpers Pair,FOOD_DRY,SUP-053,Warehouse G,WH-G-BIN-33,128.0 KG,0,20.31,Mar 22 2026,,false
SKU-00414,,FOOD_COLD,SUP-177,LOC-006,WH-F-BIN-34,329.0kilogram,,558.45,24/04/2026,,false
SKU-00415,Battery Charger 24V,PACKAGING,SUP-086,LOC-001,WH-A-BIN-35,366.0kg,,480.32,24/07/2026,,false
SKU-00416,Mesh Security Cage,MACHINERY_PARTS,SUP-095,LOC-018,WH-R-BIN-36,163.0 KG,,118.17,21/02/2026,2026-12-04,false
SKU-00417,Humidity Sensor Probe,PPE,SUP-196,whse l,WH-L-BIN-37,67.0,0,660.25,2026-07-30,,false
SKU-00418,Pallet Strap Tool,CLEANING,SUP-028,LOC-003,WH-C-BIN-38,169.0,,425.42,2026-02-04,,false
SKU-00419,Coolant Concentrate,MEDICAL,SUP-139,whse b,WH-B-BIN-39,130.0kg,10,606.35,21/07/2026,,false
SKU-00420,Wheel Chock Rubber,RAW_MATERIALS,SUP-066,LOC-010,WH-J-BIN-40,4.0kg,40,309.20,Mar 22 2026,25/03/2027,false
SKU-00422,Hydraulic Hose 2in,ELECTRONICS,SUP-085,Warehouse G,WH-G-BIN-42,287.0 KG,15,175.36,May 12 2026,,false
SKU-00423,Industrial Solvent 5L,FOOD_DRY,SUP-082,LOC-015,WH-O-BIN-43,2.0,,414.02,May 10 2026,24/03/2027,false
SKU-00424,,FOOD_COLD,SUP-073,LOC-013,WH-M-BIN-44,76.0,25,30.80,Feb 25 2026,,false
SKU-00425,Safety Gloves L,PACKAGING,SUP-040,LOC-002,WH-B-BIN-45,424.0 KG,25,422.64,2026-03-09,,false
SKU-00426,Conveyor Belt Patch,MACHINERY_PARTS,SUP-124,LOC-007,WH-G-BIN-46,72.0,,312.63,Mar 20 2026,,false
SKU-00427,Shrink Wrap Film Roll,PPE,SUP-029,LOC-014,WH-N-BIN-47,311.0 KG,10,286.29,2026-03-19,,false
SKU-00428,Label Printer Ribbon,CLEANING,SUP-170,wh_g,WH-G-BIN-48,101.0kilogram,15,692.14,06/05/2026,Feb 10 2027,false
SKU-00429,Dock Leveler Seal,MEDICAL,SUP-054,LOC-018,WH-R-BIN-49,117.0kg,20,338.74,09/04/2026,2027-02-24,false
SKU-00430,LED Warehouse Light,RAW_MATERIALS,SUP-140,LOC-005,WH-E-BIN-50,146.0kilogram,20,475.43,2026-03-22,2027-07-31,false
SKU-00431,Nitrile Gloves Box,CHEMICALS,SUP-073,wh_f,WH-F-BIN-51,218.0kilogram,15,621.87,Mar 29 2026,,true
SKU-00432,Pallet Jack Wheel,ELECTRONICS,SUP-018,LOC-002,WH-B-BIN-52,189.0kilogram,40,439.35,2026-02-26,,false
SKU-00433,Barcode Scanner,FOOD_DRY,SUP-002,LOC-007,WH-G-BIN-53,467.0kg,0,413.32,08/06/2026,Apr 21 2026,false
SKU-00434,Fire Extinguisher 4kg,FOOD_COLD,SUP-119,whse f,WH-F-BIN-54,265.0kilogram,15,518.58,26/05/2026,,false
SKU-00435,PVC Pipe 50mm,PACKAGING,SUP-018,whse k,WH-K-BIN-55,209.0kg,40,700.08,Apr 27 2026,02/11/2026,false
SKU-00436,Rubber Gasket Set,MACHINERY_PARTS,SUP-110,LOC-010,WH-J-BIN-56,9.0kg,10,429.07,08/03/2026,Sep 02 2026,false
SKU-00437,Cable Tie Assorted,PPE,SUP-033,LOC-016,WH-P-BIN-57,30.0kg,40,676.00,Mar 29 2026,Aug 31 2027,false
SKU-00438,Dust Mask N95 Pack,CLEANING,SUP-121,LOC-016,WH-P-BIN-58,490.0,25,235.41,2026-05-10,May 13 2027,false
SKU-00439,Wooden Pallet Std,MEDICAL,SUP-178,LOC-005,WH-E-BIN-59,266.0 KG,40,51.06,2026-04-08,04/07/2027,false
SKU-00440,Steel Shelving Unit,RAW_MATERIALS,SUP-038,LOC-003,WH-C-BIN-60,44.0 KG,,156.38,Feb 08 2026,,false
SKU-00441,Hand Truck,CHEMICALS,SUP-126,LOC-010,WH-J-BIN-61,474.0kilogram,15,527.60,03/02/2026,27/04/2026,false
SKU-00442,Spill Kit 20L,ELECTRONICS,SUP-025,WH-P,WH-P-BIN-62,336.0kilogram,0,747.87,2026-02-07,,false
SKU-00443,,FOOD_DRY,SUP-150,whse s,WH-S-BIN-63,24.0kg,40,617.96,2026-04-18,,false
SKU-00444,Chain Block 1T,FOOD_COLD,SUP-105,LOC-015,WH-O-BIN-64,40.0kg,20,684.05,2026-06-11,,false
SKU-00445,Temperature Logger,PACKAGING,SUP-200,WH-J,WH-J-BIN-65,12.0,20,672.02,2026-06-25,,false
SKU-00446,Anti-Slip Tape Roll,MACHINERY_PARTS,SUP-175,LOC-013,WH-M-BIN-66,30.0,40,147.47,Jul 08 2026,,false
SKU-00447,,PPE,SUP-020,LOC-019,WH-S-BIN-67,152.0kg,,290.75,May 19 2026,09/09/2026,false
SKU-00448,Compressed Air Hose,CLEANING,SUP-172,LOC-016,WH-P-BIN-68,2.0kilogram,,470.22,Jul 09 2026,,false
SKU-00449,First Aid Refill,MEDICAL,SUP-010,whse k,WH-K-BIN-69,5.0kg,40,122.81,2026-07-28,,false
SKU-00450,Racking Beam 2.4m,RAW_MATERIALS,SUP-130,LOC-001,WH-A-BIN-70,88.0 KG,10,676.07,2026-05-05,Jan 10 2027,false
SKU-00451,Stretch Hood Film,CHEMICALS,SUP-117,LOC-020,WH-T-BIN-71,304.0 KG,,407.06,Jun 08 2026,,true
SKU-00452,Load Cell 500kg,ELECTRONICS,SUP-154,LOC-003,WH-C-BIN-72,75.0kg,15,654.93,2026-04-23,,false
SKU-00453,Dock Bumpers Pair,FOOD_DRY,SUP-182,LOC-008,WH-H-BIN-73,493.0,30,543.67,May 30 2026,,false
SKU-00454,Floor Marking Paint,FOOD_COLD,SUP-006,LOC-005,WH-E-BIN-74,66.0kg,15,654.19,17/04/2026,,false
SKU-00455,Battery Charger 24V,PACKAGING,SUP-094,wh-n,WH-N-BIN-75,418.0kilogram,15,212.57,01/03/2026,,false
SKU-00456,Mesh Security Cage,MACHINERY_PARTS,SUP-185,LOC-006,WH-F-BIN-76,1.0 KG,25,551.99,08/02/2026,26/07/2026,false
SKU-00457,Humidity Sensor Probe,PPE,SUP-006,LOC-005,WH-E-BIN-77,220.0 KG,30,302.84,2026-07-26,,false
SKU-00458,Pallet Strap Tool,CLEANING,SUP-023,Warehouse K,WH-K-BIN-78,32.0kilogram,30,397.41,2026-07-01,11/11/2026,false
SKU-00459,Coolant Concentrate,MEDICAL,SUP-167,LOC-013,WH-M-BIN-79,11.0kg,,257.57,Apr 14 2026,28/12/2026,false
SKU-00460,,RAW_MATERIALS,SUP-098,LOC-007,WH-G-BIN-80,384.0 KG,30,73.35,16/07/2026,,false
SKU-00461,Steel Bolt M8,CHEMICALS,SUP-185,LOC-002,WH-B-BIN-01,4.0kg,10,417.79,Jul 30 2026,04/06/2026,false
SKU-00462,Hydraulic Hose 2in,ELECTRONICS,SUP-137,LOC-010,WH-J-BIN-02,108.0kg,,761.57,2026-07-14,2027-08-22,false
SKU-00463,Industrial Solvent 5L,FOOD_DRY,SUP-140,LOC-011,WH-K-BIN-03,22.0kg,30,185.63,24/05/2026,2026-04-27,false
SKU-00464,Forklift Battery 24V,FOOD_COLD,SUP-163,Warehouse H,WH-H-BIN-04,233.0,25,137.97,Feb 16 2026,,false
SKU-00465,Safety Gloves L,PACKAGING,SUP-132,wh-a,WH-A-BIN-05,435.0kilogram,0,540.15,Apr 12 2026,,false
SKU-00466,Conveyor Belt Patch,MACHINERY_PARTS,SUP-018,LOC-017,WH-Q-BIN-06,456.0 KG,,368.17,2026-02-02,,false
SKU-00467,Shrink Wrap Film Roll,PPE,SUP-197,LOC-009,WH-I-BIN-07,12.0,25,31.00,May 02 2026,14/10/2026,false
SKU-00468,Label Printer Ribbon,CLEANING,SUP-055,whse r,WH-R-BIN-08,419.0kg,40,347.26,2026-06-09,May 13 2026,false
SKU-00469,Dock Leveler Seal,MEDICAL,SUP-115,LOC-020,WH-T-BIN-09,277.0,30,789.97,13/05/2026,,false
SKU-00470,LED Warehouse Light,RAW_MATERIALS,SUP-171,WH-E,WH-E-BIN-10,330.0,25,286.07,2026-07-23,,false
SKU-00471,Nitrile Gloves Box,CHEMICALS,SUP-104,LOC-004,WH-D-BIN-11,268.0,0,384.02,Jun 28 2026,May 10 2027,false
SKU-00472,Pallet Jack Wheel,ELECTRONICS,SUP-056,LOC-018,WH-R-BIN-12,494.0kilogram,25,534.08,24/07/2026,,false
SKU-00473,Barcode Scanner,FOOD_DRY,SUP-187,LOC-003,WH-C-BIN-13,223.0 KG,,139.17,20/06/2026,2027-03-23,false
SKU-00474,Fire Extinguisher 4kg,FOOD_COLD,SUP-109,wh_f,WH-F-BIN-14,242.0kilogram,,456.76,04/02/2026,,false
SKU-00475,PVC Pipe 50mm,PACKAGING,SUP-115,WH-G,WH-G-BIN-15,26.0 KG,40,151.43,2026-02-16,,false
SKU-00476,Rubber Gasket Set,MACHINERY_PARTS,SUP-174,WH-T,WH-T-BIN-16,295.0kg,40,465.46,30/05/2026,23/06/2026,false
SKU-00477,Cable Tie Assorted,PPE,SUP-145,LOC-011,WH-K-BIN-17,11.0kg,30,123.53,2026-05-09,,false
SKU-00478,Dust Mask N95 Pack,CLEANING,SUP-127,LOC-020,WH-T-BIN-18,7.0kg,,594.16,2026-07-24,,false
SKU-00479,Wooden Pallet Std,MEDICAL,SUP-008,whse k,WH-K-BIN-19,490.0 KG,10,89.27,Apr 22 2026,Apr 12 2027,false
SKU-00480,,RAW_MATERIALS,SUP-124,LOC-011,WH-K-BIN-20,3.0 KG,30,694.19,May 02 2026,26/02/2027,false
SKU-00481,Hand Truck,CHEMICALS,SUP-137,wh_c,WH-C-BIN-21,4.0kilogram,30,343.97,Jul 16 2026,,false
SKU-00482,Spill Kit 20L,ELECTRONICS,SUP-199,LOC-012,WH-L-BIN-22,22.0 KG,,563.80,14/06/2026,,false
SKU-00483,Epoxy Resin 1L,FOOD_DRY,SUP-115,wh_q,WH-Q-BIN-23,447.0 KG,30,41.73,01/06/2026,,false
SKU-00485,Temperature Logger,PACKAGING,SUP-151,LOC-005,WH-E-BIN-25,12.0 KG,15,12.53,Feb 16 2026,,false
SKU-00486,,MACHINERY_PARTS,SUP-101,LOC-017,WH-Q-BIN-26,5.0,15,322.40,2026-02-16,,false
SKU-00487,Welding Rod 3.2mm,PPE,SUP-089,LOC-020,WH-T-BIN-27,14.0kg,15,657.03,18/02/2026,,false
SKU-00488,Compressed Air Hose,CLEANING,SUP-005,LOC-018,WH-R-BIN-28,106.0kilogram,25,511.87,Jul 25 2026,2026-05-28,false
SKU-00489,First Aid Refill,MEDICAL,SUP-067,LOC-005,WH-E-BIN-29,108.0,0,209.13,06/03/2026,,false
SKU-00490,Racking Beam 2.4m,RAW_MATERIALS,SUP-094,LOC-015,WH-O-BIN-30,260.0kilogram,15,21.86,2026-05-08,,false
SKU-00491,Stretch Hood Film,CHEMICALS,SUP-177,LOC-016,WH-P-BIN-31,433.0,10,531.35,2026-02-28,,true
SKU-00492,Load Cell 500kg,ELECTRONICS,SUP-174,LOC-014,WH-N-BIN-32,485.0 KG,0,435.11,Mar 26 2026,12/06/2026,false
SKU-00493,Dock Bumpers Pair,FOOD_DRY,SUP-093,Warehouse G,WH-G-BIN-33,175.0,40,580.19,2026-05-20,,false
SKU-00494,Floor Marking Paint,FOOD_COLD,SUP-168,WH-M,WH-M-BIN-34,478.0 KG,25,284.44,Mar 21 2026,,false
SKU-00495,Battery Charger 24V,PACKAGING,SUP-171,LOC-007,WH-G-BIN-35,466.0,40,593.64,2026-06-02,,false
SKU-00496,Mesh Security Cage,MACHINERY_PARTS,SUP-168,WH-L,WH-L-BIN-36,239.0kg,30,174.24,2026-04-21,,false
SKU-00497,,PPE,SUP-133,wh_j,WH-J-BIN-37,15.0,20,5.65,Mar 22 2026,,false
SKU-00498,Pallet Strap Tool,CLEANING,SUP-075,LOC-020,WH-T-BIN-38,101.0kg,15,488.85,05/06/2026,,false
SKU-00499,Coolant Concentrate,MEDICAL,SUP-077,LOC-009,WH-I-BIN-39,466.0 KG,15,271.10,Mar 15 2026,,false
SKU-00500,Wheel Chock Rubber,RAW_MATERIALS,SUP-092,Warehouse B,WH-B-BIN-40,410.0kg,,290.22,Jul 22 2026,,false
SKU-00001,Steel Bolt M8,CHEMICALS,SUP-045,LOC-020,WH-T-BIN-41,157.0,30,42.81,10/06/2026,,true
SKU-00002,Hydraulic Hose 2in,ELECTRONICS,SUP-195,LOC-020,WH-T-BIN-42,8.0 KG,15,393.04,Jun 24 2026,,false
SKU-00003,Industrial Solvent 5L,FOOD_DRY,SUP-081,Warehouse S,WH-S-BIN-43,345.0,20,549.13,30/05/2026,,false
SKU-00004,,FOOD_COLD,SUP-008,LOC-018,WH-R-BIN-44,9.0kg,10,541.91,2026-02-04,18/09/2026,false
SKU-00006,Conveyor Belt Patch,MACHINERY_PARTS,SUP-006,LOC-011,WH-K-BIN-46,114.0kilogram,40,708.01,Jun 25 2026,Dec 24 2026,false
SKU-00007,Shrink Wrap Film Roll,PPE,SUP-153,LOC-015,WH-O-BIN-47,415.0kilogram,,600.98,Feb 22 2026,22/12/2026,false
SKU-00009,Dock Leveler Seal,MEDICAL,SUP-185,LOC-003,WH-C-BIN-49,10.0 KG,40,25.30,2026-06-18,,false
SKU-00010,LED Warehouse Light,RAW_MATERIALS,SUP-092,LOC-013,WH-M-BIN-50,473.0kg,15,672.71,Apr 24 2026,,false
SKU-00011,Nitrile Gloves Box,CHEMICALS,SUP-171,LOC-006,WH-F-BIN-51,76.0,20,423.77,2026-03-11,,false
SKU-00012,,ELECTRONICS,SUP-090,LOC-012,WH-L-BIN-52,195.0 KG,20,781.49,Feb 26 2026,,false
SKU-00013,Barcode Scanner,FOOD_DRY,SUP-150,LOC-003,WH-C-BIN-53,8.0kg,15,276.53,2026-04-30,,false
SKU-00014,Fire Extinguisher 4kg,FOOD_COLD,SUP-194,LOC-011,WH-K-BIN-54,132.0kg,40,335.47,2026-03-31,,false
SKU-00015,PVC Pipe 50mm,PACKAGING,SUP-140,wh-f,WH-F-BIN-55,75.0kilogram,,309.45,Jun 25 2026,,false
SKU-00016,,MACHINERY_PARTS,SUP-171,wh-c,WH-C-BIN-56,445.0kilogram,20,610.47,18/06/2026,,false
SKU-00017,Cable Tie Assorted,PPE,SUP-066,LOC-014,WH-N-BIN-57,108.0 KG,10,421.52,22/03/2026,2026-06-28,false
SKU-00018,Dust Mask N95 Pack,CLEANING,SUP-101,Warehouse O,WH-O-BIN-58,27.0kilogram,15,188.77,Feb 26 2026,,false
SKU-00019,Wooden Pallet Std,MEDICAL,SUP-062,WH-N,WH-N-BIN-59,424.0 KG,,759.96,10/04/2026,,false
SKU-00020,Steel Shelving Unit,RAW_MATERIALS,SUP-016,LOC-016,WH-P-BIN-60,11.0 KG,20,432.80,Jun 28 2026,,false
SKU-00021,Hand Truck,CHEMICALS,SUP-113,LOC-014,WH-N-BIN-61,366.0kg,15,173.82,02/06/2026,,false
SKU-00022,Spill Kit 20L,ELECTRONICS,SUP-143,LOC-017,WH-Q-BIN-62,39.0,30,526.74,14/02/2026,,false
SKU-00023,Epoxy Resin 1L,FOOD_DRY,SUP-015,LOC-005,WH-E-BIN-63,209.0 KG,15,38.87,07/02/2026,,false
SKU-00024,Chain Block 1T,FOOD_COLD,SUP-142,whse e,WH-E-BIN-64,422.0 KG,15,378.16,Apr 27 2026,,false
SKU-00025,Temperature Logger,PACKAGING,SUP-097,LOC-015,WH-O-BIN-65,114.0 KG,25,266.33,01/03/2026,30/04/2026,false
SKU-00026,Anti-Slip Tape Roll,MACHINERY_PARTS,SUP-192,Warehouse A,WH-A-BIN-66,341.0kg,,518.22,28/05/2026,,false
SKU-00027,Welding Rod 3.2mm,PPE,SUP-158,LOC-014,WH-N-BIN-67,135.0kg,20,684.89,10/02/2026,30/07/2027,false
SKU-00028,,CLEANING,SUP-124,LOC-019,WH-S-BIN-68,80.0kg,25,547.29,2026-07-01,Nov 13 2026,false
SKU-00029,First Aid Refill,MEDICAL,SUP-155,WH-O,WH-O-BIN-69,219.0kg,15,727.94,06/06/2026,,false
SKU-00030,Racking Beam 2.4m,RAW_MATERIALS,SUP-131,wh-f,WH-F-BIN-70,451.0 KG,10,585.46,Mar 27 2026,26/09/2026,false
SKU-00031,Stretch Hood Film,CHEMICALS,SUP-159,LOC-008,WH-H-BIN-71,9.0,15,62.26,09/05/2026,,false
SKU-00033,Dock Bumpers Pair,FOOD_DRY,SUP-030,LOC-016,WH-P-BIN-73,33.0,0,390.88,08/04/2026,,false
SKU-00034,,FOOD_COLD,SUP-089,LOC-010,WH-J-BIN-74,324.0,0,47.07,21/05/2026,2026-12-08,false
SKU-00035,Battery Charger 24V,PACKAGING,SUP-014,LOC-011,WH-K-BIN-75,434.0,10,517.67,2026-03-19,Apr 22 2026,false
SKU-00037,,PPE,SUP-143,LOC-016,WH-P-BIN-77,37.0 KG,30,278.28,Jul 16 2026,,false
SKU-00038,Pallet Strap Tool,CLEANING,SUP-153,Warehouse F,WH-F-BIN-78,277.0 KG,20,623.73,22/05/2026,2027-07-28,false
SKU-00039,Coolant Concentrate,MEDICAL,SUP-155,LOC-001,WH-A-BIN-79,388.0kg,0,548.51,2026-04-04,,false
SKU-00040,Wheel Chock Rubber,RAW_MATERIALS,SUP-077,LOC-012,WH-L-BIN-80,55.0kilogram,40,434.28,2026-07-06,04/04/2027,false
SKU-00041,Steel Bolt M8,CHEMICALS,SUP-020,LOC-002,WH-B-BIN-01,445.0kg,15,697.34,May 11 2026,2026-09-23,true
SKU-00042,Hydraulic Hose 2in,ELECTRONICS,SUP-072,LOC-008,WH-H-BIN-02,10.0kilogram,25,429.26,2026-03-12,Dec 28 2026,false
SKU-00044,Forklift Battery 24V,FOOD_COLD,SUP-045,LOC-008,WH-H-BIN-04,414.0,10,705.42,08/02/2026,,false
SKU-00045,,PACKAGING,SUP-134,LOC-013,WH-M-BIN-05,390.0kilogram,10,9.21,15/03/2026,,false
SKU-00046,Conveyor Belt Patch,MACHINERY_PARTS,SUP-174,WH-S,WH-S-BIN-06,31.0kilogram,40,480.99,Apr 02 2026,,false
SKU-00047,Shrink Wrap Film Roll,PPE,SUP-152,LOC-017,WH-Q-BIN-07,176.0,40,20.46,Jun 27 2026,Sep 20 2026,false
SKU-00048,Label Printer Ribbon,CLEANING,SUP-066,WH-C,WH-C-BIN-08,4.0,40,366.49,2026-04-10,,false
SKU-00049,Dock Leveler Seal,MEDICAL,SUP-069,Warehouse H,WH-H-BIN-09,206.0kg,,537.69,25/02/2026,May 08 2026,false
SKU-00050,,RAW_MATERIALS,SUP-027,wh_k,WH-K-BIN-10,130.0,15,705.96,Mar 03 2026,2026-10-25,false
SKU-00051,Nitrile Gloves Box,CHEMICALS,SUP-160,wh-c,WH-C-BIN-11,428.0 KG,20,337.41,01/04/2026,,true
SKU-00052,Pallet Jack Wheel,ELECTRONICS,SUP-089,whse m,WH-M-BIN-12,219.0kilogram,20,399.82,2026-05-31,,false
SKU-00053,Barcode Scanner,FOOD_DRY,SUP-115,LOC-015,WH-O-BIN-13,370.0,,401.38,Jun 24 2026,,false
SKU-00055,PVC Pipe 50mm,PACKAGING,SUP-091,LOC-019,WH-S-BIN-15,13.0,25,621.54,Mar 13 2026,,false
SKU-00056,Rubber Gasket Set,MACHINERY_PARTS,SUP-007,Warehouse H,WH-H-BIN-16,206.0kilogram,20,383.31,2026-05-18,2027-05-25,false
SKU-00057,Cable Tie Assorted,PPE,SUP-043,LOC-002,WH-B-BIN-17,91.0 KG,40,764.38,2026-02-10,,false
SKU-00058,Dust Mask N95 Pack,CLEANING,SUP-018,LOC-013,WH-M-BIN-18,172.0,20,165.43,Jun 05 2026,2027-04-04,false
SKU-00059,Wooden Pallet Std,MEDICAL,SUP-076,LOC-001,WH-A-BIN-19,76.0kilogram,40,140.94,2026-02-09,Jan 29 2027,false
SKU-00060,Steel Shelving Unit,RAW_MATERIALS,SUP-096,WH-D,WH-D-BIN-20,171.0kilogram,15,426.43,Apr 14 2026,,false
SKU-00061,Hand Truck,CHEMICALS,SUP-107,wh_g,WH-G-BIN-21,9.0,20,781.61,Apr 22 2026,,false
SKU-00062,Spill Kit 20L,ELECTRONICS,SUP-006,whse p,WH-P-BIN-22,213.0kilogram,15,224.09,Jun 04 2026,2026-09-13,false
SKU-00063,Epoxy Resin 1L,FOOD_DRY,SUP-175,WH-P,WH-P-BIN-23,491.0kg,30,612.88,Mar 05 2026,09/10/2026,false
SKU-00064,Chain Block 1T,FOOD_COLD,SUP-192,LOC-006,WH-F-BIN-24,419.0 KG,15,529.73,2026-06-18,,false
SKU-00065,Temperature Logger,PACKAGING,SUP-015,LOC-016,WH-P-BIN-25,188.0 KG,25,41.80,2026-02-05,Jan 12 2027,false
SKU-00066,Anti-Slip Tape Roll,MACHINERY_PARTS,SUP-149,LOC-005,WH-E-BIN-26,61.0kg,,226.05,Jun 29 2026,,false
SKU-00067,Welding Rod 3.2mm,PPE,SUP-050,wh-q,WH-Q-BIN-27,64.0 KG,,791.14,Apr 19 2026,,false
SKU-00068,,CLEANING,SUP-123,LOC-002,WH-B-BIN-28,366.0kilogram,20,582.29,13/02/2026,,false
SKU-00069,First Aid Refill,MEDICAL,SUP-148,Warehouse I,WH-I-BIN-29,477.0 KG,25,47.39,19/06/2026,,false
SKU-00070,Racking Beam 2.4m,RAW_MATERIALS,SUP-028,LOC-005,WH-E-BIN-30,18.0 KG,25,790.30,2026-04-30,,false
SKU-00071,Stretch Hood Film,CHEMICALS,SUP-189,LOC-017,WH-Q-BIN-31,303.0 KG,10,713.33,28/07/2026,,false
SKU-00073,Dock Bumpers Pair,FOOD_DRY,SUP-105,Warehouse K,WH-K-BIN-33,7.0kg,16,784.89,2026-04-28,2027-04-23,false
SKU-00074,Floor Marking Paint,FOOD_COLD,SUP-115,LOC-012,WH-L-BIN-34,111.0kg,,245.46,Apr 16 2026,Jul 01 2027,false
SKU-00075,Battery Charger 24V,PACKAGING,SUP-125,wh-g,WH-G-BIN-35,19.0kilogram,30,569.00,15/02/2026,2027-08-18,false
SKU-00076,Mesh Security Cage,MACHINERY_PARTS,SUP-150,LOC-019,WH-S-BIN-36,220.0kg,10,92.84,07/06/2026,,false
SKU-00077,,PPE,SUP-128,LOC-001,WH-A-BIN-37,238.0,10,139.05,22/04/2026,,false
SKU-00078,,CLEANING,SUP-177,WH-H,WH-H-BIN-38,235.0kg,15,491.91,Mar 18 2026,27/04/2027,false
SKU-00079,Coolant Concentrate,MEDICAL,SUP-069,WH-K,WH-K-BIN-39,38.0 KG,30,482.44,2026-07-16,May 03 2026,false
SKU-00080,Wheel Chock Rubber,RAW_MATERIALS,SUP-122,wh-h,WH-H-BIN-40,103.0kg,40,621.67,2026-03-24,,false
SKU-00081,Steel Bolt M8,CHEMICALS,SUP-088,LOC-008,WH-H-BIN-41,235.0kilogram,40,733.82,12/03/2026,02/07/2027,false
SKU-00082,Hydraulic Hose 2in,ELECTRONICS,SUP-040,LOC-004,WH-D-BIN-42,455.0,25,124.99,2026-05-09,,false
SKU-00083,Industrial Solvent 5L,FOOD_DRY,SUP-028,wh-k,WH-K-BIN-43,434.0 KG,25,149.04,2026-03-10,,false
SKU-00084,,FOOD_COLD,SUP-162,Warehouse C,WH-C-BIN-44,451.0,40,395.84,2026-04-14,,false
SKU-00085,Safety Gloves L,PACKAGING,SUP-028,LOC-006,WH-F-BIN-45,380.0kilogram,0,31.78,02/02/2026,,false
SKU-00086,Conveyor Belt Patch,MACHINERY_PARTS,SUP-102,LOC-018,WH-R-BIN-46,312.0 KG,15,579.22,10/03/2026,2026-12-14,false
SKU-00087,Shrink Wrap Film Roll,PPE,SUP-082,whse i,WH-I-BIN-47,68.0kilogram,15,8.92,01/04/2026,Jan 01 2027,false
SKU-00088,Label Printer Ribbon,CLEANING,SUP-103,LOC-020,WH-T-BIN-48,358.0,30,521.19,Apr 12 2026,,false
SKU-00089,Dock Leveler Seal,MEDICAL,SUP-093,Warehouse J,WH-J-BIN-49,316.0kg,0,584.05,2026-03-09,,false
SKU-00090,LED Warehouse Light,RAW_MATERIALS,SUP-155,LOC-020,WH-T-BIN-50,110.0kilogram,0,713.84,May 07 2026,,false
SKU-00091,,CHEMICALS,SUP-108,LOC-003,WH-C-BIN-51,7.0 KG,25,155.30,12/04/2026,,false
SKU-00092,Pallet Jack Wheel,ELECTRONICS,SUP-178,LOC-016,WH-P-BIN-52,81.0kg,15,10.94,14/06/2026,,false
SKU-00093,Barcode Scanner,FOOD_DRY,SUP-034,LOC-010,WH-J-BIN-53,107.0,40,77.06,23/02/2026,,false
SKU-00094,Fire Extinguisher 4kg,FOOD_COLD,SUP-185,WH-Q,WH-Q-BIN-54,435.0kilogram,15,149.49,31/05/2026,,false
SKU-00095,PVC Pipe 50mm,PACKAGING,SUP-081,wh_n,WH-N-BIN-55,18.0 KG,20,233.57,2026-06-17,,false
SKU-00096,,MACHINERY_PARTS,SUP-195,WH-J,WH-J-BIN-56,466.0kilogram,30,26.59,03/02/2026,,false
SKU-00097,,PPE,SUP-063,LOC-009,WH-I-BIN-57,448.0kilogram,0,247.50,16/04/2026,2026-05-15,false
SKU-00098,,CLEANING,SUP-180,LOC-012,WH-L-BIN-58,80.0kg,10,783.94,2026-04-15,,false
SKU-00099,Wooden Pallet Std,MEDICAL,SUP-003,wh_i,WH-I-BIN-59,430.0kilogram,30,155.54,2026-03-14,,false
SKU-00100,Steel Shelving Unit,RAW_MATERIALS,SUP-181,LOC-020,WH-T-BIN-60,1.0 KG,10,109.12,2026-05-08,,false
SKU-00101,Hand Truck,CHEMICALS,SUP-176,LOC-003,WH-C-BIN-61,12.0 KG,40,23.67,Jun 09 2026,Oct 05 2026,true
SKU-00102,Spill Kit 20L,ELECTRONICS,SUP-158,LOC-011,WH-K-BIN-62,112.0,20,765.53,30/05/2026,2027-07-20,false
SKU-00103,,FOOD_DRY,SUP-098,LOC-016,WH-P-BIN-63,215.0kg,40,480.76,18/06/2026,,false
SKU-00104,Chain Block 1T,FOOD_COLD,SUP-089,LOC-019,WH-S-BIN-64,138.0kilogram,15,668.14,Feb 20 2026,,false
SKU-00105,Temperature Logger,PACKAGING,SUP-194,LOC-018,WH-R-BIN-65,331.0kg,,627.19,2026-05-13,,false
SKU-00106,Anti-Slip Tape Roll,MACHINERY_PARTS,SUP-072,LOC-005,WH-E-BIN-66,343.0 KG,40,539.33,2026-03-21,,false
SKU-00107,Welding Rod 3.2mm,PPE,SUP-070,wh_g,WH-G-BIN-67,117.0kilogram,25,484.40,May 31 2026,,false
SKU-00108,Compressed Air Hose,CLEANING,SUP-054,wh_i,WH-I-BIN-68,24.0,25,490.61,Jul 21 2026,,false
SKU-00109,First Aid Refill,MEDICAL,SUP-112,wh_q,WH-Q-BIN-69,433.0,,582.51,2026-06-15,,false
SKU-00110,Racking Beam 2.4m,RAW_MATERIALS,SUP-159,LOC-013,WH-M-BIN-70,303.0 KG,15,164.95,2026-07-25,2026-06-26,false
SKU-00111,Stretch Hood Film,CHEMICALS,SUP-089,whse s,WH-S-BIN-71,408.0 KG,15,645.95,26/04/2026,,false
SKU-00112,Load Cell 500kg,ELECTRONICS,SUP-162,wh-p,WH-P-BIN-72,24.0kg,,699.15,13/04/2026,,false
SKU-00113,Dock Bumpers Pair,FOOD_DRY,SUP-084,LOC-010,WH-J-BIN-73,185.0,15,263.85,May 25 2026,,false
SKU-00114,Floor Marking Paint,FOOD_COLD,SUP-032,LOC-015,WH-O-BIN-74,301.0,0,474.35,02/03/2026,Apr 24 2026,false
SKU-00115,,PACKAGING,SUP-071,Warehouse K,WH-K-BIN-75,301.0kilogram,15,788.79,24/02/2026,,false
SKU-00116,,MACHINERY_PARTS,SUP-171,LOC-013,WH-M-BIN-76,284.0 KG,25,489.81,May 25 2026,,false
SKU-00117,Humidity Sensor Probe,PPE,SUP-005,Warehouse O,WH-O-BIN-77,23.0,25,698.00,11/04/2026,,false
SKU-00118,Pallet Strap Tool,CLEANING,SUP-014,LOC-019,WH-S-BIN-78,453.0kg,10,770.77,2026-06-05,2026-09-12,false
SKU-00119,Coolant Concentrate,MEDICAL,SUP-067,wh_q,WH-Q-BIN-79,386.0kilogram,0,385.39,2026-04-30,,false
SKU-00120,Wheel Chock Rubber,RAW_MATERIALS,SUP-111,wh_n,WH-N-BIN-80,22.0kilogram,40,405.14,25/07/2026,2026-04-28,false
SKU-00121,Steel Bolt M8,CHEMICALS,SUP-099,LOC-004,WH-D-BIN-01,359.0,25,146.20,19/05/2026,,false
SKU-00122,Hydraulic Hose 2in,ELECTRONICS,SUP-157,LOC-012,WH-L-BIN-02,242.0,40,793.77,20/05/2026,,false
SKU-00123,Industrial Solvent 5L,FOOD_DRY,SUP-195,WH-K,WH-K-BIN-03,350.0,10,462.14,Jun 02 2026,,false
SKU-00124,Forklift Battery 24V,FOOD_COLD,SUP-088,LOC-016,WH-P-BIN-04,9.0,,348.84,01/04/2026,,false
SKU-00125,,PACKAGING,SUP-151,LOC-018,WH-R-BIN-05,480.0 KG,15,28.57,Jun 27 2026,,false
SKU-00126,Conveyor Belt Patch,MACHINERY_PARTS,SUP-015,LOC-011,WH-K-BIN-06,369.0kilogram,0,799.20,2026-04-12,,false
SKU-00127,Shrink Wrap Film Roll,PPE,SUP-194,LOC-006,WH-F-BIN-07,467.0,25,504.09,May 28 2026,,false
SKU-00128,Label Printer Ribbon,CLEANING,SUP-166,WH-Q,WH-Q-BIN-08,313.0,20,694.80,09/02/2026,,false
SKU-00129,Dock Leveler Seal,MEDICAL,SUP-051,LOC-013,WH-M-BIN-09,282.0kg,20,69.49,10/07/2026,2026-04-14,false
SKU-00130,LED Warehouse Light,RAW_MATERIALS,SUP-113,LOC-005,WH-E-BIN-10,315.0kilogram,30,489.09,Jun 07 2026,,false
SKU-00131,,CHEMICALS,SUP-195,LOC-001,WH-A-BIN-11,349.0 KG,20,567.07,Apr 04 2026,,true
SKU-00132,Pallet Jack Wheel,ELECTRONICS,SUP-195,whse m,WH-M-BIN-12,44.0,25,43.18,Jun 11 2026,,false
SKU-00133,Barcode Scanner,FOOD_DRY,SUP-056,LOC-014,WH-N-BIN-13,175.0 KG,20,323.57,27/02/2026,,false
SKU-00135,PVC Pipe 50mm,PACKAGING,SUP-060,LOC-008,WH-H-BIN-15,3.0 KG,10,544.34,2026-07-08,,false
SKU-00136,Rubber Gasket Set,MACHINERY_PARTS,SUP-183,LOC-016,WH-P-BIN-16,400.0 KG,0,708.96,14/05/2026,2026-11-01,false
SKU-00137,,PPE,SUP-092,LOC-009,WH-I-BIN-17,256.0kg,25,110.45,May 29 2026,,false
SKU-00138,Dust Mask N95 Pack,CLEANING,SUP-114,LOC-013,WH-M-BIN-18,180.0,30,444.31,2026-02-26,,false
SKU-00139,Wooden Pallet Std,MEDICAL,SUP-127,whse p,WH-P-BIN-19,421.0,20,219.55,18/05/2026,,false
SKU-00140,,RAW_MATERIALS,SUP-074,LOC-008,WH-H-BIN-20,277.0kg,0,153.83,Apr 04 2026,,false
SKU-00141,Hand Truck,CHEMICALS,SUP-008,LOC-009,WH-I-BIN-21,421.0kg,0,381.31,24/07/2026,,true
SKU-00142,Spill Kit 20L,ELECTRONICS,SUP-006,LOC-005,WH-E-BIN-22,265.0kg,0,357.23,2026-06-09,,false
SKU-00143,Epoxy Resin 1L,FOOD_DRY,SUP-023,LOC-010,WH-J-BIN-23,182.0 KG,10,167.95,21/02/2026,,false
SKU-00144,Chain Block 1T,FOOD_COLD,SUP-015,LOC-019,WH-S-BIN-24,36.0kilogram,0,223.66,Jul 22 2026,13/04/2026,false
SKU-00145,Temperature Logger,PACKAGING,SUP-096,LOC-014,WH-N-BIN-25,202.0kilogram,25,578.44,May 04 2026,,false
SKU-00146,Anti-Slip Tape Roll,MACHINERY_PARTS,SUP-135,LOC-008,WH-H-BIN-26,190.0kg,,731.20,2026-02-07,Nov 30 2026,false
SKU-00147,Welding Rod 3.2mm,PPE,SUP-106,LOC-005,WH-E-BIN-27,36.0kg,25,12.76,Jul 21 2026,,false
SKU-00148,Compressed Air Hose,CLEANING,SUP-120,LOC-009,WH-I-BIN-28,457.0kg,10,652.32,Mar 03 2026,Jan 02 2027,false
SKU-00149,,MEDICAL,SUP-108,LOC-012,WH-L-BIN-29,60.0kilogram,10,474.07,19/04/2026,,false
SKU-00150,,RAW_MATERIALS,SUP-021,wh_k,WH-K-BIN-30,6.0,10,359.36,2026-05-21,,false
SKU-00151,Stretch Hood Film,CHEMICALS,SUP-110,LOC-013,WH-M-BIN-31,179.0 KG,10,76.22,Feb 16 2026,,false
SKU-00152,Load Cell 500kg,ELECTRONICS,SUP-131,whse n,WH-N-BIN-32,24.0 KG,25,321.12,Feb 14 2026,,false
SKU-00153,Dock Bumpers Pair,FOOD_DRY,SUP-141,LOC-013,WH-M-BIN-33,382.0kilogram,15,296.35,2026-05-04,,false
SKU-00154,Floor Marking Paint,FOOD_COLD,SUP-151,Warehouse T,WH-T-BIN-34,28.0,20,132.93,01/06/2026,,false
SKU-00155,Battery Charger 24V,PACKAGING,SUP-001,Warehouse H,WH-H-BIN-35,112.0kg,40,230.05,2026-07-26,,false
SKU-00156,Mesh Security Cage,MACHINERY_PARTS,SUP-072,LOC-011,WH-K-BIN-36,266.0kg,0,731.87,13/07/2026,,false
SKU-00157,Humidity Sensor Probe,PPE,SUP-015,LOC-009,WH-I-BIN-37,54.0 KG,20,27.72,Mar 28 2026,,false
SKU-00158,Pallet Strap Tool,CLEANING,SUP-116,LOC-010,WH-J-BIN-38,144.0 KG,0,587.12,Mar 24 2026,19/04/2027,false
SKU-00159,Coolant Concentrate,MEDICAL,SUP-043,LOC-011,WH-K-BIN-39,253.0kilogram,20,263.20,2026-05-24,Dec 04 2026,false
SKU-00160,Wheel Chock Rubber,RAW_MATERIALS,SUP-027,LOC-010,WH-J-BIN-40,496.0kg,10,182.29,Mar 23 2026,Sep 03 2027,false
SKU-00162,Hydraulic Hose 2in,ELECTRONICS,SUP-092,LOC-008,WH-H-BIN-42,295.0,10,326.22,2026-05-12,,false
SKU-00163,Industrial Solvent 5L,FOOD_DRY,SUP-123,whse p,WH-P-BIN-43,68.0,20,62.93,2026-02-08,,false
SKU-00164,Forklift Battery 24V,FOOD_COLD,SUP-003,WH-G,WH-G-BIN-44,201.0 KG,15,776.45,2026-05-10,,false
SKU-00165,Safety Gloves L,PACKAGING,SUP-021,LOC-018,WH-R-BIN-45,127.0 KG,20,293.01,Jun 18 2026,,false
SKU-00166,Conveyor Belt Patch,MACHINERY_PARTS,SUP-126,wh_d,WH-D-BIN-46,328.0kg,30,48.19,05/03/2026,,false
SKU-00167,Shrink Wrap Film Roll,PPE,SUP-078,wh-q,WH-Q-BIN-47,473.0kg,40,776.96,11/03/2026,,false
SKU-00168,Label Printer Ribbon,CLEANING,SUP-085,LOC-013,WH-M-BIN-48,433.0,20,302.68,2026-05-03,,false
SKU-00169,Dock Leveler Seal,MEDICAL,SUP-046,WH-T,WH-T-BIN-49,295.0kg,15,250.22,2026-03-06,,false
SKU-00170,LED Warehouse Light,RAW_MATERIALS,SUP-141,LOC-003,WH-C-BIN-50,4.0kilogram,40,53.89,2026-05-25,,false
SKU-00171,Nitrile Gloves Box,CHEMICALS,SUP-049,Warehouse M,WH-M-BIN-51,85.0 KG,20,84.03,2026-02-25,18/11/2026,false
SKU-00172,Pallet Jack Wheel,ELECTRONICS,SUP-119,wh-s,WH-S-BIN-52,450.0,40,588.93,Jul 04 2026,Jun 26 2027,false
SKU-00173,Barcode Scanner,FOOD_DRY,SUP-017,LOC-006,WH-F-BIN-53,29.0kilogram,30,237.99,19/04/2026,2026-10-13,false
SKU-00174,Fire Extinguisher 4kg,FOOD_COLD,SUP-051,LOC-003,WH-C-BIN-54,62.0,15,679.48,Jul 14 2026,,false
SKU-00175,Alha Wolf Pack,PACKAGING,SUP-058,LOC-011,WH-K-BIN-55,5.0 KG,10,427.19,Feb 09 2026,,false
SKU-00176,Rubber Gasket Set,MACHINERY_PARTS,SUP-013,wh_d,WH-D-BIN-56,474.0kg,30,531.59,2026-05-11,,false
SKU-00177,Cable Tie Assorted,PPE,SUP-117,LOC-011,WH-K-BIN-57,399.0,25,245.73,2026-05-14,,false
SKU-00178,Dust Mask N95 Pack,CLEANING,SUP-143,wh-d,WH-D-BIN-58,114.0kilogram,40,491.87,2026-02-27,,false
SKU-00179,Wooden Pallet Std,MEDICAL,SUP-088,LOC-009,WH-I-BIN-59,48.0kilogram,15,734.05,04/07/2026,,false
SKU-00180,Steel Shelving Unit,RAW_MATERIALS,SUP-108,WH-A,WH-A-BIN-60,489.0 KG,10,493.46,Jul 26 2026,,false
SKU-00181,Hand Truck,CHEMICALS,SUP-193,wh_b,WH-B-BIN-61,455.0 KG,0,201.55,2026-06-29,2027-08-05,false
SKU-00182,Spill Kit 20L,ELECTRONICS,SUP-107,whse e,WH-E-BIN-62,277.0 KG,0,285.96,2026-02-17,May 12 2027,false
SKU-00183,Epoxy Resin 1L,FOOD_DRY,SUP-044,LOC-013,WH-M-BIN-63,420.0kg,40,763.77,23/07/2026,,false
SKU-00184,,FOOD_COLD,SUP-050,LOC-017,WH-Q-BIN-64,158.0kilogram,40,597.11,28/07/2026,,false
SKU-00185,,PACKAGING,SUP-146,LOC-012,WH-L-BIN-65,91.0kilogram,15,757.85,May 01 2026,,false
SKU-00186,Anti-Slip Tape Roll,MACHINERY_PARTS,SUP-034,wh-p,WH-P-BIN-66,87.0kilogram,0,128.00,2026-07-23,,false
SKU-00187,,PPE,SUP-166,Warehouse B,WH-B-BIN-67,257.0kg,40,395.69,Jun 28 2026,,false
SKU-00188,Compressed Air Hose,CLEANING,SUP-049,LOC-009,WH-I-BIN-68,257.0kg,30,237.60,2026-06-13,,false
SKU-00189,First Aid Refill,MEDICAL,SUP-085,LOC-002,WH-B-BIN-69,282.0kg,40,730.99,20/03/2026,13/11/2026,false
SKU-00190,Racking Beam 2.4m,RAW_MATERIALS,SUP-005,LOC-013,WH-M-BIN-70,1.0kg,,211.19,Apr 14 2026,,false
SKU-00191,,CHEMICALS,SUP-077,LOC-012,WH-L-BIN-71,154.0,25,486.38,2026-05-04,,true
SKU-00192,Load Cell 500kg,ELECTRONICS,SUP-006,whse s,WH-S-BIN-72,17.0,20,265.72,21/04/2026,,false
SKU-00193,Dock Bumpers Pair,FOOD_DRY,SUP-053,LOC-009,WH-I-BIN-73,68.0kilogram,10,346.27,Jun 26 2026,,false
SKU-00194,Floor Marking Paint,FOOD_COLD,SUP-132,LOC-008,WH-H-BIN-74,271.0 KG,30,704.30,2026-05-03,,false
SKU-00195,Battery Charger 24V,PACKAGING,SUP-179,Warehouse N,WH-N-BIN-75,339.0kilogram,30,527.88,Jul 17 2026,2026-06-11,false
SKU-00196,Mesh Security Cage,MACHINERY_PARTS,SUP-166,LOC-014,WH-N-BIN-76,473.0kilogram,15,793.85,2026-06-11,Oct 14 2026,false
SKU-00197,Humidity Sensor Probe,PPE,SUP-098,LOC-018,WH-R-BIN-77,492.0 KG,10,603.08,Jul 10 2026,,false
SKU-00198,Pallet Strap Tool,CLEANING,SUP-158,LOC-019,WH-S-BIN-78,129.0,,584.76,19/03/2026,03/09/2027,false
SKU-00199,Coolant Concentrate,MEDICAL,SUP-196,LOC-019,WH-S-BIN-79,393.0kg,20,233.30,Jul 12 2026,,false
SKU-00200,Wheel Chock Rubber,RAW_MATERIALS,SUP-183,LOC-019,WH-S-BIN-80,82.0kilogram,0,765.71,01/06/2026,,false
SKU-00201,Steel Bolt M8,CHEMICALS,SUP-113,Warehouse J,WH-J-BIN-01,307.0kg,15,380.44,2026-02-17,27/03/2027,true
SKU-00202,Hydraulic Hose 2in,ELECTRONICS,SUP-085,whse s,WH-S-BIN-02,26.0kg,40,206.17,2026-03-22,,false
SKU-00203,Industrial Solvent 5L,FOOD_DRY,SUP-104,LOC-017,WH-Q-BIN-03,340.0kg,0,266.72,2026-02-04,,false
SKU-00204,Forklift Battery 24V,FOOD_COLD,SUP-152,whse e,WH-E-BIN-04,208.0,15,150.09,Jun 20 2026,,false
SKU-00205,Safety Gloves L,PACKAGING,SUP-043,LOC-017,WH-Q-BIN-05,294.0kg,40,125.10,Apr 26 2026,19/12/2026,false
SKU-00206,Conveyor Belt Patch,MACHINERY_PARTS,SUP-011,WH-G,WH-G-BIN-06,479.0 KG,25,239.82,2026-04-13,,false
SKU-00207,Shrink Wrap Film Roll,PPE,SUP-105,LOC-016,WH-P-BIN-07,273.0kg,,260.51,Mar 11 2026,,false
SKU-00209,Dock Leveler Seal,MEDICAL,SUP-188,LOC-009,WH-I-BIN-09,314.0kg,20,65.32,30/04/2026,,false
SKU-00210,LED Warehouse Light,RAW_MATERIALS,SUP-021,LOC-007,WH-G-BIN-10,185.0kg,25,480.56,Jun 20 2026,,false
SKU-00212,Pallet Jack Wheel,ELECTRONICS,SUP-126,LOC-020,WH-T-BIN-12,295.0 KG,20,53.37,Feb 18 2026,16/08/2027,false
SKU-00213,,FOOD_DRY,SUP-135,whse j,WH-J-BIN-13,370.0kilogram,,259.94,30/06/2026,,false
SKU-00214,Fire Extinguisher 4kg,FOOD_COLD,SUP-158,LOC-004,WH-D-BIN-14,272.0kg,30,326.19,2026-05-10,,false
SKU-00215,PVC Pipe 50mm,PACKAGING,SUP-197,LOC-003,WH-C-BIN-15,418.0,20,353.60,27/02/2026,24/03/2027,false
SKU-00216,,MACHINERY_PARTS,SUP-061,WH-N,WH-N-BIN-16,24.0 KG,40,282.07,23/03/2026,04/07/2026,false
SKU-00217,,PPE,SUP-016,Warehouse F,WH-F-BIN-17,76.0,0,461.33,14/02/2026,2027-02-13,false
SKU-00218,Dust Mask N95 Pack,CLEANING,SUP-045,whse e,WH-E-BIN-18,9.0kg,20,173.54,11/02/2026,,false
SKU-00219,Wooden Pallet Std,MEDICAL,SUP-043,LOC-020,WH-T-BIN-19,215.0,25,416.88,26/05/2026,2026-05-11,false
SKU-00220,Steel Shelving Unit,RAW_MATERIALS,SUP-168,wh_n,WH-N-BIN-20,45.0kilogram,40,776.72,2026-05-21,,false
SKU-00221,Hand Truck,CHEMICALS,SUP-053,WH-A,WH-A-BIN-21,485.0,15,268.25,Jun 04 2026,Apr 12 2026,false
SKU-00222,Spill Kit 20L,ELECTRONICS,SUP-096,LOC-008,WH-H-BIN-22,471.0kilogram,0,85.25,2026-05-03,,false
SKU-00223,Epoxy Resin 1L,FOOD_DRY,SUP-067,wh-k,WH-K-BIN-23,233.0,,714.21,20/07/2026,,false
SKU-00224,Chain Block 1T,FOOD_COLD,SUP-112,WH-T,WH-T-BIN-24,458.0kg,25,507.13,2026-06-25,,false
SKU-00225,Temperature Logger,PACKAGING,SUP-035,WH-P,WH-P-BIN-25,342.0 KG,10,682.35,2026-05-15,,false
SKU-00226,Anti-Slip Tape Roll,MACHINERY_PARTS,SUP-147,LOC-020,WH-T-BIN-26,74.0kg,10,785.21,Apr 17 2026,,false
SKU-00227,Welding Rod 3.2mm,PPE,SUP-190,LOC-015,WH-O-BIN-27,493.0 KG,40,35.97,Jul 09 2026,,false
SKU-00228,Compressed Air Hose,CLEANING,SUP-083,LOC-012,WH-L-BIN-28,473.0 KG,40,446.55,2026-07-25,,false
SKU-00229,First Aid Refill,MEDICAL,SUP-117,LOC-016,WH-P-BIN-29,467.0 KG,20,310.25,2026-04-15,,false
SKU-00232,Load Cell 500kg,ELECTRONICS,SUP-123,WH-M,WH-M-BIN-32,282.0kg,,488.39,Jul 25 2026,Jun 13 2027,false
SKU-00233,Dock Bumpers Pair,FOOD_DRY,SUP-088,LOC-016,WH-P-BIN-33,361.0kg,10,81.84,Mar 23 2026,,false
SKU-00234,Floor Marking Paint,FOOD_COLD,SUP-117,LOC-003,WH-C-BIN-34,211.0 KG,25,223.31,06/07/2026,,false
SKU-00235,Battery Charger 24V,PACKAGING,SUP-155,LOC-010,WH-J-BIN-35,104.0 KG,,221.92,Mar 14 2026,,false
SKU-00236,Mesh Security Cage,MACHINERY_PARTS,SUP-134,Warehouse F,WH-F-BIN-36,364.0 KG,0,531.04,Mar 31 2026,,false
SKU-00237,Humidity Sensor Probe,PPE,SUP-113,wh-i,WH-I-BIN-37,242.0 KG,25,31.29,2026-07-26,,false
SKU-00238,,CLEANING,SUP-084,LOC-012,WH-L-BIN-38,391.0kilogram,20,511.64,May 13 2026,,false
SKU-00239,Coolant Concentrate,MEDICAL,SUP-197,LOC-008,WH-H-BIN-39,294.0,25,329.60,08/03/2026,,false
SKU-00240,,RAW_MATERIALS,SUP-037,WH-F,WH-F-BIN-40,21.0,40,718.28,28/03/2026,,false
SKU-00241,Steel Bolt M8,CHEMICALS,SUP-178,WH-M,WH-M-BIN-41,172.0 KG,15,372.12,2026-06-29,,false
SKU-00242,Hydraulic Hose 2in,ELECTRONICS,SUP-029,LOC-002,WH-B-BIN-42,190.0kg,10,613.67,Feb 23 2026,,false
SKU-00243,Industrial Solvent 5L,FOOD_DRY,SUP-062,LOC-009,WH-I-BIN-43,56.0 KG,,388.04,16/06/2026,,false
SKU-00244,Forklift Battery 24V,FOOD_COLD,SUP-094,LOC-012,WH-L-BIN-44,276.0,25,519.23,2026-02-18,15/01/2027,false
SKU-00245,Safety Gloves L,PACKAGING,SUP-080,LOC-016,WH-P-BIN-45,221.0 KG,10,172.77,2026-02-10,,false
SKU-00246,Conveyor Belt Patch,MACHINERY_PARTS,SUP-039,LOC-011,WH-K-BIN-46,6.0kg,15,16.09,Feb 08 2026,,false
SKU-00247,Shrink Wrap Film Roll,PPE,SUP-089,wh-s,WH-S-BIN-47,402.0 KG,25,402.26,2026-02-13,,false
SKU-00248,Label Printer Ribbon,CLEANING,SUP-104,LOC-014,WH-N-BIN-48,99.0 KG,10,211.47,17/02/2026,,false
SKU-00249,Dock Leveler Seal,MEDICAL,SUP-199,LOC-004,WH-D-BIN-49,4.0,15,769.94,May 14 2026,,false
SKU-00250,LED Warehouse Light,RAW_MATERIALS,SUP-001,Warehouse O,WH-O-BIN-50,29.0,20,797.68,Apr 08 2026,,false
SKU-00251,,CHEMICALS,SUP-066,LOC-004,WH-D-BIN-51,272.0kilogram,40,656.77,29/05/2026,,false
SKU-00252,Pallet Jack Wheel,ELECTRONICS,SUP-143,LOC-004,WH-D-BIN-52,385.0kg,20,174.97,2026-05-19,2027-08-29,false
SKU-00253,,FOOD_DRY,SUP-183,Warehouse L,WH-L-BIN-53,8.0kg,10,82.42,Jul 11 2026,,false
SKU-00254,,FOOD_COLD,SUP-090,LOC-015,WH-O-BIN-54,28.0,30,351.79,Jul 21 2026,17/07/2026,false
SKU-00255,,PACKAGING,SUP-118,LOC-013,WH-M-BIN-55,424.0kg,30,347.12,28/02/2026,,false
SKU-00256,Rubber Gasket Set,MACHINERY_PARTS,SUP-136,LOC-006,WH-F-BIN-56,180.0kilogram,,89.65,28/04/2026,,false
SKU-00257,Cable Tie Assorted,PPE,SUP-200,wh-s,WH-S-BIN-57,360.0,,357.25,2026-02-07,,false
SKU-00258,Dust Mask N95 Pack,CLEANING,SUP-091,wh_h,WH-H-BIN-58,424.0,15,539.70,30/04/2026,,false
SKU-00259,Wooden Pallet Std,MEDICAL,SUP-153,LOC-017,WH-Q-BIN-59,43.0kg,25,173.09,2026-07-09,01/06/2027,false
SKU-00260,Steel Shelving Unit,RAW_MATERIALS,SUP-060,LOC-007,WH-G-BIN-60,196.0 KG,0,61.38,2026-06-12,,false
SKU-00261,Hand Truck,CHEMICALS,SUP-155,WH-B,WH-B-BIN-61,486.0kg,,780.51,Jun 02 2026,,false
SKU-00262,Spill Kit 20L,ELECTRONICS,SUP-081,whse h,WH-H-BIN-62,384.0 KG,,656.51,2026-07-14,,false
SKU-00263,Epoxy Resin 1L,FOOD_DRY,SUP-134,Warehouse I,WH-I-BIN-63,120.0,10,10.78,2026-07-17,,false
SKU-00264,Chain Block 1T,FOOD_COLD,SUP-173,wh_o,WH-O-BIN-64,136.0,40,293.08,21/06/2026,,false
SKU-00265,Temperature Logger,PACKAGING,SUP-007,LOC-013,WH-M-BIN-65,109.0 KG,30,536.17,2026-05-31,,false
SKU-00266,Anti-Slip Tape Roll,MACHINERY_PARTS,SUP-152,LOC-016,WH-P-BIN-66,382.0 KG,20,406.25,Mar 19 2026,Apr 08 2026,false
SKU-00267,Welding Rod 3.2mm,PPE,SUP-110,LOC-013,WH-M-BIN-67,5.0 KG,,637.82,2026-06-18,,false
SKU-00268,Compressed Air Hose,CLEANING,SUP-068,LOC-003,WH-C-BIN-68,11.0,,469.29,Feb 16 2026,2026-10-24,false
SKU-00269,First Aid Refill,MEDICAL,SUP-146,wh-r,WH-R-BIN-69,95.0 KG,0,316.66,2026-05-10,,false
SKU-00270,Racking Beam 2.4m,RAW_MATERIALS,SUP-068,LOC-015,WH-O-BIN-70,342.0kilogram,40,146.33,Feb 05 2026,,false
SKU-00271,Stretch Hood Film,CHEMICALS,SUP-072,LOC-011,WH-K-BIN-71,17.0,20,426.79,02/02/2026,,true
SKU-00272,Load Cell 500kg,ELECTRONICS,SUP-098,LOC-007,WH-G-BIN-72,116.0 KG,25,117.22,2026-06-08,2026-06-17,false
SKU-00273,Dock Bumpers Pair,FOOD_DRY,SUP-166,LOC-018,WH-R-BIN-73,38.0kilogram,40,578.38,2026-03-21,,false
SKU-00274,Floor Marking Paint,FOOD_COLD,SUP-200,Warehouse J,WH-J-BIN-74,294.0kilogram,10,66.06,Apr 24 2026,,false
SKU-00275,Battery Charger 24V,PACKAGING,SUP-043,LOC-005,WH-E-BIN-75,58.0kilogram,10,215.04,2026-07-15,11/02/2027,false
SKU-00276,Mesh Security Cage,MACHINERY_PARTS,SUP-029,whse d,WH-D-BIN-76,4.0kg,15,407.51,20/04/2026,30/08/2026,false
SKU-00277,Humidity Sensor Probe,PPE,SUP-120,LOC-010,WH-J-BIN-77,43.0 KG,25,529.80,Mar 29 2026,2026-06-07,false
SKU-00280,Wheel Chock Rubber,RAW_MATERIALS,SUP-097,wh_o,WH-O-BIN-80,399.0 KG,15,524.06,Feb 04 2026,Jun 07 2026,false
SKU-00281,Steel Bolt M8,CHEMICALS,SUP-163,LOC-003,WH-C-BIN-01,114.0 KG,25,419.79,Mar 20 2026,05/06/2027,true
SKU-00282,Hydraulic Hose 2in,ELECTRONICS,SUP-169,LOC-002,WH-B-BIN-02,72.0 KG,20,709.07,09/02/2026,23/12/2026,false
SKU-00283,,FOOD_DRY,SUP-100,Warehouse F,WH-F-BIN-03,172.0 KG,,344.66,2026-05-15,,false
SKU-00284,Forklift Battery 24V,FOOD_COLD,SUP-151,LOC-004,WH-D-BIN-04,62.0,30,602.68,25/02/2026,,false
SKU-00285,,PACKAGING,SUP-100,LOC-001,WH-A-BIN-05,486.0 KG,0,28.49,Mar 08 2026,,false
SKU-00286,Conveyor Belt Patch,MACHINERY_PARTS,SUP-166,LOC-016,WH-P-BIN-06,137.0,,93.37,28/02/2026,,false
SKU-00287,Shrink Wrap Film Roll,PPE,SUP-175,LOC-015,WH-O-BIN-07,83.0 KG,10,459.95,2026-06-12,,false
SKU-00288,Label Printer Ribbon,CLEANING,SUP-140,LOC-013,WH-M-BIN-08,316.0kilogram,15,141.77,06/05/2026,,false
SKU-00289,Dock Leveler Seal,MEDICAL,SUP-018,LOC-008,WH-H-BIN-09,147.0,30,762.18,2026-04-19,20/02/2027,false
SKU-00290,,RAW_MATERIALS,SUP-036,LOC-001,WH-A-BIN-10,77.0kilogram,15,294.74,2026-05-21,,false
SKU-00291,Nitrile Gloves Box,CHEMICALS,SUP-003,LOC-017,WH-Q-BIN-11,462.0kilogram,15,437.10,Mar 24 2026,06/03/2027,false
SKU-00292,Pallet Jack Wheel,ELECTRONICS,SUP-175,LOC-007,WH-G-BIN-12,338.0,0,360.01,2026-05-08,2026-06-14,false
SKU-00293,,FOOD_DRY,SUP-123,whse c,WH-C-BIN-13,193.0kilogram,20,565.40,29/06/2026,Aug 18 2027,false
SKU-00294,Fire Extinguisher 4kg,FOOD_COLD,SUP-042,wh_a,WH-A-BIN-14,61.0 KG,40,153.14,06/03/2026,,false
SKU-00295,PVC Pipe 50mm,PACKAGING,SUP-095,Warehouse K,WH-K-BIN-15,345.0 KG,30,745.52,May 05 2026,,false
SKU-00296,,MACHINERY_PARTS,SUP-117,whse t,WH-T-BIN-16,272.0kilogram,10,23.41,22/07/2026,,false
SKU-00297,Cable Tie Assorted,PPE,SUP-106,wh-l,WH-L-BIN-17,251.0 KG,30,105.40,02/02/2026,,false
SKU-00298,Dust Mask N95 Pack,CLEANING,SUP-002,wh_m,WH-M-BIN-18,67.0,,609.09,19/02/2026,,false
SKU-00299,Wooden Pallet Std,MEDICAL,SUP-152,LOC-018,WH-R-BIN-19,126.0,20,605.33,05/04/2026,,false
SKU-00300,Steel Shelving Unit,RAW_MATERIALS,SUP-118,Warehouse M,WH-M-BIN-20,463.0 KG,25,181.10,08/05/2026,Jan 20 2027,false
SKU-00301,,CHEMICALS,SUP-184,wh-s,WH-S-BIN-21,366.0kg,25,511.96,2026-04-01,,false
SKU-00302,Spill Kit 20L,ELECTRONICS,SUP-059,wh-b,WH-B-BIN-22,110.0kilogram,15,578.60,06/04/2026,,false
SKU-00303,Epoxy Resin 1L,FOOD_DRY,SUP-194,WH-K,WH-K-BIN-23,478.0,25,624.03,14/05/2026,,false
SKU-00304,Chain Block 1T,FOOD_COLD,SUP-072,wh_r,WH-R-BIN-24,10.0kilogram,,580.84,Jun 05 2026,,false
SKU-00305,Temperature Logger,PACKAGING,SUP-139,LOC-004,WH-D-BIN-25,196.0kg,10,131.43,17/07/2026,,false
SKU-00306,Anti-Slip Tape Roll,MACHINERY_PARTS,SUP-153,Warehouse O,WH-O-BIN-26,454.0kg,0,575.06,May 15 2026,,false
SKU-00307,Welding Rod 3.2mm,PPE,SUP-106,wh-p,WH-P-BIN-27,1.0kg,25,314.98,Apr 06 2026,,false
SKU-00309,First Aid Refill,MEDICAL,SUP-108,Warehouse L,WH-L-BIN-29,19.0,20,547.13,07/06/2026,2027-03-16,false
SKU-00310,Racking Beam 2.4m,RAW_MATERIALS,SUP-130,WH-J,WH-J-BIN-30,157.0,20,464.82,Feb 25 2026,,false
SKU-00311,Stretch Hood Film,CHEMICALS,SUP-067,LOC-017,WH-Q-BIN-31,214.0 KG,40,674.60,2026-04-24,,false
SKU-00312,Load Cell 500kg,ELECTRONICS,SUP-047,LOC-020,WH-T-BIN-32,352.0,0,745.33,12/03/2026,2026-11-05,false
SKU-00313,Dock Bumpers Pair,FOOD_DRY,SUP-009,whse p,WH-P-BIN-33,412.0 KG,30,352.35,Apr 26 2026,,false
SKU-00314,Floor Marking Paint,FOOD_COLD,SUP-011,wh-o,WH-O-BIN-34,354.0,0,117.16,03/06/2026,,false
SKU-00315,Battery Charger 24V,PACKAGING,SUP-120,LOC-016,WH-P-BIN-35,114.0 KG,30,57.67,Jul 09 2026,,false
SKU-00316,Mesh Security Cage,MACHINERY_PARTS,SUP-113,wh-b,WH-B-BIN-36,142.0 KG,0,336.72,13/06/2026,,false
SKU-00317,,PPE,SUP-105,wh-b,WH-B-BIN-37,481.0,30,155.69,May 30 2026,26/12/2026,false
SKU-00318,Pallet Strap Tool,CLEANING,SUP-037,LOC-002,WH-B-BIN-38,335.0 KG,15,20.00,2026-04-19,,false
SKU-00319,Coolant Concentrate,MEDICAL,SUP-097,LOC-001,WH-A-BIN-39,152.0kg,30,276.34,27/06/2026,,false
SKU-00320,Wheel Chock Rubber,RAW_MATERIALS,SUP-088,wh-g,WH-G-BIN-40,295.0 KG,25,74.09,23/03/2026,2027-02-02,false
SKU-00321,Steel Bolt M8,CHEMICALS,SUP-063,wh-k,WH-K-BIN-41,386.0 KG,,689.47,May 24 2026,Jun 12 2026,true
SKU-00322,Hydraulic Hose 2in,ELECTRONICS,SUP-087,LOC-018,WH-R-BIN-42,292.0,20,769.55,Feb 19 2026,Oct 28 2026,false
SKU-00323,Industrial Solvent 5L,FOOD_DRY,SUP-003,Warehouse Q,WH-Q-BIN-43,105.0,20,424.47,Jul 29 2026,,false
SKU-00324,Forklift Battery 24V,FOOD_COLD,SUP-064,LOC-011,WH-K-BIN-44,230.0kilogram,25,640.97,30/03/2026,Feb 16 2027,false
SKU-00325,Safety Gloves L,PACKAGING,SUP-109,LOC-018,WH-R-BIN-45,291.0kilogram,30,543.63,20/07/2026,,false
SKU-00326,Conveyor Belt Patch,MACHINERY_PARTS,SUP-185,LOC-008,WH-H-BIN-46,8.0,30,29.28,2026-07-07,,false
SKU-00327,Shrink Wrap Film Roll,PPE,SUP-184,LOC-020,WH-T-BIN-47,306.0kilogram,20,621.00,Feb 11 2026,2027-06-29,false
SKU-00328,,CLEANING,SUP-139,WH-E,WH-E-BIN-48,261.0kilogram,0,398.66,2026-02-01,May 22 2027,false
SKU-00329,,MEDICAL,SUP-065,wh_c,WH-C-BIN-49,100.0kg,0,140.60,Jul 02 2026,,false
SKU-00330,LED Warehouse Light,RAW_MATERIALS,SUP-171,LOC-016,WH-P-BIN-50,220.0,30,608.67,14/03/2026,2026-12-07,false
SKU-00332,Pallet Jack Wheel,ELECTRONICS,SUP-121,whse a,WH-A-BIN-52,59.0kilogram,10,391.16,05/05/2026,May 24 2026,false
SKU-00333,Barcode Scanner,FOOD_DRY,SUP-039,WH-C,WH-C-BIN-53,95.0kilogram,10,4.89,Mar 27 2026,,false
SKU-00334,Fire Extinguisher 4kg,FOOD_COLD,SUP-077,LOC-012,WH-L-BIN-54,9.0kg,20,527.52,02/02/2026,,false
SKU-00335,PVC Pipe 50mm,PACKAGING,SUP-015,whse c,WH-C-BIN-55,474.0 KG,,256.99,Jul 26 2026,,false
SKU-00336,,MACHINERY_PARTS,SUP-092,wh-d,WH-D-BIN-56,227.0,15,138.31,Jul 17 2026,,false
SKU-00337,Cable Tie Assorted,PPE,SUP-185,Warehouse H,WH-H-BIN-57,48.0,,588.49,2026-06-12,,false
SKU-00338,Dust Mask N95 Pack,CLEANING,SUP-004,LOC-007,WH-G-BIN-58,210.0,30,551.66,2026-06-05,,false
SKU-00339,Wooden Pallet Std,MEDICAL,SUP-137,LOC-013,WH-M-BIN-59,4.0 KG,40,269.79,Feb 28 2026,,false
SKU-00340,,RAW_MATERIALS,SUP-059,LOC-005,WH-E-BIN-60,225.0 KG,,275.11,05/07/2026,,false
SKU-00341,Hand Truck,CHEMICALS,SUP-163,LOC-020,WH-T-BIN-61,2.0kilogram,25,398.09,Mar 29 2026,,false
SKU-00342,Spill Kit 20L,ELECTRONICS,SUP-159,LOC-001,WH-A-BIN-62,199.0,15,450.76,2026-03-12,13/04/2026,false
SKU-00343,Epoxy Resin 1L,FOOD_DRY,SUP-033,WH-L,WH-L-BIN-63,136.0 KG,15,4.99,23/05/2026,,false
SKU-00344,Chain Block 1T,FOOD_COLD,SUP-166,WH-S,WH-S-BIN-64,121.0kilogram,0,475.53,Jul 04 2026,,false
SKU-00346,,MACHINERY_PARTS,SUP-083,wh-l,WH-L-BIN-66,4.0kilogram,29,133.57,26/07/2026,Jul 03 2027,false
SKU-00347,Welding Rod 3.2mm,PPE,SUP-086,wh_o,WH-O-BIN-67,499.0kg,0,731.96,2026-05-15,04/02/2027,false
SKU-00348,Compressed Air Hose,CLEANING,SUP-120,LOC-018,WH-R-BIN-68,141.0kilogram,0,65.62,Mar 13 2026,Jul 03 2027,false
SKU-00349,First Aid Refill,MEDICAL,SUP-178,whse h,WH-H-BIN-69,111.0 KG,10,633.80,Apr 01 2026,,false
SKU-00350,Racking Beam 2.4m,RAW_MATERIALS,SUP-061,Warehouse O,WH-O-BIN-70,493.0 KG,0,139.14,May 25 2026,,false
SKU-00351,Stretch Hood Film,CHEMICALS,SUP-049,LOC-010,WH-J-BIN-71,22.0 KG,40,371.03,26/03/2026,,true
SKU-00353,Dock Bumpers Pair,FOOD_DRY,SUP-029,LOC-016,WH-P-BIN-73,482.0 KG,20,715.67,2026-02-07,,false
SKU-00354,Floor Marking Paint,FOOD_COLD,SUP-041,whse b,WH-B-BIN-74,488.0 KG,30,518.52,16/02/2026,30/05/2027,false
SKU-00355,Battery Charger 24V,PACKAGING,SUP-033,wh-j,WH-J-BIN-75,261.0kilogram,20,577.35,07/03/2026,2026-09-14,false
SKU-00356,Mesh Security Cage,MACHINERY_PARTS,SUP-003,LOC-010,WH-J-BIN-76,53.0,30,103.70,2026-06-18,2027-03-30,false
SKU-00357,Humidity Sensor Probe,PPE,SUP-098,LOC-013,WH-M-BIN-77,418.0 KG,40,475.93,Jul 22 2026,10/01/2027,false
SKU-00358,Pallet Strap Tool,CLEANING,SUP-106,LOC-008,WH-H-BIN-78,326.0,,738.52,Feb 19 2026,Jan 14 2027,false
SKU-00359,Coolant Concentrate,MEDICAL,SUP-026,LOC-002,WH-B-BIN-79,16.0,40,602.21,13/06/2026,,false
SKU-00360,,RAW_MATERIALS,SUP-102,LOC-006,WH-F-BIN-80,16.0kilogram,,458.12,27/07/2026,,false
SKU-00362,Hydraulic Hose 2in,ELECTRONICS,SUP-134,whse c,WH-C-BIN-02,84.0kg,20,489.43,22/05/2026,2027-02-14,false
SKU-00363,Industrial Solvent 5L,FOOD_DRY,SUP-079,whse o,WH-O-BIN-03,100.0kg,15,770.34,2026-02-15,,false
SKU-00364,Forklift Battery 24V,FOOD_COLD,SUP-158,LOC-011,WH-K-BIN-04,370.0 KG,25,638.21,2026-07-09,,false
SKU-00365,Safety Gloves L,PACKAGING,SUP-064,WH-L,WH-L-BIN-05,3.0kg,,593.92,Apr 02 2026,,false
SKU-00366,,MACHINERY_PARTS,SUP-104,LOC-008,WH-H-BIN-06,7.0 KG,20,460.57,2026-02-18,,false
SKU-00367,,PPE,SUP-111,wh_b,WH-B-BIN-07,451.0kilogram,20,516.65,2026-05-14,2026-04-14,false
SKU-00368,Label Printer Ribbon,CLEANING,SUP-116,WH-E,WH-E-BIN-08,270.0kilogram,30,209.33,Jul 17 2026,,false
SKU-00369,,MEDICAL,SUP-046,LOC-010,WH-J-BIN-09,32.0kg,40,600.44,11/04/2026,,false
SKU-00370,LED Warehouse Light,RAW_MATERIALS,SUP-094,LOC-015,WH-O-BIN-10,461.0 KG,,246.01,2026-06-01,,false
SKU-00371,Nitrile Gloves Box,CHEMICALS,SUP-103,wh-s,WH-S-BIN-11,29.0kilogram,30,538.15,14/06/2026,,false
SKU-00372,Pallet Jack Wheel,ELECTRONICS,SUP-045,LOC-012,WH-L-BIN-12,260.0,30,200.00,22/03/2026,,false
SKU-00373,Barcode Scanner,FOOD_DRY,SUP-057,LOC-004,WH-D-BIN-13,30.0 KG,15,504.00,Feb 07 2026,,false
SKU-00374,Fire Extinguisher 4kg,FOOD_COLD,SUP-013,wh_g,WH-G-BIN-14,137.0kilogram,15,607.01,May 27 2026,Jan 27 2027,false
SKU-00375,PVC Pipe 50mm,PACKAGING,SUP-163,LOC-001,WH-A-BIN-15,295.0 KG,30,185.66,19/07/2026,Dec 31 2026,false
SKU-00376,Rubber Gasket Set,MACHINERY_PARTS,SUP-019,LOC-011,WH-K-BIN-16,5.0kilogram,25,391.00,2026-07-08,,false
SKU-00377,Cable Tie Assorted,PPE,SUP-092,WH-L,WH-L-BIN-17,293.0kg,20,764.91,2026-05-23,2026-05-16,false
SKU-00378,Dust Mask N95 Pack,CLEANING,SUP-070,whse b,WH-B-BIN-18,97.0kg,15,757.15,2026-04-21,,false
SKU-00379,Wooden Pallet Std,MEDICAL,SUP-019,Warehouse J,WH-J-BIN-19,323.0kg,10,71.91,2026-05-09,,false
SKU-00380,Steel Shelving Unit,RAW_MATERIALS,SUP-131,LOC-008,WH-H-BIN-20,8.0kilogram,26,675.90,2026-05-03,Jul 19 2026,false
SKU-00381,Hand Truck,CHEMICALS,SUP-090,LOC-001,WH-A-BIN-21,400.0kilogram,40,745.42,Jul 13 2026,,false
SKU-00382,Spill Kit 20L,ELECTRONICS,SUP-029,LOC-016,WH-P-BIN-22,374.0 KG,20,759.62,2026-04-21,,false
SKU-00383,Epoxy Resin 1L,FOOD_DRY,SUP-060,LOC-014,WH-N-BIN-23,283.0 KG,15,198.33,Apr 11 2026,,false
SKU-00384,Chain Block 1T,FOOD_COLD,SUP-191,Warehouse D,WH-D-BIN-24,88.0kilogram,25,698.34,12/02/2026,2026-05-06,false
SKU-00385,Temperature Logger,PACKAGING,SUP-184,LOC-012,WH-L-BIN-25,141.0kg,25,2.62,2026-04-10,Apr 22 2026,false
SKU-00386,Anti-Slip Tape Roll,MACHINERY_PARTS,SUP-081,LOC-003,WH-C-BIN-26,6.0,10,401.78,30/04/2026,,false
SKU-00387,,PPE,SUP-153,whse n,WH-N-BIN-27,255.0kilogram,25,554.80,13/04/2026,,false
SKU-00388,Compressed Air Hose,CLEANING,SUP-130,Warehouse A,WH-A-BIN-28,401.0kg,10,612.70,15/04/2026,2027-01-22,false
SKU-00389,First Aid Refill,MEDICAL,SUP-013,LOC-004,WH-D-BIN-29,130.0kg,,401.67,Jul 05 2026,,false
SKU-00390,Racking Beam 2.4m,RAW_MATERIALS,SUP-153,LOC-018,WH-R-BIN-30,39.0,15,93.43,May 29 2026,,false
SKU-00391,Stretch Hood Film,CHEMICALS,SUP-134,LOC-018,WH-R-BIN-31,228.0kilogram,10,283.15,2026-03-17,,false
SKU-00392,Load Cell 500kg,ELECTRONICS,SUP-108,LOC-012,WH-L-BIN-32,43.0kilogram,,306.68,19/04/2026,,false
SKU-00393,Dock Bumpers Pair,FOOD_DRY,SUP-138,Warehouse R,WH-R-BIN-33,102.0kilogram,0,759.50,2026-03-28,02/05/2027,false
SKU-00394,Floor Marking Paint,FOOD_COLD,SUP-001,wh_f,WH-F-BIN-34,346.0 KG,40,692.11,2026-04-07,,false
SKU-00395,Battery Charger 24V,PACKAGING,SUP-162,LOC-005,WH-E-BIN-35,254.0kg,15,180.17,Jul 23 2026,2027-05-21,false
SKU-00396,Mesh Security Cage,MACHINERY_PARTS,SUP-057,whse r,WH-R-BIN-36,413.0 KG,10,608.67,03/03/2026,,false
SKU-00397,Humidity Sensor Probe,PPE,SUP-096,wh-s,WH-S-BIN-37,348.0kilogram,10,165.13,Apr 03 2026,,false
SKU-00398,Pallet Strap Tool,CLEANING,SUP-067,LOC-003,WH-C-BIN-38,266.0,25,304.38,Mar 21 2026,Jun 05 2026,false
SKU-00399,,MEDICAL,SUP-116,WH-N,WH-N-BIN-39,55.0 KG,20,82.58,2026-04-13,,false
SKU-00400,Wheel Chock Rubber,RAW_MATERIALS,SUP-091,LOC-010,WH-J-BIN-40,43.0kilogram,25,322.93,2026-05-14,,false
SKU-00401,Steel Bolt M8,CHEMICALS,SUP-193,LOC-008,WH-H-BIN-41,8.0kilogram,10,14.97,Jul 22 2026,,true
SKU-00402,Hydraulic Hose 2in,ELECTRONICS,SUP-089,Warehouse Q,WH-Q-BIN-42,189.0kilogram,25,563.40,29/03/2026,,false
SKU-00403,Industrial Solvent 5L,FOOD_DRY,SUP-005,LOC-008,WH-H-BIN-43,32.0kilogram,40,474.34,Jun 19 2026,,false
SKU-00404,Forklift Battery 24V,FOOD_COLD,SUP-028,Warehouse N,WH-N-BIN-44,164.0 KG,20,116.57,2026-02-10,2026-10-21,false
SKU-00405,Safety Gloves L,PACKAGING,SUP-036,LOC-002,WH-B-BIN-45,438.0kilogram,20,797.44,2026-05-16,,false
SKU-00406,Conveyor Belt Patch,MACHINERY_PARTS,SUP-009,LOC-019,WH-S-BIN-46,401.0kilogram,30,441.35,07/06/2026,,false
SKU-00407,Shrink Wrap Film Roll,PPE,SUP-127,LOC-019,WH-S-BIN-47,343.0,25,249.27,2026-07-06,,false
SKU-00408,Label Printer Ribbon,CLEANING,SUP-055,wh_m,WH-M-BIN-48,123.0,10,618.41,15/07/2026,20/12/2026,false
SKU-00409,Dock Leveler Seal,MEDICAL,SUP-008,LOC-001,WH-A-BIN-49,60.0kg,30,749.60,Jul 26 2026,,false
SKU-00410,,RAW_MATERIALS,SUP-178,LOC-016,WH-P-BIN-50,37.0kg,40,252.65,2026-05-22,,false
SKU-00411,Nitrile Gloves Box,CHEMICALS,SUP-194,Warehouse N,WH-N-BIN-51,98.0,25,418.45,2026-04-25,2026-10-20,true
SKU-00412,Pallet Jack Wheel,ELECTRONICS,SUP-040,LOC-011,WH-K-BIN-52,418.0,25,201.35,Jun 27 2026,Nov 03 2026,false
SKU-00413,Barcode Scanner,FOOD_DRY,SUP-074,wh-h,WH-H-BIN-53,210.0 KG,10,780.52,2026-07-04,,false
SKU-00414,Fire Extinguisher 4kg,FOOD_COLD,SUP-093,LOC-006,WH-F-BIN-54,357.0 KG,10,83.63,Mar 20 2026,11/01/2027,false
SKU-00415,PVC Pipe 50mm,PACKAGING,SUP-198,LOC-006,WH-F-BIN-55,279.0,0,331.43,Apr 11 2026,Jul 22 2026,false
SKU-00416,Rubber Gasket Set,MACHINERY_PARTS,SUP-182,whse b,WH-B-BIN-56,6.0kg,30,443.55,May 21 2026,26/05/2027,false
SKU-00418,Dust Mask N95 Pack,CLEANING,SUP-009,LOC-020,WH-T-BIN-58,305.0,30,379.96,2026-02-24,2026-11-09,false
SKU-00419,Wooden Pallet Std,MEDICAL,SUP-142,LOC-011,WH-K-BIN-59,435.0kg,0,13.82,20/06/2026,,false
SKU-00420,Steel Shelving Unit,RAW_MATERIALS,SUP-178,LOC-009,WH-I-BIN-60,96.0 KG,,579.90,May 29 2026,,false
SKU-00421,Hand Truck,CHEMICALS,SUP-061,whse o,WH-O-BIN-61,59.0 KG,,670.40,02/07/2026,21/07/2026,false
SKU-00422,Spill Kit 20L,ELECTRONICS,SUP-179,whse b,WH-B-BIN-62,214.0 KG,15,736.23,2026-06-29,,false
SKU-00423,Epoxy Resin 1L,FOOD_DRY,SUP-196,LOC-020,WH-T-BIN-63,362.0 KG,15,21.56,Apr 05 2026,2026-07-20,false
SKU-00425,Temperature Logger,PACKAGING,SUP-191,whse s,WH-S-BIN-65,3.0,10,303.94,2026-02-12,,false
SKU-00426,Anti-Slip Tape Roll,MACHINERY_PARTS,SUP-037,WH-T,WH-T-BIN-66,391.0kg,20,170.71,2026-07-14,,false
SKU-00427,,PPE,SUP-057,LOC-002,WH-B-BIN-67,60.0kilogram,20,90.47,Mar 09 2026,Oct 22 2026,false
SKU-00428,Compressed Air Hose,CLEANING,SUP-080,WH-D,WH-D-BIN-68,195.0kg,10,509.67,2026-04-08,2027-02-07,false
SKU-00429,First Aid Refill,MEDICAL,SUP-172,LOC-019,WH-S-BIN-69,178.0kilogram,10,332.43,06/03/2026,Jun 14 2026,false
SKU-00430,Racking Beam 2.4m,RAW_MATERIALS,SUP-013,LOC-009,WH-I-BIN-70,482.0kg,0,403.66,18/03/2026,,false
SKU-00431,Stretch Hood Film,CHEMICALS,SUP-018,LOC-007,WH-G-BIN-71,6.0kg,10,253.13,2026-06-28,,false
SKU-00432,Load Cell 500kg,ELECTRONICS,SUP-118,LOC-005,WH-E-BIN-72,358.0 KG,20,365.09,23/05/2026,,false
SKU-00433,Dock Bumpers Pair,FOOD_DRY,SUP-057,LOC-001,WH-A-BIN-73,459.0kilogram,15,465.34,18/03/2026,,false
SKU-00434,Floor Marking Paint,FOOD_COLD,SUP-001,wh_o,WH-O-BIN-74,137.0,30,232.57,Jun 13 2026,2027-07-10,false
SKU-00435,Battery Charger 24V,PACKAGING,SUP-077,LOC-013,WH-M-BIN-75,22.0 KG,10,342.45,Apr 06 2026,Jul 09 2026,false
SKU-00436,Mesh Security Cage,MACHINERY_PARTS,SUP-060,LOC-012,WH-L-BIN-76,379.0,10,740.52,2026-04-20,May 29 2026,false
SKU-00437,Humidity Sensor Probe,PPE,SUP-023,LOC-008,WH-H-BIN-77,2.0 KG,40,515.92,2026-05-16,,false
SKU-00438,,CLEANING,SUP-025,LOC-014,WH-N-BIN-78,184.0kilogram,15,232.32,Jul 15 2026,Apr 02 2026,false
SKU-00439,Coolant Concentrate,MEDICAL,SUP-113,LOC-009,WH-I-BIN-79,286.0,,304.10,Feb 18 2026,,false
SKU-00440,,RAW_MATERIALS,SUP-133,LOC-019,WH-S-BIN-80,159.0kg,30,718.75,May 28 2026,,false
SKU-00441,Steel Bolt M8,CHEMICALS,SUP-028,LOC-013,WH-M-BIN-01,47.0kg,10,603.29,2026-04-08,,false
SKU-00442,Hydraulic Hose 2in,ELECTRONICS,SUP-168,LOC-008,WH-H-BIN-02,180.0 KG,25,653.07,2026-07-21,2026-12-11,false
SKU-00443,Industrial Solvent 5L,FOOD_DRY,SUP-136,wh_o,WH-O-BIN-03,76.0 KG,10,459.84,Apr 13 2026,2026-07-17,false
SKU-00444,Forklift Battery 24V,FOOD_COLD,SUP-010,LOC-002,WH-B-BIN-04,3.0 KG,,755.96,Apr 30 2026,,false
SKU-00445,Safety Gloves L,PACKAGING,SUP-152,LOC-011,WH-K-BIN-05,249.0 KG,25,416.15,11/02/2026,,false
SKU-00446,Conveyor Belt Patch,MACHINERY_PARTS,SUP-187,LOC-019,WH-S-BIN-06,379.0kilogram,25,788.54,2026-03-30,Jun 16 2027,false
SKU-00447,Shrink Wrap Film Roll,PPE,SUP-055,Warehouse A,WH-A-BIN-07,139.0 KG,40,250.27,2026-02-03,,false
SKU-00448,Label Printer Ribbon,CLEANING,SUP-150,wh-s,WH-S-BIN-08,216.0 KG,15,574.67,Feb 23 2026,Mar 15 2027,false
SKU-00449,Dock Leveler Seal,MEDICAL,SUP-166,whse p,WH-P-BIN-09,253.0kg,0,695.50,Apr 12 2026,2027-06-16,false
SKU-00450,LED Warehouse Light,RAW_MATERIALS,SUP-070,whse e,WH-E-BIN-10,273.0kg,30,634.64,2026-03-09,,false
SKU-00451,Nitrile Gloves Box,CHEMICALS,SUP-135,LOC-012,WH-L-BIN-11,459.0kilogram,25,124.44,2026-03-30,,false
SKU-00453,Barcode Scanner,FOOD_DRY,SUP-170,Warehouse O,WH-O-BIN-13,153.0kilogram,,220.24,09/06/2026,,false
SKU-00454,Fire Extinguisher 4kg,FOOD_COLD,SUP-196,Warehouse D,WH-D-BIN-14,489.0 KG,,293.50,Mar 09 2026,2026-09-02,false
SKU-00455,PVC Pipe 50mm,PACKAGING,SUP-123,whse d,WH-D-BIN-15,137.0kg,0,98.91,2026-06-26,Sep 01 2027,false
SKU-00456,Rubber Gasket Set,MACHINERY_PARTS,SUP-007,LOC-011,WH-K-BIN-16,377.0 KG,,600.59,Apr 21 2026,2027-03-07,false
SKU-00457,Cable Tie Assorted,PPE,SUP-103,wh-j,WH-J-BIN-17,439.0 KG,,83.10,May 16 2026,,false
SKU-00458,,CLEANING,SUP-093,LOC-011,WH-K-BIN-18,22.0kg,25,201.93,Jun 27 2026,,false
SKU-00459,Wooden Pallet Std,MEDICAL,SUP-179,LOC-016,WH-P-BIN-19,70.0kilogram,0,598.40,Jun 22 2026,,false
SKU-00460,Steel Shelving Unit,RAW_MATERIALS,SUP-083,LOC-012,WH-L-BIN-20,329.0kg,15,497.67,16/06/2026,,false
SKU-00461,Hand Truck,CHEMICALS,SUP-014,LOC-013,WH-M-BIN-21,44.0 KG,10,90.65,Jul 16 2026,,true
SKU-00462,Spill Kit 20L,ELECTRONICS,SUP-109,LOC-011,WH-K-BIN-22,8.0 KG,10,203.40,Feb 21 2026,,false
SKU-00463,Epoxy Resin 1L,FOOD_DRY,SUP-021,Warehouse Q,WH-Q-BIN-23,64.0kg,15,592.41,Mar 21 2026,2026-05-05,false
SKU-00464,,FOOD_COLD,SUP-168,Warehouse E,WH-E-BIN-24,118.0kg,0,666.10,Feb 21 2026,,false
SKU-00465,Temperature Logger,PACKAGING,SUP-196,LOC-002,WH-B-BIN-25,371.0 KG,,682.45,30/03/2026,,false
SKU-00466,Anti-Slip Tape Roll,MACHINERY_PARTS,SUP-051,LOC-005,WH-E-BIN-26,497.0,40,211.39,Jun 29 2026,May 06 2026,false
SKU-00467,Welding Rod 3.2mm,PPE,SUP-174,LOC-016,WH-P-BIN-27,341.0kg,25,751.07,2026-05-10,,false
SKU-00468,Compressed Air Hose,CLEANING,SUP-018,WH-N,WH-N-BIN-28,3.0 KG,30,110.70,Jun 25 2026,,false
SKU-00469,First Aid Refill,MEDICAL,SUP-106,WH-A,WH-A-BIN-29,404.0kg,15,52.38,2026-02-19,2027-03-14,false
SKU-00470,,RAW_MATERIALS,SUP-008,wh_h,WH-H-BIN-30,117.0kg,15,350.22,May 30 2026,,false
SKU-00471,Stretch Hood Film,CHEMICALS,SUP-130,LOC-014,WH-N-BIN-31,182.0kg,15,348.77,27/07/2026,23/04/2027,false
SKU-00472,Load Cell 500kg,ELECTRONICS,SUP-058,LOC-005,WH-E-BIN-32,315.0kilogram,,527.55,2026-05-04,,false
SKU-00473,Dock Bumpers Pair,FOOD_DRY,SUP-137,wh_e,WH-E-BIN-33,473.0kg,15,729.38,2026-06-16,,false
SKU-00474,Floor Marking Paint,FOOD_COLD,SUP-155,LOC-013,WH-M-BIN-34,256.0kg,15,258.06,18/06/2026,,false
SKU-00475,Battery Charger 24V,PACKAGING,SUP-081,LOC-006,WH-F-BIN-35,484.0,15,547.67,May 20 2026,,false
SKU-00476,,MACHINERY_PARTS,SUP-192,LOC-008,WH-H-BIN-36,239.0kg,40,92.15,2026-07-01,,false
SKU-00477,Humidity Sensor Probe,PPE,SUP-080,LOC-003,WH-C-BIN-37,133.0kg,0,416.75,May 09 2026,Aug 27 2027,false
SKU-00478,,CLEANING,SUP-128,LOC-018,WH-R-BIN-38,63.0kg,,540.50,Feb 03 2026,,false
SKU-00479,Coolant Concentrate,MEDICAL,SUP-198,WH-B,WH-B-BIN-39,485.0kg,40,425.46,Feb 24 2026,,false
SKU-00480,Wheel Chock Rubber,RAW_MATERIALS,SUP-044,LOC-002,WH-B-BIN-40,5.0 KG,20,214.62,22/04/2026,2026-04-28,false
SKU-00481,Steel Bolt M8,CHEMICALS,SUP-120,wh-h,WH-H-BIN-41,79.0kilogram,,317.43,2026-07-25,,true
SKU-00482,,ELECTRONICS,SUP-083,WH-G,WH-G-BIN-42,26.0kg,30,256.94,2026-02-12,12/05/2026,false
SKU-00483,Industrial Solvent 5L,FOOD_DRY,SUP-151,wh-t,WH-T-BIN-43,270.0kilogram,30,733.73,06/03/2026,,false
SKU-00484,Forklift Battery 24V,FOOD_COLD,SUP-155,LOC-007,WH-G-BIN-44,203.0kg,0,278.31,2026-03-08,,false
SKU-00485,Safety Gloves L,PACKAGING,SUP-066,LOC-005,WH-E-BIN-45,251.0kg,,174.82,Apr 21 2026,10/08/2027,false
SKU-00486,Conveyor Belt Patch,MACHINERY_PARTS,SUP-004,LOC-015,WH-O-BIN-46,383.0kg,15,766.36,Apr 03 2026,,false
SKU-00487,Shrink Wrap Film Roll,PPE,SUP-027,LOC-014,WH-N-BIN-47,102.0kg,10,129.97,07/06/2026,,false
SKU-00488,Label Printer Ribbon,CLEANING,SUP-004,LOC-001,WH-A-BIN-48,50.0 KG,30,560.14,Mar 05 2026,May 26 2026,false
SKU-00489,Dock Leveler Seal,MEDICAL,SUP-161,LOC-006,WH-F-BIN-49,346.0,20,639.90,20/07/2026,Nov 25 2026,false
SKU-00490,LED Warehouse Light,RAW_MATERIALS,SUP-175,wh_p,WH-P-BIN-50,287.0kilogram,40,185.16,2026-04-12,,false
SKU-00491,Nitrile Gloves Box,CHEMICALS,SUP-196,LOC-012,WH-L-BIN-51,298.0,20,7.25,2026-02-23,,false
SKU-00492,Pallet Jack Wheel,ELECTRONICS,SUP-141,LOC-001,WH-A-BIN-52,90.0kg,20,573.74,27/03/2026,14/08/2027,false
SKU-00493,Barcode Scanner,FOOD_DRY,SUP-179,LOC-020,WH-T-BIN-53,410.0kg,25,127.29,08/05/2026,,false
SKU-00494,Fire Extinguisher 4kg,FOOD_COLD,SUP-085,LOC-012,WH-L-BIN-54,370.0,,708.23,2026-07-22,14/06/2026,false
SKU-00495,PVC Pipe 50mm,PACKAGING,SUP-030,LOC-017,WH-Q-BIN-55,175.0kg,30,104.80,2026-06-16,,false
SKU-00496,Rubber Gasket Set,MACHINERY_PARTS,SUP-177,LOC-007,WH-G-BIN-56,26.0kilogram,10,109.44,May 30 2026,2026-06-03,false
SKU-00497,Cable Tie Assorted,PPE,SUP-010,whse k,WH-K-BIN-57,401.0kg,15,153.94,22/05/2026,,false
SKU-00498,Dust Mask N95 Pack,CLEANING,SUP-164,LOC-005,WH-E-BIN-58,121.0 KG,20,784.53,Mar 06 2026,Oct 27 2026,false
SKU-00499,Wooden Pallet Std,MEDICAL,SUP-144,LOC-005,WH-E-BIN-59,462.0kg,,178.45,13/04/2026,,false
SKU-00500,Steel Shelving Unit,RAW_MATERIALS,SUP-157,LOC-014,WH-N-BIN-60,448.0,25,200.49,2026-07-30,,false
SKU-00001,,CHEMICALS,SUP-096,LOC-009,WH-I-BIN-61,485.0 KG,20,349.84,2026-05-24,,false
SKU-00002,Spill Kit 20L,ELECTRONICS,SUP-008,WH-A,WH-A-BIN-62,299.0 KG,40,77.80,17/04/2026,2027-07-31,false
SKU-00003,,FOOD_DRY,SUP-037,WH-J,WH-J-BIN-63,231.0,30,237.98,2026-06-30,2026-11-04,false
SKU-00004,Chain Block 1T,FOOD_COLD,SUP-002,LOC-012,WH-L-BIN-64,14.0kilogram,20,333.73,Jun 11 2026,,false
SKU-00005,Temperature Logger,PACKAGING,SUP-085,LOC-004,WH-D-BIN-65,103.0kilogram,0,557.66,2026-06-26,,false
SKU-00007,,PPE,SUP-129,LOC-011,WH-K-BIN-67,8.0 KG,,281.17,May 22 2026,,false
SKU-00008,Compressed Air Hose,CLEANING,SUP-180,wh_b,WH-B-BIN-68,385.0,0,597.43,07/02/2026,2027-02-20,false
SKU-00009,First Aid Refill,MEDICAL,SUP-153,LOC-007,WH-G-BIN-69,43.0kg,20,621.48,May 08 2026,,false
SKU-00010,Racking Beam 2.4m,RAW_MATERIALS,SUP-130,wh_k,WH-K-BIN-70,242.0,40,442.63,Jun 15 2026,,false
SKU-00011,Stretch Hood Film,CHEMICALS,SUP-011,LOC-013,WH-M-BIN-71,62.0,15,775.56,25/07/2026,,true
SKU-00012,Load Cell 500kg,ELECTRONICS,SUP-137,LOC-012,WH-L-BIN-72,8.0 KG,13,639.82,2026-05-12,,false
SKU-00013,,FOOD_DRY,SUP-046,LOC-005,WH-E-BIN-73,477.0 KG,30,554.32,16/05/2026,,false
SKU-00014,Floor Marking Paint,FOOD_COLD,SUP-153,LOC-012,WH-L-BIN-74,43.0kilogram,,355.48,2026-04-08,,false
SKU-00015,Battery Charger 24V,PACKAGING,SUP-154,Warehouse P,WH-P-BIN-75,22.0kilogram,,474.75,Mar 12 2026,,false
SKU-00017,,PPE,SUP-195,WH-J,WH-J-BIN-77,259.0kg,20,261.46,2026-02-06,,false
SKU-00018,Pallet Strap Tool,CLEANING,SUP-023,wh-d,WH-D-BIN-78,20.0 KG,25,774.45,2026-03-06,,false
SKU-00019,Coolant Concentrate,MEDICAL,SUP-010,LOC-015,WH-O-BIN-79,6.0kg,15,162.73,19/03/2026,,false
SKU-00020,,RAW_MATERIALS,SUP-199,wh_t,WH-T-BIN-80,17.0 KG,25,545.25,12/07/2026,,false
SKU-00021,Steel Bolt M8,CHEMICALS,SUP-172,LOC-005,WH-E-BIN-01,345.0,30,183.37,05/02/2026,,false
SKU-00022,Hydraulic Hose 2in,ELECTRONICS,SUP-072,LOC-016,WH-P-BIN-02,4.0kg,25,458.65,17/02/2026,,false
SKU-00023,Industrial Solvent 5L,FOOD_DRY,SUP-148,LOC-016,WH-P-BIN-03,452.0 KG,0,743.36,2026-02-02,,false
SKU-00024,Forklift Battery 24V,FOOD_COLD,SUP-013,LOC-013,WH-M-BIN-04,458.0kilogram,0,599.04,20/03/2026,,false
SKU-00025,Safety Gloves L,PACKAGING,SUP-038,WH-L,WH-L-BIN-05,207.0,30,492.59,Apr 20 2026,,false
SKU-00026,Conveyor Belt Patch,MACHINERY_PARTS,SUP-167,wh_q,WH-Q-BIN-06,299.0 KG,10,374.99,Feb 02 2026,2027-06-20,false
SKU-00027,Shrink Wrap Film Roll,PPE,SUP-014,LOC-008,WH-H-BIN-07,485.0,40,377.27,2026-03-25,30/07/2026,false
SKU-00028,Label Printer Ribbon,CLEANING,SUP-073,LOC-019,WH-S-BIN-08,318.0kg,30,523.47,15/05/2026,,false
SKU-00029,Dock Leveler Seal,MEDICAL,SUP-081,LOC-009,WH-I-BIN-09,370.0 KG,25,249.15,Jul 02 2026,,false
SKU-00030,LED Warehouse Light,RAW_MATERIALS,SUP-116,LOC-002,WH-B-BIN-10,317.0,,309.71,May 04 2026,,false
SKU-00031,Nitrile Gloves Box,CHEMICALS,SUP-168,LOC-010,WH-J-BIN-11,172.0kg,15,89.08,Apr 21 2026,,true
SKU-00032,Pallet Jack Wheel,ELECTRONICS,SUP-064,LOC-009,WH-I-BIN-12,316.0kilogram,20,413.55,Feb 20 2026,,false
SKU-00033,Barcode Scanner,FOOD_DRY,SUP-190,WH-S,WH-S-BIN-13,256.0kilogram,10,344.50,23/03/2026,,false
SKU-00034,Fire Extinguisher 4kg,FOOD_COLD,SUP-116,wh-k,WH-K-BIN-14,407.0kilogram,30,533.46,2026-03-11,,false
SKU-00035,PVC Pipe 50mm,PACKAGING,SUP-097,wh_c,WH-C-BIN-15,289.0,,542.40,27/03/2026,,false
SKU-00037,Cable Tie Assorted,PPE,SUP-167,wh_o,WH-O-BIN-17,70.0kilogram,,311.57,05/02/2026,,false
SKU-00038,Dust Mask N95 Pack,CLEANING,SUP-081,LOC-007,WH-G-BIN-18,33.0,40,428.61,Apr 22 2026,2026-05-26,false
SKU-00039,Wooden Pallet Std,MEDICAL,SUP-041,wh_s,WH-S-BIN-19,12.0 KG,15,190.56,2026-06-12,,false
SKU-00040,Steel Shelving Unit,RAW_MATERIALS,SUP-149,LOC-014,WH-N-BIN-20,329.0 KG,30,613.13,Jun 13 2026,,false
SKU-00041,Hand Truck,CHEMICALS,SUP-023,LOC-008,WH-H-BIN-21,90.0 KG,,158.06,Apr 04 2026,,true
SKU-00042,Spill Kit 20L,ELECTRONICS,SUP-031,whse k,WH-K-BIN-22,339.0,20,152.32,2026-06-28,,false
SKU-00043,Epoxy Resin 1L,FOOD_DRY,SUP-069,LOC-008,WH-H-BIN-23,14.0kilogram,25,28.64,2026-05-29,,false
SKU-00044,Chain Block 1T,FOOD_COLD,SUP-081,LOC-012,WH-L-BIN-24,196.0,,31.32,16/04/2026,Nov 14 2026,false
SKU-00045,Temperature Logger,PACKAGING,SUP-121,LOC-004,WH-D-BIN-25,10.0kilogram,20,289.64,May 21 2026,,false
SKU-00046,Anti-Slip Tape Roll,MACHINERY_PARTS,SUP-101,LOC-016,WH-P-BIN-26,9.0kg,10,478.46,18/02/2026,,false
SKU-00047,Welding Rod 3.2mm,PPE,SUP-123,LOC-005,WH-E-BIN-27,394.0kilogram,40,261.29,09/04/2026,2026-06-07,false
SKU-00048,Compressed Air Hose,CLEANING,SUP-027,whse m,WH-M-BIN-28,106.0kilogram,15,191.01,2026-02-19,,false
SKU-00049,,MEDICAL,SUP-094,LOC-001,WH-A-BIN-29,171.0 KG,25,749.57,2026-04-27,01/09/2026,false
SKU-00051,Stretch Hood Film,CHEMICALS,SUP-149,LOC-011,WH-K-BIN-31,14.0kg,20,7.28,25/03/2026,,false
SKU-00052,Load Cell 500kg,ELECTRONICS,SUP-156,LOC-018,WH-R-BIN-32,364.0kilogram,0,391.55,Jun 11 2026,Nov 08 2026,false
SKU-00053,Dock Bumpers Pair,FOOD_DRY,SUP-186,LOC-019,WH-S-BIN-33,51.0 KG,30,144.00,2026-05-29,23/05/2027,false
SKU-00055,Battery Charger 24V,PACKAGING,SUP-185,wh_m,WH-M-BIN-35,439.0,,743.45,2026-07-26,,false
SKU-00056,Mesh Security Cage,MACHINERY_PARTS,SUP-176,LOC-006,WH-F-BIN-36,8.0 KG,15,20.64,2026-07-04,,false
SKU-00057,Humidity Sensor Probe,PPE,SUP-198,LOC-015,WH-O-BIN-37,39.0 KG,30,734.31,Jul 13 2026,,false
SKU-00058,,CLEANING,SUP-174,wh-k,WH-K-BIN-38,4.0,10,490.06,Apr 04 2026,Feb 04 2027,false
SKU-00059,,MEDICAL,SUP-154,LOC-014,WH-N-BIN-39,4.0,25,441.88,Jun 11 2026,,false
SKU-00060,Wheel Chock Rubber,RAW_MATERIALS,SUP-194,LOC-008,WH-H-BIN-40,438.0kilogram,40,59.91,2026-02-28,,false
SKU-00061,Steel Bolt M8,CHEMICALS,SUP-148,LOC-006,WH-F-BIN-41,420.0,25,181.02,30/03/2026,18/02/2027,true
SKU-00062,Hydraulic Hose 2in,ELECTRONICS,SUP-107,LOC-006,WH-F-BIN-42,9.0kilogram,10,522.59,Apr 08 2026,Dec 27 2026,false
SKU-00063,,FOOD_DRY,SUP-047,LOC-009,WH-I-BIN-43,10.0,25,588.80,2026-03-15,,false
SKU-00064,Forklift Battery 24V,FOOD_COLD,SUP-043,LOC-015,WH-O-BIN-44,13.0kg,,415.81,03/02/2026,Aug 03 2027,false
SKU-00065,Safety Gloves L,PACKAGING,SUP-021,LOC-001,WH-A-BIN-45,235.0 KG,15,208.43,14/04/2026,2026-06-23,false
SKU-00066,,MACHINERY_PARTS,SUP-129,LOC-012,WH-L-BIN-46,29.0 KG,,676.02,Apr 15 2026,,false
SKU-00067,Shrink Wrap Film Roll,PPE,SUP-166,LOC-001,WH-A-BIN-47,473.0kg,,207.14,May 04 2026,,false
SKU-00068,Label Printer Ribbon,CLEANING,SUP-093,WH-F,WH-F-BIN-48,131.0kg,,396.86,Mar 15 2026,,false
SKU-00069,Dock Leveler Seal,MEDICAL,SUP-004,Warehouse I,WH-I-BIN-49,21.0 KG,25,255.83,Apr 02 2026,,false
SKU-00070,LED Warehouse Light,RAW_MATERIALS,SUP-199,LOC-015,WH-O-BIN-50,47.0kg,0,412.13,Feb 25 2026,,false
SKU-00071,Nitrile Gloves Box,CHEMICALS,SUP-040,LOC-015,WH-O-BIN-51,17.0 KG,30,110.79,23/06/2026,15/05/2026,false
SKU-00072,Pallet Jack Wheel,ELECTRONICS,SUP-182,LOC-003,WH-C-BIN-52,407.0,40,158.31,2026-03-26,Feb 20 2027,false
SKU-00073,,FOOD_DRY,SUP-166,Warehouse C,WH-C-BIN-53,13.0,30,413.22,Jun 09 2026,,false
SKU-00074,Fire Extinguisher 4kg,FOOD_COLD,SUP-177,LOC-003,WH-C-BIN-54,348.0kg,0,696.22,2026-04-27,,false
SKU-00075,PVC Pipe 50mm,PACKAGING,SUP-037,LOC-003,WH-C-BIN-55,318.0 KG,25,609.25,24/05/2026,,false
SKU-00076,Rubber Gasket Set,MACHINERY_PARTS,SUP-143,Warehouse E,WH-E-BIN-56,204.0kg,40,68.40,2026-04-19,,false
SKU-00077,Cable Tie Assorted,PPE,SUP-022,wh_a,WH-A-BIN-57,329.0kg,30,17.74,Apr 09 2026,,false
SKU-00079,Wooden Pallet Std,MEDICAL,SUP-121,LOC-004,WH-D-BIN-59,374.0kilogram,10,698.03,Jul 04 2026,,false
SKU-00080,,RAW_MATERIALS,SUP-044,LOC-012,WH-L-BIN-60,265.0kilogram,10,378.09,May 18 2026,,false
SKU-00081,Hand Truck,CHEMICALS,SUP-073,LOC-002,WH-B-BIN-61,135.0,,355.22,Apr 24 2026,,false
SKU-00082,Spill Kit 20L,ELECTRONICS,SUP-166,LOC-005,WH-E-BIN-62,2.0kg,,741.25,Mar 06 2026,2026-09-16,false
SKU-00083,Epoxy Resin 1L,FOOD_DRY,SUP-014,LOC-001,WH-A-BIN-63,260.0,40,24.41,15/06/2026,,false
SKU-00084,Chain Block 1T,FOOD_COLD,SUP-096,LOC-001,WH-A-BIN-64,96.0kilogram,10,185.26,2026-02-06,2027-07-16,false
SKU-00085,Temperature Logger,PACKAGING,SUP-045,LOC-020,WH-T-BIN-65,3.0,10,292.85,2026-02-21,,false
SKU-00086,Anti-Slip Tape Roll,MACHINERY_PARTS,SUP-122,LOC-020,WH-T-BIN-66,351.0,20,749.78,2026-02-17,,false
SKU-00087,Welding Rod 3.2mm,PPE,SUP-154,LOC-008,WH-H-BIN-67,184.0kilogram,25,248.77,18/06/2026,,false
SKU-00088,Compressed Air Hose,CLEANING,SUP-039,LOC-012,WH-L-BIN-68,359.0 KG,25,535.82,Jun 18 2026,,false
SKU-00089,First Aid Refill,MEDICAL,SUP-073,LOC-002,WH-B-BIN-69,227.0kg,10,353.77,Jul 20 2026,,false
SKU-00090,Racking Beam 2.4m,RAW_MATERIALS,SUP-024,wh-l,WH-L-BIN-70,142.0,15,185.36,2026-04-08,,false
SKU-00091,Stretch Hood Film,CHEMICALS,SUP-193,wh-n,WH-N-BIN-71,399.0 KG,25,304.70,01/07/2026,,false
SKU-00092,Load Cell 500kg,ELECTRONICS,SUP-197,LOC-013,WH-M-BIN-72,448.0 KG,10,647.05,2026-04-04,,false
SKU-00093,Dock Bumpers Pair,FOOD_DRY,SUP-154,LOC-010,WH-J-BIN-73,43.0kg,40,314.01,Mar 22 2026,,false
SKU-00094,Floor Marking Paint,FOOD_COLD,SUP-071,LOC-003,WH-C-BIN-74,321.0,20,403.65,2026-06-17,Feb 18 2027,false
SKU-00095,Battery Charger 24V,PACKAGING,SUP-189,LOC-010,WH-J-BIN-75,365.0 KG,10,452.82,2026-03-05,,false
SKU-00096,Mesh Security Cage,MACHINERY_PARTS,SUP-112,Warehouse R,WH-R-BIN-76,113.0 KG,15,779.26,Mar 01 2026,,false
SKU-00097,Humidity Sensor Probe,PPE,SUP-025,LOC-004,WH-D-BIN-77,66.0kilogram,10,415.43,03/02/2026,02/05/2026,false
SKU-00098,Pallet Strap Tool,CLEANING,SUP-137,whse c,WH-C-BIN-78,230.0kilogram,20,535.31,2026-05-09,,false
SKU-00099,Coolant Concentrate,MEDICAL,SUP-057,wh-t,WH-T-BIN-79,6.0kg,28,169.30,12/02/2026,,false
SKU-00100,Wheel Chock Rubber,RAW_MATERIALS,SUP-186,Warehouse O,WH-O-BIN-80,121.0,40,8.63,2026-07-20,,false
SKU-00101,Steel Bolt M8,CHEMICALS,SUP-038,LOC-005,WH-E-BIN-01,459.0,40,758.72,2026-02-11,,false
SKU-00102,,ELECTRONICS,SUP-086,LOC-001,WH-A-BIN-02,189.0kg,0,658.46,2026-03-20,,false
SKU-00103,Industrial Solvent 5L,FOOD_DRY,SUP-141,LOC-016,WH-P-BIN-03,72.0kilogram,0,377.44,06/02/2026,2027-01-21,false
SKU-00104,Forklift Battery 24V,FOOD_COLD,SUP-156,whse i,WH-I-BIN-04,296.0 KG,,467.93,2026-04-05,27/11/2026,false
SKU-00105,Safety Gloves L,PACKAGING,SUP-124,LOC-004,WH-D-BIN-05,300.0 KG,,703.90,Jul 10 2026,,false
SKU-00106,Conveyor Belt Patch,MACHINERY_PARTS,SUP-111,Warehouse I,WH-I-BIN-06,6.0kg,10,276.62,Jun 24 2026,,false
SKU-00107,Shrink Wrap Film Roll,PPE,SUP-047,WH-T,WH-T-BIN-07,248.0,25,403.75,Feb 14 2026,,false
SKU-00108,Label Printer Ribbon,CLEANING,SUP-117,LOC-020,WH-T-BIN-08,297.0kilogram,30,224.47,Mar 21 2026,,false
SKU-00109,,MEDICAL,SUP-116,LOC-009,WH-I-BIN-09,170.0,0,741.11,Jun 26 2026,Jul 08 2027,false
SKU-00110,LED Warehouse Light,RAW_MATERIALS,SUP-178,wh_s,WH-S-BIN-10,232.0,15,770.12,2026-04-10,,false
SKU-00111,,CHEMICALS,SUP-179,LOC-006,WH-F-BIN-11,190.0kilogram,25,465.98,May 27 2026,May 02 2026,true
SKU-00112,Pallet Jack Wheel,ELECTRONICS,SUP-133,wh_h,WH-H-BIN-12,27.0 KG,30,230.50,2026-05-16,,false
SKU-00113,Barcode Scanner,FOOD_DRY,SUP-155,LOC-016,WH-P-BIN-13,236.0kg,15,737.06,Jul 13 2026,,false
SKU-00114,Fire Extinguisher 4kg,FOOD_COLD,SUP-105,LOC-012,WH-L-BIN-14,431.0 KG,30,193.51,2026-07-15,,false
SKU-00115,PVC Pipe 50mm,PACKAGING,SUP-008,LOC-015,WH-O-BIN-15,234.0kilogram,,774.30,2026-07-04,2027-02-07,false
SKU-00116,Rubber Gasket Set,MACHINERY_PARTS,SUP-009,LOC-013,WH-M-BIN-16,11.0kilogram,,172.12,09/04/2026,2026-09-26,false
SKU-00117,Cable Tie Assorted,PPE,SUP-167,LOC-006,WH-F-BIN-17,404.0 KG,,509.32,Jun 19 2026,2026-06-08,false
SKU-00118,Dust Mask N95 Pack,CLEANING,SUP-077,wh_j,WH-J-BIN-18,466.0kg,25,640.24,2026-07-04,,false
SKU-00119,Wooden Pallet Std,MEDICAL,SUP-161,LOC-005,WH-E-BIN-19,127.0 KG,10,678.25,Mar 10 2026,May 22 2026,false
SKU-00120,,RAW_MATERIALS,SUP-139,wh-p,WH-P-BIN-20,7.0kg,23,705.84,May 03 2026,02/05/2026,false
SKU-00121,Hand Truck,CHEMICALS,SUP-131,LOC-020,WH-T-BIN-21,282.0kilogram,20,567.50,May 16 2026,,true
SKU-00122,,ELECTRONICS,SUP-043,LOC-001,WH-A-BIN-22,457.0 KG,40,732.07,19/03/2026,25/11/2026,false
SKU-00123,Epoxy Resin 1L,FOOD_DRY,SUP-098,LOC-018,WH-R-BIN-23,11.0kg,25,313.31,Feb 25 2026,,false
SKU-00124,Chain Block 1T,FOOD_COLD,SUP-195,whse q,WH-Q-BIN-24,109.0kg,20,672.88,2026-05-18,,false
SKU-00125,Temperature Logger,PACKAGING,SUP-010,LOC-015,WH-O-BIN-25,3.0kilogram,20,135.71,2026-02-23,,false
SKU-00126,Anti-Slip Tape Roll,MACHINERY_PARTS,SUP-143,LOC-018,WH-R-BIN-26,483.0kilogram,0,135.73,Jun 20 2026,,false
SKU-00127,,PPE,SUP-054,LOC-001,WH-A-BIN-27,241.0,0,784.17,2026-06-28,,false
SKU-00128,Compressed Air Hose,CLEANING,SUP-192,Warehouse O,WH-O-BIN-28,299.0kilogram,25,531.40,2026-05-05,,false
SKU-00129,First Aid Refill,MEDICAL,SUP-121,LOC-006,WH-F-BIN-29,290.0,15,121.34,2026-03-23,01/01/2027,false
SKU-00130,Racking Beam 2.4m,RAW_MATERIALS,SUP-115,LOC-016,WH-P-BIN-30,135.0,30,326.55,Feb 10 2026,Sep 02 2026,false
SKU-00131,Stretch Hood Film,CHEMICALS,SUP-059,LOC-018,WH-R-BIN-31,133.0,0,604.01,2026-02-18,,false
SKU-00132,Load Cell 500kg,ELECTRONICS,SUP-063,LOC-016,WH-P-BIN-32,476.0kg,20,687.31,2026-04-06,,false
SKU-00133,Dock Bumpers Pair,FOOD_DRY,SUP-165,LOC-016,WH-P-BIN-33,17.0kilogram,,286.45,03/03/2026,,false
SKU-00134,Floor Marking Paint,FOOD_COLD,SUP-056,LOC-016,WH-P-BIN-34,84.0kilogram,10,660.28,2026-06-17,,false
SKU-00135,,PACKAGING,SUP-089,wh_r,WH-R-BIN-35,493.0 KG,0,132.25,May 26 2026,28/08/2027,false
SKU-00136,,MACHINERY_PARTS,SUP-196,LOC-002,WH-B-BIN-36,98.0kg,,417.92,2026-02-01,,false
SKU-00137,Humidity Sensor Probe,PPE,SUP-149,LOC-008,WH-H-BIN-37,250.0 KG,,235.95,04/07/2026,,false
SKU-00138,Pallet Strap Tool,CLEANING,SUP-123,LOC-014,WH-N-BIN-38,295.0kilogram,30,467.86,2026-02-17,21/04/2026,false
SKU-00139,,MEDICAL,SUP-103,LOC-010,WH-J-BIN-39,350.0kilogram,0,789.22,2026-05-04,,false
SKU-00140,Wheel Chock Rubber,RAW_MATERIALS,SUP-156,Warehouse M,WH-M-BIN-40,172.0kilogram,,718.43,Feb 09 2026,,false
SKU-00141,Steel Bolt M8,CHEMICALS,SUP-128,LOC-014,WH-N-BIN-41,136.0 KG,40,58.30,Feb 04 2026,,true
SKU-00142,Hydraulic Hose 2in,ELECTRONICS,SUP-155,Warehouse R,WH-R-BIN-42,200.0,20,10.43,13/04/2026,,false
SKU-00143,Industrial Solvent 5L,FOOD_DRY,SUP-062,WH-F,WH-F-BIN-43,334.0kg,,542.64,May 20 2026,,false
SKU-00144,Forklift Battery 24V,FOOD_COLD,SUP-108,wh-f,WH-F-BIN-44,36.0,20,476.52,2026-06-08,May 20 2026,false
SKU-00145,Safety Gloves L,PACKAGING,SUP-022,WH-B,WH-B-BIN-45,14.0 KG,15,25.09,2026-06-30,,false
SKU-00146,Conveyor Belt Patch,MACHINERY_PARTS,SUP-185,LOC-008,WH-H-BIN-46,25.0 KG,30,199.71,2026-04-13,,false
SKU-00147,Shrink Wrap Film Roll,PPE,SUP-160,LOC-018,WH-R-BIN-47,184.0,10,32.48,08/02/2026,,false
SKU-00148,Label Printer Ribbon,CLEANING,SUP-030,LOC-001,WH-A-BIN-48,439.0,20,262.21,2026-04-04,,false
SKU-00149,,MEDICAL,SUP-034,LOC-001,WH-A-BIN-49,355.0kg,40,798.39,Apr 24 2026,,false
SKU-00150,,RAW_MATERIALS,SUP-156,LOC-012,WH-L-BIN-50,357.0 KG,25,534.89,2026-05-16,,false
SKU-00152,Pallet Jack Wheel,ELECTRONICS,SUP-146,WH-K,WH-K-BIN-52,333.0kilogram,20,260.72,14/02/2026,2027-02-21,false
SKU-00153,,FOOD_DRY,SUP-177,LOC-008,WH-H-BIN-53,6.0kilogram,,292.91,18/05/2026,,false
SKU-00154,Fire Extinguisher 4kg,FOOD_COLD,SUP-144,WH-C,WH-C-BIN-54,339.0kg,15,591.78,Feb 11 2026,,false
SKU-00155,PVC Pipe 50mm,PACKAGING,SUP-037,LOC-012,WH-L-BIN-55,8.0kg,26,620.32,2026-07-11,,false
SKU-00156,Rubber Gasket Set,MACHINERY_PARTS,SUP-167,whse m,WH-M-BIN-56,69.0 KG,,75.84,26/04/2026,,false
SKU-00157,Cable Tie Assorted,PPE,SUP-076,LOC-016,WH-P-BIN-57,171.0,40,34.21,Feb 10 2026,04/07/2026,false
SKU-00158,Dust Mask N95 Pack,CLEANING,SUP-122,LOC-005,WH-E-BIN-58,217.0 KG,40,22.53,12/03/2026,,false
SKU-00159,Wooden Pallet Std,MEDICAL,SUP-077,LOC-005,WH-E-BIN-59,116.0kg,10,139.50,2026-07-07,,false
SKU-00160,Steel Shelving Unit,RAW_MATERIALS,SUP-189,LOC-006,WH-F-BIN-60,469.0 KG,20,139.95,Jun 09 2026,2026-05-02,false
SKU-00161,Hand Truck,CHEMICALS,SUP-060,wh_n,WH-N-BIN-61,349.0 KG,20,74.02,2026-07-08,,false
SKU-00162,Spill Kit 20L,ELECTRONICS,SUP-093,LOC-002,WH-B-BIN-62,445.0kg,,467.23,2026-07-15,,false
SKU-00163,Epoxy Resin 1L,FOOD_DRY,SUP-073,LOC-001,WH-A-BIN-63,264.0kg,0,110.76,13/02/2026,,false
SKU-00164,Chain Block 1T,FOOD_COLD,SUP-040,WH-H,WH-H-BIN-64,174.0 KG,20,71.39,Jul 01 2026,,false
SKU-00165,,PACKAGING,SUP-078,WH-G,WH-G-BIN-65,393.0kilogram,40,294.78,2026-07-13,,false
SKU-00166,Anti-Slip Tape Roll,MACHINERY_PARTS,SUP-055,wh_g,WH-G-BIN-66,412.0 KG,30,343.16,Apr 15 2026,Apr 23 2027,false
SKU-00167,Welding Rod 3.2mm,PPE,SUP-048,LOC-003,WH-C-BIN-67,142.0 KG,25,122.29,2026-06-18,,false
SKU-00168,Compressed Air Hose,CLEANING,SUP-023,LOC-020,WH-T-BIN-68,382.0kg,40,233.42,2026-05-13,16/10/2026,false
SKU-00169,First Aid Refill,MEDICAL,SUP-009,wh-r,WH-R-BIN-69,336.0 KG,15,516.49,2026-07-13,,false
SKU-00170,Racking Beam 2.4m,RAW_MATERIALS,SUP-098,LOC-019,WH-S-BIN-70,231.0kilogram,40,87.94,Mar 05 2026,19/06/2027,false
SKU-00171,Stretch Hood Film,CHEMICALS,SUP-010,wh_s,WH-S-BIN-71,7.0 KG,30,450.15,Feb 02 2026,,true
SKU-00172,Load Cell 500kg,ELECTRONICS,SUP-039,LOC-015,WH-O-BIN-72,409.0 KG,15,44.96,May 15 2026,,false
SKU-00173,,FOOD_DRY,SUP-124,LOC-003,WH-C-BIN-73,25.0kilogram,10,451.42,Feb 22 2026,,false
SKU-00174,Floor Marking Paint,FOOD_COLD,SUP-130,WH-D,WH-D-BIN-74,410.0,0,693.71,02/07/2026,2026-04-17,false
SKU-00175,Alha Wolf Pack,PACKAGING,SUP-185,wh_h,WH-H-BIN-75,13.0kilogram,15,474.76,2026-04-11,Jan 11 2027,false
SKU-00176,Mesh Security Cage,MACHINERY_PARTS,SUP-127,LOC-001,WH-A-BIN-76,151.0,10,661.45,26/03/2026,,false
SKU-00177,Humidity Sensor Probe,PPE,SUP-089,wh-o,WH-O-BIN-77,8.0kg,14,605.21,07/06/2026,,false
SKU-00178,,CLEANING,SUP-101,whse d,WH-D-BIN-78,8.0kg,10,63.31,14/02/2026,,false
SKU-00179,Coolant Concentrate,MEDICAL,SUP-081,LOC-002,WH-B-BIN-79,475.0kg,0,26.72,2026-06-12,,false
SKU-00180,,RAW_MATERIALS,SUP-157,Warehouse S,WH-S-BIN-80,460.0kg,25,695.98,Jul 25 2026,2026-06-09,false
SKU-00181,Steel Bolt M8,CHEMICALS,SUP-089,Warehouse A,WH-A-BIN-01,331.0kg,,318.98,Feb 26 2026,,true
SKU-00182,Hydraulic Hose 2in,ELECTRONICS,SUP-197,Warehouse E,WH-E-BIN-02,131.0kilogram,15,88.26,06/02/2026,May 28 2026,false
SKU-00183,Industrial Solvent 5L,FOOD_DRY,SUP-134,LOC-011,WH-K-BIN-03,24.0 KG,0,54.43,13/02/2026,,false
SKU-00184,Forklift Battery 24V,FOOD_COLD,SUP-144,LOC-002,WH-B-BIN-04,121.0kg,25,639.67,18/04/2026,14/09/2026,false
SKU-00185,Safety Gloves L,PACKAGING,SUP-137,LOC-011,WH-K-BIN-05,271.0,0,421.85,2026-06-11,,false
SKU-00186,Conveyor Belt Patch,MACHINERY_PARTS,SUP-167,WH-T,WH-T-BIN-06,144.0,15,395.32,24/06/2026,Jun 21 2027,false
SKU-00187,Shrink Wrap Film Roll,PPE,SUP-084,wh_q,WH-Q-BIN-07,449.0kilogram,30,271.46,May 21 2026,,false
SKU-00188,,CLEANING,SUP-081,LOC-012,WH-L-BIN-08,77.0kilogram,0,763.94,2026-07-24,,false
SKU-00189,Dock Leveler Seal,MEDICAL,SUP-080,LOC-007,WH-G-BIN-09,25.0kg,30,449.51,Jun 08 2026,,false
SKU-00190,,RAW_MATERIALS,SUP-182,Warehouse R,WH-R-BIN-10,120.0,25,118.01,2026-05-30,,false
SKU-00191,Nitrile Gloves Box,CHEMICALS,SUP-005,LOC-018,WH-R-BIN-11,152.0kg,10,416.07,16/04/2026,,false
SKU-00192,Pallet Jack Wheel,ELECTRONICS,SUP-133,WH-I,WH-I-BIN-12,397.0,25,393.89,Jul 08 2026,2026-12-26,false
SKU-00193,Barcode Scanner,FOOD_DRY,SUP-010,LOC-005,WH-E-BIN-13,11.0kg,25,385.67,2026-07-21,Apr 13 2027,false
SKU-00195,PVC Pipe 50mm,PACKAGING,SUP-132,LOC-012,WH-L-BIN-15,22.0kg,20,203.94,2026-07-10,,false
SKU-00196,Rubber Gasket Set,MACHINERY_PARTS,SUP-113,LOC-012,WH-L-BIN-16,5.0 KG,15,713.52,12/07/2026,,false
SKU-00197,Cable Tie Assorted,PPE,SUP-138,LOC-014,WH-N-BIN-17,13.0kg,25,702.21,2026-07-11,,false
SKU-00198,,CLEANING,SUP-133,LOC-003,WH-C-BIN-18,105.0,30,274.67,19/02/2026,,false
SKU-00199,Wooden Pallet Std,MEDICAL,SUP-098,WH-I,WH-I-BIN-19,485.0 KG,20,198.95,2026-03-23,,false
SKU-00200,Steel Shelving Unit,RAW_MATERIALS,SUP-200,Warehouse I,WH-I-BIN-20,138.0kilogram,0,23.79,2026-05-17,,false
SKU-00202,Spill Kit 20L,ELECTRONICS,SUP-072,LOC-011,WH-K-BIN-22,453.0kilogram,20,24.87,Jun 01 2026,,false
SKU-00203,Epoxy Resin 1L,FOOD_DRY,SUP-023,LOC-001,WH-A-BIN-23,327.0kg,10,765.26,19/03/2026,2026-11-14,false
SKU-00204,Chain Block 1T,FOOD_COLD,SUP-151,LOC-013,WH-M-BIN-24,484.0 KG,25,595.51,07/06/2026,2027-04-14,false
SKU-00205,Temperature Logger,PACKAGING,SUP-136,LOC-013,WH-M-BIN-25,293.0kilogram,15,261.23,2026-02-07,23/06/2027,false
SKU-00206,Anti-Slip Tape Roll,MACHINERY_PARTS,SUP-006,LOC-015,WH-O-BIN-26,1.0 KG,29,735.14,Apr 29 2026,,false
SKU-00207,Welding Rod 3.2mm,PPE,SUP-140,LOC-002,WH-B-BIN-27,5.0kilogram,,757.86,30/05/2026,,false
SKU-00208,Compressed Air Hose,CLEANING,SUP-136,LOC-009,WH-I-BIN-28,148.0kilogram,40,380.14,Apr 03 2026,,false
SKU-00209,First Aid Refill,MEDICAL,SUP-004,LOC-002,WH-B-BIN-29,32.0,40,529.29,06/05/2026,,false
SKU-00210,Racking Beam 2.4m,RAW_MATERIALS,SUP-079,LOC-004,WH-D-BIN-30,112.0 KG,0,599.58,12/04/2026,,false
SKU-00211,Stretch Hood Film,CHEMICALS,SUP-085,wh-s,WH-S-BIN-31,90.0kg,,381.83,2026-02-02,,false
SKU-00212,Load Cell 500kg,ELECTRONICS,SUP-112,whse l,WH-L-BIN-32,263.0,15,91.57,13/07/2026,,false
SKU-00213,,FOOD_DRY,SUP-053,whse o,WH-O-BIN-33,176.0,20,601.51,03/03/2026,,false
SKU-00214,Floor Marking Paint,FOOD_COLD,SUP-060,LOC-006,WH-F-BIN-34,14.0 KG,20,659.00,13/04/2026,,false
SKU-00215,Battery Charger 24V,PACKAGING,SUP-188,Warehouse I,WH-I-BIN-35,330.0,30,682.09,Jul 17 2026,,false
SKU-00216,,MACHINERY_PARTS,SUP-114,LOC-003,WH-C-BIN-36,258.0 KG,10,499.12,2026-02-18,2027-08-29,false
SKU-00217,Humidity Sensor Probe,PPE,SUP-115,whse k,WH-K-BIN-37,58.0,25,699.42,08/03/2026,,false
SKU-00218,,CLEANING,SUP-144,LOC-010,WH-J-BIN-38,66.0kilogram,20,713.04,2026-05-29,Aug 26 2027,false
SKU-00219,Coolant Concentrate,MEDICAL,SUP-183,whse k,WH-K-BIN-39,18.0kg,,540.25,01/04/2026,Nov 24 2026,false
SKU-00220,Wheel Chock Rubber,RAW_MATERIALS,SUP-104,Warehouse L,WH-L-BIN-40,271.0 KG,40,40.53,25/06/2026,,false
SKU-00221,Steel Bolt M8,CHEMICALS,SUP-084,LOC-014,WH-N-BIN-41,160.0,25,662.70,2026-05-04,,false
SKU-00222,Hydraulic Hose 2in,ELECTRONICS,SUP-187,LOC-005,WH-E-BIN-42,53.0kg,40,767.91,08/02/2026,,false
SKU-00223,Industrial Solvent 5L,FOOD_DRY,SUP-153,LOC-017,WH-Q-BIN-43,57.0kilogram,20,462.33,01/07/2026,,false
SKU-00224,Forklift Battery 24V,FOOD_COLD,SUP-031,Warehouse N,WH-N-BIN-44,173.0kg,10,520.41,Jul 04 2026,,false
SKU-00225,,PACKAGING,SUP-130,wh-s,WH-S-BIN-45,50.0kg,15,139.62,2026-05-14,,false
SKU-00226,Conveyor Belt Patch,MACHINERY_PARTS,SUP-055,LOC-016,WH-P-BIN-46,436.0,40,521.92,2026-05-05,,false
SKU-00227,Shrink Wrap Film Roll,PPE,SUP-062,LOC-006,WH-F-BIN-47,389.0 KG,25,671.35,26/03/2026,,false
SKU-00228,Label Printer Ribbon,CLEANING,SUP-002,wh_o,WH-O-BIN-48,260.0,10,273.83,Jun 16 2026,,false
SKU-00229,Dock Leveler Seal,MEDICAL,SUP-025,LOC-011,WH-K-BIN-49,64.0kilogram,,26.57,19/06/2026,,false
SKU-00230,LED Warehouse Light,RAW_MATERIALS,SUP-104,Warehouse F,WH-F-BIN-50,312.0kilogram,25,533.34,2026-04-16,2026-06-08,false
SKU-00231,Nitrile Gloves Box,CHEMICALS,SUP-038,WH-A,WH-A-BIN-51,240.0kg,,517.98,29/04/2026,Jun 18 2027,false
SKU-00232,Pallet Jack Wheel,ELECTRONICS,SUP-079,LOC-014,WH-N-BIN-52,408.0,25,615.29,Jul 30 2026,,false
SKU-00233,,FOOD_DRY,SUP-049,WH-A,WH-A-BIN-53,401.0kg,40,648.97,Mar 28 2026,22/09/2026,false
SKU-00234,Fire Extinguisher 4kg,FOOD_COLD,SUP-199,whse q,WH-Q-BIN-54,290.0kg,10,571.45,10/04/2026,,false
SKU-00235,PVC Pipe 50mm,PACKAGING,SUP-058,LOC-019,WH-S-BIN-55,38.0 KG,15,30.03,2026-03-21,,false
SKU-00237,Cable Tie Assorted,PPE,SUP-070,LOC-017,WH-Q-BIN-57,99.0kg,30,244.97,2026-04-09,,false
SKU-00238,,CLEANING,SUP-176,LOC-014,WH-N-BIN-58,335.0,15,639.16,08/02/2026,31/05/2026,false
SKU-00239,,MEDICAL,SUP-088,LOC-009,WH-I-BIN-59,182.0 KG,25,542.23,08/07/2026,,false
SKU-00240,Steel Shelving Unit,RAW_MATERIALS,SUP-131,LOC-020,WH-T-BIN-60,10.0 KG,15,281.32,2026-07-20,,false
SKU-00241,,CHEMICALS,SUP-079,WH-G,WH-G-BIN-61,5.0kg,20,780.02,2026-04-20,Jun 05 2026,false
SKU-00242,Spill Kit 20L,ELECTRONICS,SUP-015,LOC-008,WH-H-BIN-62,84.0,15,206.04,17/06/2026,,false
SKU-00243,Epoxy Resin 1L,FOOD_DRY,SUP-114,LOC-012,WH-L-BIN-63,12.0,15,370.23,May 25 2026,,false
SKU-00244,Chain Block 1T,FOOD_COLD,SUP-188,whse b,WH-B-BIN-64,136.0kilogram,25,518.54,2026-05-22,,false
SKU-00245,Temperature Logger,PACKAGING,SUP-103,wh_o,WH-O-BIN-65,265.0,40,161.68,18/02/2026,,false
SKU-00246,Anti-Slip Tape Roll,MACHINERY_PARTS,SUP-152,wh-s,WH-S-BIN-66,51.0 KG,10,169.53,Apr 17 2026,,false
SKU-00247,Welding Rod 3.2mm,PPE,SUP-054,whse t,WH-T-BIN-67,89.0kg,,105.36,2026-03-16,,false
SKU-00248,Compressed Air Hose,CLEANING,SUP-179,wh_l,WH-L-BIN-68,101.0,25,716.38,04/06/2026,2026-11-09,false
SKU-00249,First Aid Refill,MEDICAL,SUP-173,LOC-016,WH-P-BIN-69,115.0 KG,15,648.31,01/04/2026,2026-12-27,false
SKU-00250,Racking Beam 2.4m,RAW_MATERIALS,SUP-002,LOC-002,WH-B-BIN-70,374.0kilogram,30,165.12,Apr 07 2026,16/09/2026,false
SKU-00251,Stretch Hood Film,CHEMICALS,SUP-069,LOC-001,WH-A-BIN-71,117.0kilogram,15,430.85,2026-03-21,,true
SKU-00252,Load Cell 500kg,ELECTRONICS,SUP-094,wh-i,WH-I-BIN-72,344.0,,390.52,12/03/2026,,false
SKU-00253,,FOOD_DRY,SUP-069,LOC-001,WH-A-BIN-73,132.0,25,501.79,Feb 05 2026,,false
SKU-00254,Floor Marking Paint,FOOD_COLD,SUP-123,LOC-004,WH-D-BIN-74,312.0kg,25,522.73,Apr 23 2026,,false
SKU-00255,Battery Charger 24V,PACKAGING,SUP-095,LOC-010,WH-J-BIN-75,381.0 KG,0,116.98,Apr 27 2026,,false
SKU-00256,Mesh Security Cage,MACHINERY_PARTS,SUP-171,LOC-016,WH-P-BIN-76,296.0kg,,349.19,2026-07-23,,false
SKU-00257,Humidity Sensor Probe,PPE,SUP-053,LOC-011,WH-K-BIN-77,94.0kilogram,,792.67,26/02/2026,,false
SKU-00258,Pallet Strap Tool,CLEANING,SUP-134,wh-n,WH-N-BIN-78,205.0kilogram,30,421.89,10/03/2026,,false
SKU-00259,Coolant Concentrate,MEDICAL,SUP-163,wh-g,WH-G-BIN-79,8.0kilogram,29,733.20,Feb 08 2026,,false
SKU-00260,Wheel Chock Rubber,RAW_MATERIALS,SUP-056,whse q,WH-Q-BIN-80,24.0,40,77.49,2026-03-22,09/07/2026,false
SKU-00261,Steel Bolt M8,CHEMICALS,SUP-194,whse l,WH-L-BIN-01,442.0 KG,30,623.94,Feb 06 2026,,false
SKU-00262,Hydraulic Hose 2in,ELECTRONICS,SUP-033,LOC-001,WH-A-BIN-02,52.0kg,,420.16,Feb 17 2026,,false
SKU-00263,,FOOD_DRY,SUP-104,wh_b,WH-B-BIN-03,254.0 KG,40,76.71,15/05/2026,,false
SKU-00264,Forklift Battery 24V,FOOD_COLD,SUP-148,whse s,WH-S-BIN-04,292.0,,579.88,Jul 08 2026,,false
SKU-00265,Safety Gloves L,PACKAGING,SUP-060,LOC-001,WH-A-BIN-05,191.0kg,30,123.86,May 08 2026,,false
SKU-00266,Conveyor Belt Patch,MACHINERY_PARTS,SUP-145,wh-l,WH-L-BIN-06,225.0kg,0,459.06,2026-04-15,,false
SKU-00267,Shrink Wrap Film Roll,PPE,SUP-153,LOC-008,WH-H-BIN-07,151.0kg,30,162.45,08/03/2026,,false
SKU-00268,Label Printer Ribbon,CLEANING,SUP-083,LOC-012,WH-L-BIN-08,400.0,0,523.03,2026-06-10,,false
SKU-00269,Dock Leveler Seal,MEDICAL,SUP-121,wh_c,WH-C-BIN-09,282.0kilogram,10,591.19,2026-07-07,Jul 11 2026,false
SKU-00270,,RAW_MATERIALS,SUP-170,LOC-001,WH-A-BIN-10,396.0,15,302.08,06/02/2026,,false
SKU-00271,,CHEMICALS,SUP-090,WH-F,WH-F-BIN-11,219.0kilogram,40,661.81,17/06/2026,,false
SKU-00272,,ELECTRONICS,SUP-073,LOC-007,WH-G-BIN-12,251.0kg,30,342.02,Apr 21 2026,,false
SKU-00273,,FOOD_DRY,SUP-025,LOC-001,WH-A-BIN-13,83.0 KG,30,318.27,25/07/2026,,false
SKU-00274,Fire Extinguisher 4kg,FOOD_COLD,SUP-054,LOC-015,WH-O-BIN-14,5.0,19,615.50,Mar 06 2026,,false
SKU-00275,,PACKAGING,SUP-171,LOC-007,WH-G-BIN-15,283.0kilogram,25,74.91,Apr 11 2026,,false
SKU-00276,Rubber Gasket Set,MACHINERY_PARTS,SUP-158,LOC-002,WH-B-BIN-16,31.0,,235.52,12/02/2026,,false
SKU-00278,Dust Mask N95 Pack,CLEANING,SUP-028,LOC-018,WH-R-BIN-18,166.0kilogram,10,335.94,05/03/2026,2027-01-16,false
SKU-00279,Wooden Pallet Std,MEDICAL,SUP-066,LOC-010,WH-J-BIN-19,425.0kilogram,25,614.95,Jul 16 2026,12/04/2027,false
SKU-00280,Steel Shelving Unit,RAW_MATERIALS,SUP-034,Warehouse K,WH-K-BIN-20,11.0,30,789.92,11/03/2026,,false
SKU-00281,Hand Truck,CHEMICALS,SUP-114,whse g,WH-G-BIN-21,429.0kg,30,475.55,14/03/2026,,false
SKU-00282,Spill Kit 20L,ELECTRONICS,SUP-071,LOC-015,WH-O-BIN-22,437.0kg,15,323.81,2026-05-10,Apr 17 2026,false
SKU-00283,Epoxy Resin 1L,FOOD_DRY,SUP-055,LOC-020,WH-T-BIN-23,40.0 KG,30,37.97,Mar 06 2026,2026-12-30,false
SKU-00284,,FOOD_COLD,SUP-173,LOC-019,WH-S-BIN-24,163.0 KG,25,213.64,2026-06-04,,false
SKU-00286,,MACHINERY_PARTS,SUP-092,wh-h,WH-H-BIN-26,290.0kg,,150.96,2026-07-04,,false
SKU-00287,,PPE,SUP-100,LOC-012,WH-L-BIN-27,441.0,10,37.92,07/05/2026,Jun 05 2027,false
SKU-00288,Compressed Air Hose,CLEANING,SUP-108,LOC-010,WH-J-BIN-28,168.0 KG,30,470.75,15/07/2026,2026-06-22,false
SKU-00289,First Aid Refill,MEDICAL,SUP-123,wh-g,WH-G-BIN-29,152.0 KG,25,467.11,Feb 12 2026,,false
SKU-00290,Racking Beam 2.4m,RAW_MATERIALS,SUP-110,Warehouse C,WH-C-BIN-30,6.0 KG,10,191.72,2026-03-05,Apr 25 2026,false
SKU-00292,Load Cell 500kg,ELECTRONICS,SUP-090,LOC-011,WH-K-BIN-32,423.0 KG,,57.96,2026-03-08,,false
SKU-00293,Dock Bumpers Pair,FOOD_DRY,SUP-011,wh_b,WH-B-BIN-33,444.0 KG,,173.46,2026-04-26,,false
SKU-00295,Battery Charger 24V,PACKAGING,SUP-183,LOC-014,WH-N-BIN-35,358.0,40,253.89,Jul 30 2026,Feb 06 2027,false
SKU-00296,Mesh Security Cage,MACHINERY_PARTS,SUP-043,LOC-001,WH-A-BIN-36,193.0,30,86.53,23/07/2026,,false
SKU-00297,,PPE,SUP-048,whse c,WH-C-BIN-37,170.0kilogram,0,75.93,2026-04-26,2027-06-03,false
SKU-00298,Pallet Strap Tool,CLEANING,SUP-015,LOC-018,WH-R-BIN-38,402.0,25,486.85,2026-03-04,,false
SKU-00299,Coolant Concentrate,MEDICAL,SUP-049,Warehouse D,WH-D-BIN-39,340.0 KG,25,270.16,2026-03-05,,false
SKU-00300,Wheel Chock Rubber,RAW_MATERIALS,SUP-172,LOC-004,WH-D-BIN-40,398.0,0,330.60,Apr 09 2026,,false
SKU-00301,Steel Bolt M8,CHEMICALS,SUP-129,whse c,WH-C-BIN-41,427.0 KG,25,429.94,2026-02-16,Jul 30 2026,true
SKU-00302,Hydraulic Hose 2in,ELECTRONICS,SUP-153,LOC-005,WH-E-BIN-42,124.0,0,679.99,Apr 28 2026,,false
SKU-00304,Forklift Battery 24V,FOOD_COLD,SUP-154,Warehouse D,WH-D-BIN-44,19.0kg,25,61.23,11/06/2026,,false
SKU-00305,,PACKAGING,SUP-148,whse i,WH-I-BIN-45,103.0,20,753.73,May 24 2026,2026-04-10,false
SKU-00306,,MACHINERY_PARTS,SUP-171,LOC-002,WH-B-BIN-46,443.0 KG,10,397.83,2026-03-19,Apr 28 2027,false
SKU-00307,Shrink Wrap Film Roll,PPE,SUP-090,WH-R,WH-R-BIN-47,99.0kilogram,25,86.76,Feb 04 2026,Mar 22 2027,false
SKU-00308,Label Printer Ribbon,CLEANING,SUP-107,LOC-006,WH-F-BIN-48,1.0kilogram,30,474.34,27/04/2026,2027-03-16,false
SKU-00309,Dock Leveler Seal,MEDICAL,SUP-110,LOC-003,WH-C-BIN-49,271.0kilogram,20,40.36,16/02/2026,Apr 07 2027,false
SKU-00310,LED Warehouse Light,RAW_MATERIALS,SUP-139,LOC-003,WH-C-BIN-50,3.0kg,10,624.37,2026-02-07,,false
SKU-00311,Nitrile Gloves Box,CHEMICALS,SUP-156,WH-T,WH-T-BIN-51,6.0 KG,15,407.36,26/03/2026,,false
SKU-00312,Pallet Jack Wheel,ELECTRONICS,SUP-016,wh_e,WH-E-BIN-52,4.0kg,25,273.99,2026-04-11,,false
SKU-00314,Fire Extinguisher 4kg,FOOD_COLD,SUP-180,Warehouse Q,WH-Q-BIN-54,453.0,30,563.71,18/02/2026,,false
SKU-00315,PVC Pipe 50mm,PACKAGING,SUP-147,WH-D,WH-D-BIN-55,227.0 KG,0,288.73,2026-05-03,2026-06-24,false
SKU-00316,Rubber Gasket Set,MACHINERY_PARTS,SUP-023,LOC-006,WH-F-BIN-56,92.0kilogram,10,6.70,Jun 29 2026,,false
SKU-00317,Cable Tie Assorted,PPE,SUP-071,LOC-013,WH-M-BIN-57,72.0kg,0,204.03,17/04/2026,,false
SKU-00318,,CLEANING,SUP-139,LOC-002,WH-B-BIN-58,58.0 KG,,643.94,2026-03-11,18/09/2026,false
SKU-00319,Wooden Pallet Std,MEDICAL,SUP-070,LOC-008,WH-H-BIN-59,308.0,25,25.81,18/04/2026,,false
SKU-00320,Steel Shelving Unit,RAW_MATERIALS,SUP-152,LOC-001,WH-A-BIN-60,435.0kilogram,40,29.72,2026-06-27,,false
SKU-00321,,CHEMICALS,SUP-068,LOC-015,WH-O-BIN-61,223.0kilogram,,510.87,May 02 2026,,false
SKU-00322,Spill Kit 20L,ELECTRONICS,SUP-125,WH-B,WH-B-BIN-62,92.0kilogram,20,532.79,12/02/2026,,false
SKU-00324,Chain Block 1T,FOOD_COLD,SUP-092,whse t,WH-T-BIN-64,496.0kilogram,25,144.95,2026-06-12,,false
SKU-00325,Temperature Logger,PACKAGING,SUP-074,LOC-018,WH-R-BIN-65,227.0,25,645.52,11/06/2026,,false
SKU-00326,Anti-Slip Tape Roll,MACHINERY_PARTS,SUP-025,LOC-002,WH-B-BIN-66,500.0,25,321.88,Apr 01 2026,2027-07-18,false
SKU-00327,Welding Rod 3.2mm,PPE,SUP-173,LOC-010,WH-J-BIN-67,212.0 KG,40,109.53,05/02/2026,,false
SKU-00328,Compressed Air Hose,CLEANING,SUP-034,whse m,WH-M-BIN-68,432.0kg,30,310.78,14/03/2026,Mar 17 2027,false
SKU-00329,First Aid Refill,MEDICAL,SUP-112,LOC-013,WH-M-BIN-69,9.0,10,321.22,Mar 12 2026,,false
SKU-00331,Stretch Hood Film,CHEMICALS,SUP-124,LOC-014,WH-N-BIN-71,24.0kg,40,597.32,05/02/2026,,true
SKU-00332,Load Cell 500kg,ELECTRONICS,SUP-017,LOC-006,WH-F-BIN-72,440.0kilogram,20,750.37,May 09 2026,2027-09-01,false
SKU-00333,Dock Bumpers Pair,FOOD_DRY,SUP-071,LOC-005,WH-E-BIN-73,123.0kilogram,15,665.25,30/07/2026,,false
SKU-00334,Floor Marking Paint,FOOD_COLD,SUP-083,whse q,WH-Q-BIN-74,448.0kg,40,703.10,06/04/2026,,false
SKU-00335,Battery Charger 24V,PACKAGING,SUP-028,Warehouse F,WH-F-BIN-75,5.0 KG,20,726.74,Jun 02 2026,14/06/2026,false
SKU-00336,,MACHINERY_PARTS,SUP-051,LOC-011,WH-K-BIN-76,2.0 KG,26,15.29,Feb 24 2026,,false
SKU-00337,Humidity Sensor Probe,PPE,SUP-059,LOC-020,WH-T-BIN-77,5.0kg,20,100.62,Feb 26 2026,,false
SKU-00338,Pallet Strap Tool,CLEANING,SUP-038,WH-C,WH-C-BIN-78,158.0 KG,30,634.68,May 21 2026,24/10/2026,false
SKU-00339,Coolant Concentrate,MEDICAL,SUP-072,LOC-003,WH-C-BIN-79,35.0 KG,0,410.57,2026-05-24,,false
SKU-00340,Wheel Chock Rubber,RAW_MATERIALS,SUP-175,LOC-007,WH-G-BIN-80,345.0kg,,436.11,Feb 04 2026,,false
SKU-00341,Steel Bolt M8,CHEMICALS,SUP-012,LOC-010,WH-J-BIN-01,2.0kilogram,23,175.17,Feb 21 2026,Oct 16 2026,false
SKU-00342,Hydraulic Hose 2in,ELECTRONICS,SUP-021,LOC-017,WH-Q-BIN-02,75.0 KG,30,454.36,22/06/2026,,false
SKU-00343,Industrial Solvent 5L,FOOD_DRY,SUP-042,whse j,WH-J-BIN-03,196.0kilogram,25,644.82,2026-06-05,,false
SKU-00344,Forklift Battery 24V,FOOD_COLD,SUP-093,Warehouse K,WH-K-BIN-04,262.0,30,278.77,Jun 28 2026,,false
SKU-00345,,PACKAGING,SUP-055,LOC-014,WH-N-BIN-05,379.0 KG,0,157.95,2026-03-26,,false
SKU-00346,Conveyor Belt Patch,MACHINERY_PARTS,SUP-081,whse e,WH-E-BIN-06,171.0kilogram,20,262.89,Jul 13 2026,,false
SKU-00347,Shrink Wrap Film Roll,PPE,SUP-135,wh_o,WH-O-BIN-07,305.0 KG,40,787.95,27/05/2026,,false
SKU-00348,Label Printer Ribbon,CLEANING,SUP-094,LOC-011,WH-K-BIN-08,303.0kilogram,15,128.75,24/05/2026,,false
SKU-00349,,MEDICAL,SUP-102,whse o,WH-O-BIN-09,242.0 KG,25,433.19,Mar 26 2026,2026-11-03,false
SKU-00350,,RAW_MATERIALS,SUP-083,WH-J,WH-J-BIN-10,376.0,40,105.25,Feb 20 2026,,false
SKU-00351,Nitrile Gloves Box,CHEMICALS,SUP-081,LOC-016,WH-P-BIN-11,56.0kilogram,15,313.24,2026-04-29,,false
SKU-00353,,FOOD_DRY,SUP-102,LOC-005,WH-E-BIN-13,68.0kilogram,15,237.84,Jul 09 2026,2026-04-14,false
SKU-00354,Fire Extinguisher 4kg,FOOD_COLD,SUP-068,LOC-009,WH-I-BIN-14,21.0 KG,15,67.13,18/05/2026,,false
SKU-00355,PVC Pipe 50mm,PACKAGING,SUP-037,LOC-012,WH-L-BIN-15,423.0kilogram,30,566.85,12/05/2026,,false
SKU-00356,Rubber Gasket Set,MACHINERY_PARTS,SUP-053,LOC-009,WH-I-BIN-16,55.0 KG,15,649.00,2026-02-06,,false
SKU-00357,,PPE,SUP-059,wh_l,WH-L-BIN-17,439.0,,361.84,21/02/2026,,false
SKU-00358,Dust Mask N95 Pack,CLEANING,SUP-158,LOC-014,WH-N-BIN-18,2.0,25,243.43,16/05/2026,,false
SKU-00359,Wooden Pallet Std,MEDICAL,SUP-154,whse j,WH-J-BIN-19,274.0 KG,30,651.35,Apr 16 2026,,false
SKU-00360,Steel Shelving Unit,RAW_MATERIALS,SUP-188,whse c,WH-C-BIN-20,288.0 KG,30,323.97,Jun 27 2026,,false
SKU-00361,Hand Truck,CHEMICALS,SUP-094,LOC-004,WH-D-BIN-21,20.0 KG,30,782.15,2026-06-04,,false
SKU-00362,Spill Kit 20L,ELECTRONICS,SUP-074,wh_p,WH-P-BIN-22,7.0kilogram,,184.83,Feb 26 2026,Dec 03 2026,false
SKU-00363,Epoxy Resin 1L,FOOD_DRY,SUP-068,Warehouse K,WH-K-BIN-23,40.0,,166.98,30/06/2026,,false
SKU-00364,,FOOD_COLD,SUP-188,LOC-010,WH-J-BIN-24,469.0kilogram,,371.73,04/04/2026,,false
SKU-00365,Temperature Logger,PACKAGING,SUP-186,LOC-016,WH-P-BIN-25,274.0kg,0,330.08,2026-05-01,2027-03-15,false
SKU-00366,,MACHINERY_PARTS,SUP-004,LOC-013,WH-M-BIN-26,364.0kg,10,131.32,Mar 12 2026,,false
SKU-00367,Welding Rod 3.2mm,PPE,SUP-031,LOC-005,WH-E-BIN-27,112.0kg,0,663.54,2026-06-06,23/06/2027,false
SKU-00368,Compressed Air Hose,CLEANING,SUP-107,wh_q,WH-Q-BIN-28,5.0,,632.77,27/02/2026,,false
SKU-00369,First Aid Refill,MEDICAL,SUP-051,LOC-007,WH-G-BIN-29,25.0 KG,0,469.81,2026-04-11,,false
SKU-00370,Racking Beam 2.4m,RAW_MATERIALS,SUP-043,whse s,WH-S-BIN-30,26.0kilogram,40,27.90,22/05/2026,,false
SKU-00371,Stretch Hood Film,CHEMICALS,SUP-091,LOC-018,WH-R-BIN-31,5.0 KG,15,798.79,19/03/2026,,false
SKU-00372,Load Cell 500kg,ELECTRONICS,SUP-149,LOC-009,WH-I-BIN-32,17.0 KG,30,639.07,02/05/2026,,false
SKU-00373,,FOOD_DRY,SUP-040,LOC-004,WH-D-BIN-33,13.0kilogram,20,546.40,31/03/2026,,false
SKU-00374,Floor Marking Paint,FOOD_COLD,SUP-079,LOC-001,WH-A-BIN-34,383.0 KG,30,759.85,2026-07-06,,false
SKU-00375,Battery Charger 24V,PACKAGING,SUP-177,wh-c,WH-C-BIN-35,392.0kilogram,25,787.92,2026-03-11,,false
SKU-00376,Mesh Security Cage,MACHINERY_PARTS,SUP-147,LOC-012,WH-L-BIN-36,8.0kg,20,737.27,2026-06-07,,false
SKU-00377,Humidity Sensor Probe,PPE,SUP-050,wh-n,WH-N-BIN-37,221.0kg,40,370.05,19/03/2026,,false
SKU-00378,Pallet Strap Tool,CLEANING,SUP-122,wh-p,WH-P-BIN-38,207.0kg,25,59.38,12/05/2026,,false
SKU-00379,Coolant Concentrate,MEDICAL,SUP-125,Warehouse C,WH-C-BIN-39,12.0kilogram,20,445.21,2026-03-12,,false
SKU-00380,Wheel Chock Rubber,RAW_MATERIALS,SUP-077,LOC-018,WH-R-BIN-40,241.0kilogram,,486.33,2026-02-07,07/07/2027,false
SKU-00381,Steel Bolt M8,CHEMICALS,SUP-104,LOC-016,WH-P-BIN-41,206.0,10,67.43,24/02/2026,Jul 21 2026,true
SKU-00382,Hydraulic Hose 2in,ELECTRONICS,SUP-135,WH-J,WH-J-BIN-42,177.0kg,,202.39,2026-02-22,,false
SKU-00383,,FOOD_DRY,SUP-195,WH-F,WH-F-BIN-43,153.0 KG,10,760.71,Jul 06 2026,2027-05-25,false
SKU-00384,,FOOD_COLD,SUP-199,LOC-013,WH-M-BIN-44,484.0kg,0,16.80,20/02/2026,,false
SKU-00385,Safety Gloves L,PACKAGING,SUP-147,whse t,WH-T-BIN-45,195.0,10,737.87,Apr 24 2026,,false
SKU-00386,Conveyor Belt Patch,MACHINERY_PARTS,SUP-157,LOC-015,WH-O-BIN-46,215.0,30,782.29,Mar 03 2026,,false
SKU-00387,Shrink Wrap Film Roll,PPE,SUP-031,wh_m,WH-M-BIN-47,4.0 KG,10,180.53,2026-06-16,,false
SKU-00388,,CLEANING,SUP-094,LOC-002,WH-B-BIN-48,428.0,30,716.85,2026-04-29,,false
SKU-00389,Dock Leveler Seal,MEDICAL,SUP-121,LOC-020,WH-T-BIN-49,360.0kg,10,546.26,Feb 22 2026,,false
SKU-00390,LED Warehouse Light,RAW_MATERIALS,SUP-041,whse g,WH-G-BIN-50,468.0,0,545.67,2026-05-13,Jul 16 2026,false
SKU-00391,Nitrile Gloves Box,CHEMICALS,SUP-025,LOC-020,WH-T-BIN-51,258.0kg,0,584.67,2026-04-16,,true
SKU-00392,Pallet Jack Wheel,ELECTRONICS,SUP-109,WH-S,WH-S-BIN-52,194.0 KG,30,513.40,Mar 12 2026,,false
SKU-00393,,FOOD_DRY,SUP-194,WH-N,WH-N-BIN-53,37.0kg,10,380.48,May 03 2026,,false
SKU-00394,Fire Extinguisher 4kg,FOOD_COLD,SUP-097,wh_q,WH-Q-BIN-54,461.0kg,25,663.76,02/02/2026,,false
SKU-00395,PVC Pipe 50mm,PACKAGING,SUP-106,wh_g,WH-G-BIN-55,159.0 KG,20,162.21,27/03/2026,12/06/2026,false
SKU-00396,Rubber Gasket Set,MACHINERY_PARTS,SUP-127,LOC-013,WH-M-BIN-56,237.0kg,40,316.18,May 24 2026,,false
SKU-00397,,PPE,SUP-133,Warehouse K,WH-K-BIN-57,355.0kilogram,25,467.53,2026-05-24,,false
SKU-00398,,CLEANING,SUP-191,wh-o,WH-O-BIN-58,198.0 KG,10,221.51,2026-04-08,,false
SKU-00399,,MEDICAL,SUP-082,LOC-009,WH-I-BIN-59,38.0 KG,40,194.59,2026-03-26,2027-03-04,false
SKU-00400,Steel Shelving Unit,RAW_MATERIALS,SUP-154,LOC-006,WH-F-BIN-60,22.0,40,420.33,Apr 20 2026,,false
SKU-00401,Hand Truck,CHEMICALS,SUP-059,LOC-011,WH-K-BIN-61,339.0 KG,40,225.17,2026-07-22,2027-02-24,false
SKU-00402,Spill Kit 20L,ELECTRONICS,SUP-135,LOC-016,WH-P-BIN-62,211.0kg,10,298.76,Apr 18 2026,,false
SKU-00403,Epoxy Resin 1L,FOOD_DRY,SUP-049,LOC-019,WH-S-BIN-63,389.0,15,243.75,18/03/2026,,false
SKU-00405,,PACKAGING,SUP-200,Warehouse I,WH-I-BIN-65,263.0kg,10,700.63,08/07/2026,,false
SKU-00406,Anti-Slip Tape Roll,MACHINERY_PARTS,SUP-001,whse l,WH-L-BIN-66,470.0 KG,40,207.54,2026-07-23,,false
SKU-00407,Welding Rod 3.2mm,PPE,SUP-027,LOC-011,WH-K-BIN-67,430.0kg,10,185.91,16/03/2026,,false
SKU-00409,,MEDICAL,SUP-111,LOC-019,WH-S-BIN-69,123.0 KG,15,518.88,23/05/2026,,false
SKU-00410,Racking Beam 2.4m,RAW_MATERIALS,SUP-111,LOC-013,WH-M-BIN-70,39.0kilogram,40,722.94,Jun 10 2026,,false
SKU-00411,Stretch Hood Film,CHEMICALS,SUP-159,LOC-019,WH-S-BIN-71,20.0kilogram,25,228.37,2026-07-13,2027-06-20,true
SKU-00412,Load Cell 500kg,ELECTRONICS,SUP-006,LOC-003,WH-C-BIN-72,341.0 KG,15,427.59,06/02/2026,2026-04-19,false
SKU-00413,Dock Bumpers Pair,FOOD_DRY,SUP-084,LOC-020,WH-T-BIN-73,220.0 KG,10,370.26,Mar 08 2026,,false
SKU-00414,Floor Marking Paint,FOOD_COLD,SUP-052,LOC-016,WH-P-BIN-74,120.0,30,212.34,05/06/2026,13/10/2026,false
SKU-00415,Battery Charger 24V,PACKAGING,SUP-115,wh-k,WH-K-BIN-75,355.0kilogram,0,472.85,04/05/2026,,false
SKU-00416,Mesh Security Cage,MACHINERY_PARTS,SUP-089,whse a,WH-A-BIN-76,407.0 KG,40,25.14,18/04/2026,26/04/2027,false
SKU-00417,,PPE,SUP-121,LOC-017,WH-Q-BIN-77,241.0 KG,20,509.93,Feb 01 2026,Jul 20 2026,false
SKU-00418,Pallet Strap Tool,CLEANING,SUP-175,LOC-018,WH-R-BIN-78,101.0,,738.11,05/06/2026,,false
SKU-00419,Coolant Concentrate,MEDICAL,SUP-029,Warehouse S,WH-S-BIN-79,116.0,15,471.42,May 15 2026,,false
SKU-00420,,RAW_MATERIALS,SUP-180,LOC-004,WH-D-BIN-80,126.0,40,401.44,Jul 28 2026,,false
SKU-00421,Steel Bolt M8,CHEMICALS,SUP-178,WH-K,WH-K-BIN-01,418.0kilogram,30,503.12,18/04/2026,Sep 21 2026,false
SKU-00422,Hydraulic Hose 2in,ELECTRONICS,SUP-031,whse l,WH-L-BIN-02,439.0kg,10,772.56,Mar 17 2026,2026-07-26,false
SKU-00423,Industrial Solvent 5L,FOOD_DRY,SUP-195,whse g,WH-G-BIN-03,368.0 KG,30,410.81,10/06/2026,,false
SKU-00424,Forklift Battery 24V,FOOD_COLD,SUP-059,Warehouse A,WH-A-BIN-04,284.0kg,20,693.12,2026-02-12,,false
SKU-00425,Safety Gloves L,PACKAGING,SUP-177,LOC-010,WH-J-BIN-05,23.0 KG,40,384.41,2026-03-21,,false
SKU-00426,Conveyor Belt Patch,MACHINERY_PARTS,SUP-158,wh-b,WH-B-BIN-06,8.0,,197.40,11/02/2026,,false
SKU-00427,Shrink Wrap Film Roll,PPE,SUP-066,LOC-013,WH-M-BIN-07,398.0 KG,15,261.85,Feb 21 2026,,false
SKU-00428,Label Printer Ribbon,CLEANING,SUP-069,wh_q,WH-Q-BIN-08,156.0,20,721.00,02/03/2026,,false
SKU-00429,Dock Leveler Seal,MEDICAL,SUP-007,LOC-007,WH-G-BIN-09,115.0,15,710.20,2026-04-10,2026-05-11,false
SKU-00430,LED Warehouse Light,RAW_MATERIALS,SUP-183,LOC-001,WH-A-BIN-10,195.0kilogram,0,625.43,29/06/2026,,false
SKU-00431,Nitrile Gloves Box,CHEMICALS,SUP-041,wh-l,WH-L-BIN-11,446.0,15,486.43,2026-02-27,14/07/2026,false
SKU-00432,Pallet Jack Wheel,ELECTRONICS,SUP-098,LOC-013,WH-M-BIN-12,10.0kg,15,287.86,Apr 19 2026,2027-01-02,false
SKU-00433,Barcode Scanner,FOOD_DRY,SUP-068,LOC-012,WH-L-BIN-13,2.0 KG,10,636.29,Jul 15 2026,,false
SKU-00434,Fire Extinguisher 4kg,FOOD_COLD,SUP-175,LOC-006,WH-F-BIN-14,126.0kilogram,25,693.37,2026-02-20,12/07/2026,false
SKU-00435,PVC Pipe 50mm,PACKAGING,SUP-092,LOC-020,WH-T-BIN-15,67.0kg,15,104.16,2026-07-10,26/01/2027,false
SKU-00436,,MACHINERY_PARTS,SUP-036,LOC-018,WH-R-BIN-16,39.0 KG,40,414.71,16/07/2026,,false
SKU-00437,Cable Tie Assorted,PPE,SUP-136,Warehouse J,WH-J-BIN-17,83.0kg,0,728.22,16/07/2026,30/06/2026,false
SKU-00438,Dust Mask N95 Pack,CLEANING,SUP-077,wh_l,WH-L-BIN-18,167.0kg,30,355.89,28/03/2026,,false
SKU-00439,,MEDICAL,SUP-115,LOC-020,WH-T-BIN-19,320.0 KG,15,264.95,Feb 06 2026,31/08/2027,false
SKU-00440,Steel Shelving Unit,RAW_MATERIALS,SUP-061,WH-K,WH-K-BIN-20,28.0,30,687.93,12/06/2026,Nov 12 2026,false
SKU-00441,Hand Truck,CHEMICALS,SUP-036,wh_q,WH-Q-BIN-21,497.0kilogram,25,765.44,23/03/2026,,true
SKU-00442,Spill Kit 20L,ELECTRONICS,SUP-094,wh-l,WH-L-BIN-22,259.0kilogram,40,529.78,10/07/2026,,false
SKU-00443,Epoxy Resin 1L,FOOD_DRY,SUP-087,wh-k,WH-K-BIN-23,41.0kg,,582.89,2026-02-22,Apr 03 2027,false
SKU-00444,Chain Block 1T,FOOD_COLD,SUP-078,whse k,WH-K-BIN-24,399.0kg,20,272.19,16/05/2026,,false
SKU-00445,Temperature Logger,PACKAGING,SUP-142,WH-Q,WH-Q-BIN-25,319.0,20,590.20,Mar 22 2026,,false
SKU-00446,Anti-Slip Tape Roll,MACHINERY_PARTS,SUP-035,Warehouse S,WH-S-BIN-26,150.0kg,40,23.36,Apr 16 2026,16/02/2027,false
SKU-00447,Welding Rod 3.2mm,PPE,SUP-093,LOC-020,WH-T-BIN-27,421.0kg,20,169.84,06/05/2026,,false
SKU-00448,Compressed Air Hose,CLEANING,SUP-131,LOC-017,WH-Q-BIN-28,3.0kg,10,621.22,15/05/2026,,false
SKU-00449,First Aid Refill,MEDICAL,SUP-197,LOC-015,WH-O-BIN-29,251.0kg,0,460.39,14/06/2026,,false
SKU-00450,,RAW_MATERIALS,SUP-073,Warehouse L,WH-L-BIN-30,33.0,,589.86,May 28 2026,,false
SKU-00451,Stretch Hood Film,CHEMICALS,SUP-153,LOC-016,WH-P-BIN-31,16.0 KG,,699.58,28/04/2026,24/06/2026,false
SKU-00452,Load Cell 500kg,ELECTRONICS,SUP-141,LOC-010,WH-J-BIN-32,178.0,0,213.59,2026-07-03,,false
SKU-00453,Dock Bumpers Pair,FOOD_DRY,SUP-110,LOC-014,WH-N-BIN-33,121.0kilogram,15,676.67,Jun 30 2026,,false
SKU-00454,Floor Marking Paint,FOOD_COLD,SUP-085,LOC-005,WH-E-BIN-34,320.0kg,20,621.67,11/04/2026,,false
SKU-00455,,PACKAGING,SUP-068,wh_o,WH-O-BIN-35,395.0kg,30,729.19,2026-06-21,2026-11-17,false
SKU-00456,Mesh Security Cage,MACHINERY_PARTS,SUP-038,LOC-016,WH-P-BIN-36,267.0kg,40,653.99,2026-07-02,2027-01-21,false
SKU-00457,,PPE,SUP-071,LOC-007,WH-G-BIN-37,274.0kg,10,227.77,28/04/2026,19/02/2027,false
SKU-00458,Pallet Strap Tool,CLEANING,SUP-143,LOC-011,WH-K-BIN-38,424.0kg,15,710.41,28/04/2026,,false
SKU-00459,Coolant Concentrate,MEDICAL,SUP-048,LOC-014,WH-N-BIN-39,237.0kilogram,10,164.42,2026-02-12,,false
SKU-00460,Wheel Chock Rubber,RAW_MATERIALS,SUP-180,LOC-016,WH-P-BIN-40,411.0,0,626.29,Apr 30 2026,,false
SKU-00461,Steel Bolt M8,CHEMICALS,SUP-078,LOC-001,WH-A-BIN-41,400.0 KG,0,607.79,2026-07-17,2027-03-31,true
SKU-00462,Hydraulic Hose 2in,ELECTRONICS,SUP-122,LOC-003,WH-C-BIN-42,209.0kg,10,613.24,07/07/2026,,false
SKU-00463,Industrial Solvent 5L,FOOD_DRY,SUP-117,wh_s,WH-S-BIN-43,138.0,30,623.19,Feb 23 2026,,false
SKU-00464,Forklift Battery 24V,FOOD_COLD,SUP-018,wh_h,WH-H-BIN-44,368.0 KG,40,706.92,2026-03-23,,false
SKU-00465,Safety Gloves L,PACKAGING,SUP-090,LOC-018,WH-R-BIN-45,6.0kg,40,632.46,Mar 11 2026,Jun 13 2026,false
SKU-00466,Conveyor Belt Patch,MACHINERY_PARTS,SUP-153,LOC-007,WH-G-BIN-46,4.0kg,10,40.69,24/02/2026,Jan 22 2027,false
SKU-00467,Shrink Wrap Film Roll,PPE,SUP-176,LOC-007,WH-G-BIN-47,395.0kg,40,195.91,02/03/2026,,false
SKU-00468,,CLEANING,SUP-048,Warehouse B,WH-B-BIN-48,360.0kg,10,359.14,2026-06-17,,false
SKU-00469,Dock Leveler Seal,MEDICAL,SUP-144,LOC-003,WH-C-BIN-49,334.0kg,,360.94,05/07/2026,,false
SKU-00470,LED Warehouse Light,RAW_MATERIALS,SUP-198,LOC-014,WH-N-BIN-50,241.0kg,25,674.97,Jun 26 2026,,false
SKU-00471,Nitrile Gloves Box,CHEMICALS,SUP-140,Warehouse A,WH-A-BIN-51,173.0 KG,15,349.10,2026-03-29,25/03/2027,true
SKU-00472,,ELECTRONICS,SUP-079,whse n,WH-N-BIN-52,15.0 KG,20,612.46,2026-03-26,2027-08-15,false
SKU-00473,Barcode Scanner,FOOD_DRY,SUP-112,LOC-020,WH-T-BIN-53,142.0kg,25,76.15,2026-02-03,,false
SKU-00474,Fire Extinguisher 4kg,FOOD_COLD,SUP-122,whse r,WH-R-BIN-54,442.0kilogram,25,250.26,2026-03-18,,false
SKU-00475,PVC Pipe 50mm,PACKAGING,SUP-170,LOC-015,WH-O-BIN-55,176.0 KG,10,175.35,2026-03-07,,false
SKU-00476,Rubber Gasket Set,MACHINERY_PARTS,SUP-181,WH-T,WH-T-BIN-56,11.0kilogram,20,250.14,24/06/2026,,false
SKU-00477,Cable Tie Assorted,PPE,SUP-158,whse g,WH-G-BIN-57,25.0kilogram,20,467.50,28/07/2026,,false
SKU-00478,Dust Mask N95 Pack,CLEANING,SUP-145,LOC-018,WH-R-BIN-58,212.0 KG,0,335.80,2026-03-20,,false
SKU-00479,Wooden Pallet Std,MEDICAL,SUP-032,LOC-003,WH-C-BIN-59,9.0kg,40,195.91,Feb 14 2026,,false
SKU-00480,Steel Shelving Unit,RAW_MATERIALS,SUP-069,LOC-005,WH-E-BIN-60,306.0kilogram,25,167.82,Mar 28 2026,26/04/2027,false
SKU-00481,Hand Truck,CHEMICALS,SUP-199,LOC-018,WH-R-BIN-61,47.0 KG,20,332.11,May 14 2026,2027-05-20,false
SKU-00482,Spill Kit 20L,ELECTRONICS,SUP-084,LOC-017,WH-Q-BIN-62,276.0kg,25,263.63,Apr 23 2026,,false
SKU-00483,,FOOD_DRY,SUP-173,LOC-011,WH-K-BIN-63,250.0kg,0,633.06,2026-04-26,,false
SKU-00484,Chain Block 1T,FOOD_COLD,SUP-129,whse o,WH-O-BIN-64,307.0 KG,25,271.18,27/06/2026,2026-06-15,false
SKU-00485,Temperature Logger,PACKAGING,SUP-164,LOC-013,WH-M-BIN-65,265.0,40,482.12,2026-06-06,,false
SKU-00486,Anti-Slip Tape Roll,MACHINERY_PARTS,SUP-058,LOC-014,WH-N-BIN-66,7.0kilogram,15,285.40,May 27 2026,,false
SKU-00487,Welding Rod 3.2mm,PPE,SUP-046,LOC-009,WH-I-BIN-67,51.0kilogram,10,346.17,May 27 2026,,false
SKU-00488,Compressed Air Hose,CLEANING,SUP-184,LOC-015,WH-O-BIN-68,463.0 KG,10,68.09,Mar 05 2026,2026-06-19,false
SKU-00489,First Aid Refill,MEDICAL,SUP-147,LOC-003,WH-C-BIN-69,197.0kilogram,30,328.26,Feb 20 2026,,false
SKU-00490,Racking Beam 2.4m,RAW_MATERIALS,SUP-061,WH-D,WH-D-BIN-70,182.0,15,501.47,2026-06-12,2026-10-13,false
SKU-00491,Stretch Hood Film,CHEMICALS,SUP-048,LOC-006,WH-F-BIN-71,308.0 KG,40,329.78,2026-06-08,,true
SKU-00492,Load Cell 500kg,ELECTRONICS,SUP-172,WH-P,WH-P-BIN-72,374.0,30,439.28,Jul 30 2026,2026-12-12,false
SKU-00493,Dock Bumpers Pair,FOOD_DRY,SUP-011,LOC-013,WH-M-BIN-73,429.0kilogram,40,393.87,2026-07-21,,false
SKU-00494,Floor Marking Paint,FOOD_COLD,SUP-039,LOC-012,WH-L-BIN-74,5.0,15,524.14,2026-05-16,,false
SKU-00495,Battery Charger 24V,PACKAGING,SUP-197,LOC-019,WH-S-BIN-75,205.0,25,107.90,26/07/2026,13/04/2026,false
SKU-00496,Mesh Security Cage,MACHINERY_PARTS,SUP-090,LOC-006,WH-F-BIN-76,337.0kilogram,30,174.02,24/03/2026,,false
SKU-00497,Humidity Sensor Probe,PPE,SUP-012,LOC-007,WH-G-BIN-77,16.0kilogram,20,576.20,29/06/2026,,false
SKU-00498,Pallet Strap Tool,CLEANING,SUP-011,WH-H,WH-H-BIN-78,5.0kg,,88.77,Mar 12 2026,,false
SKU-00499,,MEDICAL,SUP-117,LOC-019,WH-S-BIN-79,193.0kg,20,227.45,07/04/2026,,false
SKU-00500,Wheel Chock Rubber,RAW_MATERIALS,SUP-040,LOC-008,WH-H-BIN-80,165.0,,200.63,2026-07-08,,false
SKU-00002,Hydraulic Hose 2in,ELECTRONICS,SUP-106,LOC-014,WH-N-BIN-02,223.0kilogram,20,723.65,Apr 30 2026,Oct 13 2026,false
SKU-00003,Industrial Solvent 5L,FOOD_DRY,SUP-131,LOC-011,WH-K-BIN-03,234.0,10,272.02,Apr 14 2026,,false
SKU-00004,Forklift Battery 24V,FOOD_COLD,SUP-036,LOC-015,WH-O-BIN-04,365.0,10,47.84,2026-04-05,,false
SKU-00005,Safety Gloves L,PACKAGING,SUP-029,wh_k,WH-K-BIN-05,23.0 KG,10,673.90,Feb 05 2026,,false
SKU-00006,Conveyor Belt Patch,MACHINERY_PARTS,SUP-141,whse n,WH-N-BIN-06,41.0 KG,25,765.63,2026-07-12,Jun 01 2026,false
SKU-00007,Shrink Wrap Film Roll,PPE,SUP-022,LOC-006,WH-F-BIN-07,25.0kg,40,163.68,Jun 14 2026,,false
SKU-00008,Label Printer Ribbon,CLEANING,SUP-094,whse h,WH-H-BIN-08,4.0kg,17,297.72,Mar 17 2026,Apr 11 2026,false
SKU-00009,Dock Leveler Seal,MEDICAL,SUP-188,LOC-010,WH-J-BIN-09,378.0kilogram,30,266.02,2026-07-16,,false
SKU-00010,LED Warehouse Light,RAW_MATERIALS,SUP-149,LOC-015,WH-O-BIN-10,4.0,20,218.58,20/04/2026,Nov 13 2026,false
SKU-00011,Nitrile Gloves Box,CHEMICALS,SUP-106,LOC-009,WH-I-BIN-11,290.0,40,591.89,Mar 06 2026,,true
SKU-00012,,ELECTRONICS,SUP-078,Warehouse B,WH-B-BIN-12,458.0,10,245.22,2026-03-23,,false
SKU-00013,Barcode Scanner,FOOD_DRY,SUP-200,LOC-002,WH-B-BIN-13,8.0,20,293.29,28/05/2026,,false
SKU-00014,Fire Extinguisher 4kg,FOOD_COLD,SUP-107,LOC-008,WH-H-BIN-14,411.0kilogram,,295.91,14/05/2026,,false
SKU-00015,PVC Pipe 50mm,PACKAGING,SUP-120,LOC-007,WH-G-BIN-15,37.0,40,97.38,May 24 2026,,false
SKU-00016,,MACHINERY_PARTS,SUP-116,LOC-008,WH-H-BIN-16,36.0,25,10.56,2026-05-22,,false
SKU-00017,Cable Tie Assorted,PPE,SUP-016,LOC-015,WH-O-BIN-17,3.0kg,10,644.38,Jun 06 2026,,false
SKU-00018,Dust Mask N95 Pack,CLEANING,SUP-191,whse s,WH-S-BIN-18,67.0,25,305.78,Jul 03 2026,,false
SKU-00020,Steel Shelving Unit,RAW_MATERIALS,SUP-114,LOC-020,WH-T-BIN-20,38.0 KG,20,190.93,Feb 04 2026,,false
SKU-00022,Spill Kit 20L,ELECTRONICS,SUP-196,LOC-001,WH-A-BIN-22,88.0kilogram,,660.60,09/07/2026,,false
SKU-00023,Epoxy Resin 1L,FOOD_DRY,SUP-156,LOC-013,WH-M-BIN-23,2.0 KG,25,301.88,Feb 16 2026,,false
SKU-00024,Chain Block 1T,FOOD_COLD,SUP-008,Warehouse P,WH-P-BIN-24,328.0kilogram,30,309.79,Feb 19 2026,,false
SKU-00025,Temperature Logger,PACKAGING,SUP-091,LOC-010,WH-J-BIN-25,96.0kg,0,374.73,2026-02-11,06/03/2027,false
SKU-00026,Anti-Slip Tape Roll,MACHINERY_PARTS,SUP-098,LOC-016,WH-P-BIN-26,5.0kg,22,704.83,2026-05-09,01/06/2027,false
SKU-00027,Welding Rod 3.2mm,PPE,SUP-038,LOC-014,WH-N-BIN-27,8.0 KG,40,329.71,Jun 28 2026,,false
SKU-00028,Compressed Air Hose,CLEANING,SUP-190,LOC-013,WH-M-BIN-28,7.0kg,,23.06,Feb 25 2026,29/10/2026,false
SKU-00029,First Aid Refill,MEDICAL,SUP-112,LOC-008,WH-H-BIN-29,21.0kg,0,675.76,30/07/2026,Jun 25 2026,false
SKU-00030,Racking Beam 2.4m,RAW_MATERIALS,SUP-018,wh_r,WH-R-BIN-30,13.0,40,326.16,17/06/2026,,false
SKU-00031,Stretch Hood Film,CHEMICALS,SUP-007,LOC-017,WH-Q-BIN-31,495.0,20,370.54,Mar 27 2026,,false
SKU-00032,Load Cell 500kg,ELECTRONICS,SUP-022,LOC-002,WH-B-BIN-32,363.0kg,,105.29,Jul 05 2026,,false
SKU-00033,Dock Bumpers Pair,FOOD_DRY,SUP-145,LOC-004,WH-D-BIN-33,238.0,20,322.18,10/04/2026,,false
SKU-00034,Floor Marking Paint,FOOD_COLD,SUP-126,LOC-001,WH-A-BIN-34,123.0kg,25,451.22,2026-07-02,,false
SKU-00035,Battery Charger 24V,PACKAGING,SUP-043,LOC-019,WH-S-BIN-35,38.0,15,776.81,Apr 27 2026,,false
SKU-00036,Mesh Security Cage,MACHINERY_PARTS,SUP-062,LOC-013,WH-M-BIN-36,494.0kg,0,368.73,19/05/2026,,false
SKU-00037,Humidity Sensor Probe,PPE,SUP-172,Warehouse Q,WH-Q-BIN-37,109.0 KG,30,86.46,02/04/2026,2026-06-15,false
SKU-00038,Pallet Strap Tool,CLEANING,SUP-185,LOC-009,WH-I-BIN-38,233.0 KG,30,441.70,Jul 02 2026,,false
SKU-00039,Coolant Concentrate,MEDICAL,SUP-187,LOC-016,WH-P-BIN-39,154.0kilogram,25,362.00,30/05/2026,,false
SKU-00040,Wheel Chock Rubber,RAW_MATERIALS,SUP-158,LOC-012,WH-L-BIN-40,361.0kg,30,174.50,May 31 2026,,false
SKU-00041,,CHEMICALS,SUP-099,LOC-012,WH-L-BIN-41,316.0kg,30,618.87,10/07/2026,Nov 12 2026,false
SKU-00042,Hydraulic Hose 2in,ELECTRONICS,SUP-179,LOC-002,WH-B-BIN-42,476.0kg,25,648.27,Jul 02 2026,13/03/2027,false
SKU-00043,Industrial Solvent 5L,FOOD_DRY,SUP-023,wh_s,WH-S-BIN-43,235.0 KG,30,543.24,2026-06-06,2026-12-30,false
SKU-00044,Forklift Battery 24V,FOOD_COLD,SUP-063,whse c,WH-C-BIN-44,304.0,0,315.87,27/06/2026,,false
SKU-00045,Safety Gloves L,PACKAGING,SUP-189,LOC-017,WH-Q-BIN-45,420.0kilogram,40,266.52,2026-04-13,,false
SKU-00046,Conveyor Belt Patch,MACHINERY_PARTS,SUP-014,wh_f,WH-F-BIN-46,326.0kilogram,15,204.36,2026-03-23,,false
SKU-00047,,PPE,SUP-030,LOC-004,WH-D-BIN-47,10.0kilogram,15,233.73,Apr 27 2026,,false
SKU-00048,,CLEANING,SUP-116,LOC-004,WH-D-BIN-48,312.0,15,68.00,15/02/2026,2026-12-21,false
SKU-00049,Dock Leveler Seal,MEDICAL,SUP-131,LOC-015,WH-O-BIN-49,191.0 KG,25,454.99,21/05/2026,29/06/2026,false
SKU-00050,LED Warehouse Light,RAW_MATERIALS,SUP-096,wh-o,WH-O-BIN-50,408.0,0,772.42,Feb 03 2026,2026-06-19,false
SKU-00051,Nitrile Gloves Box,CHEMICALS,SUP-186,whse p,WH-P-BIN-51,419.0,25,164.66,Jun 28 2026,2026-06-22,false
SKU-00052,,ELECTRONICS,SUP-078,WH-G,WH-G-BIN-52,183.0kilogram,40,63.04,Feb 04 2026,,false
SKU-00053,,FOOD_DRY,SUP-127,LOC-011,WH-K-BIN-53,36.0kg,20,128.02,2026-02-22,,false
SKU-00054,Fire Extinguisher 4kg,FOOD_COLD,SUP-132,whse i,WH-I-BIN-54,395.0 KG,10,299.78,2026-02-16,,false
SKU-00055,,PACKAGING,SUP-107,LOC-012,WH-L-BIN-55,471.0,15,326.74,2026-04-25,,false
SKU-00056,Rubber Gasket Set,MACHINERY_PARTS,SUP-002,LOC-015,WH-O-BIN-56,286.0kg,0,607.70,02/06/2026,,false
SKU-00057,Cable Tie Assorted,PPE,SUP-165,LOC-019,WH-S-BIN-57,156.0kg,20,55.83,15/05/2026,Apr 30 2026,false
SKU-00058,Dust Mask N95 Pack,CLEANING,SUP-125,WH-E,WH-E-BIN-58,403.0kg,0,673.51,Jun 22 2026,2027-01-19,false
SKU-00059,Wooden Pallet Std,MEDICAL,SUP-001,WH-D,WH-D-BIN-59,455.0kg,10,702.08,23/02/2026,May 22 2026,false
SKU-00060,Steel Shelving Unit,RAW_MATERIALS,SUP-157,WH-N,WH-N-BIN-60,5.0kilogram,30,469.81,2026-04-27,,false
SKU-00061,,CHEMICALS,SUP-083,LOC-015,WH-O-BIN-61,290.0 KG,15,82.39,2026-05-08,,false
SKU-00062,,ELECTRONICS,SUP-049,LOC-002,WH-B-BIN-62,254.0kilogram,20,696.78,16/04/2026,2026-07-19,false
SKU-00063,Epoxy Resin 1L,FOOD_DRY,SUP-176,LOC-010,WH-J-BIN-63,14.0,15,228.50,2026-06-19,,false
SKU-00065,Temperature Logger,PACKAGING,SUP-060,wh-d,WH-D-BIN-65,383.0,20,137.35,Feb 11 2026,,false
SKU-00066,Anti-Slip Tape Roll,MACHINERY_PARTS,SUP-146,LOC-008,WH-H-BIN-66,22.0,20,198.40,May 16 2026,,false
SKU-00068,,CLEANING,SUP-099,LOC-013,WH-M-BIN-68,490.0,10,741.09,01/04/2026,,false
SKU-00069,First Aid Refill,MEDICAL,SUP-185,LOC-002,WH-B-BIN-69,45.0 KG,40,421.34,11/07/2026,2027-06-18,false
SKU-00070,Racking Beam 2.4m,RAW_MATERIALS,SUP-114,LOC-002,WH-B-BIN-70,416.0kilogram,30,61.50,19/02/2026,,false
SKU-00071,Stretch Hood Film,CHEMICALS,SUP-190,LOC-003,WH-C-BIN-71,20.0kilogram,15,391.11,19/04/2026,,true
SKU-00072,Load Cell 500kg,ELECTRONICS,SUP-011,Warehouse Q,WH-Q-BIN-72,192.0 KG,30,217.31,11/06/2026,17/02/2027,false
SKU-00073,Dock Bumpers Pair,FOOD_DRY,SUP-173,WH-G,WH-G-BIN-73,242.0kilogram,15,273.75,28/02/2026,2027-05-22,false
SKU-00074,,FOOD_COLD,SUP-085,LOC-003,WH-C-BIN-74,376.0,25,490.87,Feb 10 2026,2027-07-27,false
SKU-00075,Battery Charger 24V,PACKAGING,SUP-187,LOC-012,WH-L-BIN-75,2.0kilogram,25,474.93,17/06/2026,2027-02-01,false
SKU-00077,Humidity Sensor Probe,PPE,SUP-165,Warehouse D,WH-D-BIN-77,72.0kilogram,40,486.87,24/03/2026,,false
SKU-00078,Pallet Strap Tool,CLEANING,SUP-075,Warehouse D,WH-D-BIN-78,2.0 KG,10,290.73,2026-04-20,,false
SKU-00079,,MEDICAL,SUP-149,wh-s,WH-S-BIN-79,14.0kilogram,15,6.57,2026-06-30,,false
SKU-00080,Wheel Chock Rubber,RAW_MATERIALS,SUP-182,Warehouse F,WH-F-BIN-80,75.0,10,721.93,Feb 15 2026,2027-07-13,false
SKU-00081,Steel Bolt M8,CHEMICALS,SUP-180,WH-J,WH-J-BIN-01,243.0kilogram,20,314.02,2026-04-28,,false
SKU-00082,Hydraulic Hose 2in,ELECTRONICS,SUP-019,LOC-018,WH-R-BIN-02,12.0kg,40,199.34,2026-04-23,,false
SKU-00083,Industrial Solvent 5L,FOOD_DRY,SUP-172,LOC-015,WH-O-BIN-03,330.0kilogram,20,219.94,Feb 17 2026,,false
SKU-00085,Safety Gloves L,PACKAGING,SUP-049,LOC-011,WH-K-BIN-05,96.0kilogram,0,80.50,Jul 15 2026,2026-10-17,false
SKU-00087,Shrink Wrap Film Roll,PPE,SUP-056,LOC-005,WH-E-BIN-07,203.0kg,10,709.99,31/05/2026,,false
SKU-00088,Label Printer Ribbon,CLEANING,SUP-047,LOC-010,WH-J-BIN-08,148.0kilogram,30,119.75,27/05/2026,,false
SKU-00089,Dock Leveler Seal,MEDICAL,SUP-045,LOC-013,WH-M-BIN-09,264.0kilogram,25,128.16,2026-06-25,,false
SKU-00090,LED Warehouse Light,RAW_MATERIALS,SUP-064,wh-k,WH-K-BIN-10,407.0,0,353.93,2026-07-20,,false
SKU-00091,Nitrile Gloves Box,CHEMICALS,SUP-122,LOC-015,WH-O-BIN-11,35.0 KG,25,159.93,18/02/2026,,false
SKU-00092,Pallet Jack Wheel,ELECTRONICS,SUP-193,wh-s,WH-S-BIN-12,272.0kilogram,30,317.32,01/04/2026,,false
SKU-00093,,FOOD_DRY,SUP-014,LOC-010,WH-J-BIN-13,378.0kg,30,109.01,Jul 20 2026,,false
SKU-00094,Fire Extinguisher 4kg,FOOD_COLD,SUP-167,WH-O,WH-O-BIN-14,111.0kg,20,666.38,2026-02-02,31/12/2026,false
SKU-00095,PVC Pipe 50mm,PACKAGING,SUP-095,wh-b,WH-B-BIN-15,8.0 KG,14,779.75,03/05/2026,,false
SKU-00096,,MACHINERY_PARTS,SUP-047,LOC-009,WH-I-BIN-16,197.0kg,25,649.04,2026-03-16,26/04/2026,false
SKU-00097,Cable Tie Assorted,PPE,SUP-172,LOC-019,WH-S-BIN-17,14.0kg,15,603.25,01/06/2026,,false
SKU-00098,Dust Mask N95 Pack,CLEANING,SUP-142,LOC-019,WH-S-BIN-18,18.0kilogram,20,137.07,22/03/2026,,false
SKU-00099,,MEDICAL,SUP-049,LOC-019,WH-S-BIN-19,22.0kilogram,,368.62,14/02/2026,,false
SKU-00100,Steel Shelving Unit,RAW_MATERIALS,SUP-133,LOC-014,WH-N-BIN-20,264.0kilogram,10,521.27,01/06/2026,2026-11-30,false
SKU-00101,Hand Truck,CHEMICALS,SUP-117,LOC-012,WH-L-BIN-21,353.0,0,463.89,12/07/2026,,false
SKU-00102,Spill Kit 20L,ELECTRONICS,SUP-175,Warehouse N,WH-N-BIN-22,3.0kilogram,30,251.34,02/04/2026,,false
SKU-00103,Epoxy Resin 1L,FOOD_DRY,SUP-089,LOC-002,WH-B-BIN-23,437.0kilogram,10,397.50,26/04/2026,,false
SKU-00104,Chain Block 1T,FOOD_COLD,SUP-186,LOC-001,WH-A-BIN-24,302.0,30,488.32,Apr 19 2026,,false
SKU-00105,Temperature Logger,PACKAGING,SUP-089,whse g,WH-G-BIN-25,213.0kg,25,615.42,31/05/2026,,false
SKU-00106,Anti-Slip Tape Roll,MACHINERY_PARTS,SUP-003,wh_r,WH-R-BIN-26,186.0 KG,0,658.92,2026-03-11,,false
SKU-00107,Welding Rod 3.2mm,PPE,SUP-190,LOC-009,WH-I-BIN-27,162.0kilogram,20,267.58,Jul 05 2026,,false
SKU-00108,Compressed Air Hose,CLEANING,SUP-049,LOC-007,WH-G-BIN-28,37.0 KG,40,78.82,16/04/2026,,false
SKU-00109,First Aid Refill,MEDICAL,SUP-169,LOC-007,WH-G-BIN-29,7.0kilogram,40,399.31,2026-05-04,08/06/2026,false
SKU-00110,Racking Beam 2.4m,RAW_MATERIALS,SUP-173,LOC-004,WH-D-BIN-30,460.0kg,15,285.67,26/02/2026,,false
SKU-00111,,CHEMICALS,SUP-086,LOC-001,WH-A-BIN-31,76.0kg,40,724.68,Jun 24 2026,,true
SKU-00112,Load Cell 500kg,ELECTRONICS,SUP-108,wh-e,WH-E-BIN-32,379.0kg,0,694.96,20/07/2026,,false
SKU-00113,,FOOD_DRY,SUP-174,LOC-007,WH-G-BIN-33,130.0 KG,15,354.20,Mar 18 2026,Oct 10 2026,false
SKU-00114,Floor Marking Paint,FOOD_COLD,SUP-168,LOC-020,WH-T-BIN-34,311.0kilogram,40,540.45,06/02/2026,,false
SKU-00115,Battery Charger 24V,PACKAGING,SUP-036,whse k,WH-K-BIN-35,3.0kilogram,24,339.64,2026-03-25,,false
SKU-00116,Mesh Security Cage,MACHINERY_PARTS,SUP-019,LOC-007,WH-G-BIN-36,176.0 KG,10,718.34,Mar 16 2026,Oct 22 2026,false
SKU-00117,,PPE,SUP-104,whse q,WH-Q-BIN-37,7.0 KG,15,776.92,May 25 2026,,false
SKU-00118,Pallet Strap Tool,CLEANING,SUP-007,WH-A,WH-A-BIN-38,436.0,15,335.15,Mar 12 2026,Aug 25 2027,false
SKU-00119,Coolant Concentrate,MEDICAL,SUP-184,wh_l,WH-L-BIN-39,1.0kg,10,245.03,2026-05-27,,false
SKU-00120,Wheel Chock Rubber,RAW_MATERIALS,SUP-140,LOC-001,WH-A-BIN-40,249.0,10,340.84,2026-03-12,,false
SKU-00123,Industrial Solvent 5L,FOOD_DRY,SUP-048,LOC-007,WH-G-BIN-43,52.0kilogram,0,731.98,Jul 28 2026,,false
SKU-00124,Forklift Battery 24V,FOOD_COLD,SUP-171,whse g,WH-G-BIN-44,30.0,15,206.14,Jun 08 2026,,false
SKU-00125,Safety Gloves L,PACKAGING,SUP-079,LOC-010,WH-J-BIN-45,6.0,15,644.22,2026-05-16,Jul 25 2026,false
SKU-00126,Conveyor Belt Patch,MACHINERY_PARTS,SUP-001,LOC-013,WH-M-BIN-46,26.0kilogram,10,294.38,05/04/2026,Feb 18 2027,false
SKU-00128,Label Printer Ribbon,CLEANING,SUP-013,LOC-005,WH-E-BIN-48,261.0kilogram,40,104.07,2026-06-01,,false
SKU-00129,Dock Leveler Seal,MEDICAL,SUP-092,whse t,WH-T-BIN-49,406.0kilogram,25,392.32,Jul 11 2026,12/10/2026,false
SKU-00130,LED Warehouse Light,RAW_MATERIALS,SUP-196,LOC-017,WH-Q-BIN-50,476.0 KG,30,572.82,2026-04-05,,false
SKU-00131,Nitrile Gloves Box,CHEMICALS,SUP-109,LOC-016,WH-P-BIN-51,396.0kilogram,25,385.35,12/02/2026,May 13 2027,true
SKU-00132,,ELECTRONICS,SUP-156,LOC-007,WH-G-BIN-52,63.0kilogram,30,515.29,Jun 19 2026,,false
SKU-00133,Barcode Scanner,FOOD_DRY,SUP-072,LOC-002,WH-B-BIN-53,263.0kilogram,30,256.63,2026-03-24,Jan 06 2027,false
SKU-00135,,PACKAGING,SUP-166,wh_c,WH-C-BIN-55,424.0kilogram,40,431.76,Feb 05 2026,,false
SKU-00136,Rubber Gasket Set,MACHINERY_PARTS,SUP-128,wh-a,WH-A-BIN-56,356.0kg,30,507.68,Jul 03 2026,Jul 16 2027,false
SKU-00137,,PPE,SUP-125,LOC-012,WH-L-BIN-57,183.0 KG,,86.62,Mar 14 2026,,false
SKU-00138,,CLEANING,SUP-062,wh-k,WH-K-BIN-58,220.0kilogram,40,224.58,13/05/2026,2026-04-06,false
SKU-00139,Wooden Pallet Std,MEDICAL,SUP-049,LOC-020,WH-T-BIN-59,140.0kilogram,0,254.33,2026-07-23,,false
SKU-00140,,RAW_MATERIALS,SUP-059,LOC-014,WH-N-BIN-60,180.0,30,591.63,2026-02-18,26/09/2026,false
SKU-00141,Hand Truck,CHEMICALS,SUP-197,WH-C,WH-C-BIN-61,120.0kg,,716.47,2026-04-30,Aug 16 2027,false
SKU-00142,Spill Kit 20L,ELECTRONICS,SUP-185,LOC-012,WH-L-BIN-62,406.0kilogram,20,607.94,Jul 21 2026,,false
SKU-00143,Epoxy Resin 1L,FOOD_DRY,SUP-195,LOC-015,WH-O-BIN-63,382.0kg,30,774.21,2026-03-18,,false
SKU-00144,Chain Block 1T,FOOD_COLD,SUP-151,Warehouse R,WH-R-BIN-64,349.0,15,639.65,2026-07-22,,false
SKU-00145,Temperature Logger,PACKAGING,SUP-117,LOC-002,WH-B-BIN-65,91.0 KG,0,19.29,2026-02-22,25/06/2026,false
SKU-00146,Anti-Slip Tape Roll,MACHINERY_PARTS,SUP-127,LOC-010,WH-J-BIN-66,54.0 KG,0,86.31,08/04/2026,,false
SKU-00147,Welding Rod 3.2mm,PPE,SUP-172,LOC-012,WH-L-BIN-67,295.0 KG,25,754.20,2026-07-25,,false
SKU-00148,Compressed Air Hose,CLEANING,SUP-142,LOC-010,WH-J-BIN-68,229.0 KG,25,220.19,Apr 11 2026,,false
SKU-00149,First Aid Refill,MEDICAL,SUP-198,LOC-005,WH-E-BIN-69,173.0kg,20,451.23,Apr 15 2026,2027-01-09,false
SKU-00150,Racking Beam 2.4m,RAW_MATERIALS,SUP-022,LOC-016,WH-P-BIN-70,2.0kilogram,10,13.00,May 29 2026,,false
SKU-00151,Stretch Hood Film,CHEMICALS,SUP-084,LOC-006,WH-F-BIN-71,10.0 KG,25,371.94,2026-06-26,Sep 13 2026,true
SKU-00152,Load Cell 500kg,ELECTRONICS,SUP-169,LOC-013,WH-M-BIN-72,415.0 KG,25,526.50,May 26 2026,,false
SKU-00153,Dock Bumpers Pair,FOOD_DRY,SUP-174,LOC-020,WH-T-BIN-73,406.0,10,768.48,2026-03-21,,false
SKU-00154,Floor Marking Paint,FOOD_COLD,SUP-119,wh_d,WH-D-BIN-74,339.0 KG,25,459.59,2026-05-25,,false
SKU-00155,Battery Charger 24V,PACKAGING,SUP-147,whse m,WH-M-BIN-75,165.0 KG,15,86.02,06/02/2026,,false
SKU-00156,Mesh Security Cage,MACHINERY_PARTS,SUP-016,wh-g,WH-G-BIN-76,281.0kilogram,10,68.82,May 24 2026,2027-01-03,false
SKU-00157,Humidity Sensor Probe,PPE,SUP-177,LOC-012,WH-L-BIN-77,437.0kilogram,25,295.03,2026-07-10,Apr 24 2027,false
SKU-00158,,CLEANING,SUP-015,whse p,WH-P-BIN-78,145.0 KG,10,159.85,21/06/2026,,false
SKU-00159,Coolant Concentrate,MEDICAL,SUP-098,WH-L,WH-L-BIN-79,369.0kilogram,0,635.57,04/02/2026,17/04/2026,false
SKU-00160,Wheel Chock Rubber,RAW_MATERIALS,SUP-054,LOC-011,WH-K-BIN-80,90.0kilogram,,165.99,Jul 12 2026,,false
SKU-00161,,CHEMICALS,SUP-067,wh-k,WH-K-BIN-01,1.0,10,392.06,28/05/2026,2026-09-04,false
SKU-00162,Hydraulic Hose 2in,ELECTRONICS,SUP-053,LOC-019,WH-S-BIN-02,3.0 KG,,248.81,19/06/2026,,false
SKU-00163,Industrial Solvent 5L,FOOD_DRY,SUP-113,Warehouse N,WH-N-BIN-03,145.0,40,536.48,2026-05-11,12/01/2027,false
SKU-00164,Forklift Battery 24V,FOOD_COLD,SUP-031,wh-n,WH-N-BIN-04,446.0kilogram,10,612.03,Mar 06 2026,,false
SKU-00165,Safety Gloves L,PACKAGING,SUP-080,LOC-020,WH-T-BIN-05,3.0kilogram,20,264.90,2026-06-07,,false
SKU-00166,Conveyor Belt Patch,MACHINERY_PARTS,SUP-196,wh-o,WH-O-BIN-06,469.0kilogram,0,103.55,2026-02-16,,false
SKU-00167,Shrink Wrap Film Roll,PPE,SUP-095,LOC-020,WH-T-BIN-07,5.0kilogram,10,108.59,May 03 2026,2026-12-06,false
SKU-00169,Dock Leveler Seal,MEDICAL,SUP-059,LOC-019,WH-S-BIN-09,198.0 KG,0,589.97,Feb 20 2026,,false
SKU-00170,LED Warehouse Light,RAW_MATERIALS,SUP-166,WH-K,WH-K-BIN-10,280.0kilogram,15,397.68,Jul 19 2026,,false
SKU-00171,,CHEMICALS,SUP-184,LOC-016,WH-P-BIN-11,29.0kilogram,40,631.11,16/05/2026,,false
SKU-00172,Pallet Jack Wheel,ELECTRONICS,SUP-047,LOC-012,WH-L-BIN-12,380.0kilogram,,229.65,2026-05-21,,false
SKU-00173,Barcode Scanner,FOOD_DRY,SUP-100,LOC-019,WH-S-BIN-13,426.0,20,227.28,Jul 17 2026,2026-06-06,false
SKU-00174,Fire Extinguisher 4kg,FOOD_COLD,SUP-112,LOC-002,WH-B-BIN-14,217.0kg,10,313.36,2026-03-13,,false
SKU-00176,Rubber Gasket Set,MACHINERY_PARTS,SUP-094,LOC-015,WH-O-BIN-16,206.0kilogram,0,628.56,09/03/2026,,false
SKU-00177,Cable Tie Assorted,PPE,SUP-167,wh-l,WH-L-BIN-17,168.0 KG,0,113.49,Jul 25 2026,,false
SKU-00178,Dust Mask N95 Pack,CLEANING,SUP-007,LOC-009,WH-I-BIN-18,100.0,25,585.45,2026-02-26,,false
SKU-00179,Wooden Pallet Std,MEDICAL,SUP-012,wh-n,WH-N-BIN-19,406.0,10,683.84,04/06/2026,,false
SKU-00180,Steel Shelving Unit,RAW_MATERIALS,SUP-162,whse e,WH-E-BIN-20,149.0,,289.73,2026-07-04,Nov 07 2026,false
SKU-00181,Hand Truck,CHEMICALS,SUP-076,Warehouse P,WH-P-BIN-21,83.0kg,,48.86,2026-06-01,2027-03-08,false
SKU-00182,Spill Kit 20L,ELECTRONICS,SUP-077,LOC-019,WH-S-BIN-22,365.0kilogram,15,758.29,Jun 21 2026,,false
SKU-00183,Epoxy Resin 1L,FOOD_DRY,SUP-143,LOC-015,WH-O-BIN-23,8.0kilogram,30,400.50,2026-05-24,,false
SKU-00184,Chain Block 1T,FOOD_COLD,SUP-107,WH-S,WH-S-BIN-24,154.0kg,40,599.27,2026-05-01,,false
SKU-00185,Temperature Logger,PACKAGING,SUP-091,LOC-020,WH-T-BIN-25,253.0,0,581.07,26/03/2026,Dec 06 2026,false
SKU-00186,Anti-Slip Tape Roll,MACHINERY_PARTS,SUP-175,Warehouse J,WH-J-BIN-26,461.0kilogram,40,424.21,27/06/2026,,false
SKU-00188,Compressed Air Hose,CLEANING,SUP-007,LOC-009,WH-I-BIN-28,129.0 KG,15,731.55,2026-03-31,,false
SKU-00189,First Aid Refill,MEDICAL,SUP-027,WH-M,WH-M-BIN-29,229.0 KG,25,222.86,Jul 20 2026,Aug 06 2027,false
SKU-00190,Racking Beam 2.4m,RAW_MATERIALS,SUP-187,LOC-009,WH-I-BIN-30,192.0kilogram,25,186.66,10/07/2026,2027-03-11,false
SKU-00191,Stretch Hood Film,CHEMICALS,SUP-005,wh-d,WH-D-BIN-31,23.0kilogram,,426.45,Feb 26 2026,,true
SKU-00192,Load Cell 500kg,ELECTRONICS,SUP-199,wh-p,WH-P-BIN-32,169.0,40,634.93,Mar 18 2026,,false
SKU-00194,Floor Marking Paint,FOOD_COLD,SUP-126,LOC-014,WH-N-BIN-34,426.0,25,213.47,02/06/2026,22/08/2027,false
SKU-00195,Battery Charger 24V,PACKAGING,SUP-050,LOC-015,WH-O-BIN-35,29.0kilogram,40,616.25,Mar 04 2026,2027-04-01,false
SKU-00196,,MACHINERY_PARTS,SUP-021,LOC-006,WH-F-BIN-36,1.0,14,605.76,Jul 13 2026,,false
SKU-00197,,PPE,SUP-050,LOC-009,WH-I-BIN-37,340.0,40,765.22,Mar 07 2026,,false
SKU-00198,Pallet Strap Tool,CLEANING,SUP-088,LOC-013,WH-M-BIN-38,467.0kg,15,200.40,Jul 24 2026,,false
SKU-00201,Steel Bolt M8,CHEMICALS,SUP-144,wh_s,WH-S-BIN-41,53.0,15,455.54,Apr 29 2026,,true
SKU-00202,Hydraulic Hose 2in,ELECTRONICS,SUP-054,LOC-020,WH-T-BIN-42,139.0,0,86.15,2026-06-27,,false
SKU-00203,Industrial Solvent 5L,FOOD_DRY,SUP-122,whse t,WH-T-BIN-43,475.0kg,15,414.72,17/07/2026,,false
SKU-00204,Forklift Battery 24V,FOOD_COLD,SUP-176,LOC-006,WH-F-BIN-44,252.0kg,40,663.91,2026-02-02,,false
SKU-00205,,PACKAGING,SUP-135,whse a,WH-A-BIN-45,230.0,,378.71,2026-06-16,2026-07-23,false
SKU-00206,,MACHINERY_PARTS,SUP-144,LOC-001,WH-A-BIN-46,341.0kilogram,40,676.53,May 20 2026,25/06/2027,false
SKU-00207,Shrink Wrap Film Roll,PPE,SUP-047,LOC-012,WH-L-BIN-47,325.0kilogram,15,618.40,2026-06-27,,false
SKU-00208,Label Printer Ribbon,CLEANING,SUP-054,Warehouse H,WH-H-BIN-48,436.0,,499.82,2026-04-03,,false
SKU-00209,Dock Leveler Seal,MEDICAL,SUP-030,LOC-012,WH-L-BIN-49,204.0 KG,25,12.98,Mar 11 2026,08/12/2026,false
SKU-00210,LED Warehouse Light,RAW_MATERIALS,SUP-138,LOC-017,WH-Q-BIN-50,426.0kilogram,10,227.84,Jul 13 2026,May 14 2026,false
SKU-00211,,CHEMICALS,SUP-087,wh-o,WH-O-BIN-51,106.0,10,746.34,18/07/2026,2026-12-21,false
SKU-00212,Pallet Jack Wheel,ELECTRONICS,SUP-109,whse r,WH-R-BIN-52,352.0,25,273.86,Mar 14 2026,,false
SKU-00214,Fire Extinguisher 4kg,FOOD_COLD,SUP-087,wh_s,WH-S-BIN-54,11.0,,663.42,Apr 09 2026,2026-05-12,false
SKU-00215,PVC Pipe 50mm,PACKAGING,SUP-064,LOC-006,WH-F-BIN-55,231.0,25,402.36,2026-05-05,Nov 29 2026,false
SKU-00216,Rubber Gasket Set,MACHINERY_PARTS,SUP-139,LOC-004,WH-D-BIN-56,167.0 KG,10,774.18,2026-06-03,,false
SKU-00217,Cable Tie Assorted,PPE,SUP-070,LOC-018,WH-R-BIN-57,359.0kg,0,208.88,Apr 19 2026,03/05/2026,false
SKU-00218,Dust Mask N95 Pack,CLEANING,SUP-028,LOC-005,WH-E-BIN-58,468.0,25,484.61,Jun 09 2026,,false
SKU-00219,Wooden Pallet Std,MEDICAL,SUP-074,WH-S,WH-S-BIN-59,237.0kg,10,709.55,07/04/2026,,false
SKU-00220,Steel Shelving Unit,RAW_MATERIALS,SUP-009,LOC-009,WH-I-BIN-60,304.0 KG,25,336.73,Mar 22 2026,,false
SKU-00221,Hand Truck,CHEMICALS,SUP-137,LOC-012,WH-L-BIN-61,248.0kg,20,70.66,20/04/2026,2026-04-25,false
SKU-00222,Spill Kit 20L,ELECTRONICS,SUP-118,wh-n,WH-N-BIN-62,97.0,40,500.60,Feb 13 2026,2027-04-16,false
SKU-00223,Epoxy Resin 1L,FOOD_DRY,SUP-116,LOC-019,WH-S-BIN-63,332.0 KG,30,59.84,2026-06-20,,false
SKU-00224,,FOOD_COLD,SUP-148,LOC-009,WH-I-BIN-64,469.0kilogram,,541.28,28/02/2026,,false
SKU-00225,Temperature Logger,PACKAGING,SUP-038,LOC-017,WH-Q-BIN-65,146.0,20,4.19,Jul 20 2026,Apr 12 2027,false
SKU-00226,Anti-Slip Tape Roll,MACHINERY_PARTS,SUP-161,LOC-016,WH-P-BIN-66,122.0kg,30,670.73,Apr 26 2026,May 26 2026,false
SKU-00227,Welding Rod 3.2mm,PPE,SUP-149,Warehouse M,WH-M-BIN-67,241.0kilogram,15,667.28,Jun 04 2026,24/09/2026,false
SKU-00228,Compressed Air Hose,CLEANING,SUP-121,WH-F,WH-F-BIN-68,195.0,15,713.04,2026-06-13,,false
SKU-00229,First Aid Refill,MEDICAL,SUP-040,LOC-003,WH-C-BIN-69,6.0kg,,280.44,Mar 02 2026,,false
SKU-00230,,RAW_MATERIALS,SUP-095,LOC-004,WH-D-BIN-70,92.0,15,305.76,29/07/2026,,false
SKU-00232,Load Cell 500kg,ELECTRONICS,SUP-086,LOC-001,WH-A-BIN-72,435.0 KG,25,26.60,23/05/2026,Dec 13 2026,false
SKU-00233,Dock Bumpers Pair,FOOD_DRY,SUP-063,LOC-003,WH-C-BIN-73,346.0kilogram,0,259.90,15/03/2026,2027-05-20,false
SKU-00234,Floor Marking Paint,FOOD_COLD,SUP-158,whse i,WH-I-BIN-74,328.0kg,40,354.07,2026-07-23,,false
SKU-00235,Battery Charger 24V,PACKAGING,SUP-012,LOC-016,WH-P-BIN-75,9.0 KG,25,630.17,28/05/2026,19/01/2027,false
SKU-00237,Humidity Sensor Probe,PPE,SUP-072,LOC-002,WH-B-BIN-77,32.0 KG,40,228.40,Apr 22 2026,,false
SKU-00238,Pallet Strap Tool,CLEANING,SUP-113,WH-R,WH-R-BIN-78,358.0kg,10,192.21,Feb 01 2026,,false
SKU-00239,Coolant Concentrate,MEDICAL,SUP-112,Warehouse O,WH-O-BIN-79,6.0 KG,15,640.39,29/07/2026,,false
SKU-00240,Wheel Chock Rubber,RAW_MATERIALS,SUP-066,LOC-011,WH-K-BIN-80,446.0 KG,,233.80,Mar 14 2026,,false
SKU-00241,Steel Bolt M8,CHEMICALS,SUP-079,LOC-016,WH-P-BIN-01,9.0,10,202.05,Feb 26 2026,2026-10-01,false
SKU-00242,Hydraulic Hose 2in,ELECTRONICS,SUP-045,wh-p,WH-P-BIN-02,126.0kg,,130.50,08/06/2026,Jul 20 2027,false
SKU-00243,Industrial Solvent 5L,FOOD_DRY,SUP-148,LOC-008,WH-H-BIN-03,319.0kg,0,734.81,Jun 29 2026,,false
SKU-00244,Forklift Battery 24V,FOOD_COLD,SUP-145,wh-k,WH-K-BIN-04,2.0kilogram,16,7.36,May 22 2026,Aug 21 2027,false
SKU-00245,Safety Gloves L,PACKAGING,SUP-067,wh-q,WH-Q-BIN-05,199.0,,291.98,10/02/2026,,false
SKU-00247,,PPE,SUP-167,whse o,WH-O-BIN-07,214.0 KG,40,472.10,01/06/2026,,false
SKU-00248,,CLEANING,SUP-022,Warehouse S,WH-S-BIN-08,225.0,10,523.02,2026-03-27,,false
SKU-00249,Dock Leveler Seal,MEDICAL,SUP-193,wh_o,WH-O-BIN-09,224.0 KG,0,309.12,May 27 2026,,false
SKU-00250,LED Warehouse Light,RAW_MATERIALS,SUP-101,LOC-016,WH-P-BIN-10,307.0kilogram,10,590.44,2026-05-04,06/05/2026,false
SKU-00251,Nitrile Gloves Box,CHEMICALS,SUP-151,wh_e,WH-E-BIN-11,179.0kg,,292.28,2026-05-18,08/05/2027,false
SKU-00252,Pallet Jack Wheel,ELECTRONICS,SUP-133,LOC-018,WH-R-BIN-12,18.0kg,25,375.48,15/05/2026,,false
SKU-00253,Barcode Scanner,FOOD_DRY,SUP-037,LOC-009,WH-I-BIN-13,22.0,15,554.49,2026-04-15,,false
SKU-00254,Fire Extinguisher 4kg,FOOD_COLD,SUP-044,LOC-020,WH-T-BIN-14,443.0 KG,30,346.57,Feb 05 2026,26/05/2027,false
SKU-00255,PVC Pipe 50mm,PACKAGING,SUP-009,LOC-009,WH-I-BIN-15,214.0kilogram,10,768.15,Jun 09 2026,,false
SKU-00257,Cable Tie Assorted,PPE,SUP-042,LOC-008,WH-H-BIN-17,4.0kg,11,153.55,07/03/2026,,false
SKU-00258,Dust Mask N95 Pack,CLEANING,SUP-062,Warehouse H,WH-H-BIN-18,30.0,,211.75,2026-07-25,17/05/2027,false
SKU-00259,Wooden Pallet Std,MEDICAL,SUP-091,LOC-013,WH-M-BIN-19,276.0,20,298.48,02/02/2026,,false
SKU-00260,Steel Shelving Unit,RAW_MATERIALS,SUP-092,LOC-010,WH-J-BIN-20,311.0,15,330.83,Apr 04 2026,,false
SKU-00261,Hand Truck,CHEMICALS,SUP-089,LOC-009,WH-I-BIN-21,382.0kilogram,25,766.20,Mar 13 2026,18/04/2027,true
SKU-00262,,ELECTRONICS,SUP-117,LOC-017,WH-Q-BIN-22,16.0,40,764.28,2026-02-22,,false
SKU-00263,Epoxy Resin 1L,FOOD_DRY,SUP-064,LOC-014,WH-N-BIN-23,124.0kilogram,,285.61,Mar 15 2026,,false
SKU-00264,Chain Block 1T,FOOD_COLD,SUP-171,wh_n,WH-N-BIN-24,54.0kg,,310.89,19/07/2026,2027-08-14,false
SKU-00265,Temperature Logger,PACKAGING,SUP-154,wh-d,WH-D-BIN-25,403.0kilogram,30,588.50,27/06/2026,,false
SKU-00266,Anti-Slip Tape Roll,MACHINERY_PARTS,SUP-109,LOC-009,WH-I-BIN-26,176.0 KG,30,474.35,Apr 21 2026,,false
SKU-00267,Welding Rod 3.2mm,PPE,SUP-073,LOC-018,WH-R-BIN-27,240.0 KG,15,367.14,Apr 10 2026,2027-06-28,false
SKU-00269,First Aid Refill,MEDICAL,SUP-013,LOC-020,WH-T-BIN-29,436.0 KG,10,653.76,26/03/2026,,false
SKU-00270,,RAW_MATERIALS,SUP-156,LOC-003,WH-C-BIN-30,49.0kg,0,576.80,Feb 07 2026,,false
SKU-00271,Stretch Hood Film,CHEMICALS,SUP-003,LOC-005,WH-E-BIN-31,296.0 KG,,101.11,2026-04-28,Nov 03 2026,false
SKU-00272,Load Cell 500kg,ELECTRONICS,SUP-011,LOC-019,WH-S-BIN-32,160.0,40,661.36,2026-05-22,,false
SKU-00273,Dock Bumpers Pair,FOOD_DRY,SUP-177,LOC-014,WH-N-BIN-33,7.0,15,506.47,31/05/2026,,false
SKU-00274,Floor Marking Paint,FOOD_COLD,SUP-055,LOC-020,WH-T-BIN-34,10.0kg,40,307.84,May 09 2026,,false
SKU-00275,,PACKAGING,SUP-173,whse h,WH-H-BIN-35,66.0,,515.28,11/05/2026,Jul 24 2026,false
SKU-00276,Mesh Security Cage,MACHINERY_PARTS,SUP-153,LOC-011,WH-K-BIN-36,289.0,0,715.39,Jul 15 2026,Jun 25 2026,false
SKU-00277,Humidity Sensor Probe,PPE,SUP-073,LOC-005,WH-E-BIN-37,12.0kg,30,296.52,27/02/2026,Jun 25 2026,false
SKU-00278,Pallet Strap Tool,CLEANING,SUP-189,Warehouse G,WH-G-BIN-38,146.0,0,512.44,2026-03-08,,false
SKU-00279,Coolant Concentrate,MEDICAL,SUP-120,LOC-020,WH-T-BIN-39,91.0kilogram,10,630.61,2026-07-08,2026-04-03,false
SKU-00280,Wheel Chock Rubber,RAW_MATERIALS,SUP-159,wh_a,WH-A-BIN-40,259.0 KG,10,562.68,30/05/2026,Feb 14 2027,false
SKU-00281,Steel Bolt M8,CHEMICALS,SUP-194,LOC-005,WH-E-BIN-41,270.0,0,284.97,May 26 2026,,false
SKU-00282,Hydraulic Hose 2in,ELECTRONICS,SUP-113,LOC-003,WH-C-BIN-42,247.0,15,249.37,Jul 03 2026,,false
SKU-00284,,FOOD_COLD,SUP-047,LOC-004,WH-D-BIN-44,228.0kg,25,464.92,05/03/2026,,false
SKU-00285,Safety Gloves L,PACKAGING,SUP-156,WH-E,WH-E-BIN-45,111.0kilogram,20,769.45,2026-05-03,Jul 13 2026,false
SKU-00286,Conveyor Belt Patch,MACHINERY_PARTS,SUP-165,wh-b,WH-B-BIN-46,126.0,,456.38,Apr 10 2026,Jan 04 2027,false
SKU-00287,Shrink Wrap Film Roll,PPE,SUP-121,wh-f,WH-F-BIN-47,457.0kg,,265.79,14/06/2026,,false
SKU-00288,Label Printer Ribbon,CLEANING,SUP-115,LOC-010,WH-J-BIN-48,116.0kilogram,,665.41,26/02/2026,,false
SKU-00289,Dock Leveler Seal,MEDICAL,SUP-012,LOC-020,WH-T-BIN-49,250.0kilogram,15,278.62,2026-05-29,Apr 13 2027,false
SKU-00291,Nitrile Gloves Box,CHEMICALS,SUP-081,LOC-012,WH-L-BIN-51,361.0kilogram,25,69.25,Jul 08 2026,,false
SKU-00292,Pallet Jack Wheel,ELECTRONICS,SUP-046,LOC-006,WH-F-BIN-52,446.0 KG,10,539.03,27/02/2026,,false
SKU-00293,Barcode Scanner,FOOD_DRY,SUP-012,LOC-003,WH-C-BIN-53,387.0kilogram,10,701.49,Apr 21 2026,,false
SKU-00294,Fire Extinguisher 4kg,FOOD_COLD,SUP-075,LOC-009,WH-I-BIN-54,127.0kilogram,20,635.92,2026-03-02,,false
SKU-00295,PVC Pipe 50mm,PACKAGING,SUP-065,LOC-003,WH-C-BIN-55,100.0kilogram,15,505.97,2026-04-03,,false
SKU-00296,Rubber Gasket Set,MACHINERY_PARTS,SUP-043,LOC-005,WH-E-BIN-56,223.0 KG,,39.47,20/02/2026,May 17 2027,false
SKU-00298,Dust Mask N95 Pack,CLEANING,SUP-082,LOC-018,WH-R-BIN-58,39.0 KG,40,176.00,2026-07-27,Mar 08 2027,false
SKU-00299,Wooden Pallet Std,MEDICAL,SUP-151,LOC-002,WH-B-BIN-59,7.0kilogram,10,275.00,Apr 13 2026,,false
SKU-00300,Steel Shelving Unit,RAW_MATERIALS,SUP-115,LOC-016,WH-P-BIN-60,165.0kg,20,443.09,May 12 2026,2026-11-22,false
SKU-00301,Hand Truck,CHEMICALS,SUP-168,LOC-015,WH-O-BIN-61,143.0,10,177.74,May 18 2026,,false
SKU-00303,Epoxy Resin 1L,FOOD_DRY,SUP-136,LOC-014,WH-N-BIN-63,500.0 KG,20,599.35,09/06/2026,23/06/2026,false
SKU-00304,Chain Block 1T,FOOD_COLD,SUP-031,wh_k,WH-K-BIN-64,180.0kilogram,25,56.25,21/03/2026,,false
SKU-00305,Temperature Logger,PACKAGING,SUP-028,LOC-012,WH-L-BIN-65,393.0,0,310.51,Mar 08 2026,,false
SKU-00306,Anti-Slip Tape Roll,MACHINERY_PARTS,SUP-149,LOC-012,WH-L-BIN-66,187.0kilogram,25,743.03,02/06/2026,Apr 21 2026,false
SKU-00308,Compressed Air Hose,CLEANING,SUP-040,LOC-011,WH-K-BIN-68,311.0 KG,15,510.67,Jul 08 2026,,false
SKU-00309,First Aid Refill,MEDICAL,SUP-145,LOC-001,WH-A-BIN-69,114.0 KG,15,272.13,30/03/2026,,false
SKU-00310,Racking Beam 2.4m,RAW_MATERIALS,SUP-163,LOC-019,WH-S-BIN-70,449.0 KG,20,318.41,19/07/2026,05/05/2027,false
SKU-00311,Stretch Hood Film,CHEMICALS,SUP-018,wh-i,WH-I-BIN-71,93.0kilogram,20,677.31,19/07/2026,12/07/2027,false
SKU-00312,Load Cell 500kg,ELECTRONICS,SUP-125,LOC-008,WH-H-BIN-72,111.0 KG,15,290.64,Jun 22 2026,Dec 10 2026,false
SKU-00313,Dock Bumpers Pair,FOOD_DRY,SUP-172,LOC-010,WH-J-BIN-73,10.0,15,791.42,Feb 10 2026,31/08/2027,false
SKU-00314,,FOOD_COLD,SUP-146,LOC-010,WH-J-BIN-74,9.0,25,347.15,2026-02-15,2026-04-18,false
SKU-00315,Battery Charger 24V,PACKAGING,SUP-085,LOC-019,WH-S-BIN-75,9.0kilogram,15,528.07,Feb 12 2026,,false
SKU-00316,Mesh Security Cage,MACHINERY_PARTS,SUP-193,LOC-010,WH-J-BIN-76,226.0kg,25,405.61,12/05/2026,Apr 11 2027,false
SKU-00318,Pallet Strap Tool,CLEANING,SUP-101,Warehouse N,WH-N-BIN-78,331.0,25,548.06,29/07/2026,,false
SKU-00319,Coolant Concentrate,MEDICAL,SUP-163,LOC-019,WH-S-BIN-79,127.0kg,20,595.24,26/07/2026,,false
SKU-00320,Wheel Chock Rubber,RAW_MATERIALS,SUP-084,WH-Q,WH-Q-BIN-80,14.0kg,20,149.12,Apr 24 2026,,false
SKU-00321,,CHEMICALS,SUP-193,LOC-019,WH-S-BIN-01,94.0kilogram,0,588.06,2026-06-20,16/04/2027,false
SKU-00322,Hydraulic Hose 2in,ELECTRONICS,SUP-184,whse j,WH-J-BIN-02,471.0kilogram,0,569.86,2026-03-31,,false
SKU-00323,Industrial Solvent 5L,FOOD_DRY,SUP-187,LOC-002,WH-B-BIN-03,158.0kilogram,40,194.29,17/02/2026,,false
SKU-00324,Forklift Battery 24V,FOOD_COLD,SUP-111,LOC-009,WH-I-BIN-04,12.0 KG,25,480.40,Apr 23 2026,,false
SKU-00325,Safety Gloves L,PACKAGING,SUP-140,whse c,WH-C-BIN-05,213.0,10,440.02,19/03/2026,,false
SKU-00326,Conveyor Belt Patch,MACHINERY_PARTS,SUP-121,LOC-017,WH-Q-BIN-06,106.0,30,205.35,26/07/2026,,false
SKU-00327,,PPE,SUP-175,LOC-008,WH-H-BIN-07,408.0,0,417.07,2026-04-12,,false
SKU-00328,Label Printer Ribbon,CLEANING,SUP-182,LOC-020,WH-T-BIN-08,233.0kilogram,20,39.55,09/03/2026,,false
SKU-00329,Dock Leveler Seal,MEDICAL,SUP-059,LOC-018,WH-R-BIN-09,355.0kg,40,98.80,04/03/2026,Sep 13 2026,false
SKU-00330,LED Warehouse Light,RAW_MATERIALS,SUP-069,LOC-007,WH-G-BIN-10,235.0,25,632.41,2026-06-08,,false
SKU-00332,Pallet Jack Wheel,ELECTRONICS,SUP-064,LOC-020,WH-T-BIN-12,332.0kg,40,539.41,2026-06-20,2026-04-22,false
SKU-00334,Fire Extinguisher 4kg,FOOD_COLD,SUP-099,whse c,WH-C-BIN-14,69.0,15,124.33,04/03/2026,2027-07-17,false
SKU-00336,Rubber Gasket Set,MACHINERY_PARTS,SUP-056,WH-E,WH-E-BIN-16,7.0kilogram,10,543.75,17/05/2026,,false
SKU-00338,Dust Mask N95 Pack,CLEANING,SUP-046,wh_r,WH-R-BIN-18,105.0kg,10,732.28,2026-03-29,30/06/2027,false
SKU-00339,Wooden Pallet Std,MEDICAL,SUP-009,LOC-006,WH-F-BIN-19,6.0,,758.97,2026-07-05,Apr 13 2026,false
SKU-00340,Steel Shelving Unit,RAW_MATERIALS,SUP-125,LOC-015,WH-O-BIN-20,183.0kilogram,,8.23,2026-07-29,,false
SKU-00342,Spill Kit 20L,ELECTRONICS,SUP-164,LOC-019,WH-S-BIN-22,8.0kg,22,707.09,2026-06-16,,false
SKU-00343,Epoxy Resin 1L,FOOD_DRY,SUP-080,WH-J,WH-J-BIN-23,142.0,30,727.92,29/03/2026,,false
SKU-00344,,FOOD_COLD,SUP-096,LOC-004,WH-D-BIN-24,180.0kg,10,93.98,02/04/2026,,false
SKU-00345,Temperature Logger,PACKAGING,SUP-184,wh_b,WH-B-BIN-25,302.0 KG,40,725.08,2026-05-26,03/12/2026,false
SKU-00346,,MACHINERY_PARTS,SUP-012,whse b,WH-B-BIN-26,141.0,30,689.12,13/03/2026,,false
SKU-00347,Welding Rod 3.2mm,PPE,SUP-073,Warehouse G,WH-G-BIN-27,385.0kilogram,40,135.85,2026-04-24,,false
SKU-00349,First Aid Refill,MEDICAL,SUP-154,wh_l,WH-L-BIN-29,383.0,0,112.79,May 02 2026,2026-12-27,false
SKU-00350,Racking Beam 2.4m,RAW_MATERIALS,SUP-183,wh_f,WH-F-BIN-30,5.0kg,25,72.43,2026-07-02,Nov 21 2026,false
SKU-00351,Stretch Hood Film,CHEMICALS,SUP-112,LOC-004,WH-D-BIN-31,308.0 KG,25,724.47,Jun 05 2026,,true
SKU-00353,Dock Bumpers Pair,FOOD_DRY,SUP-026,LOC-001,WH-A-BIN-33,407.0,40,789.80,02/04/2026,2027-04-08,false
SKU-00354,Floor Marking Paint,FOOD_COLD,SUP-106,wh_r,WH-R-BIN-34,89.0kg,40,78.49,Jun 12 2026,Jun 20 2026,false
SKU-00355,Battery Charger 24V,PACKAGING,SUP-102,LOC-017,WH-Q-BIN-35,151.0kg,0,138.16,Jul 20 2026,07/09/2026,false
SKU-00356,Mesh Security Cage,MACHINERY_PARTS,SUP-147,LOC-020,WH-T-BIN-36,62.0kilogram,20,168.56,2026-07-25,,false
SKU-00357,Humidity Sensor Probe,PPE,SUP-173,LOC-010,WH-J-BIN-37,204.0kg,10,226.25,Jul 11 2026,2026-05-25,false
SKU-00358,Pallet Strap Tool,CLEANING,SUP-171,wh_b,WH-B-BIN-38,34.0kg,20,402.44,2026-06-19,09/01/2027,false
SKU-00359,Coolant Concentrate,MEDICAL,SUP-075,LOC-018,WH-R-BIN-39,495.0kg,25,398.27,May 27 2026,21/04/2026,false
SKU-00360,,RAW_MATERIALS,SUP-116,LOC-014,WH-N-BIN-40,1.0,30,796.96,2026-02-14,,false
SKU-00361,Steel Bolt M8,CHEMICALS,SUP-101,Warehouse O,WH-O-BIN-41,357.0kg,20,408.93,2026-05-09,Apr 02 2026,true
SKU-00362,Hydraulic Hose 2in,ELECTRONICS,SUP-022,LOC-001,WH-A-BIN-42,482.0,25,355.27,Jun 25 2026,,false
SKU-00363,,FOOD_DRY,SUP-048,LOC-018,WH-R-BIN-43,23.0kg,30,290.08,Jul 07 2026,Sep 04 2026,false
SKU-00365,,PACKAGING,SUP-066,LOC-007,WH-G-BIN-45,238.0,10,60.25,Feb 22 2026,,false
SKU-00366,Conveyor Belt Patch,MACHINERY_PARTS,SUP-011,LOC-020,WH-T-BIN-46,2.0kg,20,376.31,22/05/2026,Aug 10 2027,false
SKU-00367,Shrink Wrap Film Roll,PPE,SUP-020,wh_p,WH-P-BIN-47,65.0 KG,40,282.61,09/04/2026,,false
SKU-00368,Label Printer Ribbon,CLEANING,SUP-112,wh-s,WH-S-BIN-48,304.0kilogram,30,132.50,26/05/2026,,false
SKU-00369,Dock Leveler Seal,MEDICAL,SUP-115,LOC-002,WH-B-BIN-49,358.0 KG,40,548.42,28/05/2026,,false
SKU-00370,,RAW_MATERIALS,SUP-169,LOC-018,WH-R-BIN-50,81.0,30,657.11,2026-05-06,2027-01-17,false
SKU-00371,Nitrile Gloves Box,CHEMICALS,SUP-128,LOC-014,WH-N-BIN-51,375.0kg,,468.41,05/05/2026,,true
SKU-00372,Pallet Jack Wheel,ELECTRONICS,SUP-103,LOC-019,WH-S-BIN-52,3.0kg,40,360.98,2026-05-13,,false
SKU-00373,,FOOD_DRY,SUP-020,LOC-011,WH-K-BIN-53,465.0 KG,,533.05,2026-03-10,16/11/2026,false
SKU-00374,Fire Extinguisher 4kg,FOOD_COLD,SUP-065,LOC-001,WH-A-BIN-54,199.0,40,353.46,12/02/2026,,false
SKU-00375,,PACKAGING,SUP-083,WH-E,WH-E-BIN-55,117.0kg,0,283.94,2026-03-02,Apr 04 2026,false
SKU-00376,Rubber Gasket Set,MACHINERY_PARTS,SUP-137,LOC-006,WH-F-BIN-56,288.0,20,402.62,2026-06-16,Aug 27 2027,false
SKU-00377,Cable Tie Assorted,PPE,SUP-044,wh-o,WH-O-BIN-57,331.0kg,30,272.88,01/04/2026,,false
SKU-00378,Dust Mask N95 Pack,CLEANING,SUP-042,LOC-001,WH-A-BIN-58,481.0 KG,40,533.45,10/06/2026,,false
SKU-00379,Wooden Pallet Std,MEDICAL,SUP-136,LOC-020,WH-T-BIN-59,412.0kilogram,20,542.51,May 28 2026,,false
SKU-00380,Steel Shelving Unit,RAW_MATERIALS,SUP-143,wh-s,WH-S-BIN-60,183.0kg,15,106.43,2026-05-30,,false
SKU-00381,Hand Truck,CHEMICALS,SUP-020,LOC-020,WH-T-BIN-61,395.0kilogram,30,631.65,Jun 21 2026,,false
SKU-00382,Spill Kit 20L,ELECTRONICS,SUP-058,LOC-011,WH-K-BIN-62,140.0 KG,0,505.35,16/07/2026,,false
SKU-00383,,FOOD_DRY,SUP-106,LOC-004,WH-D-BIN-63,119.0 KG,25,702.27,07/07/2026,18/08/2027,false
SKU-00384,Chain Block 1T,FOOD_COLD,SUP-102,LOC-012,WH-L-BIN-64,120.0 KG,40,777.89,15/04/2026,,false
SKU-00385,,PACKAGING,SUP-103,LOC-007,WH-G-BIN-65,429.0,15,157.58,Apr 04 2026,Dec 19 2026,false
SKU-00386,Anti-Slip Tape Roll,MACHINERY_PARTS,SUP-073,LOC-002,WH-B-BIN-66,156.0,20,754.75,2026-06-08,2027-07-30,false
SKU-00387,Welding Rod 3.2mm,PPE,SUP-075,LOC-009,WH-I-BIN-67,8.0,15,213.45,2026-03-07,,false
SKU-00388,Compressed Air Hose,CLEANING,SUP-123,LOC-011,WH-K-BIN-68,6.0kg,,240.83,2026-02-20,,false
SKU-00389,,MEDICAL,SUP-097,LOC-010,WH-J-BIN-69,6.0kg,,90.77,17/04/2026,12/05/2026,false
SKU-00390,Racking Beam 2.4m,RAW_MATERIALS,SUP-193,LOC-009,WH-I-BIN-70,348.0kg,25,232.04,02/03/2026,,false
SKU-00391,Stretch Hood Film,CHEMICALS,SUP-129,wh_t,WH-T-BIN-71,108.0 KG,,522.15,Feb 21 2026,,false
SKU-00392,Load Cell 500kg,ELECTRONICS,SUP-096,LOC-016,WH-P-BIN-72,350.0kg,0,50.80,11/05/2026,31/08/2026,false
SKU-00393,Dock Bumpers Pair,FOOD_DRY,SUP-067,LOC-004,WH-D-BIN-73,17.0,20,706.99,Jun 15 2026,,false
SKU-00394,Floor Marking Paint,FOOD_COLD,SUP-013,Warehouse H,WH-H-BIN-74,258.0kg,20,592.64,2026-07-11,,false
SKU-00395,Battery Charger 24V,PACKAGING,SUP-186,wh_a,WH-A-BIN-75,66.0kg,30,192.41,30/03/2026,,false
SKU-00397,Humidity Sensor Probe,PPE,SUP-044,LOC-013,WH-M-BIN-77,125.0,20,736.89,2026-02-19,,false
SKU-00398,Pallet Strap Tool,CLEANING,SUP-004,LOC-014,WH-N-BIN-78,235.0 KG,25,303.34,28/02/2026,12/09/2026,false
SKU-00399,Coolant Concentrate,MEDICAL,SUP-063,wh-n,WH-N-BIN-79,248.0kg,40,119.33,2026-07-14,,false
SKU-00400,Wheel Chock Rubber,RAW_MATERIALS,SUP-126,LOC-017,WH-Q-BIN-80,378.0,30,679.90,May 23 2026,2026-10-08,false
SKU-00401,Steel Bolt M8,CHEMICALS,SUP-022,LOC-015,WH-O-BIN-01,4.0kg,20,112.76,2026-06-12,,true
SKU-00402,Hydraulic Hose 2in,ELECTRONICS,SUP-001,whse b,WH-B-BIN-02,16.0 KG,20,497.55,15/04/2026,,false
SKU-00403,Industrial Solvent 5L,FOOD_DRY,SUP-059,LOC-017,WH-Q-BIN-03,12.0 KG,40,711.07,May 24 2026,10/06/2026,false
SKU-00404,Forklift Battery 24V,FOOD_COLD,SUP-141,LOC-020,WH-T-BIN-04,92.0,20,610.76,2026-02-22,,false
SKU-00405,Safety Gloves L,PACKAGING,SUP-163,LOC-020,WH-T-BIN-05,251.0kilogram,0,518.57,18/05/2026,2026-09-30,false
SKU-00406,,MACHINERY_PARTS,SUP-072,LOC-003,WH-C-BIN-06,7.0 KG,10,137.32,2026-03-16,07/05/2027,false
SKU-00407,Shrink Wrap Film Roll,PPE,SUP-018,LOC-014,WH-N-BIN-07,201.0kg,40,674.76,2026-02-27,,false
SKU-00408,Label Printer Ribbon,CLEANING,SUP-070,LOC-020,WH-T-BIN-08,185.0,25,562.46,25/02/2026,May 07 2027,false
SKU-00409,Dock Leveler Seal,MEDICAL,SUP-044,WH-Q,WH-Q-BIN-09,11.0kilogram,30,528.74,27/02/2026,,false
SKU-00410,LED Warehouse Light,RAW_MATERIALS,SUP-054,whse r,WH-R-BIN-10,247.0kg,25,81.56,27/04/2026,,false
SKU-00411,Nitrile Gloves Box,CHEMICALS,SUP-056,wh-s,WH-S-BIN-11,159.0kg,30,617.96,02/06/2026,,false
SKU-00412,,ELECTRONICS,SUP-088,Warehouse H,WH-H-BIN-12,242.0 KG,0,614.46,2026-02-19,,false
SKU-00413,Barcode Scanner,FOOD_DRY,SUP-159,LOC-014,WH-N-BIN-13,216.0kg,40,336.48,30/04/2026,12/05/2026,false
SKU-00414,Fire Extinguisher 4kg,FOOD_COLD,SUP-174,LOC-010,WH-J-BIN-14,484.0kilogram,25,262.67,10/07/2026,29/05/2026,false
SKU-00415,,PACKAGING,SUP-023,LOC-006,WH-F-BIN-15,65.0kg,10,304.99,Feb 13 2026,Nov 08 2026,false
SKU-00416,,MACHINERY_PARTS,SUP-027,LOC-010,WH-J-BIN-16,31.0 KG,30,466.78,2026-07-15,,false
SKU-00417,Cable Tie Assorted,PPE,SUP-090,Warehouse Q,WH-Q-BIN-17,330.0kg,0,270.42,May 21 2026,,false
SKU-00418,Dust Mask N95 Pack,CLEANING,SUP-121,Warehouse H,WH-H-BIN-18,252.0kilogram,0,658.72,2026-04-15,,false
SKU-00419,Wooden Pallet Std,MEDICAL,SUP-199,LOC-012,WH-L-BIN-19,185.0kilogram,0,203.10,May 01 2026,,false
SKU-00420,Steel Shelving Unit,RAW_MATERIALS,SUP-085,wh-e,WH-E-BIN-20,6.0 KG,10,663.90,14/04/2026,,false
SKU-00421,Hand Truck,CHEMICALS,SUP-152,whse o,WH-O-BIN-21,8.0,20,681.83,Mar 02 2026,,false
SKU-00422,Spill Kit 20L,ELECTRONICS,SUP-160,Warehouse F,WH-F-BIN-22,308.0kg,20,702.14,Jun 07 2026,,false
SKU-00423,Epoxy Resin 1L,FOOD_DRY,SUP-102,wh-t,WH-T-BIN-23,150.0 KG,25,494.02,2026-06-24,,false
SKU-00425,Temperature Logger,PACKAGING,SUP-087,wh-q,WH-Q-BIN-25,39.0,20,608.17,May 04 2026,27/06/2026,false
SKU-00426,Anti-Slip Tape Roll,MACHINERY_PARTS,SUP-183,wh_s,WH-S-BIN-26,85.0 KG,10,376.89,10/05/2026,,false
SKU-00427,,PPE,SUP-178,LOC-008,WH-H-BIN-27,7.0kilogram,30,386.70,28/05/2026,,false
SKU-00428,Compressed Air Hose,CLEANING,SUP-042,LOC-011,WH-K-BIN-28,165.0 KG,30,598.77,2026-07-25,,false
SKU-00429,First Aid Refill,MEDICAL,SUP-016,LOC-009,WH-I-BIN-29,13.0 KG,30,62.83,18/03/2026,2027-03-26,false
SKU-00430,Racking Beam 2.4m,RAW_MATERIALS,SUP-128,Warehouse T,WH-T-BIN-30,5.0kg,30,721.74,Feb 26 2026,,false
SKU-00431,Stretch Hood Film,CHEMICALS,SUP-169,LOC-007,WH-G-BIN-31,374.0kilogram,15,491.15,29/03/2026,,true
SKU-00432,Load Cell 500kg,ELECTRONICS,SUP-013,wh-m,WH-M-BIN-32,123.0 KG,15,50.80,Apr 26 2026,,false
SKU-00433,Dock Bumpers Pair,FOOD_DRY,SUP-073,wh_j,WH-J-BIN-33,290.0kg,10,692.29,17/07/2026,,false
SKU-00434,Floor Marking Paint,FOOD_COLD,SUP-174,LOC-006,WH-F-BIN-34,342.0kilogram,10,433.15,20/06/2026,2027-06-09,false
SKU-00435,Battery Charger 24V,PACKAGING,SUP-009,LOC-003,WH-C-BIN-35,143.0kg,30,745.58,2026-03-25,,false
SKU-00436,Mesh Security Cage,MACHINERY_PARTS,SUP-119,LOC-015,WH-O-BIN-36,142.0 KG,25,303.23,2026-04-30,,false
SKU-00437,Humidity Sensor Probe,PPE,SUP-077,LOC-012,WH-L-BIN-37,336.0kg,20,404.40,23/02/2026,,false
SKU-00438,Pallet Strap Tool,CLEANING,SUP-179,whse k,WH-K-BIN-38,123.0kg,20,113.49,2026-02-21,24/09/2026,false
SKU-00439,Coolant Concentrate,MEDICAL,SUP-147,whse g,WH-G-BIN-39,210.0kg,20,585.80,Jun 26 2026,,false
SKU-00440,Wheel Chock Rubber,RAW_MATERIALS,SUP-177,LOC-007,WH-G-BIN-40,116.0kg,15,596.68,13/07/2026,Aug 12 2027,false
SKU-00441,Steel Bolt M8,CHEMICALS,SUP-168,LOC-010,WH-J-BIN-41,181.0 KG,30,116.32,May 27 2026,,true
SKU-00442,,ELECTRONICS,SUP-109,LOC-005,WH-E-BIN-42,217.0kg,10,799.26,May 15 2026,,false
SKU-00443,Industrial Solvent 5L,FOOD_DRY,SUP-130,wh_j,WH-J-BIN-43,14.0 KG,25,197.26,May 26 2026,,false
SKU-00444,Forklift Battery 24V,FOOD_COLD,SUP-117,wh-e,WH-E-BIN-44,469.0 KG,40,467.34,17/07/2026,2026-11-27,false
SKU-00445,Safety Gloves L,PACKAGING,SUP-146,LOC-014,WH-N-BIN-45,442.0kg,20,127.83,2026-04-29,Sep 16 2026,false
SKU-00446,Conveyor Belt Patch,MACHINERY_PARTS,SUP-159,LOC-017,WH-Q-BIN-46,252.0kg,15,146.23,24/05/2026,,false
SKU-00447,,PPE,SUP-197,WH-Q,WH-Q-BIN-47,328.0 KG,,575.22,2026-05-15,,false
SKU-00448,Label Printer Ribbon,CLEANING,SUP-092,wh_t,WH-T-BIN-48,216.0 KG,10,599.81,01/02/2026,,false
SKU-00449,Dock Leveler Seal,MEDICAL,SUP-071,LOC-019,WH-S-BIN-49,448.0,20,240.22,2026-05-27,,false
SKU-00450,LED Warehouse Light,RAW_MATERIALS,SUP-037,LOC-011,WH-K-BIN-50,442.0 KG,15,774.89,2026-06-17,21/07/2026,false
SKU-00451,Nitrile Gloves Box,CHEMICALS,SUP-040,LOC-010,WH-J-BIN-51,397.0kilogram,0,206.01,Jul 28 2026,,false
SKU-00452,Pallet Jack Wheel,ELECTRONICS,SUP-151,LOC-017,WH-Q-BIN-52,410.0kilogram,25,101.70,Feb 05 2026,,false
SKU-00453,,FOOD_DRY,SUP-097,LOC-010,WH-J-BIN-53,20.0 KG,25,116.32,16/02/2026,2027-05-07,false
SKU-00454,Fire Extinguisher 4kg,FOOD_COLD,SUP-012,LOC-011,WH-K-BIN-54,85.0,40,249.05,Jul 11 2026,Aug 18 2027,false
SKU-00455,PVC Pipe 50mm,PACKAGING,SUP-124,LOC-015,WH-O-BIN-55,36.0 KG,40,680.79,Jul 20 2026,,false
SKU-00456,Rubber Gasket Set,MACHINERY_PARTS,SUP-028,LOC-008,WH-H-BIN-56,70.0kg,25,470.75,2026-06-28,,false
SKU-00457,,PPE,SUP-099,LOC-003,WH-C-BIN-57,199.0kilogram,20,232.29,Jun 15 2026,,false
SKU-00458,Dust Mask N95 Pack,CLEANING,SUP-183,LOC-017,WH-Q-BIN-58,467.0kg,40,320.89,Feb 05 2026,,false
SKU-00459,Wooden Pallet Std,MEDICAL,SUP-087,WH-Q,WH-Q-BIN-59,201.0kilogram,10,417.81,22/03/2026,,false
SKU-00460,Steel Shelving Unit,RAW_MATERIALS,SUP-089,LOC-003,WH-C-BIN-60,400.0kg,20,333.87,Apr 15 2026,,false
SKU-00461,Hand Truck,CHEMICALS,SUP-108,wh-c,WH-C-BIN-61,306.0 KG,25,453.41,2026-04-14,,false
SKU-00463,Epoxy Resin 1L,FOOD_DRY,SUP-105,LOC-009,WH-I-BIN-63,27.0kg,40,557.09,01/07/2026,,false
SKU-00464,Chain Block 1T,FOOD_COLD,SUP-057,whse c,WH-C-BIN-64,320.0,15,725.23,2026-07-11,10/01/2027,false
SKU-00465,Temperature Logger,PACKAGING,SUP-039,LOC-017,WH-Q-BIN-65,222.0,20,67.06,23/06/2026,Jul 14 2026,false
SKU-00466,,MACHINERY_PARTS,SUP-146,LOC-014,WH-N-BIN-66,452.0,25,560.38,Apr 22 2026,,false
SKU-00467,Welding Rod 3.2mm,PPE,SUP-125,LOC-019,WH-S-BIN-67,175.0 KG,30,502.72,2026-04-17,,false
SKU-00468,Compressed Air Hose,CLEANING,SUP-022,wh_g,WH-G-BIN-68,237.0kg,30,396.74,17/07/2026,Jul 10 2026,false
SKU-00469,First Aid Refill,MEDICAL,SUP-182,LOC-009,WH-I-BIN-69,219.0 KG,15,651.34,Jul 10 2026,2027-02-23,false
SKU-00470,Racking Beam 2.4m,RAW_MATERIALS,SUP-065,LOC-014,WH-N-BIN-70,2.0kilogram,15,469.96,2026-07-28,,false
SKU-00472,Load Cell 500kg,ELECTRONICS,SUP-053,LOC-013,WH-M-BIN-72,405.0,,341.35,Apr 02 2026,,false
SKU-00473,Dock Bumpers Pair,FOOD_DRY,SUP-135,LOC-001,WH-A-BIN-73,361.0 KG,20,121.62,11/06/2026,2026-04-21,false
SKU-00474,Floor Marking Paint,FOOD_COLD,SUP-106,LOC-001,WH-A-BIN-74,198.0,15,364.91,21/04/2026,,false
SKU-00475,,PACKAGING,SUP-188,wh-t,WH-T-BIN-75,105.0kilogram,20,3.49,15/05/2026,,false
SKU-00476,Mesh Security Cage,MACHINERY_PARTS,SUP-182,LOC-001,WH-A-BIN-76,131.0kg,10,248.21,18/03/2026,Nov 03 2026,false
SKU-00477,,PPE,SUP-182,LOC-006,WH-F-BIN-77,175.0kilogram,25,103.61,Jun 02 2026,12/02/2027,false
SKU-00478,Pallet Strap Tool,CLEANING,SUP-106,wh-k,WH-K-BIN-78,79.0kg,10,668.17,14/03/2026,01/01/2027,false
SKU-00479,Coolant Concentrate,MEDICAL,SUP-176,LOC-001,WH-A-BIN-79,239.0,0,576.46,May 07 2026,,false
SKU-00480,,RAW_MATERIALS,SUP-171,WH-Q,WH-Q-BIN-80,91.0kg,25,774.28,2026-07-14,28/07/2027,false
SKU-00481,Steel Bolt M8,CHEMICALS,SUP-025,WH-D,WH-D-BIN-01,6.0,40,25.96,Jun 07 2026,,false
SKU-00483,Industrial Solvent 5L,FOOD_DRY,SUP-059,LOC-013,WH-M-BIN-03,353.0 KG,25,406.68,2026-02-14,,false
SKU-00484,Forklift Battery 24V,FOOD_COLD,SUP-041,wh-h,WH-H-BIN-04,454.0kilogram,25,155.61,05/02/2026,,false
SKU-00485,Safety Gloves L,PACKAGING,SUP-157,LOC-016,WH-P-BIN-05,5.0kg,,393.47,Jun 05 2026,23/12/2026,false
SKU-00486,Conveyor Belt Patch,MACHINERY_PARTS,SUP-163,LOC-012,WH-L-BIN-06,121.0,40,202.24,04/05/2026,2027-08-28,false
SKU-00487,Shrink Wrap Film Roll,PPE,SUP-177,Warehouse E,WH-E-BIN-07,372.0kg,25,275.16,28/05/2026,19/07/2027,false
SKU-00488,Label Printer Ribbon,CLEANING,SUP-095,LOC-002,WH-B-BIN-08,276.0 KG,25,55.51,01/02/2026,20/04/2026,false
SKU-00489,Dock Leveler Seal,MEDICAL,SUP-085,LOC-013,WH-M-BIN-09,165.0,15,483.70,24/03/2026,,false
SKU-00490,LED Warehouse Light,RAW_MATERIALS,SUP-041,whse l,WH-L-BIN-10,390.0 KG,0,719.77,Jul 29 2026,,false
SKU-00491,Nitrile Gloves Box,CHEMICALS,SUP-084,LOC-003,WH-C-BIN-11,161.0kg,10,460.33,29/05/2026,,true
SKU-00492,Pallet Jack Wheel,ELECTRONICS,SUP-105,Warehouse C,WH-C-BIN-12,200.0,0,767.13,22/04/2026,Nov 23 2026,false
SKU-00494,Fire Extinguisher 4kg,FOOD_COLD,SUP-169,wh-k,WH-K-BIN-14,382.0kilogram,20,451.05,Mar 09 2026,Nov 05 2026,false
SKU-00495,PVC Pipe 50mm,PACKAGING,SUP-149,whse i,WH-I-BIN-15,5.0 KG,20,789.43,Apr 20 2026,,false
SKU-00496,Rubber Gasket Set,MACHINERY_PARTS,SUP-185,LOC-003,WH-C-BIN-16,490.0kg,15,273.27,Jul 22 2026,,false
SKU-00498,Dust Mask N95 Pack,CLEANING,SUP-153,LOC-012,WH-L-BIN-18,388.0 KG,20,452.33,2026-02-14,14/12/2026,false
SKU-00499,Wooden Pallet Std,MEDICAL,SUP-194,WH-L,WH-L-BIN-19,26.0,,464.18,19/05/2026,16/07/2026,false
SKU-00500,Steel Shelving Unit,RAW_MATERIALS,SUP-040,WH-C,WH-C-BIN-20,25.0kilogram,40,537.74,2026-04-17,,false
SKU-00001,Hand Truck,CHEMICALS,SUP-181,LOC-002,WH-B-BIN-21,272.0kilogram,30,2.57,25/06/2026,,true
SKU-00002,Spill Kit 20L,ELECTRONICS,SUP-163,whse h,WH-H-BIN-22,129.0,40,128.04,2026-03-05,,false
SKU-00004,Chain Block 1T,FOOD_COLD,SUP-123,LOC-013,WH-M-BIN-24,132.0 KG,,180.39,27/05/2026,2027-04-14,false
SKU-00005,Temperature Logger,PACKAGING,SUP-058,LOC-017,WH-Q-BIN-25,205.0kg,25,82.31,19/02/2026,May 10 2026,false
SKU-00006,Anti-Slip Tape Roll,MACHINERY_PARTS,SUP-089,LOC-001,WH-A-BIN-26,357.0kilogram,25,677.52,02/03/2026,,false
SKU-00007,Welding Rod 3.2mm,PPE,SUP-126,LOC-014,WH-N-BIN-27,37.0 KG,25,481.63,11/07/2026,,false
SKU-00008,Compressed Air Hose,CLEANING,SUP-065,Warehouse M,WH-M-BIN-28,22.0kg,40,440.70,Mar 16 2026,,false
SKU-00009,First Aid Refill,MEDICAL,SUP-192,LOC-016,WH-P-BIN-29,387.0kilogram,,403.09,16/03/2026,,false
SKU-00010,,RAW_MATERIALS,SUP-015,LOC-004,WH-D-BIN-30,102.0kilogram,0,641.04,2026-04-13,27/06/2027,false
SKU-00011,Stretch Hood Film,CHEMICALS,SUP-033,wh_n,WH-N-BIN-31,159.0kilogram,,549.76,2026-03-08,,true
SKU-00012,Load Cell 500kg,ELECTRONICS,SUP-079,whse b,WH-B-BIN-32,5.0,10,487.50,Apr 02 2026,,false
SKU-00014,Floor Marking Paint,FOOD_COLD,SUP-019,LOC-001,WH-A-BIN-34,363.0,30,750.67,2026-05-26,,false
SKU-00015,Battery Charger 24V,PACKAGING,SUP-113,LOC-013,WH-M-BIN-35,383.0kg,0,196.72,Apr 19 2026,,false
SKU-00016,Mesh Security Cage,MACHINERY_PARTS,SUP-060,Warehouse S,WH-S-BIN-36,313.0,,222.48,07/06/2026,2026-05-14,false
SKU-00017,Humidity Sensor Probe,PPE,SUP-148,LOC-004,WH-D-BIN-37,182.0kilogram,30,116.47,09/06/2026,Dec 20 2026,false
SKU-00018,Pallet Strap Tool,CLEANING,SUP-090,LOC-001,WH-A-BIN-38,84.0 KG,20,568.36,30/04/2026,,false
SKU-00019,Coolant Concentrate,MEDICAL,SUP-027,LOC-003,WH-C-BIN-39,482.0kg,10,283.99,15/05/2026,Apr 25 2026,false
SKU-00020,Wheel Chock Rubber,RAW_MATERIALS,SUP-148,Warehouse A,WH-A-BIN-40,105.0kg,20,252.18,07/04/2026,2026-07-07,false
SKU-00021,Steel Bolt M8,CHEMICALS,SUP-160,LOC-020,WH-T-BIN-41,440.0,,199.03,2026-03-14,Nov 09 2026,false
SKU-00022,Hydraulic Hose 2in,ELECTRONICS,SUP-120,LOC-014,WH-N-BIN-42,456.0,25,133.92,Mar 18 2026,,false
SKU-00024,,FOOD_COLD,SUP-052,LOC-003,WH-C-BIN-44,445.0,,654.85,2026-04-01,,false
SKU-00025,Safety Gloves L,PACKAGING,SUP-056,wh_r,WH-R-BIN-45,256.0 KG,30,19.04,Jul 05 2026,,false
SKU-00026,Conveyor Belt Patch,MACHINERY_PARTS,SUP-051,Warehouse Q,WH-Q-BIN-46,19.0kg,25,698.33,2026-04-07,,false
SKU-00027,Shrink Wrap Film Roll,PPE,SUP-047,whse a,WH-A-BIN-47,405.0kg,25,279.90,2026-05-12,2026-10-31,false
SKU-00028,,CLEANING,SUP-021,LOC-018,WH-R-BIN-48,8.0kg,30,408.47,Jul 16 2026,27/04/2027,false
SKU-00029,Dock Leveler Seal,MEDICAL,SUP-113,LOC-011,WH-K-BIN-49,249.0,0,790.06,10/02/2026,2026-11-07,false
SKU-00030,,RAW_MATERIALS,SUP-142,LOC-018,WH-R-BIN-50,89.0 KG,30,425.47,08/04/2026,2026-11-17,false
SKU-00031,Nitrile Gloves Box,CHEMICALS,SUP-113,LOC-011,WH-K-BIN-51,37.0,20,192.11,Jul 27 2026,,true
SKU-00032,,ELECTRONICS,SUP-097,Warehouse A,WH-A-BIN-52,270.0kg,,214.50,2026-02-28,,false
SKU-00033,Barcode Scanner,FOOD_DRY,SUP-170,LOC-016,WH-P-BIN-53,213.0 KG,15,153.10,18/04/2026,,false
SKU-00034,Fire Extinguisher 4kg,FOOD_COLD,SUP-148,LOC-010,WH-J-BIN-54,232.0kg,0,556.12,12/05/2026,,false
SKU-00035,PVC Pipe 50mm,PACKAGING,SUP-059,LOC-011,WH-K-BIN-55,202.0 KG,25,778.10,May 15 2026,,false
SKU-00036,Rubber Gasket Set,MACHINERY_PARTS,SUP-137,WH-Q,WH-Q-BIN-56,458.0 KG,15,758.62,06/03/2026,,false
SKU-00037,Cable Tie Assorted,PPE,SUP-182,LOC-002,WH-B-BIN-57,437.0kg,10,84.21,Jul 02 2026,,false
SKU-00038,Dust Mask N95 Pack,CLEANING,SUP-189,wh-k,WH-K-BIN-58,263.0,25,276.77,May 10 2026,,false
SKU-00039,Wooden Pallet Std,MEDICAL,SUP-110,WH-O,WH-O-BIN-59,396.0 KG,,50.11,16/04/2026,,false
SKU-00040,Steel Shelving Unit,RAW_MATERIALS,SUP-003,Warehouse R,WH-R-BIN-60,298.0kilogram,30,687.87,Jun 03 2026,,false
SKU-00041,Hand Truck,CHEMICALS,SUP-112,LOC-009,WH-I-BIN-61,16.0 KG,20,43.19,2026-02-20,,true
SKU-00042,Spill Kit 20L,ELECTRONICS,SUP-097,wh_l,WH-L-BIN-62,372.0kilogram,15,122.28,May 15 2026,,false
SKU-00043,Epoxy Resin 1L,FOOD_DRY,SUP-093,LOC-020,WH-T-BIN-63,162.0kg,15,254.80,05/05/2026,,false
SKU-00044,Chain Block 1T,FOOD_COLD,SUP-136,Warehouse P,WH-P-BIN-64,88.0 KG,40,163.62,Jun 18 2026,23/07/2027,false
SKU-00045,Temperature Logger,PACKAGING,SUP-174,LOC-009,WH-I-BIN-65,467.0,40,532.74,09/02/2026,,false
SKU-00046,Anti-Slip Tape Roll,MACHINERY_PARTS,SUP-198,wh-m,WH-M-BIN-66,386.0kilogram,15,464.84,03/04/2026,,false
SKU-00047,Welding Rod 3.2mm,PPE,SUP-124,LOC-009,WH-I-BIN-67,390.0 KG,25,506.81,Jul 24 2026,,false
SKU-00049,First Aid Refill,MEDICAL,SUP-089,wh-r,WH-R-BIN-69,162.0,,556.66,16/04/2026,,false
SKU-00050,Racking Beam 2.4m,RAW_MATERIALS,SUP-025,wh-q,WH-Q-BIN-70,4.0 KG,30,458.39,20/05/2026,2027-09-04,false
SKU-00052,Load Cell 500kg,ELECTRONICS,SUP-180,LOC-006,WH-F-BIN-72,91.0,15,611.90,Apr 21 2026,,false
SKU-00053,Dock Bumpers Pair,FOOD_DRY,SUP-090,LOC-006,WH-F-BIN-73,370.0,,289.70,2026-05-04,13/05/2027,false
SKU-00054,Floor Marking Paint,FOOD_COLD,SUP-072,LOC-012,WH-L-BIN-74,451.0kilogram,10,424.81,30/05/2026,,false
SKU-00055,Battery Charger 24V,PACKAGING,SUP-067,wh-c,WH-C-BIN-75,4.0kilogram,21,405.06,Apr 11 2026,19/11/2026,false
SKU-00056,,MACHINERY_PARTS,SUP-049,LOC-016,WH-P-BIN-76,361.0kg,,358.53,Mar 13 2026,,false
SKU-00057,,PPE,SUP-093,wh_m,WH-M-BIN-77,71.0kg,25,350.48,Jun 25 2026,,false
SKU-00058,,CLEANING,SUP-050,LOC-003,WH-C-BIN-78,419.0kg,15,139.75,Mar 14 2026,,false
SKU-00059,Coolant Concentrate,MEDICAL,SUP-138,LOC-014,WH-N-BIN-79,217.0kilogram,20,310.51,2026-02-05,,false
SKU-00060,Wheel Chock Rubber,RAW_MATERIALS,SUP-138,whse q,WH-Q-BIN-80,3.0kilogram,15,143.32,Feb 27 2026,,false
SKU-00061,Steel Bolt M8,CHEMICALS,SUP-102,LOC-010,WH-J-BIN-01,497.0kilogram,25,163.48,2026-07-26,Mar 21 2027,false
SKU-00062,Hydraulic Hose 2in,ELECTRONICS,SUP-100,wh-j,WH-J-BIN-02,72.0kilogram,10,123.49,2026-07-27,,false
SKU-00063,Industrial Solvent 5L,FOOD_DRY,SUP-054,LOC-008,WH-H-BIN-03,475.0 KG,40,648.33,2026-02-10,,false
SKU-00065,Safety Gloves L,PACKAGING,SUP-021,LOC-019,WH-S-BIN-05,66.0 KG,,522.29,2026-06-04,,false
SKU-00066,Conveyor Belt Patch,MACHINERY_PARTS,SUP-059,LOC-002,WH-B-BIN-06,51.0kilogram,10,189.43,Apr 25 2026,,false
SKU-00067,Shrink Wrap Film Roll,PPE,SUP-046,LOC-014,WH-N-BIN-07,93.0,,59.75,30/07/2026,,false
SKU-00068,Label Printer Ribbon,CLEANING,SUP-163,LOC-018,WH-R-BIN-08,252.0kilogram,20,123.51,Mar 05 2026,,false
SKU-00070,,RAW_MATERIALS,SUP-163,wh_d,WH-D-BIN-10,281.0kilogram,10,598.47,2026-02-12,2027-03-30,false
SKU-00071,Nitrile Gloves Box,CHEMICALS,SUP-047,wh_b,WH-B-BIN-11,219.0kilogram,,510.44,2026-04-08,,true
SKU-00072,Pallet Jack Wheel,ELECTRONICS,SUP-052,LOC-011,WH-K-BIN-12,444.0,30,305.03,2026-06-26,,false
SKU-00073,,FOOD_DRY,SUP-072,LOC-010,WH-J-BIN-13,32.0,10,231.74,01/04/2026,,false
SKU-00074,Fire Extinguisher 4kg,FOOD_COLD,SUP-038,Warehouse H,WH-H-BIN-14,240.0kg,10,220.50,Jun 06 2026,,false
SKU-00075,PVC Pipe 50mm,PACKAGING,SUP-147,whse q,WH-Q-BIN-15,197.0,15,369.81,Jul 13 2026,,false
SKU-00076,Rubber Gasket Set,MACHINERY_PARTS,SUP-176,LOC-001,WH-A-BIN-16,407.0kilogram,25,527.71,May 03 2026,Aug 03 2027,false
SKU-00078,,CLEANING,SUP-114,LOC-014,WH-N-BIN-18,149.0,10,621.41,2026-03-25,09/12/2026,false
SKU-00079,,MEDICAL,SUP-066,LOC-003,WH-C-BIN-19,314.0 KG,25,54.66,Mar 08 2026,,false
SKU-00080,,RAW_MATERIALS,SUP-178,wh_r,WH-R-BIN-20,169.0 KG,15,407.10,Feb 09 2026,2026-11-30,false
SKU-00082,,ELECTRONICS,SUP-168,LOC-012,WH-L-BIN-22,44.0,15,112.68,Apr 09 2026,,false
SKU-00083,Epoxy Resin 1L,FOOD_DRY,SUP-141,wh-m,WH-M-BIN-23,81.0 KG,10,134.66,Jul 19 2026,,false
SKU-00084,Chain Block 1T,FOOD_COLD,SUP-195,LOC-011,WH-K-BIN-24,264.0kilogram,10,52.56,2026-02-27,2027-07-03,false
SKU-00085,Temperature Logger,PACKAGING,SUP-062,WH-J,WH-J-BIN-25,146.0kilogram,10,594.01,17/06/2026,22/09/2026,false
SKU-00086,Anti-Slip Tape Roll,MACHINERY_PARTS,SUP-065,whse p,WH-P-BIN-26,223.0kilogram,30,405.65,19/05/2026,2026-12-25,false
SKU-00087,Welding Rod 3.2mm,PPE,SUP-013,wh-j,WH-J-BIN-27,487.0kilogram,,187.11,16/02/2026,,false
SKU-00088,Compressed Air Hose,CLEANING,SUP-091,wh_m,WH-M-BIN-28,127.0,20,606.50,2026-03-18,13/06/2027,false
SKU-00089,First Aid Refill,MEDICAL,SUP-049,LOC-001,WH-A-BIN-29,60.0kilogram,15,330.35,29/05/2026,10/06/2027,false
SKU-00090,Racking Beam 2.4m,RAW_MATERIALS,SUP-152,Warehouse E,WH-E-BIN-30,43.0kg,40,47.67,2026-05-22,,false
SKU-00091,Stretch Hood Film,CHEMICALS,SUP-127,WH-Q,WH-Q-BIN-31,74.0kilogram,40,96.10,Jun 28 2026,Jun 20 2026,false
SKU-00092,Load Cell 500kg,ELECTRONICS,SUP-125,wh-o,WH-O-BIN-32,1.0,15,377.48,Feb 04 2026,,false
SKU-00093,Dock Bumpers Pair,FOOD_DRY,SUP-146,LOC-008,WH-H-BIN-33,2.0kilogram,10,571.98,Jul 23 2026,,false
SKU-00094,Floor Marking Paint,FOOD_COLD,SUP-182,LOC-007,WH-G-BIN-34,202.0kilogram,20,223.08,Mar 17 2026,,false
SKU-00095,,PACKAGING,SUP-085,LOC-013,WH-M-BIN-35,497.0kg,40,223.95,25/04/2026,,false
SKU-00096,,MACHINERY_PARTS,SUP-097,LOC-013,WH-M-BIN-36,7.0,10,681.26,Apr 01 2026,2027-01-26,false
SKU-00097,Humidity Sensor Probe,PPE,SUP-027,LOC-009,WH-I-BIN-37,23.0kg,15,476.18,24/03/2026,21/05/2027,false
SKU-00099,Coolant Concentrate,MEDICAL,SUP-137,WH-E,WH-E-BIN-39,319.0 KG,40,465.53,28/04/2026,2026-07-03,false
SKU-00100,,RAW_MATERIALS,SUP-103,LOC-004,WH-D-BIN-40,90.0,10,779.47,2026-04-26,,false
SKU-00101,Steel Bolt M8,CHEMICALS,SUP-177,LOC-005,WH-E-BIN-41,234.0kg,25,175.19,05/07/2026,,false
SKU-00102,Hydraulic Hose 2in,ELECTRONICS,SUP-121,LOC-013,WH-M-BIN-42,55.0,30,443.67,28/05/2026,,false
SKU-00103,,FOOD_DRY,SUP-063,Warehouse K,WH-K-BIN-43,217.0 KG,25,757.56,2026-06-02,,false
SKU-00104,Forklift Battery 24V,FOOD_COLD,SUP-057,LOC-020,WH-T-BIN-44,127.0kilogram,10,480.33,2026-06-26,,false
SKU-00105,Safety Gloves L,PACKAGING,SUP-011,Warehouse M,WH-M-BIN-45,354.0kg,30,669.67,2026-05-31,2027-06-12,false
SKU-00106,Conveyor Belt Patch,MACHINERY_PARTS,SUP-181,LOC-010,WH-J-BIN-46,5.0 KG,29,576.41,2026-04-05,,false
SKU-00107,,PPE,SUP-070,whse k,WH-K-BIN-47,270.0,40,371.64,21/05/2026,,false
SKU-00108,,CLEANING,SUP-158,LOC-019,WH-S-BIN-48,314.0kg,10,292.95,Apr 22 2026,Feb 04 2027,false
SKU-00109,,MEDICAL,SUP-148,whse k,WH-K-BIN-49,250.0 KG,25,26.99,2026-06-09,,false
SKU-00110,,RAW_MATERIALS,SUP-006,Warehouse I,WH-I-BIN-50,260.0kg,20,679.44,04/03/2026,,false
SKU-00111,Nitrile Gloves Box,CHEMICALS,SUP-014,LOC-004,WH-D-BIN-51,463.0 KG,30,398.54,May 11 2026,2027-08-10,false
SKU-00112,Pallet Jack Wheel,ELECTRONICS,SUP-055,LOC-009,WH-I-BIN-52,262.0kilogram,10,718.48,2026-03-24,,false
SKU-00113,Barcode Scanner,FOOD_DRY,SUP-117,LOC-017,WH-Q-BIN-53,252.0 KG,40,738.71,Mar 02 2026,,false
SKU-00114,Fire Extinguisher 4kg,FOOD_COLD,SUP-100,LOC-004,WH-D-BIN-54,279.0 KG,20,96.73,May 24 2026,2026-10-04,false
SKU-00115,PVC Pipe 50mm,PACKAGING,SUP-085,LOC-018,WH-R-BIN-55,304.0kg,25,90.08,Jun 23 2026,,false
SKU-00116,Rubber Gasket Set,MACHINERY_PARTS,SUP-084,LOC-013,WH-M-BIN-56,264.0kilogram,0,673.13,Mar 02 2026,Nov 11 2026,false
SKU-00117,Cable Tie Assorted,PPE,SUP-043,LOC-004,WH-D-BIN-57,271.0kilogram,0,408.10,2026-02-14,,false
SKU-00119,Wooden Pallet Std,MEDICAL,SUP-173,LOC-019,WH-S-BIN-59,52.0,30,235.18,Feb 02 2026,,false
SKU-00120,Steel Shelving Unit,RAW_MATERIALS,SUP-174,Warehouse L,WH-L-BIN-60,418.0kg,30,183.07,May 20 2026,,false
SKU-00121,Hand Truck,CHEMICALS,SUP-117,LOC-007,WH-G-BIN-61,11.0 KG,25,396.23,2026-03-26,,false
SKU-00123,Epoxy Resin 1L,FOOD_DRY,SUP-066,wh-t,WH-T-BIN-63,300.0 KG,20,245.73,Jul 29 2026,,false
SKU-00124,Chain Block 1T,FOOD_COLD,SUP-192,LOC-002,WH-B-BIN-64,29.0kilogram,40,619.83,Jun 29 2026,Dec 30 2026,false
SKU-00125,Temperature Logger,PACKAGING,SUP-187,LOC-002,WH-B-BIN-65,179.0,25,793.50,28/03/2026,Apr 23 2026,false
SKU-00127,Welding Rod 3.2mm,PPE,SUP-135,LOC-014,WH-N-BIN-67,36.0,,599.83,2026-05-13,,false
SKU-00128,,CLEANING,SUP-117,LOC-005,WH-E-BIN-68,400.0kg,15,461.43,27/02/2026,,false
SKU-00130,Racking Beam 2.4m,RAW_MATERIALS,SUP-165,LOC-004,WH-D-BIN-70,265.0kg,30,659.56,May 09 2026,,false
SKU-00131,Stretch Hood Film,CHEMICALS,SUP-115,WH-I,WH-I-BIN-71,207.0 KG,40,562.39,Feb 10 2026,,false
SKU-00132,Load Cell 500kg,ELECTRONICS,SUP-171,wh_h,WH-H-BIN-72,2.0 KG,25,779.19,Feb 02 2026,,false
SKU-00133,Dock Bumpers Pair,FOOD_DRY,SUP-091,LOC-005,WH-E-BIN-73,385.0kilogram,40,397.46,Jun 30 2026,,false
SKU-00134,Floor Marking Paint,FOOD_COLD,SUP-083,Warehouse R,WH-R-BIN-74,385.0kilogram,,742.85,2026-02-01,25/01/2027,false
SKU-00135,Battery Charger 24V,PACKAGING,SUP-066,LOC-001,WH-A-BIN-75,493.0kilogram,10,98.49,05/07/2026,2027-01-27,false
SKU-00136,Mesh Security Cage,MACHINERY_PARTS,SUP-175,LOC-014,WH-N-BIN-76,453.0kg,25,799.73,Apr 09 2026,,false
SKU-00137,Humidity Sensor Probe,PPE,SUP-040,LOC-004,WH-D-BIN-77,314.0kilogram,25,352.38,06/06/2026,,false
SKU-00138,Pallet Strap Tool,CLEANING,SUP-003,LOC-011,WH-K-BIN-78,467.0kilogram,25,367.90,Mar 07 2026,,false
SKU-00139,Coolant Concentrate,MEDICAL,SUP-007,WH-T,WH-T-BIN-79,170.0kilogram,40,326.95,Apr 20 2026,Sep 02 2027,false
SKU-00140,Wheel Chock Rubber,RAW_MATERIALS,SUP-043,wh_e,WH-E-BIN-80,472.0,0,198.77,2026-07-12,,false
SKU-00141,,CHEMICALS,SUP-164,LOC-013,WH-M-BIN-01,9.0,15,708.86,Jun 28 2026,,true
SKU-00142,Hydraulic Hose 2in,ELECTRONICS,SUP-073,LOC-002,WH-B-BIN-02,433.0 KG,25,37.75,2026-06-08,30/07/2027,false
SKU-00143,Industrial Solvent 5L,FOOD_DRY,SUP-159,LOC-014,WH-N-BIN-03,220.0kg,10,562.94,2026-07-22,,false
SKU-00144,Forklift Battery 24V,FOOD_COLD,SUP-101,whse f,WH-F-BIN-04,141.0 KG,10,378.07,Jul 07 2026,,false
SKU-00146,Conveyor Belt Patch,MACHINERY_PARTS,SUP-183,LOC-002,WH-B-BIN-06,216.0kg,,525.48,May 08 2026,,false
SKU-00147,Shrink Wrap Film Roll,PPE,SUP-189,LOC-008,WH-H-BIN-07,111.0kg,,553.90,2026-04-16,,false
SKU-00148,Label Printer Ribbon,CLEANING,SUP-072,LOC-019,WH-S-BIN-08,191.0kg,15,596.84,2026-07-12,,false
SKU-00149,Dock Leveler Seal,MEDICAL,SUP-141,wh_o,WH-O-BIN-09,26.0kg,40,27.55,06/05/2026,May 22 2027,false
SKU-00150,LED Warehouse Light,RAW_MATERIALS,SUP-058,LOC-015,WH-O-BIN-10,79.0,15,447.22,13/02/2026,,false
SKU-00151,Nitrile Gloves Box,CHEMICALS,SUP-099,LOC-018,WH-R-BIN-11,202.0kg,20,253.61,Jul 23 2026,,false
SKU-00152,Pallet Jack Wheel,ELECTRONICS,SUP-171,LOC-012,WH-L-BIN-12,6.0,20,450.58,Mar 16 2026,,false
SKU-00153,Barcode Scanner,FOOD_DRY,SUP-069,wh_p,WH-P-BIN-13,7.0 KG,,466.87,2026-02-02,,false
SKU-00154,Fire Extinguisher 4kg,FOOD_COLD,SUP-151,wh-r,WH-R-BIN-14,11.0,25,699.66,May 28 2026,,false
SKU-00155,PVC Pipe 50mm,PACKAGING,SUP-111,LOC-011,WH-K-BIN-15,37.0kg,,52.20,08/07/2026,,false
SKU-00156,Rubber Gasket Set,MACHINERY_PARTS,SUP-195,LOC-016,WH-P-BIN-16,466.0kilogram,30,693.07,2026-06-09,,false
SKU-00157,Cable Tie Assorted,PPE,SUP-134,whse p,WH-P-BIN-17,321.0 KG,20,364.57,2026-06-10,08/07/2026,false
SKU-00159,Wooden Pallet Std,MEDICAL,SUP-086,LOC-009,WH-I-BIN-19,3.0kg,30,550.80,Jul 02 2026,,false
SKU-00160,Steel Shelving Unit,RAW_MATERIALS,SUP-069,WH-G,WH-G-BIN-20,9.0 KG,25,750.93,11/04/2026,2026-11-14,false
SKU-00162,Spill Kit 20L,ELECTRONICS,SUP-037,LOC-005,WH-E-BIN-22,453.0 KG,15,360.82,07/02/2026,,false
SKU-00163,Epoxy Resin 1L,FOOD_DRY,SUP-025,whse q,WH-Q-BIN-23,74.0kg,,355.30,2026-02-23,02/09/2027,false
SKU-00165,Temperature Logger,PACKAGING,SUP-012,LOC-009,WH-I-BIN-25,450.0,0,198.51,14/05/2026,,false
SKU-00166,Anti-Slip Tape Roll,MACHINERY_PARTS,SUP-171,LOC-018,WH-R-BIN-26,489.0 KG,0,97.27,2026-06-26,,false
SKU-00167,Welding Rod 3.2mm,PPE,SUP-132,LOC-013,WH-M-BIN-27,269.0 KG,10,417.91,2026-07-26,Sep 06 2026,false
SKU-00168,Compressed Air Hose,CLEANING,SUP-132,LOC-011,WH-K-BIN-28,432.0,30,524.20,22/03/2026,,false
SKU-00170,Racking Beam 2.4m,RAW_MATERIALS,SUP-069,wh_d,WH-D-BIN-30,118.0,10,443.19,2026-07-02,2026-09-16,false
SKU-00171,Stretch Hood Film,CHEMICALS,SUP-087,LOC-002,WH-B-BIN-31,383.0kilogram,25,659.23,2026-04-11,,false
SKU-00172,Load Cell 500kg,ELECTRONICS,SUP-152,Warehouse S,WH-S-BIN-32,2.0 KG,,79.58,2026-02-01,,false
SKU-00173,Dock Bumpers Pair,FOOD_DRY,SUP-146,whse n,WH-N-BIN-33,5.0 KG,20,724.76,2026-04-07,Jan 25 2027,false
SKU-00175,Alha Wolf Pack,PACKAGING,SUP-037,LOC-009,WH-I-BIN-35,22.0kg,,419.90,2026-06-12,,false
SKU-00176,,MACHINERY_PARTS,SUP-199,LOC-013,WH-M-BIN-36,46.0,15,659.22,May 24 2026,,false
SKU-00177,Humidity Sensor Probe,PPE,SUP-177,Warehouse S,WH-S-BIN-37,184.0kg,40,689.86,22/06/2026,,false
SKU-00178,Pallet Strap Tool,CLEANING,SUP-063,LOC-001,WH-A-BIN-38,60.0kilogram,15,774.96,2026-05-01,,false
SKU-00179,Coolant Concentrate,MEDICAL,SUP-184,whse p,WH-P-BIN-39,81.0 KG,0,688.78,Mar 21 2026,,false
SKU-00181,,CHEMICALS,SUP-074,LOC-001,WH-A-BIN-41,339.0,30,456.71,2026-04-20,,true
SKU-00182,Hydraulic Hose 2in,ELECTRONICS,SUP-102,Warehouse D,WH-D-BIN-42,13.0 KG,20,745.79,May 09 2026,,false
SKU-00183,Industrial Solvent 5L,FOOD_DRY,SUP-034,whse g,WH-G-BIN-43,85.0,0,794.59,2026-03-11,2026-07-12,false
SKU-00185,Safety Gloves L,PACKAGING,SUP-025,Warehouse I,WH-I-BIN-45,4.0 KG,15,455.67,Apr 29 2026,,false
SKU-00187,Shrink Wrap Film Roll,PPE,SUP-140,LOC-011,WH-K-BIN-47,80.0kg,25,684.48,09/06/2026,11/02/2027,false
SKU-00188,Label Printer Ribbon,CLEANING,SUP-063,LOC-019,WH-S-BIN-48,472.0kilogram,20,296.46,Feb 18 2026,,false
SKU-00189,Dock Leveler Seal,MEDICAL,SUP-037,LOC-009,WH-I-BIN-49,347.0kg,40,452.55,22/03/2026,,false
SKU-00190,LED Warehouse Light,RAW_MATERIALS,SUP-151,LOC-004,WH-D-BIN-50,27.0,15,305.95,Jun 10 2026,,false
SKU-00191,Nitrile Gloves Box,CHEMICALS,SUP-095,LOC-006,WH-F-BIN-51,488.0kg,40,761.59,2026-04-10,,false
SKU-00192,,ELECTRONICS,SUP-062,LOC-005,WH-E-BIN-52,295.0kg,25,377.07,01/06/2026,,false
SKU-00194,Fire Extinguisher 4kg,FOOD_COLD,SUP-053,wh-r,WH-R-BIN-54,398.0kilogram,30,276.82,05/05/2026,,false
SKU-00195,PVC Pipe 50mm,PACKAGING,SUP-144,LOC-016,WH-P-BIN-55,403.0kg,0,715.43,2026-07-26,06/11/2026,false
SKU-00196,Rubber Gasket Set,MACHINERY_PARTS,SUP-117,LOC-003,WH-C-BIN-56,61.0kilogram,25,452.09,2026-04-29,2026-11-04,false
SKU-00198,Dust Mask N95 Pack,CLEANING,SUP-170,LOC-013,WH-M-BIN-58,312.0kg,,622.00,2026-02-10,,false
SKU-00199,Wooden Pallet Std,MEDICAL,SUP-072,LOC-007,WH-G-BIN-59,470.0kilogram,10,198.87,12/07/2026,,false
SKU-00201,Hand Truck,CHEMICALS,SUP-048,wh_g,WH-G-BIN-61,396.0 KG,15,346.08,2026-02-11,,false
SKU-00202,Spill Kit 20L,ELECTRONICS,SUP-147,LOC-015,WH-O-BIN-62,45.0kg,40,390.11,2026-05-26,,false
SKU-00203,Epoxy Resin 1L,FOOD_DRY,SUP-124,LOC-016,WH-P-BIN-63,4.0,,79.88,2026-02-11,,false
SKU-00206,Anti-Slip Tape Roll,MACHINERY_PARTS,SUP-131,LOC-008,WH-H-BIN-66,146.0kilogram,,140.39,Jul 26 2026,,false
SKU-00207,Welding Rod 3.2mm,PPE,SUP-165,wh-c,WH-C-BIN-67,248.0kilogram,30,497.46,May 03 2026,,false
SKU-00208,Compressed Air Hose,CLEANING,SUP-049,Warehouse H,WH-H-BIN-68,497.0kilogram,0,108.33,06/06/2026,,false
SKU-00209,First Aid Refill,MEDICAL,SUP-058,LOC-019,WH-S-BIN-69,5.0kilogram,30,611.81,30/03/2026,,false
SKU-00210,Racking Beam 2.4m,RAW_MATERIALS,SUP-198,LOC-015,WH-O-BIN-70,253.0kg,15,540.21,Jul 18 2026,,false
SKU-00211,Stretch Hood Film,CHEMICALS,SUP-028,wh-f,WH-F-BIN-71,431.0kg,40,150.99,05/07/2026,,false
SKU-00212,Load Cell 500kg,ELECTRONICS,SUP-135,LOC-010,WH-J-BIN-72,241.0 KG,20,153.30,02/06/2026,2027-03-11,false
SKU-00213,Dock Bumpers Pair,FOOD_DRY,SUP-102,LOC-019,WH-S-BIN-73,412.0 KG,40,405.39,May 15 2026,,false
SKU-00214,,FOOD_COLD,SUP-005,LOC-006,WH-F-BIN-74,403.0kilogram,0,266.32,04/02/2026,,false
SKU-00215,Battery Charger 24V,PACKAGING,SUP-198,LOC-019,WH-S-BIN-75,146.0kg,30,476.06,07/04/2026,,false
SKU-00217,Humidity Sensor Probe,PPE,SUP-148,LOC-013,WH-M-BIN-77,389.0kg,40,143.77,04/05/2026,,false
SKU-00218,Pallet Strap Tool,CLEANING,SUP-034,LOC-008,WH-H-BIN-78,21.0kg,40,66.81,14/04/2026,,false
SKU-00219,Coolant Concentrate,MEDICAL,SUP-152,LOC-016,WH-P-BIN-79,230.0kilogram,20,362.90,2026-02-10,,false
SKU-00220,,RAW_MATERIALS,SUP-134,LOC-003,WH-C-BIN-80,311.0kilogram,0,574.63,Jul 10 2026,,false
SKU-00221,Steel Bolt M8,CHEMICALS,SUP-147,LOC-008,WH-H-BIN-01,336.0kilogram,20,263.77,2026-03-03,,true
SKU-00222,Hydraulic Hose 2in,ELECTRONICS,SUP-030,wh_c,WH-C-BIN-02,306.0 KG,40,185.27,Feb 19 2026,,false
SKU-00225,Safety Gloves L,PACKAGING,SUP-072,LOC-020,WH-T-BIN-05,129.0kg,25,111.84,Feb 08 2026,,false
SKU-00226,,MACHINERY_PARTS,SUP-130,LOC-007,WH-G-BIN-06,318.0 KG,0,235.06,08/03/2026,,false
SKU-00227,Shrink Wrap Film Roll,PPE,SUP-127,Warehouse T,WH-T-BIN-07,257.0 KG,40,444.06,19/02/2026,,false
SKU-00228,Label Printer Ribbon,CLEANING,SUP-035,LOC-005,WH-E-BIN-08,42.0,10,20.55,23/07/2026,,false
SKU-00229,Dock Leveler Seal,MEDICAL,SUP-191,LOC-004,WH-D-BIN-09,111.0,20,334.14,Jul 16 2026,,false
SKU-00230,LED Warehouse Light,RAW_MATERIALS,SUP-047,LOC-013,WH-M-BIN-10,63.0kilogram,20,273.48,May 27 2026,,false
SKU-00231,Nitrile Gloves Box,CHEMICALS,SUP-197,LOC-019,WH-S-BIN-11,7.0 KG,24,628.03,Jul 27 2026,Aug 22 2027,false
SKU-00232,Pallet Jack Wheel,ELECTRONICS,SUP-001,LOC-001,WH-A-BIN-12,155.0kg,,388.03,2026-06-14,,false
SKU-00233,Barcode Scanner,FOOD_DRY,SUP-041,LOC-009,WH-I-BIN-13,109.0 KG,40,513.61,03/02/2026,,false
SKU-00234,Fire Extinguisher 4kg,FOOD_COLD,SUP-101,LOC-019,WH-S-BIN-14,198.0 KG,25,653.26,10/06/2026,2027-01-29,false
SKU-00235,PVC Pipe 50mm,PACKAGING,SUP-089,LOC-002,WH-B-BIN-15,8.0kg,10,53.03,Feb 13 2026,15/02/2027,false
SKU-00236,Rubber Gasket Set,MACHINERY_PARTS,SUP-066,LOC-007,WH-G-BIN-16,408.0,,755.75,03/04/2026,,false
SKU-00237,Cable Tie Assorted,PPE,SUP-173,Warehouse L,WH-L-BIN-17,368.0 KG,25,202.05,27/06/2026,,false
SKU-00238,Dust Mask N95 Pack,CLEANING,SUP-197,wh_m,WH-M-BIN-18,292.0kilogram,20,167.04,Jul 13 2026,,false
SKU-00239,Wooden Pallet Std,MEDICAL,SUP-077,LOC-001,WH-A-BIN-19,351.0kg,40,377.31,2026-03-30,30/08/2026,false
SKU-00240,Steel Shelving Unit,RAW_MATERIALS,SUP-162,LOC-003,WH-C-BIN-20,33.0,40,70.10,2026-02-11,29/03/2027,false
SKU-00242,Spill Kit 20L,ELECTRONICS,SUP-124,LOC-002,WH-B-BIN-22,155.0,0,566.97,Apr 16 2026,,false
SKU-00243,Epoxy Resin 1L,FOOD_DRY,SUP-196,wh_t,WH-T-BIN-23,446.0 KG,25,635.34,07/07/2026,,false
SKU-00245,Temperature Logger,PACKAGING,SUP-075,LOC-006,WH-F-BIN-25,137.0,0,525.83,29/05/2026,,false
SKU-00246,Anti-Slip Tape Roll,MACHINERY_PARTS,SUP-056,Warehouse B,WH-B-BIN-26,198.0kg,15,791.16,Mar 06 2026,,false
SKU-00247,Welding Rod 3.2mm,PPE,SUP-184,LOC-012,WH-L-BIN-27,472.0kilogram,15,582.66,Apr 24 2026,,false
SKU-00248,,CLEANING,SUP-053,WH-P,WH-P-BIN-28,18.0kilogram,20,597.40,2026-02-11,,false
SKU-00249,First Aid Refill,MEDICAL,SUP-046,LOC-016,WH-P-BIN-29,372.0kilogram,30,649.73,Apr 23 2026,,false
SKU-00250,,RAW_MATERIALS,SUP-186,LOC-009,WH-I-BIN-30,403.0kg,25,148.36,25/04/2026,,false
SKU-00251,Stretch Hood Film,CHEMICALS,SUP-067,LOC-003,WH-C-BIN-31,377.0kilogram,30,525.70,09/02/2026,,false
SKU-00252,,ELECTRONICS,SUP-198,LOC-004,WH-D-BIN-32,15.0 KG,30,559.03,26/05/2026,,false
SKU-00253,Dock Bumpers Pair,FOOD_DRY,SUP-149,LOC-008,WH-H-BIN-33,6.0,12,669.80,Apr 21 2026,,false
SKU-00254,Floor Marking Paint,FOOD_COLD,SUP-056,wh-m,WH-M-BIN-34,51.0 KG,10,569.38,Jun 30 2026,Nov 12 2026,false
SKU-00255,Battery Charger 24V,PACKAGING,SUP-092,LOC-002,WH-B-BIN-35,59.0,40,370.93,2026-02-15,May 18 2027,false
SKU-00256,,MACHINERY_PARTS,SUP-077,LOC-002,WH-B-BIN-36,485.0 KG,0,292.43,10/06/2026,30/07/2027,false
SKU-00257,Humidity Sensor Probe,PPE,SUP-192,WH-P,WH-P-BIN-37,363.0kilogram,40,293.18,20/06/2026,,false
SKU-00258,Pallet Strap Tool,CLEANING,SUP-161,LOC-016,WH-P-BIN-38,411.0kg,15,599.94,Apr 21 2026,,false
SKU-00259,Coolant Concentrate,MEDICAL,SUP-118,LOC-015,WH-O-BIN-39,12.0,25,474.99,2026-07-21,,false
SKU-00260,Wheel Chock Rubber,RAW_MATERIALS,SUP-023,LOC-016,WH-P-BIN-40,375.0kg,,487.97,2026-02-27,,false
SKU-00261,Steel Bolt M8,CHEMICALS,SUP-084,LOC-004,WH-D-BIN-41,380.0,20,752.74,2026-07-28,,true
SKU-00263,Industrial Solvent 5L,FOOD_DRY,SUP-056,LOC-008,WH-H-BIN-43,376.0 KG,0,314.09,2026-03-06,Nov 03 2026,false
SKU-00264,Forklift Battery 24V,FOOD_COLD,SUP-121,LOC-007,WH-G-BIN-44,154.0 KG,0,348.78,2026-03-13,Jan 04 2027,false
SKU-00266,Conveyor Belt Patch,MACHINERY_PARTS,SUP-093,LOC-003,WH-C-BIN-46,5.0kilogram,,792.68,18/03/2026,,false
SKU-00267,Shrink Wrap Film Roll,PPE,SUP-045,LOC-009,WH-I-BIN-47,340.0kg,,283.85,2026-04-16,28/06/2027,false
SKU-00268,Label Printer Ribbon,CLEANING,SUP-122,LOC-003,WH-C-BIN-48,361.0kilogram,25,447.26,2026-06-20,,false
SKU-00269,,MEDICAL,SUP-057,LOC-005,WH-E-BIN-49,208.0kg,40,259.88,2026-03-27,2027-06-05,false
SKU-00270,LED Warehouse Light,RAW_MATERIALS,SUP-112,whse a,WH-A-BIN-50,29.0kg,15,438.46,2026-06-15,,false
SKU-00271,Nitrile Gloves Box,CHEMICALS,SUP-058,wh_t,WH-T-BIN-51,140.0kg,,422.67,2026-03-25,11/04/2027,true
SKU-00272,Pallet Jack Wheel,ELECTRONICS,SUP-090,wh_g,WH-G-BIN-52,483.0,0,388.57,Jun 20 2026,,false
SKU-00273,Barcode Scanner,FOOD_DRY,SUP-135,LOC-014,WH-N-BIN-53,178.0 KG,40,331.06,2026-02-07,,false
SKU-00274,,FOOD_COLD,SUP-083,WH-L,WH-L-BIN-54,252.0 KG,10,197.82,2026-07-28,,false
SKU-00275,PVC Pipe 50mm,PACKAGING,SUP-141,LOC-004,WH-D-BIN-55,391.0 KG,20,41.20,Mar 14 2026,,false
SKU-00276,Rubber Gasket Set,MACHINERY_PARTS,SUP-081,LOC-016,WH-P-BIN-56,398.0 KG,25,281.79,24/07/2026,,false
SKU-00277,Cable Tie Assorted,PPE,SUP-139,LOC-011,WH-K-BIN-57,9.0,10,450.49,2026-02-16,2026-08-30,false
SKU-00278,Dust Mask N95 Pack,CLEANING,SUP-175,wh-r,WH-R-BIN-58,235.0,0,773.03,2026-05-27,,false
SKU-00279,Wooden Pallet Std,MEDICAL,SUP-112,LOC-016,WH-P-BIN-59,321.0,10,618.01,2026-03-12,,false
SKU-00280,Steel Shelving Unit,RAW_MATERIALS,SUP-097,whse n,WH-N-BIN-60,444.0kilogram,15,312.15,07/05/2026,,false
SKU-00281,,CHEMICALS,SUP-057,LOC-008,WH-H-BIN-61,173.0,15,595.52,2026-04-17,,false
SKU-00282,Spill Kit 20L,ELECTRONICS,SUP-123,whse g,WH-G-BIN-62,477.0kg,30,345.46,2026-06-17,Aug 19 2027,false
SKU-00283,Epoxy Resin 1L,FOOD_DRY,SUP-030,LOC-017,WH-Q-BIN-63,1.0kg,30,233.56,12/03/2026,2027-05-05,false
SKU-00284,Chain Block 1T,FOOD_COLD,SUP-063,LOC-016,WH-P-BIN-64,6.0kg,20,8.92,Feb 18 2026,Jan 25 2027,false
SKU-00285,Temperature Logger,PACKAGING,SUP-065,Warehouse A,WH-A-BIN-65,86.0,25,691.71,2026-02-16,,false
SKU-00286,Anti-Slip Tape Roll,MACHINERY_PARTS,SUP-110,Warehouse S,WH-S-BIN-66,6.0kg,,390.48,2026-05-31,,false
SKU-00287,,PPE,SUP-097,LOC-014,WH-N-BIN-67,312.0kg,,255.03,01/07/2026,,false
SKU-00288,Compressed Air Hose,CLEANING,SUP-143,LOC-020,WH-T-BIN-68,244.0kg,10,577.12,22/04/2026,,false
SKU-00289,,MEDICAL,SUP-094,wh-n,WH-N-BIN-69,334.0,15,281.36,06/04/2026,,false
SKU-00291,,CHEMICALS,SUP-175,LOC-020,WH-T-BIN-71,197.0kilogram,,363.24,2026-05-29,,true
SKU-00292,Load Cell 500kg,ELECTRONICS,SUP-138,WH-T,WH-T-BIN-72,154.0,,481.54,Apr 22 2026,,false
SKU-00293,Dock Bumpers Pair,FOOD_DRY,SUP-112,wh-c,WH-C-BIN-73,452.0 KG,,202.28,Mar 30 2026,2027-05-02,false
SKU-00294,Floor Marking Paint,FOOD_COLD,SUP-072,WH-P,WH-P-BIN-74,244.0kg,15,407.06,2026-03-21,2026-12-21,false
SKU-00295,,PACKAGING,SUP-114,LOC-015,WH-O-BIN-75,216.0,20,66.94,2026-03-12,13/07/2027,false
SKU-00296,Mesh Security Cage,MACHINERY_PARTS,SUP-133,LOC-019,WH-S-BIN-76,190.0kg,25,535.71,04/06/2026,,false
SKU-00297,Humidity Sensor Probe,PPE,SUP-188,Warehouse E,WH-E-BIN-77,436.0kilogram,15,24.72,15/07/2026,,false
SKU-00298,Pallet Strap Tool,CLEANING,SUP-151,LOC-011,WH-K-BIN-78,183.0,10,351.64,2026-04-24,,false
SKU-00299,,MEDICAL,SUP-141,WH-K,WH-K-BIN-79,19.0,20,223.24,2026-06-13,22/12/2026,false
SKU-00300,Wheel Chock Rubber,RAW_MATERIALS,SUP-105,LOC-010,WH-J-BIN-80,460.0 KG,15,84.31,2026-06-26,,false
SKU-00302,Hydraulic Hose 2in,ELECTRONICS,SUP-064,LOC-008,WH-H-BIN-02,416.0 KG,10,190.92,Apr 26 2026,,false
SKU-00303,Industrial Solvent 5L,FOOD_DRY,SUP-183,LOC-007,WH-G-BIN-03,333.0kilogram,20,725.66,2026-03-03,,false
SKU-00304,Forklift Battery 24V,FOOD_COLD,SUP-006,whse r,WH-R-BIN-04,222.0kg,30,584.73,30/06/2026,Dec 03 2026,false
SKU-00307,,PPE,SUP-144,LOC-016,WH-P-BIN-07,411.0 KG,25,404.39,11/03/2026,,false
SKU-00311,,CHEMICALS,SUP-013,LOC-008,WH-H-BIN-11,497.0kg,30,650.74,2026-05-28,Jul 24 2027,false
SKU-00314,Fire Extinguisher 4kg,FOOD_COLD,SUP-169,LOC-016,WH-P-BIN-14,275.0,30,269.31,28/07/2026,,false
SKU-00315,PVC Pipe 50mm,PACKAGING,SUP-176,Warehouse B,WH-B-BIN-15,169.0kg,,39.00,2026-06-25,,false
SKU-00316,,MACHINERY_PARTS,SUP-103,LOC-020,WH-T-BIN-16,332.0kg,15,776.68,24/07/2026,,false
SKU-00317,Cable Tie Assorted,PPE,SUP-005,LOC-003,WH-C-BIN-17,333.0,25,325.00,23/06/2026,13/11/2026,false
SKU-00318,Dust Mask N95 Pack,CLEANING,SUP-133,Warehouse O,WH-O-BIN-18,196.0kilogram,15,497.68,2026-02-09,Feb 16 2027,false
SKU-00319,Wooden Pallet Std,MEDICAL,SUP-189,LOC-003,WH-C-BIN-19,237.0kg,20,256.95,Mar 03 2026,Apr 13 2027,false
SKU-00320,Steel Shelving Unit,RAW_MATERIALS,SUP-198,wh-r,WH-R-BIN-20,423.0 KG,40,510.73,Mar 11 2026,,false
SKU-00321,Hand Truck,CHEMICALS,SUP-184,LOC-003,WH-C-BIN-21,422.0 KG,30,537.14,23/03/2026,,false
SKU-00322,Spill Kit 20L,ELECTRONICS,SUP-002,LOC-010,WH-J-BIN-22,188.0kg,25,553.16,Jul 30 2026,,false
SKU-00323,Epoxy Resin 1L,FOOD_DRY,SUP-051,WH-L,WH-L-BIN-23,220.0kg,40,115.26,2026-03-19,,false
SKU-00324,Chain Block 1T,FOOD_COLD,SUP-159,LOC-007,WH-G-BIN-24,37.0 KG,20,779.05,02/05/2026,,false
SKU-00325,Temperature Logger,PACKAGING,SUP-049,LOC-003,WH-C-BIN-25,43.0kg,0,146.97,28/06/2026,,false
SKU-00326,Anti-Slip Tape Roll,MACHINERY_PARTS,SUP-028,wh_r,WH-R-BIN-26,218.0 KG,20,625.55,2026-06-14,,false
SKU-00327,Welding Rod 3.2mm,PPE,SUP-134,LOC-016,WH-P-BIN-27,134.0kg,,446.28,Jun 21 2026,,false
SKU-00328,Compressed Air Hose,CLEANING,SUP-074,LOC-004,WH-D-BIN-28,6.0kg,,384.60,30/07/2026,2026-10-21,false
SKU-00329,First Aid Refill,MEDICAL,SUP-177,wh_n,WH-N-BIN-29,9.0,15,174.17,2026-04-17,,false
SKU-00330,,RAW_MATERIALS,SUP-067,Warehouse R,WH-R-BIN-30,491.0 KG,40,341.19,2026-03-20,,false
SKU-00332,Load Cell 500kg,ELECTRONICS,SUP-042,WH-O,WH-O-BIN-32,294.0kg,15,332.18,2026-04-19,,false
SKU-00333,Dock Bumpers Pair,FOOD_DRY,SUP-124,LOC-016,WH-P-BIN-33,498.0kg,20,628.16,2026-05-08,,false
SKU-00334,Floor Marking Paint,FOOD_COLD,SUP-026,wh_j,WH-J-BIN-34,21.0 KG,,511.77,Apr 08 2026,,false
SKU-00336,Mesh Security Cage,MACHINERY_PARTS,SUP-091,LOC-005,WH-E-BIN-36,6.0kg,10,642.85,16/03/2026,,false
SKU-00337,Humidity Sensor Probe,PPE,SUP-189,wh-t,WH-T-BIN-37,21.0 KG,30,257.49,08/05/2026,,false
SKU-00338,Pallet Strap Tool,CLEANING,SUP-115,LOC-017,WH-Q-BIN-38,128.0kg,15,605.35,01/04/2026,,false
SKU-00340,Wheel Chock Rubber,RAW_MATERIALS,SUP-006,Warehouse Q,WH-Q-BIN-40,167.0,15,70.35,2026-07-15,23/01/2027,false
SKU-00341,Steel Bolt M8,CHEMICALS,SUP-189,wh-o,WH-O-BIN-41,175.0,0,12.99,09/02/2026,12/03/2027,true
SKU-00342,Hydraulic Hose 2in,ELECTRONICS,SUP-023,Warehouse D,WH-D-BIN-42,345.0kilogram,20,350.51,01/06/2026,,false
SKU-00343,Industrial Solvent 5L,FOOD_DRY,SUP-005,LOC-010,WH-J-BIN-43,161.0,40,37.94,20/07/2026,,false
SKU-00344,Forklift Battery 24V,FOOD_COLD,SUP-086,whse j,WH-J-BIN-44,21.0kg,30,111.95,Feb 20 2026,,false
SKU-00345,Safety Gloves L,PACKAGING,SUP-006,LOC-016,WH-P-BIN-45,467.0,25,31.64,14/02/2026,,false
SKU-00347,Shrink Wrap Film Roll,PPE,SUP-079,LOC-020,WH-T-BIN-47,143.0,30,591.80,2026-02-14,,false
SKU-00348,Label Printer Ribbon,CLEANING,SUP-011,LOC-017,WH-Q-BIN-48,135.0 KG,40,450.81,18/04/2026,,false
SKU-00349,Dock Leveler Seal,MEDICAL,SUP-125,LOC-010,WH-J-BIN-49,6.0,15,408.97,2026-07-06,,false
SKU-00350,LED Warehouse Light,RAW_MATERIALS,SUP-010,LOC-016,WH-P-BIN-50,393.0,30,626.31,May 16 2026,,false
SKU-00351,Nitrile Gloves Box,CHEMICALS,SUP-067,LOC-006,WH-F-BIN-51,351.0 KG,20,505.28,Apr 17 2026,,false
SKU-00352,Pallet Jack Wheel,ELECTRONICS,SUP-172,Warehouse H,WH-H-BIN-52,38.0 KG,,209.36,Jun 06 2026,,false
SKU-00353,Barcode Scanner,FOOD_DRY,SUP-182,Warehouse S,WH-S-BIN-53,29.0kilogram,,721.95,Mar 12 2026,,false
SKU-00354,Fire Extinguisher 4kg,FOOD_COLD,SUP-189,LOC-018,WH-R-BIN-54,273.0,25,85.38,Jul 28 2026,,false
SKU-00355,PVC Pipe 50mm,PACKAGING,SUP-097,wh-s,WH-S-BIN-55,398.0,10,402.57,Apr 07 2026,,false
SKU-00356,Rubber Gasket Set,MACHINERY_PARTS,SUP-019,LOC-007,WH-G-BIN-56,19.0kilogram,,94.33,20/04/2026,,false
SKU-00357,Cable Tie Assorted,PPE,SUP-137,WH-N,WH-N-BIN-57,72.0kilogram,30,437.37,2026-04-24,2027-07-16,false
SKU-00358,Dust Mask N95 Pack,CLEANING,SUP-028,LOC-020,WH-T-BIN-58,112.0kilogram,40,82.72,May 27 2026,,false
SKU-00359,Wooden Pallet Std,MEDICAL,SUP-067,LOC-011,WH-K-BIN-59,217.0 KG,25,186.84,21/06/2026,,false
SKU-00360,Steel Shelving Unit,RAW_MATERIALS,SUP-057,wh-l,WH-L-BIN-60,13.0,,363.04,Jun 16 2026,,false
SKU-00361,Hand Truck,CHEMICALS,SUP-194,Warehouse F,WH-F-BIN-61,201.0kg,30,511.82,12/05/2026,,false
SKU-00362,Spill Kit 20L,ELECTRONICS,SUP-010,whse l,WH-L-BIN-62,50.0kg,,494.28,06/04/2026,,false
SKU-00363,Epoxy Resin 1L,FOOD_DRY,SUP-120,Warehouse D,WH-D-BIN-63,353.0kilogram,15,619.66,06/07/2026,,false
SKU-00364,,FOOD_COLD,SUP-010,LOC-014,WH-N-BIN-64,108.0kg,20,67.82,2026-05-27,,false
SKU-00365,Temperature Logger,PACKAGING,SUP-023,LOC-015,WH-O-BIN-65,9.0,,85.62,13/06/2026,,false
SKU-00366,Anti-Slip Tape Roll,MACHINERY_PARTS,SUP-067,wh-n,WH-N-BIN-66,196.0kg,20,507.03,Feb 27 2026,,false
SKU-00367,Welding Rod 3.2mm,PPE,SUP-190,LOC-014,WH-N-BIN-67,166.0kg,30,70.88,08/02/2026,,false
SKU-00368,Compressed Air Hose,CLEANING,SUP-030,LOC-019,WH-S-BIN-68,132.0,0,447.05,2026-05-26,,false
SKU-00369,First Aid Refill,MEDICAL,SUP-130,LOC-020,WH-T-BIN-69,444.0kilogram,25,648.85,11/06/2026,2026-12-04,false
SKU-00370,Racking Beam 2.4m,RAW_MATERIALS,SUP-064,LOC-015,WH-O-BIN-70,220.0,30,251.34,2026-06-16,,false
SKU-00371,,CHEMICALS,SUP-172,LOC-016,WH-P-BIN-71,21.0kilogram,25,528.60,30/06/2026,,true
SKU-00372,Load Cell 500kg,ELECTRONICS,SUP-196,LOC-009,WH-I-BIN-72,21.0 KG,20,100.93,May 01 2026,,false
SKU-00373,Dock Bumpers Pair,FOOD_DRY,SUP-073,LOC-007,WH-G-BIN-73,186.0,15,446.48,Jun 24 2026,,false
SKU-00374,,FOOD_COLD,SUP-185,LOC-014,WH-N-BIN-74,9.0,15,100.06,2026-02-04,,false
SKU-00375,,PACKAGING,SUP-089,LOC-012,WH-L-BIN-75,6.0,10,107.75,Feb 20 2026,,false
SKU-00376,Mesh Security Cage,MACHINERY_PARTS,SUP-198,wh-l,WH-L-BIN-76,463.0kg,,722.29,Mar 24 2026,Mar 23 2027,false
SKU-00377,Humidity Sensor Probe,PPE,SUP-131,WH-B,WH-B-BIN-77,351.0kilogram,20,558.30,Apr 09 2026,,false
SKU-00378,Pallet Strap Tool,CLEANING,SUP-121,LOC-006,WH-F-BIN-78,97.0 KG,10,554.43,Jun 13 2026,Sep 15 2026,false
SKU-00379,Coolant Concentrate,MEDICAL,SUP-055,wh_t,WH-T-BIN-79,291.0kg,25,200.09,17/04/2026,,false
SKU-00380,Wheel Chock Rubber,RAW_MATERIALS,SUP-041,LOC-016,WH-P-BIN-80,146.0kilogram,25,102.05,2026-04-07,,false
SKU-00381,Steel Bolt M8,CHEMICALS,SUP-113,LOC-014,WH-N-BIN-01,242.0kilogram,20,406.27,22/03/2026,,false
SKU-00382,Hydraulic Hose 2in,ELECTRONICS,SUP-163,LOC-019,WH-S-BIN-02,169.0kilogram,,358.19,2026-04-04,,false
SKU-00383,Industrial Solvent 5L,FOOD_DRY,SUP-150,LOC-010,WH-J-BIN-03,97.0kg,40,486.46,Jun 11 2026,,false
SKU-00384,Forklift Battery 24V,FOOD_COLD,SUP-052,LOC-003,WH-C-BIN-04,270.0,,127.27,2026-04-18,,false
SKU-00386,Conveyor Belt Patch,MACHINERY_PARTS,SUP-182,LOC-009,WH-I-BIN-06,329.0,0,265.61,2026-04-18,16/08/2027,false
SKU-00387,Shrink Wrap Film Roll,PPE,SUP-113,LOC-014,WH-N-BIN-07,276.0 KG,40,62.36,2026-06-29,Dec 05 2026,false
SKU-00388,Label Printer Ribbon,CLEANING,SUP-028,LOC-007,WH-G-BIN-08,250.0,,243.32,Jun 07 2026,,false
SKU-00389,Dock Leveler Seal,MEDICAL,SUP-175,LOC-018,WH-R-BIN-09,4.0kg,30,636.80,Feb 10 2026,,false
SKU-00390,LED Warehouse Light,RAW_MATERIALS,SUP-132,LOC-004,WH-D-BIN-10,73.0 KG,10,654.61,Jun 20 2026,,false
SKU-00391,Nitrile Gloves Box,CHEMICALS,SUP-109,WH-H,WH-H-BIN-11,2.0kilogram,15,179.22,17/03/2026,,false
SKU-00392,Pallet Jack Wheel,ELECTRONICS,SUP-165,LOC-020,WH-T-BIN-12,207.0kg,0,222.27,Feb 09 2026,27/02/2027,false
SKU-00393,Barcode Scanner,FOOD_DRY,SUP-145,LOC-008,WH-H-BIN-13,298.0kilogram,25,198.36,2026-07-08,,false
SKU-00394,,FOOD_COLD,SUP-149,LOC-011,WH-K-BIN-14,7.0,23,677.13,31/05/2026,2027-04-02,false
SKU-00395,PVC Pipe 50mm,PACKAGING,SUP-091,LOC-013,WH-M-BIN-15,168.0,10,329.50,2026-02-13,,false
SKU-00396,,MACHINERY_PARTS,SUP-037,LOC-006,WH-F-BIN-16,461.0kg,20,484.89,Jun 23 2026,,false
SKU-00397,Cable Tie Assorted,PPE,SUP-027,whse k,WH-K-BIN-17,420.0,40,695.32,12/04/2026,,false
SKU-00398,Dust Mask N95 Pack,CLEANING,SUP-199,Warehouse D,WH-D-BIN-18,7.0,15,424.43,22/07/2026,Sep 29 2026,false
SKU-00399,Wooden Pallet Std,MEDICAL,SUP-083,whse c,WH-C-BIN-19,265.0kg,0,398.14,Feb 14 2026,,false
SKU-00400,Steel Shelving Unit,RAW_MATERIALS,SUP-102,LOC-001,WH-A-BIN-20,383.0kg,15,799.07,30/03/2026,14/06/2027,false
SKU-00401,Hand Truck,CHEMICALS,SUP-048,LOC-012,WH-L-BIN-21,236.0,0,300.59,Mar 16 2026,,true
SKU-00403,,FOOD_DRY,SUP-143,Warehouse M,WH-M-BIN-23,364.0,0,355.13,Jun 03 2026,20/09/2026,false
SKU-00404,Chain Block 1T,FOOD_COLD,SUP-051,LOC-016,WH-P-BIN-24,289.0kilogram,10,738.98,2026-06-10,,false
SKU-00405,Temperature Logger,PACKAGING,SUP-005,LOC-019,WH-S-BIN-25,3.0,,274.35,2026-02-10,Sep 25 2026,false
SKU-00406,Anti-Slip Tape Roll,MACHINERY_PARTS,SUP-046,wh_m,WH-M-BIN-26,1.0 KG,25,787.99,2026-05-19,,false
SKU-00407,Welding Rod 3.2mm,PPE,SUP-074,LOC-016,WH-P-BIN-27,442.0,30,499.71,2026-03-16,,false
SKU-00408,Compressed Air Hose,CLEANING,SUP-158,LOC-017,WH-Q-BIN-28,52.0 KG,15,427.29,2026-05-07,,false
SKU-00409,First Aid Refill,MEDICAL,SUP-040,LOC-006,WH-F-BIN-29,421.0 KG,30,363.90,2026-02-07,20/06/2027,false
SKU-00410,Racking Beam 2.4m,RAW_MATERIALS,SUP-198,LOC-006,WH-F-BIN-30,10.0 KG,20,683.09,2026-05-28,,false
SKU-00411,Stretch Hood Film,CHEMICALS,SUP-176,LOC-018,WH-R-BIN-31,477.0,0,295.53,2026-05-31,,false
SKU-00413,Dock Bumpers Pair,FOOD_DRY,SUP-080,wh_m,WH-M-BIN-33,327.0kilogram,20,47.83,2026-02-19,,false
SKU-00414,Floor Marking Paint,FOOD_COLD,SUP-045,LOC-019,WH-S-BIN-34,158.0 KG,40,789.62,Mar 19 2026,2027-03-28,false
SKU-00415,Battery Charger 24V,PACKAGING,SUP-123,LOC-008,WH-H-BIN-35,199.0,0,293.67,Jul 26 2026,,false
SKU-00416,Mesh Security Cage,MACHINERY_PARTS,SUP-087,LOC-009,WH-I-BIN-36,144.0kilogram,30,12.86,Mar 25 2026,,false
SKU-00417,Humidity Sensor Probe,PPE,SUP-009,LOC-015,WH-O-BIN-37,7.0kilogram,30,77.80,11/07/2026,2026-11-12,false
SKU-00418,Pallet Strap Tool,CLEANING,SUP-197,LOC-008,WH-H-BIN-38,320.0,,169.16,2026-07-02,06/12/2026,false
SKU-00419,,MEDICAL,SUP-173,LOC-012,WH-L-BIN-39,317.0,25,68.55,2026-04-18,2026-09-23,false
SKU-00420,Wheel Chock Rubber,RAW_MATERIALS,SUP-024,whse a,WH-A-BIN-40,366.0kilogram,,7.69,2026-04-10,,false
SKU-00421,Steel Bolt M8,CHEMICALS,SUP-045,LOC-006,WH-F-BIN-41,4.0kg,12,595.11,Jun 27 2026,,false
SKU-00422,Hydraulic Hose 2in,ELECTRONICS,SUP-059,LOC-013,WH-M-BIN-42,79.0,15,723.50,21/06/2026,,false
SKU-00423,Industrial Solvent 5L,FOOD_DRY,SUP-027,wh-g,WH-G-BIN-43,52.0kilogram,10,98.62,Mar 03 2026,,false
SKU-00424,Forklift Battery 24V,FOOD_COLD,SUP-082,LOC-010,WH-J-BIN-44,491.0,25,483.77,2026-02-17,Oct 25 2026,false
SKU-00426,Conveyor Belt Patch,MACHINERY_PARTS,SUP-142,LOC-001,WH-A-BIN-46,326.0kilogram,10,331.63,2026-04-09,Feb 16 2027,false
SKU-00427,Shrink Wrap Film Roll,PPE,SUP-164,LOC-008,WH-H-BIN-47,100.0kg,20,293.11,2026-04-27,,false
SKU-00428,Label Printer Ribbon,CLEANING,SUP-121,Warehouse C,WH-C-BIN-48,241.0 KG,0,193.37,Jul 23 2026,Oct 25 2026,false
SKU-00429,Dock Leveler Seal,MEDICAL,SUP-181,wh_e,WH-E-BIN-49,432.0 KG,15,606.16,Mar 30 2026,,false
SKU-00430,,RAW_MATERIALS,SUP-014,LOC-004,WH-D-BIN-50,232.0kilogram,25,136.49,04/03/2026,,false
SKU-00432,,ELECTRONICS,SUP-115,whse l,WH-L-BIN-52,247.0kg,25,464.82,2026-04-27,,false
SKU-00433,Barcode Scanner,FOOD_DRY,SUP-022,LOC-016,WH-P-BIN-53,5.0 KG,25,691.27,2026-02-21,,false
SKU-00435,PVC Pipe 50mm,PACKAGING,SUP-042,LOC-012,WH-L-BIN-55,82.0,25,730.32,21/02/2026,,false
SKU-00436,,MACHINERY_PARTS,SUP-153,LOC-017,WH-Q-BIN-56,4.0kg,13,86.50,2026-07-01,,false
SKU-00437,Cable Tie Assorted,PPE,SUP-018,LOC-003,WH-C-BIN-57,103.0kg,20,561.97,2026-03-24,26/01/2027,false
SKU-00438,,CLEANING,SUP-094,Warehouse J,WH-J-BIN-58,233.0,20,748.32,2026-04-08,09/08/2027,false
SKU-00439,Wooden Pallet Std,MEDICAL,SUP-190,whse c,WH-C-BIN-59,478.0kg,25,75.74,Jul 30 2026,,false
SKU-00440,Steel Shelving Unit,RAW_MATERIALS,SUP-103,LOC-014,WH-N-BIN-60,184.0kilogram,30,524.41,2026-03-14,,false
SKU-00441,,CHEMICALS,SUP-122,LOC-012,WH-L-BIN-61,17.0,40,520.32,2026-07-07,2026-10-31,false
SKU-00442,Spill Kit 20L,ELECTRONICS,SUP-023,wh_m,WH-M-BIN-62,34.0kg,25,92.46,2026-02-08,17/09/2026,false
SKU-00443,Epoxy Resin 1L,FOOD_DRY,SUP-116,whse e,WH-E-BIN-63,292.0kilogram,15,505.91,2026-02-14,24/05/2027,false
SKU-00444,Chain Block 1T,FOOD_COLD,SUP-117,LOC-003,WH-C-BIN-64,35.0 KG,,377.16,24/04/2026,,false
SKU-00445,Temperature Logger,PACKAGING,SUP-109,LOC-012,WH-L-BIN-65,19.0 KG,20,744.05,May 10 2026,28/07/2027,false
SKU-00446,Anti-Slip Tape Roll,MACHINERY_PARTS,SUP-034,LOC-010,WH-J-BIN-66,224.0kilogram,0,698.77,2026-03-11,,false
SKU-00447,Welding Rod 3.2mm,PPE,SUP-075,LOC-005,WH-E-BIN-67,82.0kilogram,10,218.45,Feb 04 2026,,false
SKU-00448,Compressed Air Hose,CLEANING,SUP-078,LOC-006,WH-F-BIN-68,382.0 KG,40,204.28,Mar 31 2026,Oct 31 2026,false
SKU-00451,Stretch Hood Film,CHEMICALS,SUP-071,LOC-005,WH-E-BIN-71,4.0kilogram,11,715.86,2026-05-16,,true
SKU-00453,Dock Bumpers Pair,FOOD_DRY,SUP-131,Warehouse N,WH-N-BIN-73,17.0 KG,,753.24,May 02 2026,,false
SKU-00455,Battery Charger 24V,PACKAGING,SUP-158,Warehouse K,WH-K-BIN-75,141.0,15,313.95,Jun 23 2026,,false
SKU-00456,,MACHINERY_PARTS,SUP-193,LOC-003,WH-C-BIN-76,166.0kilogram,25,609.48,2026-06-01,,false
SKU-00458,,CLEANING,SUP-149,LOC-009,WH-I-BIN-78,1.0 KG,20,231.82,Jul 06 2026,,false
SKU-00460,Wheel Chock Rubber,RAW_MATERIALS,SUP-058,LOC-004,WH-D-BIN-80,365.0 KG,40,708.07,30/05/2026,,false
SKU-00461,Steel Bolt M8,CHEMICALS,SUP-194,LOC-004,WH-D-BIN-01,26.0,,678.57,2026-07-19,,false
SKU-00462,Hydraulic Hose 2in,ELECTRONICS,SUP-110,LOC-018,WH-R-BIN-02,447.0kg,30,598.66,Jul 17 2026,,false
SKU-00463,Industrial Solvent 5L,FOOD_DRY,SUP-143,LOC-004,WH-D-BIN-03,412.0kg,0,220.88,2026-02-02,,false
SKU-00464,Forklift Battery 24V,FOOD_COLD,SUP-163,LOC-011,WH-K-BIN-04,162.0 KG,0,670.58,May 30 2026,,false
SKU-00465,Safety Gloves L,PACKAGING,SUP-069,LOC-008,WH-H-BIN-05,134.0kilogram,40,523.12,25/02/2026,,false
SKU-00466,Conveyor Belt Patch,MACHINERY_PARTS,SUP-064,LOC-016,WH-P-BIN-06,408.0kilogram,25,342.40,2026-04-29,Aug 05 2027,false
SKU-00467,Shrink Wrap Film Roll,PPE,SUP-093,LOC-005,WH-E-BIN-07,8.0kilogram,20,636.54,2026-06-06,Sep 01 2026,false
SKU-00468,Label Printer Ribbon,CLEANING,SUP-005,LOC-016,WH-P-BIN-08,486.0,10,497.86,Mar 10 2026,,false
SKU-00469,Dock Leveler Seal,MEDICAL,SUP-179,LOC-019,WH-S-BIN-09,157.0,25,288.06,Mar 08 2026,,false
SKU-00470,LED Warehouse Light,RAW_MATERIALS,SUP-084,whse a,WH-A-BIN-10,423.0kg,40,387.51,06/03/2026,25/02/2027,false
SKU-00471,Nitrile Gloves Box,CHEMICALS,SUP-129,WH-E,WH-E-BIN-11,291.0,,313.68,2026-03-23,,true
SKU-00472,Pallet Jack Wheel,ELECTRONICS,SUP-190,LOC-007,WH-G-BIN-12,330.0kg,30,341.96,18/02/2026,2026-10-08,false
SKU-00473,Barcode Scanner,FOOD_DRY,SUP-024,LOC-004,WH-D-BIN-13,197.0kilogram,30,577.41,Feb 18 2026,Aug 18 2027,false
SKU-00474,Fire Extinguisher 4kg,FOOD_COLD,SUP-046,LOC-013,WH-M-BIN-14,269.0kg,40,489.91,22/03/2026,,false
SKU-00475,,PACKAGING,SUP-189,WH-R,WH-R-BIN-15,33.0kilogram,40,73.05,Jun 29 2026,,false
SKU-00477,Cable Tie Assorted,PPE,SUP-118,LOC-004,WH-D-BIN-17,190.0kilogram,30,120.52,2026-06-19,,false
SKU-00478,Dust Mask N95 Pack,CLEANING,SUP-062,LOC-007,WH-G-BIN-18,114.0 KG,10,111.33,2026-07-30,,false
SKU-00479,,MEDICAL,SUP-133,Warehouse G,WH-G-BIN-19,196.0kg,0,100.38,Jun 16 2026,,false
SKU-00480,,RAW_MATERIALS,SUP-180,LOC-015,WH-O-BIN-20,5.0,10,398.45,26/03/2026,,false
SKU-00481,Hand Truck,CHEMICALS,SUP-037,WH-G,WH-G-BIN-21,181.0,15,690.61,2026-06-14,2027-05-07,false
SKU-00482,,ELECTRONICS,SUP-174,LOC-004,WH-D-BIN-22,9.0kilogram,20,475.95,2026-03-29,Apr 11 2027,false
SKU-00483,Epoxy Resin 1L,FOOD_DRY,SUP-029,Warehouse I,WH-I-BIN-23,352.0kg,,493.92,24/06/2026,Aug 27 2027,false
SKU-00484,Chain Block 1T,FOOD_COLD,SUP-013,LOC-011,WH-K-BIN-24,359.0 KG,0,531.14,07/05/2026,,false
SKU-00485,Temperature Logger,PACKAGING,SUP-165,LOC-008,WH-H-BIN-25,6.0 KG,21,591.87,12/03/2026,,false
SKU-00486,Anti-Slip Tape Roll,MACHINERY_PARTS,SUP-127,LOC-016,WH-P-BIN-26,429.0kg,30,317.51,2026-02-09,,false
SKU-00487,Welding Rod 3.2mm,PPE,SUP-126,LOC-006,WH-F-BIN-27,255.0kg,15,179.58,Feb 20 2026,,false
SKU-00488,Compressed Air Hose,CLEANING,SUP-109,WH-D,WH-D-BIN-28,421.0,40,69.88,May 09 2026,Nov 14 2026,false
SKU-00489,First Aid Refill,MEDICAL,SUP-027,LOC-004,WH-D-BIN-29,474.0kg,40,42.48,23/07/2026,Dec 14 2026,false
SKU-00490,Racking Beam 2.4m,RAW_MATERIALS,SUP-085,LOC-016,WH-P-BIN-30,210.0kilogram,15,144.14,25/05/2026,,false
SKU-00491,Stretch Hood Film,CHEMICALS,SUP-148,LOC-013,WH-M-BIN-31,288.0kg,20,569.75,04/07/2026,,true
SKU-00492,Load Cell 500kg,ELECTRONICS,SUP-187,LOC-005,WH-E-BIN-32,112.0 KG,15,447.06,28/05/2026,2026-09-16,false
SKU-00493,Dock Bumpers Pair,FOOD_DRY,SUP-193,LOC-017,WH-Q-BIN-33,473.0kilogram,,49.27,05/03/2026,,false
SKU-00494,Floor Marking Paint,FOOD_COLD,SUP-054,LOC-010,WH-J-BIN-34,445.0,30,787.22,01/05/2026,2026-09-05,false
SKU-00495,Battery Charger 24V,PACKAGING,SUP-113,LOC-018,WH-R-BIN-35,125.0kg,30,759.99,2026-07-02,Dec 23 2026,false
SKU-00496,Mesh Security Cage,MACHINERY_PARTS,SUP-190,LOC-014,WH-N-BIN-36,21.0,,494.58,2026-02-28,2026-09-02,false
SKU-00497,Humidity Sensor Probe,PPE,SUP-115,LOC-007,WH-G-BIN-37,4.0 KG,10,674.28,2026-05-14,2027-04-16,false
SKU-00498,Pallet Strap Tool,CLEANING,SUP-183,LOC-009,WH-I-BIN-38,298.0 KG,30,198.59,30/07/2026,,false
SKU-00499,Coolant Concentrate,MEDICAL,SUP-114,wh_g,WH-G-BIN-39,162.0,40,592.86,Jun 01 2026,,false
SKU-00500,Wheel Chock Rubber,RAW_MATERIALS,SUP-032,wh_r,WH-R-BIN-40,134.0kg,10,537.57,Mar 05 2026,,false
SKU-00001,Steel Bolt M8,CHEMICALS,SUP-102,LOC-009,WH-I-BIN-41,176.0 KG,15,26.88,2026-03-28,,false
SKU-00002,Hydraulic Hose 2in,ELECTRONICS,SUP-004,LOC-001,WH-A-BIN-42,487.0kilogram,20,754.77,2026-03-20,,false
SKU-00003,Industrial Solvent 5L,FOOD_DRY,SUP-053,Warehouse E,WH-E-BIN-43,302.0kg,20,623.69,23/07/2026,,false
SKU-00005,Safety Gloves L,PACKAGING,SUP-167,wh_s,WH-S-BIN-45,138.0kg,40,645.17,2026-06-26,,false
SKU-00006,Conveyor Belt Patch,MACHINERY_PARTS,SUP-072,LOC-018,WH-R-BIN-46,266.0 KG,25,134.44,2026-05-04,,false
SKU-00007,Shrink Wrap Film Roll,PPE,SUP-125,LOC-017,WH-Q-BIN-47,201.0 KG,40,342.08,May 16 2026,2027-03-08,false
SKU-00008,Label Printer Ribbon,CLEANING,SUP-083,Warehouse D,WH-D-BIN-48,433.0kg,0,358.11,26/07/2026,16/09/2026,false
SKU-00010,LED Warehouse Light,RAW_MATERIALS,SUP-175,LOC-014,WH-N-BIN-50,51.0 KG,25,322.47,2026-06-01,,false
SKU-00011,,CHEMICALS,SUP-026,LOC-003,WH-C-BIN-51,423.0,30,558.18,Jul 04 2026,,false
SKU-00012,Pallet Jack Wheel,ELECTRONICS,SUP-086,wh-s,WH-S-BIN-52,400.0 KG,20,393.08,01/07/2026,,false
SKU-00013,Barcode Scanner,FOOD_DRY,SUP-066,LOC-007,WH-G-BIN-53,49.0 KG,40,63.58,Apr 02 2026,,false
SKU-00014,Fire Extinguisher 4kg,FOOD_COLD,SUP-199,wh-a,WH-A-BIN-54,268.0 KG,15,79.82,2026-03-15,30/03/2027,false
SKU-00015,PVC Pipe 50mm,PACKAGING,SUP-036,Warehouse S,WH-S-BIN-55,6.0 KG,10,37.98,Jun 24 2026,,false
SKU-00016,Rubber Gasket Set,MACHINERY_PARTS,SUP-101,LOC-004,WH-D-BIN-56,444.0,15,240.26,15/05/2026,,false
SKU-00018,Dust Mask N95 Pack,CLEANING,SUP-123,LOC-009,WH-I-BIN-58,95.0kilogram,15,258.37,Apr 13 2026,,false
SKU-00019,Wooden Pallet Std,MEDICAL,SUP-035,Warehouse K,WH-K-BIN-59,358.0kilogram,30,713.10,2026-04-23,,false
SKU-00020,Steel Shelving Unit,RAW_MATERIALS,SUP-160,wh-o,WH-O-BIN-60,29.0,40,725.41,2026-07-22,,false
SKU-00021,Hand Truck,CHEMICALS,SUP-089,Warehouse T,WH-T-BIN-61,300.0 KG,25,20.11,01/06/2026,,true
SKU-00022,Spill Kit 20L,ELECTRONICS,SUP-003,LOC-011,WH-K-BIN-62,70.0kilogram,,632.12,15/04/2026,,false
SKU-00023,Epoxy Resin 1L,FOOD_DRY,SUP-192,wh-r,WH-R-BIN-63,162.0kg,20,563.83,Feb 02 2026,,false
SKU-00024,,FOOD_COLD,SUP-200,LOC-018,WH-R-BIN-64,442.0,10,796.85,Jul 22 2026,,false
SKU-00025,Temperature Logger,PACKAGING,SUP-067,LOC-011,WH-K-BIN-65,494.0kg,10,69.77,2026-04-27,,false
SKU-00026,Anti-Slip Tape Roll,MACHINERY_PARTS,SUP-108,LOC-011,WH-K-BIN-66,428.0,25,40.71,21/04/2026,Nov 27 2026,false
SKU-00027,Welding Rod 3.2mm,PPE,SUP-081,Warehouse P,WH-P-BIN-67,396.0 KG,30,59.10,May 26 2026,11/09/2026,false
SKU-00028,Compressed Air Hose,CLEANING,SUP-078,LOC-003,WH-C-BIN-68,37.0 KG,0,43.63,19/02/2026,,false
SKU-00029,First Aid Refill,MEDICAL,SUP-005,wh-p,WH-P-BIN-69,56.0kilogram,30,218.87,2026-04-11,,false
SKU-00031,Stretch Hood Film,CHEMICALS,SUP-066,LOC-017,WH-Q-BIN-71,5.0kilogram,10,571.14,May 26 2026,26/01/2027,false
SKU-00032,Load Cell 500kg,ELECTRONICS,SUP-160,LOC-009,WH-I-BIN-72,217.0kilogram,25,648.16,2026-05-02,May 31 2027,false
SKU-00033,Dock Bumpers Pair,FOOD_DRY,SUP-093,LOC-006,WH-F-BIN-73,29.0,,465.61,24/06/2026,,false
SKU-00035,Battery Charger 24V,PACKAGING,SUP-035,LOC-014,WH-N-BIN-75,247.0 KG,20,425.21,Feb 02 2026,06/12/2026,false
SKU-00036,Mesh Security Cage,MACHINERY_PARTS,SUP-155,wh_p,WH-P-BIN-76,17.0kilogram,,714.18,23/04/2026,2027-08-06,false
SKU-00037,Humidity Sensor Probe,PPE,SUP-046,LOC-012,WH-L-BIN-77,356.0kilogram,40,95.77,08/03/2026,,false
SKU-00038,Pallet Strap Tool,CLEANING,SUP-155,LOC-011,WH-K-BIN-78,177.0,10,19.18,12/07/2026,,false
SKU-00039,Coolant Concentrate,MEDICAL,SUP-066,wh_p,WH-P-BIN-79,343.0,10,759.63,2026-03-29,,false
SKU-00040,Wheel Chock Rubber,RAW_MATERIALS,SUP-049,LOC-013,WH-M-BIN-80,414.0,,553.24,2026-06-02,2026-09-19,false
SKU-00041,Steel Bolt M8,CHEMICALS,SUP-180,LOC-006,WH-F-BIN-01,82.0kilogram,15,48.21,29/04/2026,,true
SKU-00042,Hydraulic Hose 2in,ELECTRONICS,SUP-026,LOC-013,WH-M-BIN-02,281.0,25,305.02,Apr 14 2026,,false
SKU-00043,Industrial Solvent 5L,FOOD_DRY,SUP-094,Warehouse J,WH-J-BIN-03,349.0 KG,0,145.65,2026-02-06,,false
SKU-00044,,FOOD_COLD,SUP-022,LOC-010,WH-J-BIN-04,297.0,40,618.57,2026-07-08,,false
SKU-00045,Safety Gloves L,PACKAGING,SUP-114,wh_h,WH-H-BIN-05,85.0kilogram,40,545.20,26/03/2026,,false
SKU-00046,Conveyor Belt Patch,MACHINERY_PARTS,SUP-182,LOC-020,WH-T-BIN-06,419.0 KG,15,261.04,2026-03-05,,false
SKU-00047,Shrink Wrap Film Roll,PPE,SUP-184,LOC-003,WH-C-BIN-07,156.0kilogram,0,425.16,Mar 05 2026,,false
SKU-00048,Label Printer Ribbon,CLEANING,SUP-006,LOC-010,WH-J-BIN-08,314.0,10,680.89,13/03/2026,,false
SKU-00049,Dock Leveler Seal,MEDICAL,SUP-104,LOC-009,WH-I-BIN-09,471.0 KG,15,516.20,2026-05-17,,false
SKU-00050,LED Warehouse Light,RAW_MATERIALS,SUP-190,LOC-018,WH-R-BIN-10,429.0kg,0,515.93,2026-03-30,,false
SKU-00051,Nitrile Gloves Box,CHEMICALS,SUP-123,LOC-008,WH-H-BIN-11,361.0 KG,25,335.61,2026-05-26,,false
SKU-00052,Pallet Jack Wheel,ELECTRONICS,SUP-053,LOC-016,WH-P-BIN-12,8.0,25,120.12,02/07/2026,,false
SKU-00053,Barcode Scanner,FOOD_DRY,SUP-026,WH-S,WH-S-BIN-13,295.0,0,677.65,06/03/2026,,false
SKU-00054,Fire Extinguisher 4kg,FOOD_COLD,SUP-079,LOC-015,WH-O-BIN-14,242.0kg,25,555.97,Apr 19 2026,,false
SKU-00055,,PACKAGING,SUP-178,LOC-002,WH-B-BIN-15,61.0kg,30,715.51,Jun 19 2026,,false
SKU-00056,,MACHINERY_PARTS,SUP-065,LOC-013,WH-M-BIN-16,195.0 KG,15,170.05,07/04/2026,,false
SKU-00057,Cable Tie Assorted,PPE,SUP-149,LOC-014,WH-N-BIN-17,452.0kg,25,337.53,2026-04-07,27/02/2027,false
SKU-00058,Dust Mask N95 Pack,CLEANING,SUP-148,LOC-011,WH-K-BIN-18,33.0,,349.98,06/06/2026,,false
SKU-00059,Wooden Pallet Std,MEDICAL,SUP-167,LOC-019,WH-S-BIN-19,442.0,,529.94,May 20 2026,,false
SKU-00060,Steel Shelving Unit,RAW_MATERIALS,SUP-123,LOC-015,WH-O-BIN-20,489.0,25,285.64,06/04/2026,2026-09-16,false
SKU-00061,Hand Truck,CHEMICALS,SUP-015,WH-O,WH-O-BIN-21,206.0,15,558.38,29/04/2026,,true
SKU-00062,Spill Kit 20L,ELECTRONICS,SUP-066,wh-j,WH-J-BIN-22,27.0,30,554.19,15/03/2026,,false
SKU-00063,Epoxy Resin 1L,FOOD_DRY,SUP-118,LOC-011,WH-K-BIN-23,7.0 KG,30,759.92,2026-05-23,Jan 09 2027,false
SKU-00064,Chain Block 1T,FOOD_COLD,SUP-069,LOC-018,WH-R-BIN-24,192.0,20,524.29,2026-04-22,,false
SKU-00065,Temperature Logger,PACKAGING,SUP-054,LOC-014,WH-N-BIN-25,443.0kilogram,15,148.63,2026-05-06,,false
SKU-00066,Anti-Slip Tape Roll,MACHINERY_PARTS,SUP-145,wh-a,WH-A-BIN-26,130.0kilogram,,377.40,2026-04-01,,false
SKU-00067,Welding Rod 3.2mm,PPE,SUP-136,wh-e,WH-E-BIN-27,381.0kilogram,40,458.28,2026-02-08,Mar 17 2027,false
SKU-00068,Compressed Air Hose,CLEANING,SUP-143,LOC-017,WH-Q-BIN-28,50.0,25,792.80,20/06/2026,,false
SKU-00069,,MEDICAL,SUP-104,wh-n,WH-N-BIN-29,140.0 KG,10,488.88,2026-07-23,,false
SKU-00070,,RAW_MATERIALS,SUP-200,LOC-006,WH-F-BIN-30,242.0kilogram,25,433.68,Feb 16 2026,,false
SKU-00071,Stretch Hood Film,CHEMICALS,SUP-074,wh-t,WH-T-BIN-31,374.0 KG,,483.32,Apr 20 2026,03/05/2027,false
SKU-00072,Load Cell 500kg,ELECTRONICS,SUP-091,wh-n,WH-N-BIN-32,264.0kilogram,,545.25,May 26 2026,,false
SKU-00073,Dock Bumpers Pair,FOOD_DRY,SUP-072,LOC-005,WH-E-BIN-33,74.0,25,795.99,2026-03-02,,false
SKU-00074,Floor Marking Paint,FOOD_COLD,SUP-100,Warehouse D,WH-D-BIN-34,368.0,15,683.91,2026-02-05,,false
SKU-00075,Battery Charger 24V,PACKAGING,SUP-045,LOC-016,WH-P-BIN-35,2.0,20,61.02,Apr 12 2026,2027-07-06,false
SKU-00077,,PPE,SUP-016,LOC-017,WH-Q-BIN-37,339.0kg,,536.57,Jul 25 2026,May 01 2027,false
SKU-00078,Pallet Strap Tool,CLEANING,SUP-017,LOC-017,WH-Q-BIN-38,130.0 KG,15,660.21,Mar 04 2026,,false
SKU-00079,Coolant Concentrate,MEDICAL,SUP-037,LOC-001,WH-A-BIN-39,414.0kilogram,15,460.23,Jun 16 2026,08/04/2027,false
SKU-00080,,RAW_MATERIALS,SUP-160,LOC-009,WH-I-BIN-40,70.0 KG,20,538.85,Feb 17 2026,Mar 12 2027,false
SKU-00081,Steel Bolt M8,CHEMICALS,SUP-157,LOC-012,WH-L-BIN-41,23.0 KG,30,337.58,2026-05-24,30/01/2027,true
SKU-00083,Industrial Solvent 5L,FOOD_DRY,SUP-040,whse r,WH-R-BIN-43,256.0kg,,212.01,30/04/2026,,false
SKU-00084,Forklift Battery 24V,FOOD_COLD,SUP-090,LOC-019,WH-S-BIN-44,62.0,10,661.47,2026-03-08,Dec 04 2026,false
SKU-00085,,PACKAGING,SUP-095,LOC-002,WH-B-BIN-45,217.0kilogram,30,517.75,27/05/2026,,false
SKU-00086,Conveyor Belt Patch,MACHINERY_PARTS,SUP-056,LOC-005,WH-E-BIN-46,494.0 KG,30,167.83,29/03/2026,10/08/2027,false
SKU-00087,Shrink Wrap Film Roll,PPE,SUP-174,LOC-012,WH-L-BIN-47,473.0,40,424.86,May 15 2026,,false
SKU-00088,Label Printer Ribbon,CLEANING,SUP-063,LOC-013,WH-M-BIN-48,388.0 KG,25,440.81,2026-05-08,,false
SKU-00089,Dock Leveler Seal,MEDICAL,SUP-189,LOC-002,WH-B-BIN-49,24.0 KG,15,699.61,31/03/2026,,false
SKU-00090,,RAW_MATERIALS,SUP-176,LOC-005,WH-E-BIN-50,60.0kg,0,651.59,2026-04-19,,false
SKU-00091,Nitrile Gloves Box,CHEMICALS,SUP-092,whse f,WH-F-BIN-51,450.0,10,355.92,Feb 25 2026,Apr 04 2027,true
SKU-00092,Pallet Jack Wheel,ELECTRONICS,SUP-173,LOC-010,WH-J-BIN-52,379.0,0,116.58,10/03/2026,,false
SKU-00093,Barcode Scanner,FOOD_DRY,SUP-196,wh_o,WH-O-BIN-53,269.0kilogram,,703.99,2026-03-18,May 18 2027,false
SKU-00094,Fire Extinguisher 4kg,FOOD_COLD,SUP-069,LOC-019,WH-S-BIN-54,3.0,26,355.07,23/03/2026,,false
SKU-00095,PVC Pipe 50mm,PACKAGING,SUP-123,whse p,WH-P-BIN-55,274.0,20,494.03,2026-07-17,,false
SKU-00098,Dust Mask N95 Pack,CLEANING,SUP-153,wh_f,WH-F-BIN-58,463.0kg,,252.17,19/05/2026,,false
SKU-00099,,MEDICAL,SUP-191,LOC-004,WH-D-BIN-59,268.0,20,42.06,26/07/2026,,false
SKU-00100,Steel Shelving Unit,RAW_MATERIALS,SUP-006,LOC-010,WH-J-BIN-60,59.0kilogram,20,454.29,2026-06-26,21/10/2026,false
SKU-00101,Hand Truck,CHEMICALS,SUP-199,LOC-020,WH-T-BIN-61,163.0,0,366.20,14/06/2026,,false
SKU-00102,Spill Kit 20L,ELECTRONICS,SUP-136,LOC-015,WH-O-BIN-62,169.0,10,255.64,Jul 10 2026,01/03/2027,false
SKU-00103,Epoxy Resin 1L,FOOD_DRY,SUP-054,wh_s,WH-S-BIN-63,127.0kilogram,20,26.22,Jul 01 2026,,false
SKU-00104,Chain Block 1T,FOOD_COLD,SUP-131,LOC-011,WH-K-BIN-64,209.0,20,763.60,Jul 07 2026,,false
SKU-00105,Temperature Logger,PACKAGING,SUP-123,LOC-008,WH-H-BIN-65,2.0kg,10,555.06,21/05/2026,,false
SKU-00106,Anti-Slip Tape Roll,MACHINERY_PARTS,SUP-049,LOC-019,WH-S-BIN-66,483.0kg,10,761.36,25/03/2026,,false
SKU-00107,Welding Rod 3.2mm,PPE,SUP-002,LOC-008,WH-H-BIN-67,73.0kilogram,15,798.15,2026-04-08,,false
SKU-00108,Compressed Air Hose,CLEANING,SUP-117,LOC-007,WH-G-BIN-68,140.0kilogram,15,507.63,19/07/2026,,false
SKU-00109,First Aid Refill,MEDICAL,SUP-002,WH-C,WH-C-BIN-69,358.0 KG,10,139.10,Jun 20 2026,,false
SKU-00110,Racking Beam 2.4m,RAW_MATERIALS,SUP-142,wh-c,WH-C-BIN-70,28.0kilogram,30,717.37,2026-07-27,2027-08-11,false
SKU-00111,Stretch Hood Film,CHEMICALS,SUP-107,LOC-001,WH-A-BIN-71,126.0kg,10,554.58,Apr 12 2026,,false
SKU-00112,Load Cell 500kg,ELECTRONICS,SUP-044,wh_b,WH-B-BIN-72,180.0kilogram,40,218.13,04/05/2026,,false
SKU-00113,Dock Bumpers Pair,FOOD_DRY,SUP-185,LOC-018,WH-R-BIN-73,447.0kilogram,10,53.19,Mar 10 2026,,false
SKU-00114,Floor Marking Paint,FOOD_COLD,SUP-009,LOC-001,WH-A-BIN-74,193.0kg,20,738.33,2026-07-02,,false
SKU-00116,Mesh Security Cage,MACHINERY_PARTS,SUP-161,LOC-020,WH-T-BIN-76,49.0 KG,25,481.14,Jun 12 2026,2027-03-25,false
SKU-00117,Humidity Sensor Probe,PPE,SUP-194,LOC-009,WH-I-BIN-77,268.0kilogram,25,678.18,May 26 2026,,false
SKU-00118,,CLEANING,SUP-086,LOC-017,WH-Q-BIN-78,96.0kg,25,670.24,Jun 17 2026,,false
SKU-00119,Coolant Concentrate,MEDICAL,SUP-080,LOC-006,WH-F-BIN-79,462.0 KG,25,701.63,2026-02-11,Jun 28 2027,false
SKU-00120,Wheel Chock Rubber,RAW_MATERIALS,SUP-107,LOC-017,WH-Q-BIN-80,76.0kilogram,0,271.33,May 25 2026,,false
SKU-00122,Hydraulic Hose 2in,ELECTRONICS,SUP-041,LOC-017,WH-Q-BIN-02,417.0kilogram,25,241.49,Mar 10 2026,,false
SKU-00124,Forklift Battery 24V,FOOD_COLD,SUP-095,Warehouse B,WH-B-BIN-04,30.0kilogram,30,537.59,May 07 2026,,false
SKU-00125,Safety Gloves L,PACKAGING,SUP-126,Warehouse L,WH-L-BIN-05,8.0kg,10,306.37,2026-05-08,,false
SKU-00126,Conveyor Belt Patch,MACHINERY_PARTS,SUP-068,LOC-002,WH-B-BIN-06,395.0,20,725.10,20/05/2026,,false
SKU-00127,Shrink Wrap Film Roll,PPE,SUP-160,whse e,WH-E-BIN-07,13.0kg,20,504.07,2026-03-17,,false
SKU-00128,Label Printer Ribbon,CLEANING,SUP-016,wh-r,WH-R-BIN-08,197.0 KG,40,183.41,09/02/2026,2026-11-01,false
SKU-00129,Dock Leveler Seal,MEDICAL,SUP-169,LOC-017,WH-Q-BIN-09,414.0 KG,25,203.15,2026-02-22,,false
SKU-00130,LED Warehouse Light,RAW_MATERIALS,SUP-012,LOC-015,WH-O-BIN-10,93.0kilogram,20,451.63,23/03/2026,,false
SKU-00131,Nitrile Gloves Box,CHEMICALS,SUP-076,WH-D,WH-D-BIN-11,467.0 KG,15,528.25,10/07/2026,Mar 13 2027,false
SKU-00132,Pallet Jack Wheel,ELECTRONICS,SUP-012,LOC-001,WH-A-BIN-12,293.0,25,462.27,Jun 21 2026,02/03/2027,false
SKU-00133,Barcode Scanner,FOOD_DRY,SUP-153,whse h,WH-H-BIN-13,353.0kg,,590.28,06/02/2026,,false
SKU-00134,Fire Extinguisher 4kg,FOOD_COLD,SUP-081,Warehouse B,WH-B-BIN-14,82.0,20,259.31,Jul 23 2026,,false
SKU-00135,PVC Pipe 50mm,PACKAGING,SUP-111,LOC-016,WH-P-BIN-15,61.0kg,10,279.59,2026-07-02,,false
SKU-00136,Rubber Gasket Set,MACHINERY_PARTS,SUP-002,Warehouse R,WH-R-BIN-16,480.0kilogram,10,201.84,2026-03-23,,false
SKU-00137,Cable Tie Assorted,PPE,SUP-095,LOC-010,WH-J-BIN-17,253.0,20,343.46,2026-03-29,,false
SKU-00138,Dust Mask N95 Pack,CLEANING,SUP-012,WH-P,WH-P-BIN-18,239.0kg,25,484.08,20/06/2026,,false
SKU-00139,Wooden Pallet Std,MEDICAL,SUP-142,LOC-006,WH-F-BIN-19,139.0,0,208.64,Jul 28 2026,,false
SKU-00140,Steel Shelving Unit,RAW_MATERIALS,SUP-039,wh-s,WH-S-BIN-20,3.0kg,10,498.48,16/03/2026,,false
SKU-00141,Hand Truck,CHEMICALS,SUP-051,LOC-008,WH-H-BIN-21,444.0 KG,25,628.55,Jul 17 2026,,false
SKU-00142,Spill Kit 20L,ELECTRONICS,SUP-027,LOC-019,WH-S-BIN-22,371.0kilogram,15,468.03,2026-05-23,,false
SKU-00144,Chain Block 1T,FOOD_COLD,SUP-161,LOC-015,WH-O-BIN-24,220.0kilogram,0,791.19,Mar 14 2026,,false
SKU-00145,Temperature Logger,PACKAGING,SUP-024,LOC-001,WH-A-BIN-25,363.0 KG,15,638.48,15/07/2026,,false
SKU-00146,Anti-Slip Tape Roll,MACHINERY_PARTS,SUP-056,wh-r,WH-R-BIN-26,69.0 KG,25,432.69,Jun 22 2026,,false
SKU-00147,Welding Rod 3.2mm,PPE,SUP-126,LOC-012,WH-L-BIN-27,2.0,22,136.39,Jul 18 2026,,false
SKU-00148,,CLEANING,SUP-184,LOC-013,WH-M-BIN-28,6.0kg,15,496.01,21/02/2026,,false
SKU-00149,First Aid Refill,MEDICAL,SUP-082,whse d,WH-D-BIN-29,220.0 KG,10,63.36,16/04/2026,,false
SKU-00150,Racking Beam 2.4m,RAW_MATERIALS,SUP-147,wh-e,WH-E-BIN-30,468.0kilogram,25,688.00,Jun 11 2026,,false
SKU-00152,,ELECTRONICS,SUP-200,LOC-005,WH-E-BIN-32,144.0kg,20,391.56,24/06/2026,,false
SKU-00153,Dock Bumpers Pair,FOOD_DRY,SUP-159,wh_b,WH-B-BIN-33,111.0,15,38.71,2026-03-12,,false
SKU-00154,,FOOD_COLD,SUP-100,WH-A,WH-A-BIN-34,157.0,30,745.30,08/06/2026,,false
SKU-00155,Battery Charger 24V,PACKAGING,SUP-128,Warehouse R,WH-R-BIN-35,438.0kilogram,10,509.53,2026-05-18,,false
SKU-00156,Mesh Security Cage,MACHINERY_PARTS,SUP-194,wh-d,WH-D-BIN-36,46.0,10,259.45,2026-05-17,,false
SKU-00157,Humidity Sensor Probe,PPE,SUP-074,LOC-017,WH-Q-BIN-37,456.0kilogram,,451.73,24/07/2026,,false
SKU-00159,Coolant Concentrate,MEDICAL,SUP-016,LOC-014,WH-N-BIN-39,379.0,15,572.23,2026-07-30,,false
SKU-00160,,RAW_MATERIALS,SUP-156,LOC-018,WH-R-BIN-40,456.0,40,32.44,21/05/2026,,false
SKU-00161,Steel Bolt M8,CHEMICALS,SUP-175,LOC-019,WH-S-BIN-41,260.0,15,229.13,02/04/2026,,false
SKU-00162,Hydraulic Hose 2in,ELECTRONICS,SUP-163,LOC-002,WH-B-BIN-42,181.0,0,48.03,01/04/2026,,false
SKU-00164,Forklift Battery 24V,FOOD_COLD,SUP-168,LOC-016,WH-P-BIN-44,28.0kg,30,211.78,2026-07-01,,false
SKU-00165,Safety Gloves L,PACKAGING,SUP-002,LOC-007,WH-G-BIN-45,4.0 KG,40,96.38,2026-02-21,,false
SKU-00166,Conveyor Belt Patch,MACHINERY_PARTS,SUP-084,LOC-018,WH-R-BIN-46,188.0kilogram,25,407.34,Jul 30 2026,2027-06-03,false
SKU-00167,Shrink Wrap Film Roll,PPE,SUP-073,LOC-018,WH-R-BIN-47,268.0 KG,15,409.40,Mar 24 2026,,false
SKU-00168,Label Printer Ribbon,CLEANING,SUP-001,LOC-011,WH-K-BIN-48,103.0kilogram,25,297.62,2026-06-25,Sep 05 2026,false
SKU-00169,Dock Leveler Seal,MEDICAL,SUP-093,LOC-018,WH-R-BIN-49,183.0,10,95.42,May 07 2026,,false
SKU-00170,LED Warehouse Light,RAW_MATERIALS,SUP-065,LOC-006,WH-F-BIN-50,15.0kilogram,,380.24,May 03 2026,,false
SKU-00171,Nitrile Gloves Box,CHEMICALS,SUP-185,LOC-001,WH-A-BIN-51,82.0kilogram,20,98.05,17/03/2026,,false
SKU-00172,Pallet Jack Wheel,ELECTRONICS,SUP-132,LOC-003,WH-C-BIN-52,203.0kg,10,83.26,2026-07-25,,false
SKU-00173,Barcode Scanner,FOOD_DRY,SUP-127,LOC-001,WH-A-BIN-53,343.0 KG,20,300.20,May 07 2026,,false
SKU-00175,Alha Wolf Pack,PACKAGING,SUP-055,wh-t,WH-T-BIN-55,430.0,15,560.73,23/06/2026,,false
SKU-00176,Rubber Gasket Set,MACHINERY_PARTS,SUP-144,LOC-013,WH-M-BIN-56,477.0kg,30,182.45,Apr 02 2026,,false
SKU-00177,Cable Tie Assorted,PPE,SUP-052,LOC-020,WH-T-BIN-57,310.0,10,144.18,08/06/2026,,false
SKU-00178,Dust Mask N95 Pack,CLEANING,SUP-013,LOC-020,WH-T-BIN-58,46.0 KG,25,352.27,Jun 22 2026,Sep 22 2026,false
SKU-00179,Wooden Pallet Std,MEDICAL,SUP-032,LOC-010,WH-J-BIN-59,264.0kilogram,15,493.29,Jun 25 2026,,false
SKU-00180,Steel Shelving Unit,RAW_MATERIALS,SUP-138,LOC-011,WH-K-BIN-60,55.0kilogram,0,312.72,2026-05-18,,false
SKU-00181,Hand Truck,CHEMICALS,SUP-111,wh_g,WH-G-BIN-61,126.0kg,20,555.29,Jul 09 2026,,false
SKU-00182,Spill Kit 20L,ELECTRONICS,SUP-178,Warehouse K,WH-K-BIN-62,425.0kg,30,442.43,Jun 30 2026,,false
SKU-00183,Epoxy Resin 1L,FOOD_DRY,SUP-009,wh-l,WH-L-BIN-63,298.0 KG,0,733.09,2026-04-24,,false
SKU-00184,Chain Block 1T,FOOD_COLD,SUP-168,LOC-008,WH-H-BIN-64,293.0,10,384.18,16/04/2026,,false
SKU-00185,Temperature Logger,PACKAGING,SUP-062,LOC-008,WH-H-BIN-65,13.0 KG,40,648.74,Jun 07 2026,17/11/2026,false
SKU-00187,,PPE,SUP-135,whse q,WH-Q-BIN-67,408.0kilogram,40,310.50,2026-06-23,,false
SKU-00188,Compressed Air Hose,CLEANING,SUP-007,LOC-011,WH-K-BIN-68,391.0 KG,30,208.29,24/07/2026,Sep 07 2026,false
SKU-00189,First Aid Refill,MEDICAL,SUP-063,LOC-010,WH-J-BIN-69,447.0 KG,0,304.87,Mar 21 2026,,false
SKU-00190,,RAW_MATERIALS,SUP-120,LOC-010,WH-J-BIN-70,435.0kg,10,591.10,03/04/2026,Sep 20 2026,false
SKU-00191,Stretch Hood Film,CHEMICALS,SUP-123,whse k,WH-K-BIN-71,279.0,40,163.62,2026-03-24,,true
SKU-00192,Load Cell 500kg,ELECTRONICS,SUP-125,LOC-007,WH-G-BIN-72,9.0kg,15,780.93,2026-06-23,,false
SKU-00193,Dock Bumpers Pair,FOOD_DRY,SUP-049,LOC-007,WH-G-BIN-73,42.0 KG,0,638.12,2026-03-04,07/07/2027,false
SKU-00194,Floor Marking Paint,FOOD_COLD,SUP-044,LOC-018,WH-R-BIN-74,257.0kg,20,374.44,2026-07-05,,false
SKU-00195,Battery Charger 24V,PACKAGING,SUP-178,WH-Q,WH-Q-BIN-75,19.0,25,501.01,Feb 13 2026,,false
SKU-00197,Humidity Sensor Probe,PPE,SUP-118,LOC-013,WH-M-BIN-77,498.0 KG,,520.84,13/04/2026,2027-07-28,false
SKU-00198,,CLEANING,SUP-147,LOC-018,WH-R-BIN-78,13.0kg,25,404.35,Mar 18 2026,,false
SKU-00199,Coolant Concentrate,MEDICAL,SUP-041,LOC-003,WH-C-BIN-79,24.0 KG,,296.85,Mar 13 2026,,false
SKU-00200,Wheel Chock Rubber,RAW_MATERIALS,SUP-097,LOC-009,WH-I-BIN-80,277.0,20,621.44,2026-02-07,,false
SKU-00201,Steel Bolt M8,CHEMICALS,SUP-153,wh-o,WH-O-BIN-01,100.0kg,15,488.50,05/04/2026,2027-07-08,false
SKU-00202,Hydraulic Hose 2in,ELECTRONICS,SUP-003,LOC-015,WH-O-BIN-02,1.0,15,212.99,2026-07-29,,false
SKU-00203,Industrial Solvent 5L,FOOD_DRY,SUP-140,LOC-020,WH-T-BIN-03,197.0 KG,0,726.85,2026-04-05,,false
SKU-00204,Forklift Battery 24V,FOOD_COLD,SUP-147,LOC-018,WH-R-BIN-04,439.0 KG,10,755.55,May 28 2026,,false
SKU-00206,,MACHINERY_PARTS,SUP-082,whse n,WH-N-BIN-06,213.0kg,30,589.51,26/06/2026,,false
SKU-00207,Shrink Wrap Film Roll,PPE,SUP-016,Warehouse M,WH-M-BIN-07,71.0kg,15,404.47,Jul 23 2026,,false
SKU-00208,Label Printer Ribbon,CLEANING,SUP-181,LOC-014,WH-N-BIN-08,402.0,25,257.50,2026-02-17,,false
SKU-00209,Dock Leveler Seal,MEDICAL,SUP-148,LOC-020,WH-T-BIN-09,345.0 KG,25,425.90,2026-03-10,Sep 11 2026,false
SKU-00210,LED Warehouse Light,RAW_MATERIALS,SUP-180,LOC-001,WH-A-BIN-10,247.0 KG,15,565.42,30/05/2026,,false
SKU-00211,Nitrile Gloves Box,CHEMICALS,SUP-028,LOC-015,WH-O-BIN-11,234.0kg,15,422.95,25/07/2026,,true
SKU-00212,Pallet Jack Wheel,ELECTRONICS,SUP-086,wh-c,WH-C-BIN-12,183.0 KG,0,80.55,2026-02-19,,false
SKU-00213,Barcode Scanner,FOOD_DRY,SUP-052,LOC-015,WH-O-BIN-13,59.0kilogram,40,672.90,Feb 09 2026,30/10/2026,false
SKU-00214,Fire Extinguisher 4kg,FOOD_COLD,SUP-100,wh-k,WH-K-BIN-14,158.0kg,15,772.45,2026-05-27,,false
SKU-00215,PVC Pipe 50mm,PACKAGING,SUP-051,LOC-008,WH-H-BIN-15,76.0kg,0,360.77,21/07/2026,,false
SKU-00216,Rubber Gasket Set,MACHINERY_PARTS,SUP-167,LOC-012,WH-L-BIN-16,335.0,0,27.56,2026-05-12,,false
SKU-00217,Cable Tie Assorted,PPE,SUP-113,LOC-001,WH-A-BIN-17,160.0 KG,30,12.82,01/07/2026,,false
SKU-00218,Dust Mask N95 Pack,CLEANING,SUP-114,LOC-011,WH-K-BIN-18,170.0 KG,25,95.24,Feb 23 2026,,false
SKU-00219,Wooden Pallet Std,MEDICAL,SUP-131,whse p,WH-P-BIN-19,182.0,40,101.92,May 04 2026,,false
SKU-00220,Steel Shelving Unit,RAW_MATERIALS,SUP-039,LOC-010,WH-J-BIN-20,191.0kg,20,364.62,2026-02-24,,false
SKU-00221,,CHEMICALS,SUP-147,wh-f,WH-F-BIN-21,48.0,30,337.18,Feb 23 2026,2027-09-01,true
SKU-00223,,FOOD_DRY,SUP-026,LOC-001,WH-A-BIN-23,416.0kg,20,351.76,2026-06-01,,false
SKU-00224,Chain Block 1T,FOOD_COLD,SUP-105,LOC-018,WH-R-BIN-24,295.0,40,493.69,09/06/2026,,false
SKU-00225,Temperature Logger,PACKAGING,SUP-171,LOC-018,WH-R-BIN-25,330.0kg,0,518.23,2026-05-27,01/03/2027,false
SKU-00226,,MACHINERY_PARTS,SUP-167,Warehouse N,WH-N-BIN-26,398.0 KG,30,714.97,Jul 08 2026,,false
SKU-00227,Welding Rod 3.2mm,PPE,SUP-059,LOC-002,WH-B-BIN-27,225.0 KG,20,444.60,2026-03-09,,false
SKU-00228,Compressed Air Hose,CLEANING,SUP-052,LOC-010,WH-J-BIN-28,353.0 KG,25,666.28,04/03/2026,,false
SKU-00229,,MEDICAL,SUP-106,wh_f,WH-F-BIN-29,266.0kilogram,15,518.73,Jul 22 2026,,false
SKU-00230,,RAW_MATERIALS,SUP-187,LOC-002,WH-B-BIN-30,96.0kg,10,229.72,22/04/2026,,false
SKU-00231,Stretch Hood Film,CHEMICALS,SUP-150,LOC-002,WH-B-BIN-31,1.0kg,28,68.70,2026-07-18,,false
SKU-00232,Load Cell 500kg,ELECTRONICS,SUP-101,LOC-014,WH-N-BIN-32,447.0,20,248.51,2026-05-12,,false
SKU-00233,,FOOD_DRY,SUP-010,WH-H,WH-H-BIN-33,69.0 KG,10,216.48,Apr 19 2026,,false
SKU-00234,Floor Marking Paint,FOOD_COLD,SUP-168,whse e,WH-E-BIN-34,465.0,40,608.09,Feb 04 2026,,false
SKU-00235,,PACKAGING,SUP-002,whse f,WH-F-BIN-35,9.0 KG,40,540.48,Mar 06 2026,,false
SKU-00236,Mesh Security Cage,MACHINERY_PARTS,SUP-118,LOC-017,WH-Q-BIN-36,496.0kilogram,40,127.96,2026-04-16,Dec 09 2026,false
SKU-00237,Humidity Sensor Probe,PPE,SUP-096,LOC-013,WH-M-BIN-37,416.0kilogram,0,86.58,2026-04-07,,false
SKU-00238,Pallet Strap Tool,CLEANING,SUP-161,LOC-002,WH-B-BIN-38,367.0,30,54.45,Jun 30 2026,,false
SKU-00239,Coolant Concentrate,MEDICAL,SUP-024,LOC-016,WH-P-BIN-39,362.0kilogram,15,287.36,2026-07-25,2026-11-13,false
SKU-00240,Wheel Chock Rubber,RAW_MATERIALS,SUP-070,LOC-014,WH-N-BIN-40,95.0kg,15,726.71,2026-05-26,,false
SKU-00241,Steel Bolt M8,CHEMICALS,SUP-080,whse h,WH-H-BIN-41,314.0kilogram,0,332.29,25/06/2026,,false
SKU-00242,,ELECTRONICS,SUP-016,LOC-012,WH-L-BIN-42,183.0,0,711.23,2026-02-08,,false
SKU-00244,Forklift Battery 24V,FOOD_COLD,SUP-106,WH-C,WH-C-BIN-44,100.0kg,10,702.02,Jun 11 2026,,false
SKU-00245,Safety Gloves L,PACKAGING,SUP-138,LOC-018,WH-R-BIN-45,275.0kg,40,720.41,Mar 26 2026,,false
SKU-00247,Shrink Wrap Film Roll,PPE,SUP-016,LOC-006,WH-F-BIN-47,12.0 KG,20,132.59,Mar 17 2026,,false
SKU-00248,Label Printer Ribbon,CLEANING,SUP-196,LOC-006,WH-F-BIN-48,45.0kg,15,583.37,25/07/2026,Jan 17 2027,false
SKU-00249,Dock Leveler Seal,MEDICAL,SUP-161,LOC-008,WH-H-BIN-49,328.0,,224.84,16/02/2026,,false
SKU-00250,LED Warehouse Light,RAW_MATERIALS,SUP-059,LOC-010,WH-J-BIN-50,417.0,15,248.65,07/02/2026,Aug 24 2027,false
SKU-00251,Nitrile Gloves Box,CHEMICALS,SUP-135,LOC-015,WH-O-BIN-51,490.0 KG,,585.71,2026-07-17,,true
SKU-00252,Pallet Jack Wheel,ELECTRONICS,SUP-117,wh-p,WH-P-BIN-52,154.0kg,15,576.06,22/02/2026,,false
SKU-00253,Barcode Scanner,FOOD_DRY,SUP-039,LOC-016,WH-P-BIN-53,464.0,0,170.45,16/05/2026,,false
SKU-00254,Fire Extinguisher 4kg,FOOD_COLD,SUP-145,WH-D,WH-D-BIN-54,25.0kilogram,0,634.21,11/07/2026,,false
SKU-00255,PVC Pipe 50mm,PACKAGING,SUP-009,LOC-001,WH-A-BIN-55,313.0kg,30,140.65,22/03/2026,,false
SKU-00258,Dust Mask N95 Pack,CLEANING,SUP-098,whse c,WH-C-BIN-58,9.0kilogram,,340.09,23/03/2026,,false
SKU-00259,,MEDICAL,SUP-155,LOC-012,WH-L-BIN-59,6.0 KG,25,474.53,Jul 30 2026,,false
SKU-00260,Steel Shelving Unit,RAW_MATERIALS,SUP-165,Warehouse K,WH-K-BIN-60,260.0kilogram,20,290.61,17/03/2026,,false
SKU-00261,Hand Truck,CHEMICALS,SUP-059,LOC-009,WH-I-BIN-61,367.0 KG,20,281.52,01/07/2026,,false
SKU-00263,Epoxy Resin 1L,FOOD_DRY,SUP-068,LOC-007,WH-G-BIN-63,48.0 KG,20,23.41,25/07/2026,,false
SKU-00264,Chain Block 1T,FOOD_COLD,SUP-167,LOC-014,WH-N-BIN-64,56.0kg,,489.06,17/05/2026,2027-02-14,false
SKU-00265,,PACKAGING,SUP-083,Warehouse H,WH-H-BIN-65,296.0kilogram,25,217.05,08/05/2026,,false
SKU-00266,Anti-Slip Tape Roll,MACHINERY_PARTS,SUP-006,whse t,WH-T-BIN-66,261.0 KG,40,666.53,2026-06-21,,false
SKU-00267,Welding Rod 3.2mm,PPE,SUP-042,wh-q,WH-Q-BIN-67,2.0kilogram,,510.64,06/07/2026,Feb 03 2027,false
SKU-00268,Compressed Air Hose,CLEANING,SUP-021,Warehouse Q,WH-Q-BIN-68,151.0,20,443.79,2026-03-03,,false
SKU-00269,First Aid Refill,MEDICAL,SUP-197,LOC-007,WH-G-BIN-69,345.0kilogram,25,297.20,2026-07-23,28/09/2026,false
SKU-00271,Stretch Hood Film,CHEMICALS,SUP-095,LOC-020,WH-T-BIN-71,26.0 KG,40,309.09,Jun 05 2026,,true
SKU-00272,Load Cell 500kg,ELECTRONICS,SUP-046,LOC-013,WH-M-BIN-72,385.0kg,20,790.54,27/06/2026,,false
SKU-00274,Floor Marking Paint,FOOD_COLD,SUP-040,Warehouse O,WH-O-BIN-74,413.0kilogram,10,205.76,27/03/2026,,false
SKU-00275,Battery Charger 24V,PACKAGING,SUP-124,LOC-002,WH-B-BIN-75,338.0,,513.35,2026-04-09,,false
SKU-00276,Mesh Security Cage,MACHINERY_PARTS,SUP-133,whse t,WH-T-BIN-76,273.0kg,25,154.27,Mar 02 2026,2027-07-29,false
SKU-00277,Humidity Sensor Probe,PPE,SUP-112,LOC-020,WH-T-BIN-77,2.0kilogram,26,223.13,Jul 03 2026,,false
SKU-00278,,CLEANING,SUP-140,wh-s,WH-S-BIN-78,134.0 KG,40,362.99,Mar 07 2026,,false
SKU-00279,Coolant Concentrate,MEDICAL,SUP-135,LOC-005,WH-E-BIN-79,224.0,15,16.25,Apr 14 2026,,false
SKU-00280,Wheel Chock Rubber,RAW_MATERIALS,SUP-027,LOC-012,WH-L-BIN-80,328.0kg,20,386.38,2026-05-19,,false
SKU-00281,Steel Bolt M8,CHEMICALS,SUP-140,whse o,WH-O-BIN-01,399.0kg,0,290.17,2026-05-07,,false
SKU-00282,Hydraulic Hose 2in,ELECTRONICS,SUP-053,LOC-007,WH-G-BIN-02,351.0 KG,10,183.72,10/02/2026,,false
SKU-00283,Industrial Solvent 5L,FOOD_DRY,SUP-165,LOC-007,WH-G-BIN-03,438.0,20,704.13,Feb 23 2026,,false
SKU-00284,,FOOD_COLD,SUP-192,WH-N,WH-N-BIN-04,459.0kilogram,10,42.37,Jul 02 2026,,false
SKU-00286,Conveyor Belt Patch,MACHINERY_PARTS,SUP-044,LOC-002,WH-B-BIN-06,290.0kilogram,25,617.35,2026-04-30,,false
SKU-00287,Shrink Wrap Film Roll,PPE,SUP-172,LOC-017,WH-Q-BIN-07,464.0 KG,0,282.13,Feb 18 2026,2026-09-01,false
SKU-00288,Label Printer Ribbon,CLEANING,SUP-084,LOC-005,WH-E-BIN-08,282.0 KG,15,628.89,11/06/2026,28/07/2027,false
SKU-00289,Dock Leveler Seal,MEDICAL,SUP-158,LOC-004,WH-D-BIN-09,21.0kg,40,668.08,Apr 23 2026,May 10 2027,false
SKU-00290,LED Warehouse Light,RAW_MATERIALS,SUP-054,LOC-020,WH-T-BIN-10,393.0kilogram,15,725.68,2026-02-05,,false
SKU-00291,Nitrile Gloves Box,CHEMICALS,SUP-182,LOC-006,WH-F-BIN-11,493.0kg,0,674.35,23/04/2026,,false
SKU-00292,Pallet Jack Wheel,ELECTRONICS,SUP-102,LOC-006,WH-F-BIN-12,366.0 KG,30,72.90,2026-05-02,,false
SKU-00293,Barcode Scanner,FOOD_DRY,SUP-172,LOC-006,WH-F-BIN-13,408.0 KG,,108.93,2026-02-12,,false
SKU-00297,Cable Tie Assorted,PPE,SUP-080,Warehouse D,WH-D-BIN-17,353.0 KG,0,215.59,Jul 01 2026,,false
SKU-00298,Dust Mask N95 Pack,CLEANING,SUP-181,wh_s,WH-S-BIN-18,212.0 KG,30,543.47,14/02/2026,,false
SKU-00300,Steel Shelving Unit,RAW_MATERIALS,SUP-172,LOC-009,WH-I-BIN-20,303.0kg,15,758.39,24/06/2026,,false
SKU-00301,Hand Truck,CHEMICALS,SUP-115,LOC-016,WH-P-BIN-21,58.0kilogram,40,738.92,2026-02-10,,false
SKU-00303,Epoxy Resin 1L,FOOD_DRY,SUP-166,wh-a,WH-A-BIN-23,50.0kilogram,25,126.53,Jul 08 2026,,false
SKU-00304,Chain Block 1T,FOOD_COLD,SUP-008,LOC-004,WH-D-BIN-24,65.0 KG,15,106.20,2026-07-26,,false
SKU-00305,,PACKAGING,SUP-091,whse p,WH-P-BIN-25,73.0kilogram,,299.88,12/04/2026,,false
SKU-00306,Anti-Slip Tape Roll,MACHINERY_PARTS,SUP-159,LOC-003,WH-C-BIN-26,432.0,25,302.40,Jul 28 2026,,false
SKU-00307,Welding Rod 3.2mm,PPE,SUP-185,LOC-003,WH-C-BIN-27,47.0kg,20,615.42,30/07/2026,30/08/2026,false
SKU-00308,Compressed Air Hose,CLEANING,SUP-101,LOC-006,WH-F-BIN-28,210.0kg,,244.67,Apr 27 2026,,false
SKU-00309,First Aid Refill,MEDICAL,SUP-165,LOC-014,WH-N-BIN-29,414.0 KG,,597.35,Jun 11 2026,,false
SKU-00310,Racking Beam 2.4m,RAW_MATERIALS,SUP-151,Warehouse E,WH-E-BIN-30,264.0kilogram,,612.08,2026-05-05,,false
SKU-00311,Stretch Hood Film,CHEMICALS,SUP-111,WH-A,WH-A-BIN-31,186.0 KG,30,490.34,May 15 2026,26/09/2026,false
SKU-00312,Load Cell 500kg,ELECTRONICS,SUP-195,LOC-014,WH-N-BIN-32,32.0 KG,,691.32,Jul 05 2026,,false
SKU-00313,Dock Bumpers Pair,FOOD_DRY,SUP-086,LOC-013,WH-M-BIN-33,455.0kilogram,15,669.42,27/07/2026,,false
SKU-00314,,FOOD_COLD,SUP-053,WH-K,WH-K-BIN-34,468.0 KG,0,2.06,Mar 27 2026,2027-07-01,false
SKU-00315,,PACKAGING,SUP-018,LOC-017,WH-Q-BIN-35,476.0,,51.80,05/03/2026,11/12/2026,false
SKU-00316,Mesh Security Cage,MACHINERY_PARTS,SUP-029,LOC-013,WH-M-BIN-36,4.0kg,20,42.28,Apr 20 2026,,false
SKU-00317,Humidity Sensor Probe,PPE,SUP-102,Warehouse D,WH-D-BIN-37,47.0kg,30,368.79,2026-05-07,,false
SKU-00318,Pallet Strap Tool,CLEANING,SUP-016,whse s,WH-S-BIN-38,19.0,,545.48,Apr 08 2026,,false
SKU-00319,Coolant Concentrate,MEDICAL,SUP-111,wh-t,WH-T-BIN-39,37.0,40,331.10,Jul 22 2026,,false
SKU-00320,,RAW_MATERIALS,SUP-160,LOC-019,WH-S-BIN-40,15.0kg,25,337.31,13/07/2026,,false
SKU-00321,Steel Bolt M8,CHEMICALS,SUP-039,LOC-005,WH-E-BIN-41,461.0kg,30,536.29,2026-03-27,May 19 2027,false
SKU-00322,Hydraulic Hose 2in,ELECTRONICS,SUP-183,WH-J,WH-J-BIN-42,251.0kilogram,25,725.25,Jun 21 2026,,false
SKU-00324,Forklift Battery 24V,FOOD_COLD,SUP-117,WH-G,WH-G-BIN-44,338.0kg,20,314.58,05/02/2026,,false
SKU-00325,Safety Gloves L,PACKAGING,SUP-046,LOC-014,WH-N-BIN-45,149.0kilogram,25,189.00,Jul 21 2026,Aug 21 2027,false
SKU-00326,,MACHINERY_PARTS,SUP-183,LOC-019,WH-S-BIN-46,53.0 KG,25,651.87,Mar 01 2026,,false
SKU-00327,,PPE,SUP-005,wh-l,WH-L-BIN-47,435.0,10,641.89,2026-06-05,,false
SKU-00328,,CLEANING,SUP-116,wh-m,WH-M-BIN-48,97.0,0,306.72,2026-03-19,13/02/2027,false
SKU-00330,LED Warehouse Light,RAW_MATERIALS,SUP-138,LOC-001,WH-A-BIN-50,484.0,15,325.76,Feb 25 2026,,false
SKU-00331,,CHEMICALS,SUP-165,LOC-004,WH-D-BIN-51,13.0kilogram,15,455.18,09/02/2026,,false
SKU-00332,Pallet Jack Wheel,ELECTRONICS,SUP-170,LOC-007,WH-G-BIN-52,211.0 KG,,190.18,2026-03-15,,false
SKU-00334,Fire Extinguisher 4kg,FOOD_COLD,SUP-168,LOC-004,WH-D-BIN-54,2.0kilogram,26,567.91,Apr 24 2026,,false
SKU-00335,,PACKAGING,SUP-006,wh-s,WH-S-BIN-55,161.0kilogram,10,244.48,May 13 2026,,false
SKU-00336,Rubber Gasket Set,MACHINERY_PARTS,SUP-154,Warehouse J,WH-J-BIN-56,50.0kg,20,437.97,07/05/2026,,false
SKU-00337,Cable Tie Assorted,PPE,SUP-155,LOC-004,WH-D-BIN-57,134.0kg,0,396.62,2026-03-08,,false
SKU-00338,,CLEANING,SUP-181,Warehouse C,WH-C-BIN-58,57.0 KG,40,348.34,16/03/2026,,false
SKU-00339,Wooden Pallet Std,MEDICAL,SUP-014,Warehouse T,WH-T-BIN-59,339.0 KG,10,765.86,Jul 18 2026,,false
SKU-00340,,RAW_MATERIALS,SUP-134,LOC-014,WH-N-BIN-60,476.0 KG,10,688.39,12/04/2026,,false
SKU-00341,,CHEMICALS,SUP-185,Warehouse N,WH-N-BIN-61,15.0kg,25,668.54,2026-05-20,,true
SKU-00343,,FOOD_DRY,SUP-013,wh-p,WH-P-BIN-63,35.0kg,30,782.97,2026-03-11,,false
SKU-00344,Chain Block 1T,FOOD_COLD,SUP-072,wh_e,WH-E-BIN-64,25.0kilogram,,388.65,2026-02-05,,false
SKU-00345,Temperature Logger,PACKAGING,SUP-180,wh_s,WH-S-BIN-65,379.0kg,20,7.40,Jun 01 2026,,false
SKU-00346,Anti-Slip Tape Roll,MACHINERY_PARTS,SUP-051,LOC-002,WH-B-BIN-66,9.0,10,75.71,May 03 2026,,false
SKU-00347,Welding Rod 3.2mm,PPE,SUP-143,LOC-019,WH-S-BIN-67,5.0,30,489.40,Feb 18 2026,,false
SKU-00348,Compressed Air Hose,CLEANING,SUP-108,LOC-015,WH-O-BIN-68,350.0 KG,20,472.66,2026-05-03,,false
SKU-00349,First Aid Refill,MEDICAL,SUP-055,Warehouse Q,WH-Q-BIN-69,10.0 KG,15,110.76,2026-04-18,Sep 04 2026,false
SKU-00350,Racking Beam 2.4m,RAW_MATERIALS,SUP-055,LOC-008,WH-H-BIN-70,497.0 KG,,355.57,28/03/2026,12/11/2026,false
SKU-00351,Stretch Hood Film,CHEMICALS,SUP-015,LOC-016,WH-P-BIN-71,187.0 KG,30,134.01,23/03/2026,,true
SKU-00352,Load Cell 500kg,ELECTRONICS,SUP-169,LOC-020,WH-T-BIN-72,204.0 KG,40,555.91,26/05/2026,,false
SKU-00353,Dock Bumpers Pair,FOOD_DRY,SUP-047,whse r,WH-R-BIN-73,143.0kg,10,252.05,05/05/2026,Oct 30 2026,false
SKU-00354,Floor Marking Paint,FOOD_COLD,SUP-104,whse p,WH-P-BIN-74,161.0 KG,30,297.78,Jul 04 2026,,false
SKU-00355,,PACKAGING,SUP-160,wh-g,WH-G-BIN-75,410.0,,645.18,28/05/2026,,false
SKU-00356,Mesh Security Cage,MACHINERY_PARTS,SUP-053,LOC-006,WH-F-BIN-76,7.0kilogram,,195.29,Apr 03 2026,,false
SKU-00357,Humidity Sensor Probe,PPE,SUP-043,LOC-011,WH-K-BIN-77,4.0kilogram,14,202.39,2026-06-23,,false
SKU-00358,Pallet Strap Tool,CLEANING,SUP-190,LOC-004,WH-D-BIN-78,311.0,15,633.70,2026-04-11,,false
SKU-00359,Coolant Concentrate,MEDICAL,SUP-112,LOC-011,WH-K-BIN-79,4.0,15,300.28,2026-07-27,,false
SKU-00361,Steel Bolt M8,CHEMICALS,SUP-177,LOC-009,WH-I-BIN-01,414.0,20,799.22,13/05/2026,,false
SKU-00362,Hydraulic Hose 2in,ELECTRONICS,SUP-157,LOC-006,WH-F-BIN-02,41.0,20,129.07,Apr 24 2026,,false
SKU-00363,,FOOD_DRY,SUP-094,LOC-006,WH-F-BIN-03,197.0kg,40,462.08,06/04/2026,,false
SKU-00364,Forklift Battery 24V,FOOD_COLD,SUP-197,LOC-001,WH-A-BIN-04,468.0kilogram,25,695.41,Apr 03 2026,,false
SKU-00365,Safety Gloves L,PACKAGING,SUP-098,LOC-007,WH-G-BIN-05,6.0kilogram,10,661.48,26/06/2026,,false
SKU-00366,Conveyor Belt Patch,MACHINERY_PARTS,SUP-037,LOC-014,WH-N-BIN-06,123.0kilogram,0,777.62,2026-04-04,,false
SKU-00367,Shrink Wrap Film Roll,PPE,SUP-006,LOC-012,WH-L-BIN-07,63.0 KG,10,509.46,2026-04-06,,false
SKU-00368,Label Printer Ribbon,CLEANING,SUP-199,WH-A,WH-A-BIN-08,447.0 KG,,699.78,Apr 08 2026,,false
SKU-00369,Dock Leveler Seal,MEDICAL,SUP-087,LOC-016,WH-P-BIN-09,214.0 KG,0,557.88,Apr 14 2026,,false
SKU-00370,LED Warehouse Light,RAW_MATERIALS,SUP-189,LOC-007,WH-G-BIN-10,65.0 KG,25,472.91,Mar 15 2026,,false
SKU-00371,Nitrile Gloves Box,CHEMICALS,SUP-003,wh-p,WH-P-BIN-11,35.0,30,679.68,May 28 2026,,false
SKU-00372,Pallet Jack Wheel,ELECTRONICS,SUP-150,wh_r,WH-R-BIN-12,398.0,30,564.15,Feb 13 2026,,false
SKU-00373,Barcode Scanner,FOOD_DRY,SUP-169,LOC-008,WH-H-BIN-13,333.0kg,0,363.41,28/04/2026,,false
SKU-00375,PVC Pipe 50mm,PACKAGING,SUP-195,LOC-016,WH-P-BIN-15,158.0kilogram,25,128.51,2026-05-08,,false
SKU-00376,Rubber Gasket Set,MACHINERY_PARTS,SUP-040,wh_m,WH-M-BIN-16,11.0kg,15,617.75,26/05/2026,2027-01-20,false
SKU-00377,Cable Tie Assorted,PPE,SUP-034,Warehouse I,WH-I-BIN-17,309.0kilogram,,169.34,2026-07-16,,false
SKU-00378,Dust Mask N95 Pack,CLEANING,SUP-020,whse o,WH-O-BIN-18,367.0kilogram,30,732.83,11/04/2026,,false
SKU-00379,,MEDICAL,SUP-152,LOC-019,WH-S-BIN-19,353.0kilogram,0,273.22,2026-07-21,,false
SKU-00380,Steel Shelving Unit,RAW_MATERIALS,SUP-169,LOC-013,WH-M-BIN-20,3.0 KG,29,118.27,Mar 03 2026,13/03/2027,false
SKU-00381,,CHEMICALS,SUP-188,wh-q,WH-Q-BIN-21,27.0 KG,25,299.86,2026-03-26,16/05/2027,false
SKU-00382,Spill Kit 20L,ELECTRONICS,SUP-193,LOC-004,WH-D-BIN-22,145.0kg,10,289.51,27/02/2026,05/09/2026,false
SKU-00383,Epoxy Resin 1L,FOOD_DRY,SUP-167,whse k,WH-K-BIN-23,406.0,40,29.58,2026-03-04,16/07/2027,false
SKU-00384,Chain Block 1T,FOOD_COLD,SUP-158,wh-m,WH-M-BIN-24,11.0,20,437.95,Mar 03 2026,2027-05-27,false
SKU-00385,Temperature Logger,PACKAGING,SUP-174,wh_a,WH-A-BIN-25,475.0,,610.50,2026-03-18,,false
SKU-00387,Welding Rod 3.2mm,PPE,SUP-118,Warehouse A,WH-A-BIN-27,164.0kilogram,10,165.06,Apr 19 2026,,false
SKU-00389,First Aid Refill,MEDICAL,SUP-131,LOC-014,WH-N-BIN-29,279.0kg,10,530.55,2026-05-18,,false
SKU-00390,,RAW_MATERIALS,SUP-198,LOC-009,WH-I-BIN-30,127.0kg,20,624.10,Jun 10 2026,,false
SKU-00391,Stretch Hood Film,CHEMICALS,SUP-111,WH-F,WH-F-BIN-31,424.0kilogram,,397.63,2026-04-15,,true
SKU-00392,Load Cell 500kg,ELECTRONICS,SUP-058,LOC-018,WH-R-BIN-32,57.0kg,0,45.75,14/05/2026,May 15 2027,false
SKU-00393,Dock Bumpers Pair,FOOD_DRY,SUP-132,LOC-008,WH-H-BIN-33,377.0 KG,20,786.73,07/03/2026,,false
SKU-00394,Floor Marking Paint,FOOD_COLD,SUP-085,wh-p,WH-P-BIN-34,212.0kg,0,142.91,Mar 10 2026,,false
SKU-00395,Battery Charger 24V,PACKAGING,SUP-143,LOC-004,WH-D-BIN-35,8.0kg,,479.51,2026-02-03,,false
SKU-00396,,MACHINERY_PARTS,SUP-027,LOC-008,WH-H-BIN-36,101.0,10,554.02,12/05/2026,,false
SKU-00397,Humidity Sensor Probe,PPE,SUP-002,wh_m,WH-M-BIN-37,4.0,15,392.48,Jul 01 2026,05/10/2026,false
SKU-00398,Pallet Strap Tool,CLEANING,SUP-193,Warehouse O,WH-O-BIN-38,4.0 KG,10,396.16,2026-05-11,,false
SKU-00399,Coolant Concentrate,MEDICAL,SUP-140,Warehouse Q,WH-Q-BIN-39,67.0 KG,30,489.60,18/06/2026,,false
SKU-00400,,RAW_MATERIALS,SUP-107,LOC-001,WH-A-BIN-40,32.0kg,15,105.97,05/04/2026,,false
SKU-00401,,CHEMICALS,SUP-102,wh_f,WH-F-BIN-41,303.0kg,10,276.61,Jul 06 2026,2027-06-20,false
SKU-00402,Hydraulic Hose 2in,ELECTRONICS,SUP-018,wh_a,WH-A-BIN-42,328.0,,53.42,Apr 20 2026,,false
SKU-00403,,FOOD_DRY,SUP-040,LOC-006,WH-F-BIN-43,298.0 KG,15,360.13,Jul 22 2026,Aug 04 2027,false
SKU-00404,Forklift Battery 24V,FOOD_COLD,SUP-008,LOC-006,WH-F-BIN-44,309.0,0,678.11,2026-02-28,,false
SKU-00405,Safety Gloves L,PACKAGING,SUP-002,LOC-010,WH-J-BIN-45,463.0 KG,,493.67,Jul 09 2026,,false
SKU-00406,Conveyor Belt Patch,MACHINERY_PARTS,SUP-104,LOC-008,WH-H-BIN-46,499.0,10,127.06,Feb 19 2026,May 08 2027,false
SKU-00407,Shrink Wrap Film Roll,PPE,SUP-094,whse j,WH-J-BIN-47,376.0 KG,10,7.75,Jun 08 2026,,false
SKU-00408,Label Printer Ribbon,CLEANING,SUP-059,WH-L,WH-L-BIN-48,125.0,15,568.79,14/04/2026,Mar 23 2027,false
SKU-00409,Dock Leveler Seal,MEDICAL,SUP-084,LOC-005,WH-E-BIN-49,38.0 KG,,219.14,Jun 30 2026,,false
SKU-00411,Nitrile Gloves Box,CHEMICALS,SUP-093,whse b,WH-B-BIN-51,58.0,40,82.19,04/06/2026,,false
SKU-00412,,ELECTRONICS,SUP-152,LOC-001,WH-A-BIN-52,246.0kilogram,25,661.97,Jun 22 2026,,false
SKU-00413,Barcode Scanner,FOOD_DRY,SUP-001,LOC-010,WH-J-BIN-53,7.0,25,506.15,14/04/2026,,false
SKU-00414,,FOOD_COLD,SUP-087,LOC-014,WH-N-BIN-54,141.0kilogram,15,181.78,2026-03-20,14/03/2027,false
SKU-00415,PVC Pipe 50mm,PACKAGING,SUP-124,whse l,WH-L-BIN-55,122.0kg,20,699.13,Jul 26 2026,2027-02-09,false
SKU-00416,Rubber Gasket Set,MACHINERY_PARTS,SUP-008,wh_a,WH-A-BIN-56,302.0kilogram,0,314.69,Feb 06 2026,,false
SKU-00417,Cable Tie Assorted,PPE,SUP-125,LOC-013,WH-M-BIN-57,10.0 KG,20,194.45,Jun 29 2026,,false
SKU-00418,,CLEANING,SUP-101,WH-I,WH-I-BIN-58,22.0kilogram,20,181.67,May 26 2026,,false
SKU-00419,Wooden Pallet Std,MEDICAL,SUP-093,LOC-012,WH-L-BIN-59,386.0 KG,30,233.78,May 18 2026,,false
SKU-00420,,RAW_MATERIALS,SUP-016,LOC-006,WH-F-BIN-60,1.0kg,10,3.75,Apr 25 2026,2026-11-24,false
SKU-00421,Hand Truck,CHEMICALS,SUP-027,LOC-012,WH-L-BIN-61,287.0 KG,30,325.96,2026-07-26,,false
SKU-00422,Spill Kit 20L,ELECTRONICS,SUP-125,LOC-004,WH-D-BIN-62,6.0,13,594.90,19/06/2026,,false
SKU-00423,Epoxy Resin 1L,FOOD_DRY,SUP-119,LOC-013,WH-M-BIN-63,344.0 KG,25,77.13,21/04/2026,23/03/2027,false
SKU-00424,Chain Block 1T,FOOD_COLD,SUP-170,LOC-006,WH-F-BIN-64,364.0kilogram,15,756.84,Jun 10 2026,,false
SKU-00425,Temperature Logger,PACKAGING,SUP-173,LOC-020,WH-T-BIN-65,197.0 KG,25,696.57,10/03/2026,,false
SKU-00426,Anti-Slip Tape Roll,MACHINERY_PARTS,SUP-043,LOC-016,WH-P-BIN-66,92.0 KG,10,775.93,2026-03-10,,false
SKU-00427,Welding Rod 3.2mm,PPE,SUP-021,LOC-016,WH-P-BIN-67,444.0kilogram,10,272.81,2026-05-19,,false
SKU-00428,Compressed Air Hose,CLEANING,SUP-097,LOC-016,WH-P-BIN-68,5.0kilogram,14,569.13,Apr 01 2026,,false
SKU-00429,First Aid Refill,MEDICAL,SUP-176,LOC-004,WH-D-BIN-69,499.0 KG,,175.87,2026-05-16,,false
SKU-00430,,RAW_MATERIALS,SUP-149,Warehouse L,WH-L-BIN-70,18.0kg,20,41.69,2026-02-20,,false
SKU-00431,,CHEMICALS,SUP-005,LOC-020,WH-T-BIN-71,388.0,25,158.25,2026-05-11,,false
SKU-00432,Load Cell 500kg,ELECTRONICS,SUP-035,Warehouse I,WH-I-BIN-72,249.0,0,164.10,2026-02-19,,false
SKU-00433,Dock Bumpers Pair,FOOD_DRY,SUP-010,wh-c,WH-C-BIN-73,3.0 KG,18,516.69,01/07/2026,,false
SKU-00434,Floor Marking Paint,FOOD_COLD,SUP-182,wh-i,WH-I-BIN-74,360.0 KG,25,335.84,09/04/2026,2026-12-09,false
SKU-00435,Battery Charger 24V,PACKAGING,SUP-029,LOC-010,WH-J-BIN-75,50.0,25,291.68,May 06 2026,Nov 26 2026,false
SKU-00436,Mesh Security Cage,MACHINERY_PARTS,SUP-052,wh-k,WH-K-BIN-76,17.0kilogram,40,361.19,2026-06-13,,false
SKU-00437,Humidity Sensor Probe,PPE,SUP-140,LOC-006,WH-F-BIN-77,484.0kilogram,10,57.27,27/04/2026,,false
SKU-00438,Pallet Strap Tool,CLEANING,SUP-174,whse i,WH-I-BIN-78,69.0kilogram,10,360.41,Jul 21 2026,,false
SKU-00439,Coolant Concentrate,MEDICAL,SUP-198,LOC-012,WH-L-BIN-79,157.0kilogram,30,357.60,Feb 23 2026,,false
SKU-00440,,RAW_MATERIALS,SUP-055,LOC-007,WH-G-BIN-80,454.0 KG,0,505.21,Jul 04 2026,,false
SKU-00441,Steel Bolt M8,CHEMICALS,SUP-195,Warehouse A,WH-A-BIN-01,475.0kg,0,132.58,03/03/2026,,false
SKU-00442,Hydraulic Hose 2in,ELECTRONICS,SUP-112,LOC-012,WH-L-BIN-02,89.0kg,10,754.15,May 19 2026,,false
SKU-00443,Industrial Solvent 5L,FOOD_DRY,SUP-072,whse m,WH-M-BIN-03,229.0kilogram,40,302.07,2026-04-03,,false
SKU-00444,Forklift Battery 24V,FOOD_COLD,SUP-092,LOC-018,WH-R-BIN-04,106.0,25,737.51,2026-07-16,10/01/2027,false
SKU-00445,Safety Gloves L,PACKAGING,SUP-167,WH-C,WH-C-BIN-05,473.0kg,0,465.12,Jun 21 2026,2027-06-19,false
SKU-00446,Conveyor Belt Patch,MACHINERY_PARTS,SUP-120,wh_l,WH-L-BIN-06,470.0 KG,10,412.68,30/06/2026,,false
SKU-00448,Label Printer Ribbon,CLEANING,SUP-089,whse q,WH-Q-BIN-08,191.0kg,40,423.91,21/06/2026,30/12/2026,false
SKU-00449,Dock Leveler Seal,MEDICAL,SUP-175,wh-k,WH-K-BIN-09,6.0 KG,20,538.72,Mar 14 2026,,false
SKU-00450,LED Warehouse Light,RAW_MATERIALS,SUP-087,whse n,WH-N-BIN-10,2.0kilogram,28,424.22,May 02 2026,,false
SKU-00451,,CHEMICALS,SUP-136,LOC-006,WH-F-BIN-11,125.0kilogram,0,705.65,2026-05-05,,true
SKU-00452,Pallet Jack Wheel,ELECTRONICS,SUP-126,whse n,WH-N-BIN-12,11.0kilogram,15,649.86,02/06/2026,,false
SKU-00453,Barcode Scanner,FOOD_DRY,SUP-135,whse r,WH-R-BIN-13,14.0,20,372.21,Apr 19 2026,,false
SKU-00455,,PACKAGING,SUP-149,LOC-003,WH-C-BIN-15,1.0kilogram,20,705.16,Mar 04 2026,2027-05-07,false
SKU-00457,Cable Tie Assorted,PPE,SUP-091,LOC-020,WH-T-BIN-17,170.0kg,25,279.98,May 20 2026,,false
SKU-00458,Dust Mask N95 Pack,CLEANING,SUP-112,LOC-001,WH-A-BIN-18,79.0,30,639.19,Apr 01 2026,,false
SKU-00459,Wooden Pallet Std,MEDICAL,SUP-142,LOC-007,WH-G-BIN-19,176.0kg,40,740.75,10/05/2026,,false
SKU-00462,Spill Kit 20L,ELECTRONICS,SUP-081,LOC-020,WH-T-BIN-22,488.0,30,145.69,Apr 17 2026,Mar 11 2027,false
SKU-00463,Epoxy Resin 1L,FOOD_DRY,SUP-043,whse h,WH-H-BIN-23,263.0,40,758.32,Mar 27 2026,,false
SKU-00464,Chain Block 1T,FOOD_COLD,SUP-049,wh-b,WH-B-BIN-24,461.0kg,40,790.66,May 08 2026,2027-08-06,false
SKU-00465,,PACKAGING,SUP-104,wh_n,WH-N-BIN-25,184.0 KG,0,739.29,May 24 2026,,false
SKU-00466,Anti-Slip Tape Roll,MACHINERY_PARTS,SUP-176,LOC-003,WH-C-BIN-26,8.0kilogram,15,522.20,2026-06-01,,false
SKU-00467,Welding Rod 3.2mm,PPE,SUP-148,whse e,WH-E-BIN-27,279.0,0,438.75,Feb 16 2026,,false
SKU-00469,First Aid Refill,MEDICAL,SUP-185,wh-l,WH-L-BIN-29,64.0kilogram,40,7.93,06/02/2026,,false
SKU-00470,,RAW_MATERIALS,SUP-048,LOC-009,WH-I-BIN-30,141.0 KG,0,583.65,Jun 05 2026,05/01/2027,false
SKU-00471,Stretch Hood Film,CHEMICALS,SUP-064,LOC-015,WH-O-BIN-31,3.0 KG,30,211.71,May 18 2026,,true
SKU-00472,Load Cell 500kg,ELECTRONICS,SUP-173,Warehouse L,WH-L-BIN-32,14.0kg,25,116.03,2026-06-29,,false
SKU-00473,Dock Bumpers Pair,FOOD_DRY,SUP-028,LOC-003,WH-C-BIN-33,166.0kilogram,40,138.12,2026-04-08,,false
SKU-00474,Floor Marking Paint,FOOD_COLD,SUP-066,LOC-007,WH-G-BIN-34,295.0kg,,184.71,May 03 2026,,false
SKU-00476,Mesh Security Cage,MACHINERY_PARTS,SUP-083,wh_i,WH-I-BIN-36,426.0,20,362.75,2026-06-11,,false
SKU-00478,,CLEANING,SUP-200,whse d,WH-D-BIN-38,282.0 KG,25,324.81,Jun 01 2026,,false
SKU-00479,Coolant Concentrate,MEDICAL,SUP-164,Warehouse P,WH-P-BIN-39,34.0kilogram,40,216.29,Mar 12 2026,,false
SKU-00480,Wheel Chock Rubber,RAW_MATERIALS,SUP-012,LOC-007,WH-G-BIN-40,172.0 KG,10,406.67,04/07/2026,,false
SKU-00481,Steel Bolt M8,CHEMICALS,SUP-096,wh_m,WH-M-BIN-41,25.0kg,25,712.25,May 24 2026,,false
SKU-00482,,ELECTRONICS,SUP-176,LOC-017,WH-Q-BIN-42,39.0 KG,30,226.48,19/04/2026,,false
SKU-00483,Industrial Solvent 5L,FOOD_DRY,SUP-143,LOC-006,WH-F-BIN-43,3.0,30,211.32,2026-04-25,,false
SKU-00485,Safety Gloves L,PACKAGING,SUP-056,LOC-015,WH-O-BIN-45,433.0,0,452.05,Feb 04 2026,Jan 11 2027,false
SKU-00486,Conveyor Belt Patch,MACHINERY_PARTS,SUP-133,wh_c,WH-C-BIN-46,117.0kilogram,10,472.40,2026-06-09,Nov 15 2026,false
SKU-00487,Shrink Wrap Film Roll,PPE,SUP-191,wh_q,WH-Q-BIN-47,176.0kilogram,10,4.62,16/02/2026,,false
SKU-00488,Label Printer Ribbon,CLEANING,SUP-190,LOC-017,WH-Q-BIN-48,161.0,,322.67,2026-03-27,,false
SKU-00489,,MEDICAL,SUP-066,WH-N,WH-N-BIN-49,114.0 KG,,779.15,10/03/2026,Aug 18 2027,false
SKU-00490,LED Warehouse Light,RAW_MATERIALS,SUP-053,LOC-004,WH-D-BIN-50,494.0,15,710.67,19/06/2026,,false
SKU-00491,Nitrile Gloves Box,CHEMICALS,SUP-179,LOC-016,WH-P-BIN-51,2.0kg,21,167.62,04/03/2026,,true
SKU-00492,Pallet Jack Wheel,ELECTRONICS,SUP-137,LOC-017,WH-Q-BIN-52,37.0kilogram,15,390.37,17/04/2026,2027-03-21,false
SKU-00493,Barcode Scanner,FOOD_DRY,SUP-167,LOC-002,WH-B-BIN-53,145.0 KG,,607.86,Apr 05 2026,Apr 29 2027,false
SKU-00494,Fire Extinguisher 4kg,FOOD_COLD,SUP-004,WH-M,WH-M-BIN-54,281.0kg,,13.47,2026-06-20,,false
SKU-00495,PVC Pipe 50mm,PACKAGING,SUP-177,LOC-014,WH-N-BIN-55,148.0kilogram,40,556.48,May 28 2026,Feb 19 2027,false
SKU-00496,Rubber Gasket Set,MACHINERY_PARTS,SUP-023,LOC-019,WH-S-BIN-56,266.0,25,536.02,Apr 08 2026,18/05/2027,false
SKU-00497,Cable Tie Assorted,PPE,SUP-163,LOC-020,WH-T-BIN-57,328.0,15,508.09,2026-06-03,,false
SKU-00498,Dust Mask N95 Pack,CLEANING,SUP-199,WH-B,WH-B-BIN-58,26.0kilogram,30,517.71,2026-03-20,16/04/2027,false
SKU-00499,,MEDICAL,SUP-071,Warehouse D,WH-D-BIN-59,312.0,,197.58,14/04/2026,,false
SKU-00500,Steel Shelving Unit,RAW_MATERIALS,SUP-133,LOC-019,WH-S-BIN-60,96.0 KG,40,141.12,2026-04-09,,false
SKU-00001,Hand Truck,CHEMICALS,SUP-162,LOC-006,WH-F-BIN-61,436.0kilogram,20,70.23,11/04/2026,2027-08-12,false
SKU-00002,Spill Kit 20L,ELECTRONICS,SUP-060,Warehouse F,WH-F-BIN-62,438.0,10,25.43,Feb 07 2026,,false
SKU-00003,Epoxy Resin 1L,FOOD_DRY,SUP-072,LOC-019,WH-S-BIN-63,3.0kg,25,786.93,Jun 22 2026,,false
SKU-00004,Chain Block 1T,FOOD_COLD,SUP-001,LOC-018,WH-R-BIN-64,170.0kg,20,709.80,2026-06-20,,false
SKU-00005,Temperature Logger,PACKAGING,SUP-144,LOC-002,WH-B-BIN-65,407.0kg,15,358.26,Mar 24 2026,,false
SKU-00006,Anti-Slip Tape Roll,MACHINERY_PARTS,SUP-104,LOC-011,WH-K-BIN-66,129.0,,780.18,13/04/2026,,false
SKU-00007,Welding Rod 3.2mm,PPE,SUP-123,LOC-003,WH-C-BIN-67,431.0kg,15,368.44,2026-04-17,,false
SKU-00008,Compressed Air Hose,CLEANING,SUP-181,LOC-001,WH-A-BIN-68,408.0,25,513.22,30/05/2026,,false
SKU-00009,First Aid Refill,MEDICAL,SUP-143,wh-n,WH-N-BIN-69,460.0kilogram,30,618.54,2026-05-17,,false
SKU-00010,Racking Beam 2.4m,RAW_MATERIALS,SUP-179,whse c,WH-C-BIN-70,323.0 KG,25,766.52,2026-04-15,,false
SKU-00012,Load Cell 500kg,ELECTRONICS,SUP-173,LOC-008,WH-H-BIN-72,263.0 KG,15,334.36,2026-07-09,,false
SKU-00013,Dock Bumpers Pair,FOOD_DRY,SUP-070,LOC-017,WH-Q-BIN-73,133.0,20,572.15,18/03/2026,,false
SKU-00015,Battery Charger 24V,PACKAGING,SUP-177,LOC-005,WH-E-BIN-75,161.0,30,332.37,15/03/2026,,false
SKU-00016,Mesh Security Cage,MACHINERY_PARTS,SUP-179,LOC-017,WH-Q-BIN-76,245.0kg,15,453.33,18/06/2026,,false
SKU-00017,Humidity Sensor Probe,PPE,SUP-195,LOC-007,WH-G-BIN-77,473.0kilogram,30,216.40,2026-05-08,2026-11-04,false
SKU-00018,,CLEANING,SUP-047,LOC-001,WH-A-BIN-78,446.0kilogram,,126.01,2026-03-30,,false
SKU-00019,Coolant Concentrate,MEDICAL,SUP-045,LOC-017,WH-Q-BIN-79,190.0,30,438.15,2026-07-12,,false
SKU-00020,Wheel Chock Rubber,RAW_MATERIALS,SUP-195,LOC-013,WH-M-BIN-80,4.0kg,10,330.01,Jun 19 2026,,false
SKU-00021,Steel Bolt M8,CHEMICALS,SUP-075,LOC-019,WH-S-BIN-01,134.0 KG,10,655.91,2026-07-23,,true
SKU-00023,Industrial Solvent 5L,FOOD_DRY,SUP-161,LOC-003,WH-C-BIN-03,243.0,15,750.38,21/03/2026,,false
SKU-00025,Safety Gloves L,PACKAGING,SUP-031,Warehouse K,WH-K-BIN-05,288.0 KG,10,492.55,2026-03-01,,false
SKU-00026,Conveyor Belt Patch,MACHINERY_PARTS,SUP-001,Warehouse O,WH-O-BIN-06,273.0kg,0,167.17,2026-06-08,,false
SKU-00027,Shrink Wrap Film Roll,PPE,SUP-061,LOC-003,WH-C-BIN-07,338.0kilogram,15,635.88,Mar 02 2026,Apr 28 2027,false
SKU-00028,Label Printer Ribbon,CLEANING,SUP-047,LOC-010,WH-J-BIN-08,13.0kilogram,,292.82,2026-05-10,,false
SKU-00029,Dock Leveler Seal,MEDICAL,SUP-078,WH-P,WH-P-BIN-09,213.0 KG,,778.09,05/02/2026,2026-10-05,false
SKU-00031,Nitrile Gloves Box,CHEMICALS,SUP-088,Warehouse A,WH-A-BIN-11,51.0kg,25,384.12,2026-03-19,,false
SKU-00032,Pallet Jack Wheel,ELECTRONICS,SUP-030,wh-j,WH-J-BIN-12,312.0kg,10,597.60,2026-04-24,,false
SKU-00033,Barcode Scanner,FOOD_DRY,SUP-105,LOC-004,WH-D-BIN-13,365.0kg,0,156.56,Jul 10 2026,,false
SKU-00034,Fire Extinguisher 4kg,FOOD_COLD,SUP-097,LOC-015,WH-O-BIN-14,30.0,25,555.51,25/04/2026,Jan 26 2027,false
SKU-00035,PVC Pipe 50mm,PACKAGING,SUP-119,LOC-020,WH-T-BIN-15,6.0kg,40,185.65,04/02/2026,,false
SKU-00036,Rubber Gasket Set,MACHINERY_PARTS,SUP-159,LOC-013,WH-M-BIN-16,188.0 KG,25,290.83,21/04/2026,,false
SKU-00037,Cable Tie Assorted,PPE,SUP-099,LOC-001,WH-A-BIN-17,117.0 KG,30,299.43,2026-05-31,,false
SKU-00038,Dust Mask N95 Pack,CLEANING,SUP-140,wh-q,WH-Q-BIN-18,436.0kilogram,15,471.88,Apr 10 2026,,false
SKU-00040,Steel Shelving Unit,RAW_MATERIALS,SUP-186,LOC-013,WH-M-BIN-20,299.0 KG,10,581.26,Feb 05 2026,,false
SKU-00041,Hand Truck,CHEMICALS,SUP-132,LOC-004,WH-D-BIN-21,407.0kg,25,232.18,2026-05-17,,false
SKU-00044,Chain Block 1T,FOOD_COLD,SUP-114,Warehouse Q,WH-Q-BIN-24,13.0kg,20,704.11,06/04/2026,14/06/2027,false
SKU-00045,Temperature Logger,PACKAGING,SUP-015,whse t,WH-T-BIN-25,4.0 KG,10,550.90,May 16 2026,,false
SKU-00046,Anti-Slip Tape Roll,MACHINERY_PARTS,SUP-018,WH-G,WH-G-BIN-26,13.0kilogram,40,680.19,2026-05-09,,false
SKU-00047,,PPE,SUP-113,LOC-011,WH-K-BIN-27,332.0,30,381.42,04/05/2026,,false
SKU-00049,First Aid Refill,MEDICAL,SUP-125,LOC-018,WH-R-BIN-29,500.0,15,169.37,14/04/2026,,false
SKU-00051,Stretch Hood Film,CHEMICALS,SUP-051,LOC-017,WH-Q-BIN-31,22.0kilogram,25,772.00,2026-07-17,,true
SKU-00052,Load Cell 500kg,ELECTRONICS,SUP-103,LOC-008,WH-H-BIN-32,253.0,25,390.32,Apr 29 2026,,false
SKU-00054,Floor Marking Paint,FOOD_COLD,SUP-191,Warehouse G,WH-G-BIN-34,388.0kilogram,15,481.98,2026-03-30,,false
SKU-00055,Battery Charger 24V,PACKAGING,SUP-120,WH-G,WH-G-BIN-35,321.0,10,624.01,2026-03-03,,false
SKU-00056,Mesh Security Cage,MACHINERY_PARTS,SUP-034,LOC-004,WH-D-BIN-36,448.0 KG,,536.67,2026-06-19,,false
SKU-00057,Humidity Sensor Probe,PPE,SUP-181,LOC-018,WH-R-BIN-37,472.0kilogram,30,164.30,2026-03-17,,false
SKU-00058,Pallet Strap Tool,CLEANING,SUP-097,LOC-005,WH-E-BIN-38,321.0 KG,0,764.86,31/05/2026,,false
SKU-00059,,MEDICAL,SUP-100,LOC-013,WH-M-BIN-39,158.0 KG,25,673.26,2026-02-26,,false
SKU-00060,Wheel Chock Rubber,RAW_MATERIALS,SUP-101,whse s,WH-S-BIN-40,25.0kg,30,340.25,08/03/2026,,false
SKU-00061,Steel Bolt M8,CHEMICALS,SUP-077,whse c,WH-C-BIN-41,296.0kilogram,10,32.46,2026-02-21,,true
SKU-00063,Industrial Solvent 5L,FOOD_DRY,SUP-075,LOC-010,WH-J-BIN-43,258.0,20,363.28,29/04/2026,,false
SKU-00064,Forklift Battery 24V,FOOD_COLD,SUP-070,LOC-010,WH-J-BIN-44,18.0kg,20,50.61,May 06 2026,,false
SKU-00065,Safety Gloves L,PACKAGING,SUP-118,wh_i,WH-I-BIN-45,8.0kilogram,,366.19,07/07/2026,,false
SKU-00066,Conveyor Belt Patch,MACHINERY_PARTS,SUP-063,LOC-020,WH-T-BIN-46,83.0kg,,7.82,Apr 07 2026,,false
SKU-00067,Shrink Wrap Film Roll,PPE,SUP-044,WH-R,WH-R-BIN-47,11.0,30,759.81,25/02/2026,,false
SKU-00068,Label Printer Ribbon,CLEANING,SUP-174,WH-D,WH-D-BIN-48,306.0kg,10,396.86,2026-04-04,,false
SKU-00069,Dock Leveler Seal,MEDICAL,SUP-185,LOC-001,WH-A-BIN-49,203.0,25,538.53,Jun 05 2026,,false
SKU-00070,LED Warehouse Light,RAW_MATERIALS,SUP-161,LOC-020,WH-T-BIN-50,185.0,15,670.34,30/03/2026,,false
SKU-00072,Pallet Jack Wheel,ELECTRONICS,SUP-063,LOC-013,WH-M-BIN-52,410.0,10,55.50,2026-04-18,,false
SKU-00073,Barcode Scanner,FOOD_DRY,SUP-105,wh-f,WH-F-BIN-53,394.0kilogram,25,422.96,2026-07-13,,false
SKU-00074,Fire Extinguisher 4kg,FOOD_COLD,SUP-060,LOC-013,WH-M-BIN-54,135.0 KG,0,633.31,2026-06-30,,false
SKU-00075,PVC Pipe 50mm,PACKAGING,SUP-003,WH-H,WH-H-BIN-55,92.0kilogram,15,243.83,23/02/2026,,false
SKU-00076,Rubber Gasket Set,MACHINERY_PARTS,SUP-108,Warehouse Q,WH-Q-BIN-56,33.0 KG,,294.28,21/05/2026,,false
SKU-00077,Cable Tie Assorted,PPE,SUP-125,LOC-019,WH-S-BIN-57,35.0kilogram,25,216.68,28/05/2026,2027-01-29,false
SKU-00078,Dust Mask N95 Pack,CLEANING,SUP-145,LOC-009,WH-I-BIN-58,192.0,40,373.13,Jun 17 2026,Jul 30 2027,false
SKU-00079,Wooden Pallet Std,MEDICAL,SUP-139,LOC-002,WH-B-BIN-59,36.0 KG,40,691.50,23/02/2026,,false
SKU-00080,Steel Shelving Unit,RAW_MATERIALS,SUP-066,LOC-008,WH-H-BIN-60,103.0kg,30,632.31,Mar 02 2026,,false
SKU-00081,Hand Truck,CHEMICALS,SUP-005,LOC-006,WH-F-BIN-61,146.0 KG,20,232.49,01/05/2026,,true
SKU-00082,,ELECTRONICS,SUP-159,LOC-014,WH-N-BIN-62,3.0kg,25,701.49,2026-06-12,,false
SKU-00083,Epoxy Resin 1L,FOOD_DRY,SUP-081,LOC-003,WH-C-BIN-63,432.0kilogram,15,714.09,29/06/2026,,false
SKU-00084,Chain Block 1T,FOOD_COLD,SUP-164,wh_k,WH-K-BIN-64,187.0kilogram,25,641.62,Apr 03 2026,,false
SKU-00085,Temperature Logger,PACKAGING,SUP-133,LOC-014,WH-N-BIN-65,6.0 KG,25,651.71,Mar 06 2026,,false
SKU-00086,Anti-Slip Tape Roll,MACHINERY_PARTS,SUP-062,LOC-007,WH-G-BIN-66,142.0kilogram,15,673.46,May 12 2026,,false
SKU-00087,Welding Rod 3.2mm,PPE,SUP-006,LOC-005,WH-E-BIN-67,302.0kg,,359.30,Apr 25 2026,,false
SKU-00088,Compressed Air Hose,CLEANING,SUP-107,Warehouse C,WH-C-BIN-68,443.0kilogram,0,707.62,2026-04-28,,false
SKU-00090,Racking Beam 2.4m,RAW_MATERIALS,SUP-073,wh-n,WH-N-BIN-70,27.0,,52.27,2026-02-14,,false
SKU-00091,Stretch Hood Film,CHEMICALS,SUP-063,LOC-016,WH-P-BIN-71,112.0kg,40,114.16,2026-05-26,,false
SKU-00092,Load Cell 500kg,ELECTRONICS,SUP-095,LOC-014,WH-N-BIN-72,477.0kilogram,40,598.72,28/06/2026,,false
SKU-00093,Dock Bumpers Pair,FOOD_DRY,SUP-057,wh_b,WH-B-BIN-73,408.0kilogram,0,330.27,08/02/2026,,false
SKU-00094,Floor Marking Paint,FOOD_COLD,SUP-112,LOC-006,WH-F-BIN-74,174.0kilogram,20,754.87,Mar 21 2026,2027-07-04,false
SKU-00095,,PACKAGING,SUP-045,LOC-020,WH-T-BIN-75,281.0,40,544.36,06/05/2026,Jan 30 2027,false
SKU-00096,Mesh Security Cage,MACHINERY_PARTS,SUP-087,WH-G,WH-G-BIN-76,347.0,0,572.64,2026-04-11,18/07/2027,false
SKU-00097,Humidity Sensor Probe,PPE,SUP-137,whse e,WH-E-BIN-77,462.0,40,3.86,03/02/2026,,false
SKU-00098,Pallet Strap Tool,CLEANING,SUP-022,whse q,WH-Q-BIN-78,408.0kg,0,406.41,2026-04-05,,false
SKU-00099,Coolant Concentrate,MEDICAL,SUP-019,wh_k,WH-K-BIN-79,398.0 KG,15,371.63,2026-05-22,,false
SKU-00100,Wheel Chock Rubber,RAW_MATERIALS,SUP-023,whse t,WH-T-BIN-80,465.0kg,30,701.80,25/06/2026,2027-08-22,false
SKU-00102,Hydraulic Hose 2in,ELECTRONICS,SUP-172,LOC-012,WH-L-BIN-02,413.0kilogram,20,64.31,15/07/2026,,false
SKU-00103,Industrial Solvent 5L,FOOD_DRY,SUP-158,WH-M,WH-M-BIN-03,358.0 KG,10,78.38,2026-05-02,,false
SKU-00104,Forklift Battery 24V,FOOD_COLD,SUP-117,LOC-019,WH-S-BIN-04,347.0kg,15,632.96,Jun 01 2026,,false
SKU-00106,Conveyor Belt Patch,MACHINERY_PARTS,SUP-070,LOC-018,WH-R-BIN-06,178.0kg,25,626.49,May 22 2026,,false
SKU-00107,Shrink Wrap Film Roll,PPE,SUP-141,LOC-005,WH-E-BIN-07,372.0kg,10,50.82,2026-06-18,,false
SKU-00108,Label Printer Ribbon,CLEANING,SUP-028,WH-G,WH-G-BIN-08,201.0kg,30,449.04,2026-05-29,Apr 28 2027,false
SKU-00109,Dock Leveler Seal,MEDICAL,SUP-088,wh_a,WH-A-BIN-09,116.0kilogram,40,507.95,2026-02-19,Jan 16 2027,false
SKU-00110,LED Warehouse Light,RAW_MATERIALS,SUP-048,LOC-007,WH-G-BIN-10,25.0kilogram,40,545.72,27/04/2026,2027-02-15,false
SKU-00111,,CHEMICALS,SUP-186,LOC-012,WH-L-BIN-11,17.0,25,399.26,23/04/2026,,false
SKU-00112,Pallet Jack Wheel,ELECTRONICS,SUP-140,LOC-015,WH-O-BIN-12,132.0 KG,40,476.25,Feb 26 2026,,false
SKU-00113,Barcode Scanner,FOOD_DRY,SUP-198,LOC-019,WH-S-BIN-13,19.0kg,20,65.40,14/03/2026,,false
SKU-00114,Fire Extinguisher 4kg,FOOD_COLD,SUP-131,LOC-017,WH-Q-BIN-14,410.0 KG,20,737.06,2026-03-17,,false
SKU-00115,PVC Pipe 50mm,PACKAGING,SUP-174,LOC-001,WH-A-BIN-15,309.0kg,0,145.73,2026-03-22,,false
SKU-00117,Cable Tie Assorted,PPE,SUP-133,LOC-015,WH-O-BIN-17,26.0 KG,15,450.84,2026-04-29,04/07/2027,false
SKU-00118,Dust Mask N95 Pack,CLEANING,SUP-197,LOC-019,WH-S-BIN-18,287.0 KG,40,508.76,Jul 26 2026,,false
SKU-00119,Wooden Pallet Std,MEDICAL,SUP-193,LOC-015,WH-O-BIN-19,194.0,20,543.77,2026-04-25,Feb 09 2027,false
SKU-00120,,RAW_MATERIALS,SUP-001,wh_o,WH-O-BIN-20,2.0,15,646.17,23/03/2026,,false
SKU-00121,Hand Truck,CHEMICALS,SUP-092,wh_o,WH-O-BIN-21,251.0kg,30,442.63,2026-07-22,2027-06-22,false
SKU-00122,Spill Kit 20L,ELECTRONICS,SUP-125,whse b,WH-B-BIN-22,473.0kilogram,20,38.43,19/04/2026,,false
SKU-00123,Epoxy Resin 1L,FOOD_DRY,SUP-013,LOC-019,WH-S-BIN-23,167.0,25,661.05,2026-03-16,22/03/2027,false
SKU-00124,Chain Block 1T,FOOD_COLD,SUP-123,wh-i,WH-I-BIN-24,117.0,25,504.04,26/05/2026,2027-01-29,false
SKU-00125,Temperature Logger,PACKAGING,SUP-004,LOC-009,WH-I-BIN-25,264.0kilogram,40,66.40,14/03/2026,May 04 2027,false
SKU-00126,Anti-Slip Tape Roll,MACHINERY_PARTS,SUP-192,LOC-020,WH-T-BIN-26,12.0kilogram,40,606.34,2026-03-27,08/12/2026,false
SKU-00127,Welding Rod 3.2mm,PPE,SUP-157,LOC-006,WH-F-BIN-27,26.0 KG,40,504.90,2026-06-28,,false
SKU-00128,Compressed Air Hose,CLEANING,SUP-022,LOC-014,WH-N-BIN-28,417.0kilogram,40,337.40,Mar 29 2026,,false
SKU-00129,First Aid Refill,MEDICAL,SUP-008,LOC-003,WH-C-BIN-29,375.0kg,25,355.49,14/04/2026,,false
SKU-00130,Racking Beam 2.4m,RAW_MATERIALS,SUP-035,LOC-012,WH-L-BIN-30,16.0 KG,40,721.07,Jun 11 2026,15/08/2027,false
SKU-00131,Stretch Hood Film,CHEMICALS,SUP-167,LOC-001,WH-A-BIN-31,58.0kg,10,420.86,2026-06-15,,true
SKU-00132,Load Cell 500kg,ELECTRONICS,SUP-146,LOC-006,WH-F-BIN-32,50.0 KG,10,57.43,2026-04-23,,false
SKU-00133,Dock Bumpers Pair,FOOD_DRY,SUP-183,LOC-013,WH-M-BIN-33,157.0kilogram,40,21.31,16/05/2026,Mar 11 2027,false
SKU-00134,,FOOD_COLD,SUP-143,LOC-005,WH-E-BIN-34,359.0kilogram,0,113.96,27/06/2026,,false
SKU-00135,Battery Charger 24V,PACKAGING,SUP-098,LOC-010,WH-J-BIN-35,398.0,0,94.31,Apr 24 2026,,false
SKU-00138,Pallet Strap Tool,CLEANING,SUP-165,wh-o,WH-O-BIN-38,271.0kg,15,708.67,18/06/2026,,false
SKU-00139,Coolant Concentrate,MEDICAL,SUP-066,wh-c,WH-C-BIN-39,1.0,10,645.44,Jul 24 2026,,false
SKU-00140,Wheel Chock Rubber,RAW_MATERIALS,SUP-170,LOC-017,WH-Q-BIN-40,261.0,20,427.38,Jul 19 2026,,false
SKU-00141,Steel Bolt M8,CHEMICALS,SUP-168,LOC-004,WH-D-BIN-41,6.0kilogram,10,218.60,Feb 17 2026,,false
SKU-00142,Hydraulic Hose 2in,ELECTRONICS,SUP-190,Warehouse N,WH-N-BIN-42,296.0,20,293.00,2026-03-01,,false
SKU-00143,Industrial Solvent 5L,FOOD_DRY,SUP-058,LOC-001,WH-A-BIN-43,394.0,0,370.01,2026-05-10,17/07/2027,false
SKU-00144,Forklift Battery 24V,FOOD_COLD,SUP-193,LOC-019,WH-S-BIN-44,491.0,40,483.36,09/07/2026,,false
SKU-00145,Safety Gloves L,PACKAGING,SUP-150,LOC-001,WH-A-BIN-45,336.0,0,468.01,20/02/2026,,false
SKU-00146,Conveyor Belt Patch,MACHINERY_PARTS,SUP-191,LOC-007,WH-G-BIN-46,267.0kg,0,682.78,11/05/2026,,false
SKU-00147,Shrink Wrap Film Roll,PPE,SUP-056,LOC-006,WH-F-BIN-47,42.0 KG,0,671.85,2026-06-11,,false
SKU-00148,Label Printer Ribbon,CLEANING,SUP-055,LOC-009,WH-I-BIN-48,155.0,,22.78,03/04/2026,,false
SKU-00149,Dock Leveler Seal,MEDICAL,SUP-001,Warehouse B,WH-B-BIN-49,98.0 KG,10,280.91,2026-05-24,,false
SKU-00150,LED Warehouse Light,RAW_MATERIALS,SUP-089,wh-o,WH-O-BIN-50,435.0kilogram,,644.34,08/07/2026,,false
SKU-00151,Nitrile Gloves Box,CHEMICALS,SUP-054,wh-n,WH-N-BIN-51,91.0,30,656.52,Feb 18 2026,2026-11-10,true
SKU-00153,,FOOD_DRY,SUP-042,Warehouse Q,WH-Q-BIN-53,263.0kilogram,10,765.41,05/02/2026,2027-03-16,false
SKU-00154,Fire Extinguisher 4kg,FOOD_COLD,SUP-008,whse h,WH-H-BIN-54,412.0kg,30,599.45,2026-05-25,,false
SKU-00155,PVC Pipe 50mm,PACKAGING,SUP-164,whse r,WH-R-BIN-55,26.0kg,40,571.36,03/02/2026,,false
SKU-00156,Rubber Gasket Set,MACHINERY_PARTS,SUP-028,LOC-003,WH-C-BIN-56,415.0kg,15,562.27,2026-06-01,Feb 01 2027,false
SKU-00157,Cable Tie Assorted,PPE,SUP-102,LOC-002,WH-B-BIN-57,368.0,20,388.00,Jul 07 2026,,false
SKU-00158,Dust Mask N95 Pack,CLEANING,SUP-035,LOC-004,WH-D-BIN-58,74.0kilogram,25,2.63,2026-03-17,,false
SKU-00159,Wooden Pallet Std,MEDICAL,SUP-169,LOC-004,WH-D-BIN-59,252.0 KG,0,779.39,Apr 27 2026,,false
SKU-00160,Steel Shelving Unit,RAW_MATERIALS,SUP-022,LOC-005,WH-E-BIN-60,97.0 KG,,662.84,2026-04-06,,false
SKU-00161,Hand Truck,CHEMICALS,SUP-019,WH-D,WH-D-BIN-61,251.0kg,,428.24,18/03/2026,,false
SKU-00162,Spill Kit 20L,ELECTRONICS,SUP-108,wh-i,WH-I-BIN-62,445.0kilogram,40,709.33,02/05/2026,,false
SKU-00163,Epoxy Resin 1L,FOOD_DRY,SUP-080,LOC-020,WH-T-BIN-63,301.0,,234.87,2026-06-13,Apr 25 2027,false
SKU-00164,Chain Block 1T,FOOD_COLD,SUP-045,LOC-011,WH-K-BIN-64,255.0kg,20,467.19,Mar 07 2026,,false
SKU-00165,Temperature Logger,PACKAGING,SUP-184,wh_p,WH-P-BIN-65,435.0kilogram,25,458.89,Jul 08 2026,,false
SKU-00166,Anti-Slip Tape Roll,MACHINERY_PARTS,SUP-161,LOC-013,WH-M-BIN-66,37.0kg,25,521.35,12/02/2026,2027-08-07,false
SKU-00167,Welding Rod 3.2mm,PPE,SUP-190,LOC-016,WH-P-BIN-67,1.0kg,29,517.89,2026-07-15,,false
SKU-00168,,CLEANING,SUP-166,Warehouse O,WH-O-BIN-68,59.0kilogram,0,79.88,24/02/2026,,false
SKU-00169,First Aid Refill,MEDICAL,SUP-187,wh_m,WH-M-BIN-69,343.0kilogram,40,521.10,2026-03-28,28/09/2026,false
SKU-00170,Racking Beam 2.4m,RAW_MATERIALS,SUP-039,whse p,WH-P-BIN-70,387.0kilogram,20,290.40,16/02/2026,Oct 15 2026,false
SKU-00171,Stretch Hood Film,CHEMICALS,SUP-181,LOC-020,WH-T-BIN-71,371.0,20,185.62,23/03/2026,,false
SKU-00172,Load Cell 500kg,ELECTRONICS,SUP-101,wh-c,WH-C-BIN-72,493.0kilogram,15,464.57,2026-07-26,,false
SKU-00173,Dock Bumpers Pair,FOOD_DRY,SUP-048,whse n,WH-N-BIN-73,396.0,30,557.08,Apr 17 2026,2027-09-02,false
SKU-00174,Floor Marking Paint,FOOD_COLD,SUP-014,WH-M,WH-M-BIN-74,444.0,40,429.05,2026-05-02,2027-06-20,false
SKU-00175,Alha Wolf Pack,PACKAGING,SUP-164,whse c,WH-C-BIN-75,130.0 KG,30,165.46,2026-05-28,Jun 16 2027,false
SKU-00176,Mesh Security Cage,MACHINERY_PARTS,SUP-112,LOC-011,WH-K-BIN-76,51.0kilogram,30,400.02,Feb 23 2026,,false
SKU-00177,,PPE,SUP-073,LOC-008,WH-H-BIN-77,94.0,25,77.09,13/04/2026,,false
SKU-00178,Pallet Strap Tool,CLEANING,SUP-100,LOC-015,WH-O-BIN-78,68.0kilogram,15,233.60,25/07/2026,,false
SKU-00179,Coolant Concentrate,MEDICAL,SUP-105,LOC-020,WH-T-BIN-79,275.0 KG,20,162.43,2026-04-21,,false
SKU-00180,,RAW_MATERIALS,SUP-061,wh_q,WH-Q-BIN-80,174.0kg,40,760.00,Jun 16 2026,2027-09-02,false
SKU-00181,Steel Bolt M8,CHEMICALS,SUP-086,LOC-019,WH-S-BIN-01,235.0kilogram,10,472.21,Mar 10 2026,,true
SKU-00182,Hydraulic Hose 2in,ELECTRONICS,SUP-135,LOC-009,WH-I-BIN-02,99.0kg,0,724.81,03/06/2026,,false
SKU-00183,Industrial Solvent 5L,FOOD_DRY,SUP-048,wh-d,WH-D-BIN-03,18.0 KG,20,315.89,2026-04-18,,false
SKU-00184,Forklift Battery 24V,FOOD_COLD,SUP-069,LOC-008,WH-H-BIN-04,151.0,10,779.83,2026-05-27,,false
SKU-00185,Safety Gloves L,PACKAGING,SUP-120,LOC-009,WH-I-BIN-05,194.0kilogram,25,104.99,Apr 19 2026,,false
SKU-00188,Label Printer Ribbon,CLEANING,SUP-106,WH-D,WH-D-BIN-08,12.0,30,199.53,Feb 04 2026,Oct 22 2026,false
SKU-00189,Dock Leveler Seal,MEDICAL,SUP-162,LOC-005,WH-E-BIN-09,172.0 KG,30,25.27,20/02/2026,,false
SKU-00190,LED Warehouse Light,RAW_MATERIALS,SUP-002,LOC-011,WH-K-BIN-10,31.0,,209.33,May 06 2026,,false
SKU-00191,Nitrile Gloves Box,CHEMICALS,SUP-012,Warehouse Q,WH-Q-BIN-11,232.0kilogram,,415.09,Jul 01 2026,,true
SKU-00192,Pallet Jack Wheel,ELECTRONICS,SUP-031,LOC-008,WH-H-BIN-12,253.0,15,618.87,10/06/2026,,false
SKU-00193,Barcode Scanner,FOOD_DRY,SUP-156,LOC-012,WH-L-BIN-13,5.0kilogram,20,291.12,May 18 2026,,false
SKU-00194,Fire Extinguisher 4kg,FOOD_COLD,SUP-138,LOC-018,WH-R-BIN-14,218.0kilogram,10,704.21,2026-05-28,,false
SKU-00195,PVC Pipe 50mm,PACKAGING,SUP-028,LOC-010,WH-J-BIN-15,237.0kilogram,25,327.09,2026-05-24,,false
SKU-00196,Rubber Gasket Set,MACHINERY_PARTS,SUP-027,whse d,WH-D-BIN-16,412.0kg,40,81.65,2026-02-08,Jul 30 2027,false
SKU-00197,Cable Tie Assorted,PPE,SUP-057,LOC-015,WH-O-BIN-17,348.0,30,504.23,2026-03-05,,false
SKU-00198,Dust Mask N95 Pack,CLEANING,SUP-167,whse q,WH-Q-BIN-18,432.0,15,448.92,Jul 28 2026,,false
SKU-00199,Wooden Pallet Std,MEDICAL,SUP-035,LOC-004,WH-D-BIN-19,15.0 KG,25,558.45,09/05/2026,,false
SKU-00200,Steel Shelving Unit,RAW_MATERIALS,SUP-166,LOC-013,WH-M-BIN-20,27.0 KG,,666.79,2026-07-06,,false
SKU-00201,Hand Truck,CHEMICALS,SUP-073,wh-o,WH-O-BIN-21,269.0 KG,20,13.18,Mar 18 2026,,true
SKU-00202,Spill Kit 20L,ELECTRONICS,SUP-008,LOC-007,WH-G-BIN-22,430.0kg,0,476.89,20/06/2026,,false
SKU-00203,Epoxy Resin 1L,FOOD_DRY,SUP-145,LOC-006,WH-F-BIN-23,42.0kg,40,79.32,Feb 22 2026,,false
SKU-00205,Temperature Logger,PACKAGING,SUP-192,LOC-018,WH-R-BIN-25,19.0,20,202.96,Jun 28 2026,Apr 02 2027,false
SKU-00207,Welding Rod 3.2mm,PPE,SUP-143,Warehouse K,WH-K-BIN-27,86.0kg,25,191.93,23/04/2026,,false
SKU-00208,Compressed Air Hose,CLEANING,SUP-108,LOC-011,WH-K-BIN-28,1.0kilogram,15,293.31,2026-03-13,,false
SKU-00209,First Aid Refill,MEDICAL,SUP-172,LOC-001,WH-A-BIN-29,81.0,0,615.19,22/03/2026,,false
SKU-00210,Racking Beam 2.4m,RAW_MATERIALS,SUP-002,Warehouse A,WH-A-BIN-30,146.0 KG,40,365.94,2026-06-21,,false
SKU-00211,,CHEMICALS,SUP-102,WH-R,WH-R-BIN-31,288.0 KG,0,629.21,Feb 13 2026,,false
SKU-00212,Load Cell 500kg,ELECTRONICS,SUP-014,WH-E,WH-E-BIN-32,2.0 KG,11,434.83,13/04/2026,,false
SKU-00213,Dock Bumpers Pair,FOOD_DRY,SUP-189,LOC-019,WH-S-BIN-33,105.0kilogram,,374.97,2026-02-15,,false
SKU-00214,Floor Marking Paint,FOOD_COLD,SUP-043,wh_m,WH-M-BIN-34,207.0kg,10,782.34,2026-07-13,,false
SKU-00216,Mesh Security Cage,MACHINERY_PARTS,SUP-115,LOC-002,WH-B-BIN-36,449.0kilogram,,364.57,Jun 26 2026,,false
SKU-00217,Humidity Sensor Probe,PPE,SUP-170,LOC-020,WH-T-BIN-37,445.0kilogram,15,679.41,21/06/2026,,false
SKU-00218,Pallet Strap Tool,CLEANING,SUP-105,LOC-018,WH-R-BIN-38,190.0,15,246.47,18/06/2026,,false
SKU-00219,Coolant Concentrate,MEDICAL,SUP-052,whse m,WH-M-BIN-39,318.0kg,30,433.41,15/02/2026,,false
SKU-00220,Wheel Chock Rubber,RAW_MATERIALS,SUP-158,LOC-009,WH-I-BIN-40,199.0 KG,20,617.46,02/06/2026,10/11/2026,false
SKU-00221,Steel Bolt M8,CHEMICALS,SUP-093,WH-H,WH-H-BIN-41,454.0 KG,20,676.50,2026-06-22,,false
SKU-00222,Hydraulic Hose 2in,ELECTRONICS,SUP-068,LOC-008,WH-H-BIN-42,355.0,25,487.97,Apr 10 2026,,false
SKU-00223,Industrial Solvent 5L,FOOD_DRY,SUP-170,Warehouse C,WH-C-BIN-43,33.0 KG,30,444.96,Apr 28 2026,,false
SKU-00224,Forklift Battery 24V,FOOD_COLD,SUP-005,whse g,WH-G-BIN-44,27.0,40,468.98,2026-02-09,02/09/2027,false
SKU-00225,,PACKAGING,SUP-174,wh_b,WH-B-BIN-45,441.0kg,0,344.02,2026-03-08,,false
SKU-00226,Conveyor Belt Patch,MACHINERY_PARTS,SUP-161,LOC-011,WH-K-BIN-46,100.0kilogram,40,625.04,Mar 22 2026,2027-07-01,false
SKU-00227,Shrink Wrap Film Roll,PPE,SUP-175,LOC-020,WH-T-BIN-47,22.0 KG,40,737.87,10/07/2026,,false
SKU-00228,Label Printer Ribbon,CLEANING,SUP-144,LOC-003,WH-C-BIN-48,81.0 KG,,271.08,20/03/2026,2027-01-20,false
SKU-00229,Dock Leveler Seal,MEDICAL,SUP-138,LOC-010,WH-J-BIN-49,267.0 KG,,673.65,2026-03-05,,false
SKU-00232,Pallet Jack Wheel,ELECTRONICS,SUP-102,Warehouse Q,WH-Q-BIN-52,396.0 KG,,526.12,Jul 25 2026,May 09 2027,false
SKU-00233,Barcode Scanner,FOOD_DRY,SUP-143,LOC-002,WH-B-BIN-53,30.0kg,40,66.11,25/03/2026,,false
SKU-00234,Fire Extinguisher 4kg,FOOD_COLD,SUP-054,wh_j,WH-J-BIN-54,356.0,0,258.57,Jun 23 2026,,false
SKU-00235,,PACKAGING,SUP-033,LOC-020,WH-T-BIN-55,196.0kg,20,607.99,Feb 18 2026,,false
SKU-00236,Rubber Gasket Set,MACHINERY_PARTS,SUP-129,whse n,WH-N-BIN-56,379.0kilogram,,654.73,27/07/2026,,false
SKU-00237,,PPE,SUP-027,LOC-001,WH-A-BIN-57,375.0 KG,,305.38,Jun 21 2026,16/12/2026,false
SKU-00238,Dust Mask N95 Pack,CLEANING,SUP-181,LOC-009,WH-I-BIN-58,170.0kilogram,15,229.78,Mar 29 2026,,false
SKU-00239,,MEDICAL,SUP-002,LOC-002,WH-B-BIN-59,486.0kilogram,15,33.75,2026-02-14,,false
SKU-00240,Steel Shelving Unit,RAW_MATERIALS,SUP-036,WH-O,WH-O-BIN-60,375.0,20,497.95,29/04/2026,,false
SKU-00241,Hand Truck,CHEMICALS,SUP-177,Warehouse P,WH-P-BIN-61,10.0kilogram,25,388.55,04/04/2026,,true
SKU-00242,Spill Kit 20L,ELECTRONICS,SUP-176,LOC-002,WH-B-BIN-62,128.0kg,30,483.37,22/02/2026,May 31 2027,false
SKU-00243,,FOOD_DRY,SUP-173,LOC-004,WH-D-BIN-63,38.0kg,10,201.38,2026-02-16,,false
SKU-00244,,FOOD_COLD,SUP-079,LOC-015,WH-O-BIN-64,414.0kilogram,40,656.34,26/06/2026,,false
SKU-00245,Temperature Logger,PACKAGING,SUP-174,whse b,WH-B-BIN-65,6.0kilogram,15,451.81,2026-05-03,,false
SKU-00246,Anti-Slip Tape Roll,MACHINERY_PARTS,SUP-064,LOC-015,WH-O-BIN-66,417.0kg,15,620.16,13/06/2026,,false
SKU-00247,Welding Rod 3.2mm,PPE,SUP-123,LOC-017,WH-Q-BIN-67,196.0kg,,287.07,2026-06-25,,false
SKU-00248,Compressed Air Hose,CLEANING,SUP-131,Warehouse K,WH-K-BIN-68,305.0kg,25,433.40,2026-07-24,,false
SKU-00249,First Aid Refill,MEDICAL,SUP-196,wh_n,WH-N-BIN-69,156.0,25,421.06,Feb 12 2026,,false
SKU-00250,Racking Beam 2.4m,RAW_MATERIALS,SUP-080,whse m,WH-M-BIN-70,281.0 KG,0,44.89,May 04 2026,25/09/2026,false
SKU-00251,,CHEMICALS,SUP-067,whse l,WH-L-BIN-71,348.0 KG,25,192.46,Apr 08 2026,,false
SKU-00252,Load Cell 500kg,ELECTRONICS,SUP-035,LOC-012,WH-L-BIN-72,155.0 KG,30,230.35,05/04/2026,,false
SKU-00256,Mesh Security Cage,MACHINERY_PARTS,SUP-085,LOC-002,WH-B-BIN-76,401.0kg,40,386.94,Apr 12 2026,,false
SKU-00257,Humidity Sensor Probe,PPE,SUP-086,LOC-020,WH-T-BIN-77,74.0kg,40,473.25,15/02/2026,,false
SKU-00258,Pallet Strap Tool,CLEANING,SUP-051,WH-D,WH-D-BIN-78,350.0kilogram,,524.65,May 02 2026,,false
SKU-00259,Coolant Concentrate,MEDICAL,SUP-145,LOC-011,WH-K-BIN-79,17.0kg,20,532.81,2026-05-28,,false
SKU-00260,Wheel Chock Rubber,RAW_MATERIALS,SUP-074,wh_e,WH-E-BIN-80,335.0,10,769.51,Apr 03 2026,,false
SKU-00261,Steel Bolt M8,CHEMICALS,SUP-021,LOC-003,WH-C-BIN-01,22.0kilogram,30,303.19,2026-02-02,,false
SKU-00262,Hydraulic Hose 2in,ELECTRONICS,SUP-050,LOC-010,WH-J-BIN-02,46.0kilogram,25,777.73,Mar 01 2026,,false
SKU-00263,Industrial Solvent 5L,FOOD_DRY,SUP-085,LOC-017,WH-Q-BIN-03,99.0 KG,30,180.23,15/04/2026,,false
SKU-00265,Safety Gloves L,PACKAGING,SUP-121,Warehouse I,WH-I-BIN-05,329.0,20,620.89,22/04/2026,,false
SKU-00267,Shrink Wrap Film Roll,PPE,SUP-055,LOC-019,WH-S-BIN-07,278.0kilogram,,590.37,01/02/2026,,false
SKU-00268,Label Printer Ribbon,CLEANING,SUP-171,WH-Q,WH-Q-BIN-08,432.0kilogram,25,582.29,2026-03-18,,false
SKU-00269,,MEDICAL,SUP-139,LOC-002,WH-B-BIN-09,14.0kilogram,20,131.73,2026-07-13,,false
SKU-00270,LED Warehouse Light,RAW_MATERIALS,SUP-145,LOC-015,WH-O-BIN-10,38.0kg,40,156.59,14/07/2026,10/02/2027,false
SKU-00271,Nitrile Gloves Box,CHEMICALS,SUP-108,LOC-005,WH-E-BIN-11,209.0 KG,,240.76,25/06/2026,,false
SKU-00272,Pallet Jack Wheel,ELECTRONICS,SUP-193,LOC-018,WH-R-BIN-12,494.0kilogram,20,610.49,08/04/2026,,false
SKU-00273,Barcode Scanner,FOOD_DRY,SUP-147,LOC-014,WH-N-BIN-13,211.0,20,513.03,15/04/2026,,false
SKU-00274,Fire Extinguisher 4kg,FOOD_COLD,SUP-024,Warehouse Q,WH-Q-BIN-14,37.0,15,89.14,Mar 19 2026,15/12/2026,false
SKU-00276,Rubber Gasket Set,MACHINERY_PARTS,SUP-079,LOC-019,WH-S-BIN-16,107.0,,791.26,08/05/2026,,false
SKU-00277,Cable Tie Assorted,PPE,SUP-184,LOC-019,WH-S-BIN-17,6.0kg,15,46.52,14/06/2026,,false
SKU-00278,,CLEANING,SUP-089,Warehouse J,WH-J-BIN-18,448.0kilogram,20,613.15,Jun 15 2026,,false
SKU-00279,Wooden Pallet Std,MEDICAL,SUP-070,whse o,WH-O-BIN-19,126.0,0,227.83,Jun 28 2026,,false
SKU-00280,Steel Shelving Unit,RAW_MATERIALS,SUP-106,Warehouse Q,WH-Q-BIN-20,88.0,15,81.51,2026-05-26,2026-12-13,false
SKU-00282,Spill Kit 20L,ELECTRONICS,SUP-191,LOC-017,WH-Q-BIN-22,42.0kg,,682.82,22/04/2026,19/07/2027,false
SKU-00284,Chain Block 1T,FOOD_COLD,SUP-054,LOC-009,WH-I-BIN-24,163.0,15,799.81,2026-04-25,2027-07-28,false
SKU-00285,Temperature Logger,PACKAGING,SUP-063,wh_g,WH-G-BIN-25,207.0kilogram,40,511.38,2026-03-01,24/03/2027,false
SKU-00286,Anti-Slip Tape Roll,MACHINERY_PARTS,SUP-170,LOC-018,WH-R-BIN-26,39.0kg,25,77.52,2026-07-08,,false
SKU-00287,Welding Rod 3.2mm,PPE,SUP-174,LOC-009,WH-I-BIN-27,392.0 KG,40,698.25,Mar 31 2026,,false
SKU-00288,Compressed Air Hose,CLEANING,SUP-167,WH-E,WH-E-BIN-28,362.0kg,15,36.76,12/02/2026,,false
SKU-00289,First Aid Refill,MEDICAL,SUP-138,LOC-010,WH-J-BIN-29,106.0kg,,601.43,29/05/2026,,false
SKU-00290,Racking Beam 2.4m,RAW_MATERIALS,SUP-074,LOC-011,WH-K-BIN-30,11.0,40,713.48,29/04/2026,,false
SKU-00291,Stretch Hood Film,CHEMICALS,SUP-012,LOC-008,WH-H-BIN-31,227.0 KG,0,794.74,2026-02-24,,true
SKU-00292,Load Cell 500kg,ELECTRONICS,SUP-094,LOC-009,WH-I-BIN-32,291.0kg,40,676.82,Jun 18 2026,04/03/2027,false
SKU-00293,Dock Bumpers Pair,FOOD_DRY,SUP-069,LOC-007,WH-G-BIN-33,279.0 KG,10,336.23,10/02/2026,,false
SKU-00294,Floor Marking Paint,FOOD_COLD,SUP-057,whse h,WH-H-BIN-34,207.0kg,20,408.28,Mar 01 2026,,false
SKU-00295,Battery Charger 24V,PACKAGING,SUP-017,Warehouse R,WH-R-BIN-35,9.0,30,490.79,Apr 09 2026,,false
SKU-00296,Mesh Security Cage,MACHINERY_PARTS,SUP-136,Warehouse J,WH-J-BIN-36,219.0,,573.82,Mar 27 2026,2027-02-22,false
SKU-00297,Humidity Sensor Probe,PPE,SUP-052,LOC-007,WH-G-BIN-37,21.0 KG,,775.62,2026-04-18,,false
SKU-00298,Pallet Strap Tool,CLEANING,SUP-001,LOC-013,WH-M-BIN-38,364.0kg,30,365.85,27/04/2026,,false
SKU-00299,Coolant Concentrate,MEDICAL,SUP-027,LOC-001,WH-A-BIN-39,433.0kilogram,25,671.34,03/05/2026,,false
SKU-00300,Wheel Chock Rubber,RAW_MATERIALS,SUP-133,Warehouse K,WH-K-BIN-40,411.0kilogram,30,33.05,20/04/2026,,false
SKU-00301,Steel Bolt M8,CHEMICALS,SUP-137,LOC-011,WH-K-BIN-41,464.0,25,599.48,26/06/2026,,true
SKU-00302,Hydraulic Hose 2in,ELECTRONICS,SUP-075,LOC-006,WH-F-BIN-42,41.0,15,192.78,14/07/2026,2027-03-22,false
SKU-00303,Industrial Solvent 5L,FOOD_DRY,SUP-027,LOC-019,WH-S-BIN-43,39.0kilogram,0,376.53,Jul 05 2026,,false
SKU-00304,Forklift Battery 24V,FOOD_COLD,SUP-098,whse h,WH-H-BIN-44,143.0 KG,0,637.98,2026-07-07,Aug 08 2027,false
SKU-00305,Safety Gloves L,PACKAGING,SUP-184,LOC-010,WH-J-BIN-45,14.0kilogram,15,88.83,2026-06-24,2027-03-21,false
SKU-00306,Conveyor Belt Patch,MACHINERY_PARTS,SUP-041,LOC-007,WH-G-BIN-46,230.0,30,608.68,2026-05-22,,false
SKU-00307,Shrink Wrap Film Roll,PPE,SUP-184,LOC-001,WH-A-BIN-47,87.0,0,744.05,May 15 2026,,false
SKU-00308,Label Printer Ribbon,CLEANING,SUP-038,LOC-005,WH-E-BIN-48,397.0kilogram,20,19.84,2026-06-01,Dec 30 2026,false
SKU-00309,Dock Leveler Seal,MEDICAL,SUP-199,wh-e,WH-E-BIN-49,7.0kg,40,422.09,Feb 26 2026,Apr 16 2027,false
SKU-00310,LED Warehouse Light,RAW_MATERIALS,SUP-140,Warehouse F,WH-F-BIN-50,16.0kg,40,513.27,Mar 27 2026,,false
SKU-00311,Nitrile Gloves Box,CHEMICALS,SUP-025,LOC-019,WH-S-BIN-51,497.0kilogram,40,484.12,24/04/2026,Nov 20 2026,true
SKU-00312,Pallet Jack Wheel,ELECTRONICS,SUP-106,whse p,WH-P-BIN-52,321.0,15,416.52,2026-04-17,,false
SKU-00313,Barcode Scanner,FOOD_DRY,SUP-097,LOC-016,WH-P-BIN-53,48.0,20,773.28,Feb 28 2026,,false
SKU-00314,Fire Extinguisher 4kg,FOOD_COLD,SUP-118,WH-O,WH-O-BIN-54,498.0kilogram,30,724.27,Jul 30 2026,,false
SKU-00315,PVC Pipe 50mm,PACKAGING,SUP-049,LOC-018,WH-R-BIN-55,348.0kilogram,10,314.90,2026-05-31,,false
SKU-00316,Rubber Gasket Set,MACHINERY_PARTS,SUP-015,wh_m,WH-M-BIN-56,268.0,15,577.61,May 06 2026,,false
SKU-00317,Cable Tie Assorted,PPE,SUP-121,LOC-014,WH-N-BIN-57,2.0kg,25,731.49,2026-06-10,,false
SKU-00318,Dust Mask N95 Pack,CLEANING,SUP-048,LOC-014,WH-N-BIN-58,94.0kilogram,30,535.47,2026-03-06,,false
SKU-00320,Steel Shelving Unit,RAW_MATERIALS,SUP-117,LOC-015,WH-O-BIN-60,298.0 KG,15,157.01,24/03/2026,2027-01-30,false
SKU-00321,Hand Truck,CHEMICALS,SUP-017,wh_e,WH-E-BIN-61,6.0 KG,20,757.02,03/06/2026,Nov 20 2026,true
SKU-00322,Spill Kit 20L,ELECTRONICS,SUP-051,wh_c,WH-C-BIN-62,500.0,30,175.54,Feb 27 2026,2026-11-21,false
SKU-00324,Chain Block 1T,FOOD_COLD,SUP-125,LOC-005,WH-E-BIN-64,34.0kg,40,234.43,20/07/2026,,false
SKU-00325,Temperature Logger,PACKAGING,SUP-072,LOC-004,WH-D-BIN-65,11.0kilogram,20,150.05,2026-06-21,,false
SKU-00326,Anti-Slip Tape Roll,MACHINERY_PARTS,SUP-095,Warehouse I,WH-I-BIN-66,246.0kg,,659.67,Mar 07 2026,,false
SKU-00327,Welding Rod 3.2mm,PPE,SUP-148,LOC-008,WH-H-BIN-67,136.0 KG,40,280.07,20/05/2026,,false
SKU-00328,,CLEANING,SUP-041,wh-n,WH-N-BIN-68,334.0kilogram,40,224.11,May 01 2026,Apr 22 2027,false
SKU-00329,First Aid Refill,MEDICAL,SUP-088,Warehouse G,WH-G-BIN-69,439.0 KG,30,691.34,Jun 07 2026,,false
SKU-00330,,RAW_MATERIALS,SUP-115,wh_q,WH-Q-BIN-70,349.0 KG,30,500.06,2026-02-24,,false
SKU-00331,,CHEMICALS,SUP-088,LOC-001,WH-A-BIN-71,410.0 KG,15,273.54,29/03/2026,,true
SKU-00332,,ELECTRONICS,SUP-016,WH-L,WH-L-BIN-72,378.0 KG,30,727.48,Jun 27 2026,,false
SKU-00333,Dock Bumpers Pair,FOOD_DRY,SUP-047,LOC-008,WH-H-BIN-73,377.0 KG,40,5.57,2026-04-14,2027-05-03,false
SKU-00334,Floor Marking Paint,FOOD_COLD,SUP-143,WH-C,WH-C-BIN-74,328.0kilogram,25,239.79,2026-02-06,,false
SKU-00335,Battery Charger 24V,PACKAGING,SUP-073,LOC-015,WH-O-BIN-75,388.0kg,25,595.04,2026-07-05,,false
SKU-00336,Mesh Security Cage,MACHINERY_PARTS,SUP-141,LOC-009,WH-I-BIN-76,398.0kilogram,15,695.81,2026-07-20,,false
SKU-00337,Humidity Sensor Probe,PPE,SUP-164,wh_r,WH-R-BIN-77,215.0kilogram,0,113.24,Feb 11 2026,,false
SKU-00338,Pallet Strap Tool,CLEANING,SUP-192,LOC-001,WH-A-BIN-78,190.0,15,642.67,Feb 18 2026,,false
SKU-00339,,MEDICAL,SUP-161,LOC-009,WH-I-BIN-79,1.0 KG,10,699.65,2026-05-01,,false
SKU-00340,Wheel Chock Rubber,RAW_MATERIALS,SUP-046,LOC-014,WH-N-BIN-80,175.0,40,327.71,2026-04-14,Aug 02 2027,false
SKU-00341,Steel Bolt M8,CHEMICALS,SUP-007,LOC-017,WH-Q-BIN-01,351.0,0,759.83,11/05/2026,,false
SKU-00342,Hydraulic Hose 2in,ELECTRONICS,SUP-124,LOC-010,WH-J-BIN-02,147.0 KG,10,138.08,18/05/2026,,false
SKU-00343,Industrial Solvent 5L,FOOD_DRY,SUP-195,LOC-011,WH-K-BIN-03,7.0 KG,,680.58,Jun 03 2026,,false
SKU-00344,Forklift Battery 24V,FOOD_COLD,SUP-105,LOC-005,WH-E-BIN-04,54.0kilogram,40,557.00,Jun 07 2026,2026-09-29,false
SKU-00345,Safety Gloves L,PACKAGING,SUP-019,WH-P,WH-P-BIN-05,96.0 KG,20,153.67,2026-06-30,,false
SKU-00346,Conveyor Belt Patch,MACHINERY_PARTS,SUP-156,LOC-002,WH-B-BIN-06,191.0kilogram,10,427.73,Feb 14 2026,,false
SKU-00347,,PPE,SUP-159,LOC-001,WH-A-BIN-07,206.0kilogram,40,150.70,2026-04-28,,false
SKU-00348,,CLEANING,SUP-189,LOC-006,WH-F-BIN-08,414.0,0,226.82,Mar 12 2026,,false
SKU-00350,,RAW_MATERIALS,SUP-113,Warehouse N,WH-N-BIN-10,340.0 KG,40,132.33,2026-04-16,,false
SKU-00351,,CHEMICALS,SUP-010,wh_h,WH-H-BIN-11,357.0,25,65.31,Jul 20 2026,,false
SKU-00352,Pallet Jack Wheel,ELECTRONICS,SUP-028,wh_b,WH-B-BIN-12,170.0kilogram,,419.92,28/07/2026,,false
SKU-00353,Barcode Scanner,FOOD_DRY,SUP-101,LOC-012,WH-L-BIN-13,347.0kilogram,30,591.63,29/03/2026,26/10/2026,false
SKU-00354,Fire Extinguisher 4kg,FOOD_COLD,SUP-184,Warehouse J,WH-J-BIN-14,9.0kilogram,30,57.52,Jul 17 2026,,false
SKU-00355,PVC Pipe 50mm,PACKAGING,SUP-113,LOC-002,WH-B-BIN-15,2.0,15,644.87,07/03/2026,,false
SKU-00356,Rubber Gasket Set,MACHINERY_PARTS,SUP-008,LOC-006,WH-F-BIN-16,311.0,20,232.75,24/05/2026,Mar 30 2027,false
SKU-00357,Cable Tie Assorted,PPE,SUP-034,LOC-003,WH-C-BIN-17,50.0 KG,10,221.05,Jun 08 2026,,false
SKU-00358,Dust Mask N95 Pack,CLEANING,SUP-008,LOC-003,WH-C-BIN-18,198.0kg,0,292.82,Mar 19 2026,Oct 14 2026,false
SKU-00359,Wooden Pallet Std,MEDICAL,SUP-117,LOC-017,WH-Q-BIN-19,14.0kg,30,357.01,2026-04-30,Apr 07 2027,false
SKU-00360,Steel Shelving Unit,RAW_MATERIALS,SUP-069,LOC-004,WH-D-BIN-20,155.0 KG,10,59.44,18/04/2026,,false
SKU-00361,Hand Truck,CHEMICALS,SUP-146,LOC-001,WH-A-BIN-21,81.0kilogram,20,380.35,05/02/2026,,true
SKU-00362,Spill Kit 20L,ELECTRONICS,SUP-200,whse k,WH-K-BIN-22,296.0 KG,15,99.49,2026-07-10,2027-02-17,false
SKU-00363,Epoxy Resin 1L,FOOD_DRY,SUP-045,whse n,WH-N-BIN-23,391.0kg,0,601.62,Feb 23 2026,14/12/2026,false
SKU-00364,Chain Block 1T,FOOD_COLD,SUP-068,WH-G,WH-G-BIN-24,38.0kilogram,10,338.65,May 08 2026,,false
SKU-00365,,PACKAGING,SUP-162,LOC-001,WH-A-BIN-25,377.0,,279.51,Jun 29 2026,,false
SKU-00366,Anti-Slip Tape Roll,MACHINERY_PARTS,SUP-128,Warehouse B,WH-B-BIN-26,275.0,15,352.09,09/05/2026,02/09/2026,false
SKU-00367,Welding Rod 3.2mm,PPE,SUP-140,LOC-002,WH-B-BIN-27,176.0,40,143.09,Jul 25 2026,,false
SKU-00368,Compressed Air Hose,CLEANING,SUP-133,wh-r,WH-R-BIN-28,388.0,25,343.95,2026-03-01,,false
SKU-00369,First Aid Refill,MEDICAL,SUP-082,LOC-005,WH-E-BIN-29,137.0kg,0,81.11,27/07/2026,,false
SKU-00371,Stretch Hood Film,CHEMICALS,SUP-148,WH-T,WH-T-BIN-31,14.0 KG,15,80.51,2026-05-23,,false
SKU-00372,Load Cell 500kg,ELECTRONICS,SUP-153,LOC-001,WH-A-BIN-32,369.0,30,689.42,06/04/2026,,false
SKU-00374,Floor Marking Paint,FOOD_COLD,SUP-170,LOC-005,WH-E-BIN-34,452.0kg,40,359.08,13/05/2026,23/05/2027,false
SKU-00377,Humidity Sensor Probe,PPE,SUP-039,LOC-020,WH-T-BIN-37,202.0kg,0,265.96,2026-07-19,Aug 27 2027,false
SKU-00378,Pallet Strap Tool,CLEANING,SUP-104,LOC-005,WH-E-BIN-38,153.0,25,426.97,Apr 11 2026,,false
SKU-00379,Coolant Concentrate,MEDICAL,SUP-101,Warehouse T,WH-T-BIN-39,243.0 KG,0,703.22,Jul 21 2026,,false
SKU-00380,Wheel Chock Rubber,RAW_MATERIALS,SUP-018,whse k,WH-K-BIN-40,107.0kg,0,559.67,02/04/2026,,false
SKU-00381,Steel Bolt M8,CHEMICALS,SUP-070,WH-E,WH-E-BIN-41,29.0kg,15,399.15,2026-03-20,,true
SKU-00382,Hydraulic Hose 2in,ELECTRONICS,SUP-117,LOC-013,WH-M-BIN-42,16.0kg,25,712.83,27/05/2026,2027-08-18,false
SKU-00383,Industrial Solvent 5L,FOOD_DRY,SUP-129,LOC-002,WH-B-BIN-43,425.0,30,573.25,2026-06-04,,false
SKU-00384,Forklift Battery 24V,FOOD_COLD,SUP-191,LOC-007,WH-G-BIN-44,69.0kg,0,144.37,Mar 09 2026,,false
SKU-00385,,PACKAGING,SUP-172,LOC-006,WH-F-BIN-45,425.0kilogram,15,311.13,2026-06-19,2027-08-28,false
SKU-00386,Conveyor Belt Patch,MACHINERY_PARTS,SUP-022,whse a,WH-A-BIN-46,443.0kilogram,25,773.79,01/07/2026,,false
SKU-00387,Shrink Wrap Film Roll,PPE,SUP-098,LOC-005,WH-E-BIN-47,451.0kilogram,40,450.68,14/04/2026,2027-08-14,false
SKU-00389,Dock Leveler Seal,MEDICAL,SUP-023,wh-d,WH-D-BIN-49,30.0 KG,0,500.58,07/03/2026,30/12/2026,false
SKU-00390,LED Warehouse Light,RAW_MATERIALS,SUP-169,wh-f,WH-F-BIN-50,363.0 KG,40,718.75,05/06/2026,,false
SKU-00391,Nitrile Gloves Box,CHEMICALS,SUP-006,LOC-014,WH-N-BIN-51,290.0 KG,0,167.01,2026-03-03,,false
SKU-00392,Pallet Jack Wheel,ELECTRONICS,SUP-012,WH-L,WH-L-BIN-52,220.0kilogram,25,395.59,2026-07-28,,false
SKU-00393,Barcode Scanner,FOOD_DRY,SUP-091,LOC-011,WH-K-BIN-53,289.0 KG,10,273.13,2026-07-18,,false
SKU-00394,,FOOD_COLD,SUP-014,LOC-020,WH-T-BIN-54,21.0,30,289.84,03/02/2026,,false
SKU-00395,PVC Pipe 50mm,PACKAGING,SUP-195,whse s,WH-S-BIN-55,12.0kg,30,742.65,2026-05-12,,false
SKU-00396,Rubber Gasket Set,MACHINERY_PARTS,SUP-150,LOC-003,WH-C-BIN-56,403.0kilogram,30,210.48,15/04/2026,02/11/2026,false
SKU-00397,Cable Tie Assorted,PPE,SUP-101,Warehouse C,WH-C-BIN-57,3.0 KG,10,601.77,2026-03-03,,false
SKU-00398,Dust Mask N95 Pack,CLEANING,SUP-011,wh-t,WH-T-BIN-58,4.0kg,25,404.79,May 12 2026,,false
SKU-00399,Wooden Pallet Std,MEDICAL,SUP-138,wh_t,WH-T-BIN-59,231.0kg,15,13.45,Jun 26 2026,,false
SKU-00400,Steel Shelving Unit,RAW_MATERIALS,SUP-116,LOC-003,WH-C-BIN-60,162.0kg,25,76.67,30/06/2026,,false
SKU-00401,,CHEMICALS,SUP-112,Warehouse P,WH-P-BIN-61,190.0kg,25,797.47,Jul 20 2026,,true
SKU-00403,Epoxy Resin 1L,FOOD_DRY,SUP-189,whse g,WH-G-BIN-63,73.0kg,0,516.41,10/02/2026,,false
SKU-00404,Chain Block 1T,FOOD_COLD,SUP-046,LOC-005,WH-E-BIN-64,18.0kilogram,30,316.14,2026-06-10,2027-06-12,false
SKU-00405,Temperature Logger,PACKAGING,SUP-016,LOC-019,WH-S-BIN-65,237.0,15,354.80,29/04/2026,,false
SKU-00406,Anti-Slip Tape Roll,MACHINERY_PARTS,SUP-121,whse m,WH-M-BIN-66,456.0 KG,20,754.11,2026-05-11,,false
SKU-00407,Welding Rod 3.2mm,PPE,SUP-067,WH-H,WH-H-BIN-67,377.0,40,163.15,2026-06-26,,false
SKU-00408,,CLEANING,SUP-001,wh-p,WH-P-BIN-68,15.0kilogram,30,610.52,Jul 24 2026,,false
SKU-00409,First Aid Refill,MEDICAL,SUP-127,LOC-007,WH-G-BIN-69,65.0kilogram,30,507.94,29/07/2026,2027-01-04,false
SKU-00411,Stretch Hood Film,CHEMICALS,SUP-066,LOC-008,WH-H-BIN-71,436.0kilogram,10,492.39,Mar 05 2026,Aug 15 2027,false
SKU-00412,Load Cell 500kg,ELECTRONICS,SUP-181,LOC-016,WH-P-BIN-72,293.0kilogram,,709.53,19/04/2026,,false
SKU-00413,Dock Bumpers Pair,FOOD_DRY,SUP-145,LOC-003,WH-C-BIN-73,275.0 KG,10,214.16,2026-02-27,,false
SKU-00414,Floor Marking Paint,FOOD_COLD,SUP-072,Warehouse B,WH-B-BIN-74,421.0,15,565.46,19/04/2026,,false
SKU-00415,Battery Charger 24V,PACKAGING,SUP-112,LOC-003,WH-C-BIN-75,11.0 KG,40,552.47,2026-04-08,,false
SKU-00416,Mesh Security Cage,MACHINERY_PARTS,SUP-111,LOC-005,WH-E-BIN-76,29.0,10,633.70,21/07/2026,,false
SKU-00417,Humidity Sensor Probe,PPE,SUP-186,wh-f,WH-F-BIN-77,29.0,,243.21,2026-04-16,28/07/2027,false
SKU-00418,Pallet Strap Tool,CLEANING,SUP-185,LOC-012,WH-L-BIN-78,3.0kg,20,471.03,2026-04-23,,false
SKU-00419,Coolant Concentrate,MEDICAL,SUP-130,wh_r,WH-R-BIN-79,225.0 KG,0,500.56,05/06/2026,,false
SKU-00420,Wheel Chock Rubber,RAW_MATERIALS,SUP-172,LOC-007,WH-G-BIN-80,250.0,30,701.71,2026-07-14,,false
SKU-00421,,CHEMICALS,SUP-011,Warehouse R,WH-R-BIN-01,139.0kilogram,15,329.67,2026-02-17,,true
SKU-00423,Industrial Solvent 5L,FOOD_DRY,SUP-172,LOC-008,WH-H-BIN-03,413.0kilogram,40,517.47,22/02/2026,2027-07-25,false
SKU-00424,Forklift Battery 24V,FOOD_COLD,SUP-132,LOC-002,WH-B-BIN-04,244.0,20,375.34,May 13 2026,,false
SKU-00425,Safety Gloves L,PACKAGING,SUP-101,wh_o,WH-O-BIN-05,4.0 KG,30,568.96,2026-07-26,,false
SKU-00426,Conveyor Belt Patch,MACHINERY_PARTS,SUP-041,LOC-001,WH-A-BIN-06,497.0kilogram,20,749.59,May 04 2026,,false
SKU-00427,,PPE,SUP-052,LOC-006,WH-F-BIN-07,224.0,20,255.24,Jun 20 2026,,false
SKU-00428,Label Printer Ribbon,CLEANING,SUP-194,whse d,WH-D-BIN-08,238.0kg,0,656.84,Feb 25 2026,,false
SKU-00430,LED Warehouse Light,RAW_MATERIALS,SUP-006,LOC-003,WH-C-BIN-10,476.0kilogram,25,708.72,Apr 07 2026,,false
SKU-00431,Nitrile Gloves Box,CHEMICALS,SUP-174,LOC-017,WH-Q-BIN-11,381.0 KG,15,678.33,29/04/2026,,false
SKU-00432,Pallet Jack Wheel,ELECTRONICS,SUP-056,WH-S,WH-S-BIN-12,438.0kg,,733.41,Feb 20 2026,,false
SKU-00433,Barcode Scanner,FOOD_DRY,SUP-185,wh_j,WH-J-BIN-13,340.0kg,20,705.26,12/03/2026,,false
SKU-00434,Fire Extinguisher 4kg,FOOD_COLD,SUP-050,LOC-013,WH-M-BIN-14,472.0kilogram,30,302.85,2026-04-22,,false
SKU-00436,,MACHINERY_PARTS,SUP-134,LOC-001,WH-A-BIN-16,151.0kilogram,10,36.75,Feb 26 2026,,false
SKU-00437,Cable Tie Assorted,PPE,SUP-085,LOC-013,WH-M-BIN-17,113.0kg,15,179.90,2026-07-11,,false
SKU-00439,Wooden Pallet Std,MEDICAL,SUP-006,LOC-007,WH-G-BIN-19,28.0kg,25,792.44,2026-02-22,,false
SKU-00440,Steel Shelving Unit,RAW_MATERIALS,SUP-075,LOC-002,WH-B-BIN-20,289.0kilogram,,755.16,11/07/2026,,false
SKU-00441,Hand Truck,CHEMICALS,SUP-016,LOC-012,WH-L-BIN-21,383.0 KG,30,729.80,2026-05-30,,false
SKU-00442,Spill Kit 20L,ELECTRONICS,SUP-082,WH-I,WH-I-BIN-22,111.0kg,10,595.61,May 03 2026,Jul 26 2027,false
SKU-00443,Epoxy Resin 1L,FOOD_DRY,SUP-193,LOC-009,WH-I-BIN-23,280.0kg,,448.93,Jul 03 2026,,false
SKU-00444,Chain Block 1T,FOOD_COLD,SUP-167,LOC-010,WH-J-BIN-24,405.0,25,707.07,Jul 24 2026,,false
SKU-00445,Temperature Logger,PACKAGING,SUP-079,LOC-015,WH-O-BIN-25,289.0kilogram,15,476.68,2026-02-08,2026-12-10,false
SKU-00446,Anti-Slip Tape Roll,MACHINERY_PARTS,SUP-167,LOC-002,WH-B-BIN-26,33.0kilogram,40,358.28,May 06 2026,,false
SKU-00447,,PPE,SUP-001,LOC-011,WH-K-BIN-27,417.0 KG,10,256.31,2026-02-17,,false
SKU-00448,Compressed Air Hose,CLEANING,SUP-183,LOC-013,WH-M-BIN-28,353.0kg,10,168.76,22/04/2026,,false
SKU-00449,First Aid Refill,MEDICAL,SUP-069,WH-C,WH-C-BIN-29,149.0kilogram,15,612.06,07/07/2026,28/02/2027,false
SKU-00450,Racking Beam 2.4m,RAW_MATERIALS,SUP-189,LOC-014,WH-N-BIN-30,96.0kilogram,,567.61,16/02/2026,,false
SKU-00451,Stretch Hood Film,CHEMICALS,SUP-131,Warehouse I,WH-I-BIN-31,426.0kg,0,213.01,May 30 2026,23/08/2027,false
SKU-00452,Load Cell 500kg,ELECTRONICS,SUP-088,LOC-018,WH-R-BIN-32,247.0,10,545.59,Mar 26 2026,,false
SKU-00453,Dock Bumpers Pair,FOOD_DRY,SUP-052,Warehouse P,WH-P-BIN-33,410.0kg,10,730.11,23/07/2026,,false
SKU-00454,Floor Marking Paint,FOOD_COLD,SUP-127,LOC-003,WH-C-BIN-34,150.0 KG,40,246.65,2026-07-15,,false
SKU-00455,Battery Charger 24V,PACKAGING,SUP-187,wh_b,WH-B-BIN-35,99.0 KG,30,632.48,07/02/2026,,false
SKU-00456,Mesh Security Cage,MACHINERY_PARTS,SUP-154,wh_k,WH-K-BIN-36,491.0kilogram,40,201.03,10/03/2026,23/05/2027,false
SKU-00457,Humidity Sensor Probe,PPE,SUP-123,WH-P,WH-P-BIN-37,215.0,25,239.53,Apr 01 2026,2026-12-22,false
SKU-00458,Pallet Strap Tool,CLEANING,SUP-073,LOC-004,WH-D-BIN-38,78.0kilogram,20,527.64,2026-07-29,,false
SKU-00459,Coolant Concentrate,MEDICAL,SUP-137,wh_e,WH-E-BIN-39,23.0 KG,40,516.61,Apr 11 2026,,false
SKU-00460,Wheel Chock Rubber,RAW_MATERIALS,SUP-047,whse k,WH-K-BIN-40,134.0kg,30,290.83,Jun 15 2026,,false
SKU-00461,Steel Bolt M8,CHEMICALS,SUP-095,LOC-015,WH-O-BIN-41,148.0,0,13.07,2026-05-13,,false
SKU-00462,Hydraulic Hose 2in,ELECTRONICS,SUP-194,LOC-017,WH-Q-BIN-42,146.0kilogram,,287.71,May 31 2026,,false
SKU-00463,Industrial Solvent 5L,FOOD_DRY,SUP-169,LOC-013,WH-M-BIN-43,341.0kg,20,685.12,2026-05-24,24/09/2026,false
SKU-00464,,FOOD_COLD,SUP-009,wh-o,WH-O-BIN-44,151.0,20,319.38,2026-03-23,,false
SKU-00465,Safety Gloves L,PACKAGING,SUP-157,whse g,WH-G-BIN-45,412.0,,56.31,2026-03-09,,false
SKU-00466,Conveyor Belt Patch,MACHINERY_PARTS,SUP-099,Warehouse O,WH-O-BIN-46,373.0kg,0,51.82,May 30 2026,2027-04-15,false
SKU-00467,Shrink Wrap Film Roll,PPE,SUP-139,LOC-017,WH-Q-BIN-47,483.0kg,20,416.53,2026-07-14,,false
SKU-00468,,CLEANING,SUP-197,LOC-012,WH-L-BIN-48,285.0kg,40,519.59,2026-05-23,,false
SKU-00469,Dock Leveler Seal,MEDICAL,SUP-007,LOC-008,WH-H-BIN-49,441.0 KG,,373.99,2026-05-30,,false
SKU-00470,LED Warehouse Light,RAW_MATERIALS,SUP-082,LOC-018,WH-R-BIN-50,158.0kg,20,50.43,2026-02-23,Jan 20 2027,false
SKU-00471,,CHEMICALS,SUP-138,wh-i,WH-I-BIN-51,23.0 KG,0,421.08,Feb 01 2026,,false
SKU-00472,Pallet Jack Wheel,ELECTRONICS,SUP-183,whse t,WH-T-BIN-52,345.0,,362.20,Jun 09 2026,,false
SKU-00473,Barcode Scanner,FOOD_DRY,SUP-169,LOC-009,WH-I-BIN-53,8.0kg,15,84.67,02/05/2026,,false
SKU-00474,Fire Extinguisher 4kg,FOOD_COLD,SUP-141,LOC-015,WH-O-BIN-54,119.0 KG,25,69.89,17/04/2026,,false
SKU-00475,,PACKAGING,SUP-104,whse d,WH-D-BIN-55,53.0,15,676.11,31/05/2026,Apr 29 2027,false
SKU-00476,Rubber Gasket Set,MACHINERY_PARTS,SUP-185,LOC-017,WH-Q-BIN-56,1.0,25,785.12,Jul 11 2026,,false
SKU-00477,Cable Tie Assorted,PPE,SUP-177,LOC-019,WH-S-BIN-57,80.0 KG,,620.27,Jun 30 2026,,false
SKU-00478,Dust Mask N95 Pack,CLEANING,SUP-044,WH-N,WH-N-BIN-58,402.0 KG,20,580.06,Mar 19 2026,,false
SKU-00479,Wooden Pallet Std,MEDICAL,SUP-165,LOC-019,WH-S-BIN-59,240.0 KG,40,139.49,Jul 11 2026,,false
SKU-00480,Steel Shelving Unit,RAW_MATERIALS,SUP-036,LOC-017,WH-Q-BIN-60,179.0 KG,15,504.74,28/06/2026,,false
SKU-00481,Hand Truck,CHEMICALS,SUP-127,LOC-009,WH-I-BIN-61,353.0 KG,25,340.04,20/07/2026,,false
SKU-00482,Spill Kit 20L,ELECTRONICS,SUP-027,LOC-015,WH-O-BIN-62,451.0,25,416.01,2026-03-06,,false
SKU-00483,Epoxy Resin 1L,FOOD_DRY,SUP-118,LOC-012,WH-L-BIN-63,92.0,30,554.10,Jun 11 2026,,false
SKU-00484,Chain Block 1T,FOOD_COLD,SUP-039,wh_k,WH-K-BIN-64,1.0kg,30,152.91,Jul 13 2026,,false
SKU-00485,Temperature Logger,PACKAGING,SUP-199,whse h,WH-H-BIN-65,142.0kg,,796.51,Mar 30 2026,,false
SKU-00486,Anti-Slip Tape Roll,MACHINERY_PARTS,SUP-017,LOC-004,WH-D-BIN-66,468.0 KG,20,686.28,Jul 14 2026,,false
SKU-00487,Welding Rod 3.2mm,PPE,SUP-029,LOC-018,WH-R-BIN-67,309.0kilogram,0,626.19,30/07/2026,,false
SKU-00489,First Aid Refill,MEDICAL,SUP-117,wh_n,WH-N-BIN-69,354.0kg,25,159.54,Jul 01 2026,,false
SKU-00490,Racking Beam 2.4m,RAW_MATERIALS,SUP-025,LOC-007,WH-G-BIN-70,454.0kg,0,251.55,11/03/2026,,false
SKU-00491,Stretch Hood Film,CHEMICALS,SUP-050,LOC-007,WH-G-BIN-71,475.0,25,790.20,Jun 03 2026,,false
SKU-00492,Load Cell 500kg,ELECTRONICS,SUP-063,LOC-008,WH-H-BIN-72,490.0 KG,40,141.52,2026-07-08,,false
SKU-00493,Dock Bumpers Pair,FOOD_DRY,SUP-026,LOC-002,WH-B-BIN-73,192.0,15,362.02,28/02/2026,,false
SKU-00494,Floor Marking Paint,FOOD_COLD,SUP-075,LOC-003,WH-C-BIN-74,321.0,30,457.53,2026-04-07,,false
SKU-00495,Battery Charger 24V,PACKAGING,SUP-011,wh_p,WH-P-BIN-75,68.0 KG,15,289.58,Mar 16 2026,,false
SKU-00496,Mesh Security Cage,MACHINERY_PARTS,SUP-095,LOC-005,WH-E-BIN-76,3.0,,641.69,Jun 05 2026,,false
SKU-00497,Humidity Sensor Probe,PPE,SUP-079,wh-k,WH-K-BIN-77,218.0kilogram,20,628.91,2026-04-01,,false
SKU-00498,Pallet Strap Tool,CLEANING,SUP-131,LOC-020,WH-T-BIN-78,371.0kg,30,350.68,2026-04-11,,false
SKU-00499,Coolant Concentrate,MEDICAL,SUP-108,wh-h,WH-H-BIN-79,456.0 KG,40,250.90,May 12 2026,,false
SKU-00500,,RAW_MATERIALS,SUP-130,LOC-019,WH-S-BIN-80,35.0kg,10,156.80,Jun 27 2026,,false
SKU-00001,Steel Bolt M8,CHEMICALS,SUP-115,wh-n,WH-N-BIN-01,118.0 KG,,302.85,2026-07-25,,true
SKU-00002,Hydraulic Hose 2in,ELECTRONICS,SUP-076,LOC-019,WH-S-BIN-02,335.0 KG,15,73.48,16/06/2026,2026-10-08,false
SKU-00003,,FOOD_DRY,SUP-115,LOC-009,WH-I-BIN-03,128.0 KG,20,274.28,Apr 11 2026,,false
SKU-00004,Forklift Battery 24V,FOOD_COLD,SUP-170,LOC-020,WH-T-BIN-04,297.0 KG,25,590.81,Mar 24 2026,2027-06-22,false
SKU-00005,Safety Gloves L,PACKAGING,SUP-035,whse p,WH-P-BIN-05,1.0,16,579.19,2026-02-23,,false
SKU-00006,Conveyor Belt Patch,MACHINERY_PARTS,SUP-050,WH-Q,WH-Q-BIN-06,407.0 KG,,667.62,Jul 20 2026,,false
SKU-00007,Shrink Wrap Film Roll,PPE,SUP-095,LOC-004,WH-D-BIN-07,419.0 KG,10,781.24,21/02/2026,,false
SKU-00009,Dock Leveler Seal,MEDICAL,SUP-110,LOC-016,WH-P-BIN-09,242.0,,579.04,Apr 22 2026,,false
SKU-00010,,RAW_MATERIALS,SUP-009,LOC-017,WH-Q-BIN-10,39.0 KG,15,26.58,May 08 2026,,false
SKU-00013,Barcode Scanner,FOOD_DRY,SUP-180,LOC-003,WH-C-BIN-13,5.0,16,334.20,30/04/2026,,false
SKU-00016,Rubber Gasket Set,MACHINERY_PARTS,SUP-189,LOC-004,WH-D-BIN-16,81.0,10,460.30,22/02/2026,,false
SKU-00017,Cable Tie Assorted,PPE,SUP-034,LOC-020,WH-T-BIN-17,61.0kg,30,588.85,03/07/2026,,false
SKU-00019,Wooden Pallet Std,MEDICAL,SUP-169,wh_t,WH-T-BIN-19,328.0kilogram,10,54.48,2026-02-16,Jan 26 2027,false
SKU-00020,Steel Shelving Unit,RAW_MATERIALS,SUP-082,LOC-014,WH-N-BIN-20,24.0 KG,40,243.50,Feb 18 2026,,false
SKU-00021,Hand Truck,CHEMICALS,SUP-102,LOC-007,WH-G-BIN-21,481.0,10,337.60,2026-03-19,07/10/2026,true
SKU-00023,Epoxy Resin 1L,FOOD_DRY,SUP-190,wh-g,WH-G-BIN-23,29.0kilogram,,487.56,28/04/2026,,false
SKU-00025,Temperature Logger,PACKAGING,SUP-156,LOC-009,WH-I-BIN-25,1.0 KG,25,332.41,2026-07-01,,false
SKU-00026,Anti-Slip Tape Roll,MACHINERY_PARTS,SUP-051,LOC-012,WH-L-BIN-26,123.0kilogram,20,633.24,2026-04-30,,false
SKU-00027,Welding Rod 3.2mm,PPE,SUP-046,whse h,WH-H-BIN-27,414.0 KG,0,139.89,2026-05-13,,false
SKU-00028,,CLEANING,SUP-140,LOC-018,WH-R-BIN-28,459.0,,656.49,2026-03-14,,false
SKU-00029,First Aid Refill,MEDICAL,SUP-077,WH-A,WH-A-BIN-29,273.0,30,707.01,07/05/2026,,false
SKU-00030,Racking Beam 2.4m,RAW_MATERIALS,SUP-092,LOC-011,WH-K-BIN-30,369.0kilogram,10,132.06,2026-05-19,,false
SKU-00031,,CHEMICALS,SUP-086,WH-B,WH-B-BIN-31,346.0kilogram,0,538.43,2026-05-17,,true
SKU-00032,Load Cell 500kg,ELECTRONICS,SUP-053,LOC-019,WH-S-BIN-32,121.0 KG,20,189.09,Feb 16 2026,,false
SKU-00033,Dock Bumpers Pair,FOOD_DRY,SUP-019,LOC-019,WH-S-BIN-33,222.0kilogram,,353.61,2026-07-24,,false
SKU-00034,Floor Marking Paint,FOOD_COLD,SUP-174,LOC-020,WH-T-BIN-34,17.0kilogram,20,267.15,Mar 23 2026,,false
SKU-00035,Battery Charger 24V,PACKAGING,SUP-136,LOC-013,WH-M-BIN-35,41.0,40,485.67,24/06/2026,,false
SKU-00037,,PPE,SUP-132,Warehouse B,WH-B-BIN-37,358.0,40,262.60,2026-03-14,,false
SKU-00039,Coolant Concentrate,MEDICAL,SUP-052,WH-Q,WH-Q-BIN-39,386.0 KG,30,155.00,2026-07-24,,false
SKU-00040,,RAW_MATERIALS,SUP-116,LOC-007,WH-G-BIN-40,125.0kg,,773.80,Mar 10 2026,2027-03-06,false
SKU-00041,Steel Bolt M8,CHEMICALS,SUP-146,LOC-014,WH-N-BIN-41,372.0kilogram,40,554.14,2026-04-05,,true
SKU-00043,Industrial Solvent 5L,FOOD_DRY,SUP-049,wh-c,WH-C-BIN-43,31.0,20,523.76,2026-05-21,,false
SKU-00044,Forklift Battery 24V,FOOD_COLD,SUP-082,Warehouse A,WH-A-BIN-44,400.0kilogram,10,310.26,2026-03-26,28/08/2027,false
SKU-00046,,MACHINERY_PARTS,SUP-071,whse b,WH-B-BIN-46,439.0kilogram,30,89.11,2026-06-26,,false
SKU-00047,,PPE,SUP-171,whse g,WH-G-BIN-47,279.0 KG,20,228.97,08/05/2026,Jun 24 2027,false
SKU-00048,Label Printer Ribbon,CLEANING,SUP-082,LOC-006,WH-F-BIN-48,472.0kilogram,20,118.59,29/04/2026,,false
SKU-00049,Dock Leveler Seal,MEDICAL,SUP-021,wh-n,WH-N-BIN-49,5.0kilogram,20,573.77,Feb 03 2026,,false
SKU-00050,LED Warehouse Light,RAW_MATERIALS,SUP-139,LOC-019,WH-S-BIN-50,2.0kilogram,,529.75,29/06/2026,,false
SKU-00051,Nitrile Gloves Box,CHEMICALS,SUP-038,LOC-011,WH-K-BIN-51,26.0kg,30,90.32,13/05/2026,,false
SKU-00052,Pallet Jack Wheel,ELECTRONICS,SUP-041,LOC-008,WH-H-BIN-52,404.0 KG,20,600.07,2026-06-26,,false
SKU-00053,Barcode Scanner,FOOD_DRY,SUP-020,LOC-014,WH-N-BIN-53,83.0,15,797.00,Mar 08 2026,,false
SKU-00054,,FOOD_COLD,SUP-133,WH-J,WH-J-BIN-54,489.0 KG,10,3.47,Jul 14 2026,,false
SKU-00055,PVC Pipe 50mm,PACKAGING,SUP-182,whse f,WH-F-BIN-55,132.0kilogram,15,364.90,Apr 24 2026,01/04/2027,false
SKU-00056,,MACHINERY_PARTS,SUP-095,LOC-011,WH-K-BIN-56,219.0 KG,40,151.03,Mar 12 2026,,false
SKU-00057,Cable Tie Assorted,PPE,SUP-100,LOC-007,WH-G-BIN-57,8.0kg,30,315.68,17/06/2026,,false
SKU-00058,Dust Mask N95 Pack,CLEANING,SUP-130,LOC-006,WH-F-BIN-58,403.0kilogram,10,515.23,May 11 2026,,false
SKU-00059,Wooden Pallet Std,MEDICAL,SUP-132,WH-G,WH-G-BIN-59,460.0kilogram,,12.86,23/02/2026,,false
SKU-00061,Hand Truck,CHEMICALS,SUP-196,LOC-020,WH-T-BIN-61,5.0kilogram,40,186.68,21/06/2026,,true
SKU-00062,Spill Kit 20L,ELECTRONICS,SUP-126,LOC-015,WH-O-BIN-62,9.0kg,15,374.56,Jun 29 2026,,false
SKU-00063,,FOOD_DRY,SUP-096,wh_b,WH-B-BIN-63,60.0,30,593.44,06/03/2026,,false
SKU-00064,Chain Block 1T,FOOD_COLD,SUP-192,LOC-017,WH-Q-BIN-64,403.0kg,0,270.25,Mar 11 2026,,false
SKU-00065,Temperature Logger,PACKAGING,SUP-152,LOC-010,WH-J-BIN-65,387.0,20,498.92,2026-05-26,,false
SKU-00067,Welding Rod 3.2mm,PPE,SUP-036,LOC-011,WH-K-BIN-67,69.0 KG,15,114.96,Mar 18 2026,2027-02-02,false
SKU-00068,Compressed Air Hose,CLEANING,SUP-165,whse p,WH-P-BIN-68,107.0kg,,19.95,2026-06-21,Nov 20 2026,false
SKU-00069,First Aid Refill,MEDICAL,SUP-020,LOC-020,WH-T-BIN-69,495.0kg,40,620.40,Feb 13 2026,06/02/2027,false
SKU-00070,Racking Beam 2.4m,RAW_MATERIALS,SUP-185,LOC-008,WH-H-BIN-70,11.0kg,20,413.52,02/07/2026,,false
SKU-00072,Load Cell 500kg,ELECTRONICS,SUP-093,LOC-010,WH-J-BIN-72,462.0 KG,0,183.25,Jun 05 2026,,false
SKU-00073,Dock Bumpers Pair,FOOD_DRY,SUP-036,LOC-002,WH-B-BIN-73,1.0,20,170.33,May 19 2026,2026-10-26,false
SKU-00074,,FOOD_COLD,SUP-078,WH-N,WH-N-BIN-74,5.0,17,383.55,Feb 07 2026,,false
SKU-00075,Battery Charger 24V,PACKAGING,SUP-096,LOC-001,WH-A-BIN-75,359.0kilogram,20,713.47,2026-03-31,,false
SKU-00077,Humidity Sensor Probe,PPE,SUP-110,LOC-005,WH-E-BIN-77,399.0 KG,10,499.11,14/02/2026,,false
SKU-00078,Pallet Strap Tool,CLEANING,SUP-157,LOC-016,WH-P-BIN-78,396.0,30,557.27,May 02 2026,,false
SKU-00079,Coolant Concentrate,MEDICAL,SUP-172,Warehouse M,WH-M-BIN-79,243.0kg,30,52.78,02/05/2026,,false
SKU-00081,,CHEMICALS,SUP-075,whse n,WH-N-BIN-01,338.0kilogram,30,565.82,12/06/2026,Apr 15 2027,true
SKU-00082,,ELECTRONICS,SUP-130,LOC-014,WH-N-BIN-02,40.0kilogram,10,493.53,May 19 2026,,false
SKU-00083,Industrial Solvent 5L,FOOD_DRY,SUP-081,LOC-016,WH-P-BIN-03,356.0,10,148.84,Jul 19 2026,,false
SKU-00084,Forklift Battery 24V,FOOD_COLD,SUP-017,LOC-004,WH-D-BIN-04,472.0 KG,15,652.02,28/07/2026,,false
SKU-00085,Safety Gloves L,PACKAGING,SUP-037,Warehouse J,WH-J-BIN-05,378.0kilogram,15,180.27,14/02/2026,,false
SKU-00086,Conveyor Belt Patch,MACHINERY_PARTS,SUP-054,LOC-005,WH-E-BIN-06,5.0,17,716.20,Jul 11 2026,Mar 26 2027,false
SKU-00088,Label Printer Ribbon,CLEANING,SUP-171,LOC-020,WH-T-BIN-08,177.0kg,25,331.83,28/03/2026,,false
SKU-00089,Dock Leveler Seal,MEDICAL,SUP-125,LOC-002,WH-B-BIN-09,77.0kg,10,574.63,07/05/2026,,false
SKU-00090,LED Warehouse Light,RAW_MATERIALS,SUP-029,whse c,WH-C-BIN-10,209.0 KG,,104.45,2026-03-03,,false
SKU-00091,Nitrile Gloves Box,CHEMICALS,SUP-051,wh-b,WH-B-BIN-11,80.0kilogram,25,738.03,19/04/2026,,true
SKU-00092,Pallet Jack Wheel,ELECTRONICS,SUP-078,LOC-013,WH-M-BIN-12,127.0,15,272.46,22/03/2026,Jan 31 2027,false
SKU-00093,Barcode Scanner,FOOD_DRY,SUP-185,Warehouse R,WH-R-BIN-13,384.0 KG,20,166.78,2026-07-13,,false
SKU-00094,Fire Extinguisher 4kg,FOOD_COLD,SUP-119,WH-I,WH-I-BIN-14,302.0kilogram,40,416.29,25/07/2026,,false
SKU-00095,PVC Pipe 50mm,PACKAGING,SUP-166,LOC-012,WH-L-BIN-15,255.0,,423.84,19/02/2026,2027-05-11,false
SKU-00096,Rubber Gasket Set,MACHINERY_PARTS,SUP-072,wh-j,WH-J-BIN-16,8.0,10,619.55,2026-02-26,,false
SKU-00097,Cable Tie Assorted,PPE,SUP-044,wh_i,WH-I-BIN-17,177.0 KG,20,660.95,2026-04-18,,false
SKU-00098,Dust Mask N95 Pack,CLEANING,SUP-110,LOC-013,WH-M-BIN-18,166.0kilogram,10,629.08,2026-04-04,,false
SKU-00099,Wooden Pallet Std,MEDICAL,SUP-031,LOC-004,WH-D-BIN-19,3.0,30,592.38,Apr 09 2026,,false
SKU-00100,Steel Shelving Unit,RAW_MATERIALS,SUP-076,LOC-008,WH-H-BIN-20,248.0kg,0,351.65,2026-03-20,,false
SKU-00102,Spill Kit 20L,ELECTRONICS,SUP-119,LOC-005,WH-E-BIN-22,374.0 KG,15,512.79,Feb 17 2026,,false
SKU-00103,,FOOD_DRY,SUP-134,LOC-017,WH-Q-BIN-23,182.0kg,,229.35,Jun 06 2026,,false
SKU-00104,,FOOD_COLD,SUP-071,wh-k,WH-K-BIN-24,412.0kilogram,40,530.18,2026-02-28,,false
SKU-00105,Temperature Logger,PACKAGING,SUP-164,Warehouse O,WH-O-BIN-25,35.0kg,0,575.91,31/03/2026,,false
SKU-00106,Anti-Slip Tape Roll,MACHINERY_PARTS,SUP-165,LOC-015,WH-O-BIN-26,446.0kilogram,10,271.24,2026-06-07,,false
SKU-00107,Welding Rod 3.2mm,PPE,SUP-006,LOC-001,WH-A-BIN-27,268.0 KG,10,139.33,2026-05-02,28/04/2027,false
SKU-00109,First Aid Refill,MEDICAL,SUP-164,whse d,WH-D-BIN-29,314.0kilogram,15,359.34,28/06/2026,,false
SKU-00110,,RAW_MATERIALS,SUP-014,LOC-009,WH-I-BIN-30,207.0 KG,20,501.93,2026-05-08,,false
SKU-00111,,CHEMICALS,SUP-128,LOC-004,WH-D-BIN-31,167.0kilogram,25,257.93,Feb 14 2026,,false
SKU-00113,Dock Bumpers Pair,FOOD_DRY,SUP-056,LOC-009,WH-I-BIN-33,24.0 KG,25,20.89,28/06/2026,Nov 16 2026,false
SKU-00114,Floor Marking Paint,FOOD_COLD,SUP-071,LOC-002,WH-B-BIN-34,21.0,10,325.84,Apr 04 2026,,false
SKU-00115,Battery Charger 24V,PACKAGING,SUP-097,LOC-006,WH-F-BIN-35,100.0kg,20,701.15,2026-07-03,,false
SKU-00116,Mesh Security Cage,MACHINERY_PARTS,SUP-132,WH-I,WH-I-BIN-36,14.0kilogram,25,187.03,2026-06-17,,false
SKU-00117,Humidity Sensor Probe,PPE,SUP-009,WH-L,WH-L-BIN-37,313.0kilogram,10,588.34,May 04 2026,Oct 29 2026,false
SKU-00118,Pallet Strap Tool,CLEANING,SUP-185,LOC-013,WH-M-BIN-38,3.0kilogram,11,2.85,03/05/2026,,false
SKU-00119,Coolant Concentrate,MEDICAL,SUP-102,whse b,WH-B-BIN-39,218.0,30,614.91,2026-05-06,2027-09-03,false
SKU-00120,Wheel Chock Rubber,RAW_MATERIALS,SUP-134,wh_r,WH-R-BIN-40,159.0kg,20,201.54,2026-05-24,2027-03-21,false
SKU-00121,Steel Bolt M8,CHEMICALS,SUP-027,wh_c,WH-C-BIN-41,33.0,40,542.57,22/07/2026,,false
SKU-00122,Hydraulic Hose 2in,ELECTRONICS,SUP-126,wh_m,WH-M-BIN-42,2.0kilogram,25,330.71,May 29 2026,,false
SKU-00123,Industrial Solvent 5L,FOOD_DRY,SUP-025,LOC-006,WH-F-BIN-43,8.0kilogram,20,379.28,15/06/2026,10/03/2027,false
SKU-00124,Forklift Battery 24V,FOOD_COLD,SUP-105,LOC-019,WH-S-BIN-44,192.0,10,66.33,22/05/2026,,false
SKU-00125,,PACKAGING,SUP-070,wh-g,WH-G-BIN-45,14.0,15,175.16,2026-02-05,23/01/2027,false
SKU-00126,Conveyor Belt Patch,MACHINERY_PARTS,SUP-117,LOC-002,WH-B-BIN-46,18.0 KG,25,495.08,2026-02-28,,false
SKU-00127,Shrink Wrap Film Roll,PPE,SUP-130,LOC-011,WH-K-BIN-47,118.0 KG,30,235.86,2026-03-14,,false
SKU-00128,Label Printer Ribbon,CLEANING,SUP-009,LOC-013,WH-M-BIN-48,268.0,10,553.38,Apr 01 2026,,false
SKU-00129,Dock Leveler Seal,MEDICAL,SUP-116,wh-q,WH-Q-BIN-49,483.0 KG,15,47.77,Jul 04 2026,,false
SKU-00130,,RAW_MATERIALS,SUP-053,WH-C,WH-C-BIN-50,354.0kg,10,465.27,2026-06-07,,false
SKU-00132,Pallet Jack Wheel,ELECTRONICS,SUP-043,LOC-012,WH-L-BIN-52,127.0 KG,15,217.27,2026-03-18,,false
SKU-00133,Barcode Scanner,FOOD_DRY,SUP-102,LOC-001,WH-A-BIN-53,143.0,40,545.65,2026-04-19,,false
SKU-00134,Fire Extinguisher 4kg,FOOD_COLD,SUP-065,LOC-018,WH-R-BIN-54,37.0 KG,25,137.11,2026-07-04,2027-08-30,false
SKU-00135,PVC Pipe 50mm,PACKAGING,SUP-186,LOC-013,WH-M-BIN-55,207.0kilogram,40,374.73,28/05/2026,,false
SKU-00137,Cable Tie Assorted,PPE,SUP-147,LOC-019,WH-S-BIN-57,10.0,25,63.76,2026-04-23,,false
SKU-00138,Dust Mask N95 Pack,CLEANING,SUP-191,LOC-020,WH-T-BIN-58,37.0kilogram,0,60.14,22/06/2026,,false
SKU-00140,Steel Shelving Unit,RAW_MATERIALS,SUP-068,wh-l,WH-L-BIN-60,62.0kg,20,160.33,02/04/2026,2027-01-12,false
SKU-00141,Hand Truck,CHEMICALS,SUP-043,LOC-002,WH-B-BIN-61,358.0kg,30,28.24,28/07/2026,,true
SKU-00142,Spill Kit 20L,ELECTRONICS,SUP-200,WH-N,WH-N-BIN-62,8.0,15,220.84,10/02/2026,,false
SKU-00143,Epoxy Resin 1L,FOOD_DRY,SUP-198,LOC-009,WH-I-BIN-63,433.0kg,20,608.51,Apr 30 2026,,false
SKU-00144,Chain Block 1T,FOOD_COLD,SUP-022,LOC-003,WH-C-BIN-64,13.0kilogram,30,315.55,2026-05-31,,false
SKU-00146,Anti-Slip Tape Roll,MACHINERY_PARTS,SUP-125,LOC-013,WH-M-BIN-66,56.0,30,407.93,2026-07-01,May 08 2027,false
SKU-00148,Compressed Air Hose,CLEANING,SUP-183,LOC-020,WH-T-BIN-68,368.0kg,15,466.21,Apr 18 2026,,false
SKU-00149,First Aid Refill,MEDICAL,SUP-075,whse t,WH-T-BIN-69,14.0 KG,15,739.39,2026-05-28,,false
SKU-00150,Racking Beam 2.4m,RAW_MATERIALS,SUP-066,wh_r,WH-R-BIN-70,302.0kilogram,,383.77,22/04/2026,,false
SKU-00151,,CHEMICALS,SUP-126,WH-C,WH-C-BIN-71,211.0kilogram,25,208.17,Apr 28 2026,Aug 07 2027,false
SKU-00152,Load Cell 500kg,ELECTRONICS,SUP-061,LOC-017,WH-Q-BIN-72,19.0kg,25,189.45,11/02/2026,,false
SKU-00153,Dock Bumpers Pair,FOOD_DRY,SUP-013,LOC-010,WH-J-BIN-73,122.0,30,378.58,2026-06-05,,false
SKU-00154,Floor Marking Paint,FOOD_COLD,SUP-163,WH-M,WH-M-BIN-74,200.0,10,681.82,Apr 15 2026,,false
SKU-00155,,PACKAGING,SUP-104,LOC-017,WH-Q-BIN-75,349.0,25,19.66,Mar 02 2026,,false
SKU-00156,Mesh Security Cage,MACHINERY_PARTS,SUP-107,Warehouse L,WH-L-BIN-76,2.0kilogram,,388.66,2026-04-28,11/11/2026,false
SKU-00157,Humidity Sensor Probe,PPE,SUP-158,LOC-001,WH-A-BIN-77,374.0kilogram,,699.23,2026-02-22,,false
SKU-00158,Pallet Strap Tool,CLEANING,SUP-144,LOC-005,WH-E-BIN-78,140.0 KG,10,71.42,Jun 24 2026,,false
SKU-00159,Coolant Concentrate,MEDICAL,SUP-056,Warehouse D,WH-D-BIN-79,261.0kg,0,400.06,2026-03-07,,false
SKU-00160,Wheel Chock Rubber,RAW_MATERIALS,SUP-149,LOC-008,WH-H-BIN-80,7.0kilogram,15,563.30,21/02/2026,,false
SKU-00161,,CHEMICALS,SUP-147,LOC-009,WH-I-BIN-01,14.0,,102.52,2026-05-28,,false
SKU-00162,Hydraulic Hose 2in,ELECTRONICS,SUP-102,LOC-008,WH-H-BIN-02,313.0 KG,40,114.76,May 12 2026,,false
SKU-00163,Industrial Solvent 5L,FOOD_DRY,SUP-174,LOC-001,WH-A-BIN-03,109.0kg,,663.55,2026-02-24,2027-07-11,false
SKU-00164,Forklift Battery 24V,FOOD_COLD,SUP-027,Warehouse Q,WH-Q-BIN-04,485.0kilogram,40,532.51,2026-07-24,,false
SKU-00165,Safety Gloves L,PACKAGING,SUP-130,LOC-019,WH-S-BIN-05,1.0kilogram,18,186.44,2026-06-15,Dec 14 2026,false
SKU-00167,Shrink Wrap Film Roll,PPE,SUP-200,LOC-009,WH-I-BIN-07,188.0 KG,20,482.63,Jun 26 2026,Mar 02 2027,false
SKU-00168,,CLEANING,SUP-126,LOC-013,WH-M-BIN-08,12.0,15,388.53,13/06/2026,,false
SKU-00169,Dock Leveler Seal,MEDICAL,SUP-027,LOC-005,WH-E-BIN-09,181.0kg,0,42.05,06/07/2026,2027-02-09,false
SKU-00170,LED Warehouse Light,RAW_MATERIALS,SUP-159,LOC-013,WH-M-BIN-10,3.0 KG,,355.19,29/04/2026,,false
SKU-00171,,CHEMICALS,SUP-022,LOC-004,WH-D-BIN-11,360.0,40,790.97,2026-07-13,,false
SKU-00172,Pallet Jack Wheel,ELECTRONICS,SUP-103,LOC-018,WH-R-BIN-12,416.0kg,15,627.05,2026-07-03,,false
SKU-00173,Barcode Scanner,FOOD_DRY,SUP-052,LOC-008,WH-H-BIN-13,237.0,,759.58,2026-05-04,,false
SKU-00174,Fire Extinguisher 4kg,FOOD_COLD,SUP-083,wh_o,WH-O-BIN-14,96.0 KG,0,595.61,2026-03-30,,false
SKU-00175,Alha Wolf Pack,PACKAGING,SUP-175,Warehouse C,WH-C-BIN-15,3.0,10,363.87,11/06/2026,,false
SKU-00176,Rubber Gasket Set,MACHINERY_PARTS,SUP-031,LOC-019,WH-S-BIN-16,9.0kg,30,265.03,2026-04-28,,false
SKU-00177,,PPE,SUP-199,LOC-002,WH-B-BIN-17,499.0,25,532.20,Mar 22 2026,,false
SKU-00178,Dust Mask N95 Pack,CLEANING,SUP-017,LOC-011,WH-K-BIN-18,254.0kg,25,519.75,2026-04-29,,false
SKU-00179,,MEDICAL,SUP-159,whse l,WH-L-BIN-19,500.0 KG,30,304.52,Apr 16 2026,01/07/2027,false
SKU-00180,,RAW_MATERIALS,SUP-114,LOC-019,WH-S-BIN-20,51.0 KG,,221.24,May 13 2026,2027-03-11,false
SKU-00181,Hand Truck,CHEMICALS,SUP-182,Warehouse S,WH-S-BIN-21,426.0,30,678.34,May 31 2026,,false
SKU-00182,Spill Kit 20L,ELECTRONICS,SUP-189,wh_a,WH-A-BIN-22,120.0,20,238.81,04/07/2026,,false
SKU-00183,Epoxy Resin 1L,FOOD_DRY,SUP-040,LOC-014,WH-N-BIN-23,15.0kg,25,218.72,2026-05-22,,false
SKU-00184,Chain Block 1T,FOOD_COLD,SUP-047,WH-E,WH-E-BIN-24,70.0 KG,15,106.69,15/02/2026,,false
SKU-00186,Anti-Slip Tape Roll,MACHINERY_PARTS,SUP-123,whse s,WH-S-BIN-26,12.0kg,15,546.62,2026-07-23,,false
SKU-00187,Welding Rod 3.2mm,PPE,SUP-066,wh_h,WH-H-BIN-27,11.0 KG,25,142.97,Apr 28 2026,2027-08-03,false
SKU-00188,Compressed Air Hose,CLEANING,SUP-061,LOC-018,WH-R-BIN-28,306.0 KG,40,166.22,2026-06-17,,false
SKU-00189,First Aid Refill,MEDICAL,SUP-026,LOC-016,WH-P-BIN-29,172.0kg,,259.46,Jun 05 2026,,false
SKU-00190,Racking Beam 2.4m,RAW_MATERIALS,SUP-167,LOC-011,WH-K-BIN-30,394.0 KG,,237.22,2026-06-03,,false
SKU-00192,Load Cell 500kg,ELECTRONICS,SUP-020,LOC-015,WH-O-BIN-32,364.0kg,30,715.27,24/04/2026,,false
SKU-00194,Floor Marking Paint,FOOD_COLD,SUP-067,LOC-012,WH-L-BIN-34,12.0kilogram,25,692.55,06/06/2026,,false
SKU-00195,Battery Charger 24V,PACKAGING,SUP-164,WH-H,WH-H-BIN-35,279.0kg,40,87.99,16/04/2026,31/01/2027,false
SKU-00196,Mesh Security Cage,MACHINERY_PARTS,SUP-147,LOC-018,WH-R-BIN-36,372.0 KG,,108.10,2026-02-15,Jun 02 2027,false
SKU-00197,Humidity Sensor Probe,PPE,SUP-186,LOC-019,WH-S-BIN-37,194.0kg,20,140.63,21/03/2026,,false
SKU-00198,,CLEANING,SUP-089,LOC-010,WH-J-BIN-38,80.0kilogram,25,763.41,05/07/2026,,false
SKU-00199,Coolant Concentrate,MEDICAL,SUP-170,LOC-019,WH-S-BIN-39,283.0kilogram,40,142.44,16/05/2026,,false
SKU-00200,Wheel Chock Rubber,RAW_MATERIALS,SUP-155,wh_t,WH-T-BIN-40,74.0kilogram,15,584.26,May 05 2026,,false
SKU-00201,Steel Bolt M8,CHEMICALS,SUP-052,LOC-004,WH-D-BIN-41,491.0 KG,15,629.78,15/04/2026,,false
SKU-00202,Hydraulic Hose 2in,ELECTRONICS,SUP-099,wh_j,WH-J-BIN-42,1.0,,194.32,06/04/2026,,false
SKU-00203,Industrial Solvent 5L,FOOD_DRY,SUP-124,LOC-001,WH-A-BIN-43,362.0kg,0,665.32,2026-04-24,,false
SKU-00204,Forklift Battery 24V,FOOD_COLD,SUP-021,LOC-016,WH-P-BIN-44,275.0 KG,15,335.25,Apr 26 2026,,false
SKU-00205,Safety Gloves L,PACKAGING,SUP-020,Warehouse H,WH-H-BIN-45,75.0 KG,15,613.18,14/05/2026,,false
SKU-00207,Shrink Wrap Film Roll,PPE,SUP-160,Warehouse M,WH-M-BIN-47,7.0kg,24,683.53,2026-05-22,,false
SKU-00208,Label Printer Ribbon,CLEANING,SUP-142,LOC-003,WH-C-BIN-48,106.0kg,25,516.60,Apr 08 2026,Oct 23 2026,false
SKU-00209,Dock Leveler Seal,MEDICAL,SUP-162,whse r,WH-R-BIN-49,180.0kilogram,,309.33,2026-05-25,,false
SKU-00211,Nitrile Gloves Box,CHEMICALS,SUP-200,LOC-001,WH-A-BIN-51,331.0 KG,10,198.92,30/06/2026,,false
SKU-00212,Pallet Jack Wheel,ELECTRONICS,SUP-084,LOC-011,WH-K-BIN-52,20.0 KG,0,348.70,May 16 2026,,false
SKU-00213,,FOOD_DRY,SUP-139,LOC-008,WH-H-BIN-53,395.0kilogram,,182.90,2026-04-02,,false
SKU-00214,Fire Extinguisher 4kg,FOOD_COLD,SUP-097,wh_e,WH-E-BIN-54,192.0 KG,25,655.18,Feb 19 2026,,false
SKU-00216,Rubber Gasket Set,MACHINERY_PARTS,SUP-023,WH-J,WH-J-BIN-56,86.0kg,20,51.32,01/05/2026,,false
SKU-00217,Cable Tie Assorted,PPE,SUP-051,LOC-013,WH-M-BIN-57,366.0,25,517.77,Jun 19 2026,Feb 15 2027,false
SKU-00218,Dust Mask N95 Pack,CLEANING,SUP-194,LOC-017,WH-Q-BIN-58,7.0,,793.39,2026-03-28,Jul 13 2027,false
SKU-00219,Wooden Pallet Std,MEDICAL,SUP-056,LOC-017,WH-Q-BIN-59,460.0 KG,0,429.55,2026-02-06,,false
SKU-00220,Steel Shelving Unit,RAW_MATERIALS,SUP-159,Warehouse L,WH-L-BIN-60,75.0kg,30,620.63,2026-04-17,,false
SKU-00221,Hand Truck,CHEMICALS,SUP-132,LOC-008,WH-H-BIN-61,282.0kilogram,20,526.70,23/06/2026,,true
SKU-00223,Epoxy Resin 1L,FOOD_DRY,SUP-178,LOC-016,WH-P-BIN-63,120.0kg,25,79.37,03/04/2026,May 11 2027,false
SKU-00224,Chain Block 1T,FOOD_COLD,SUP-112,LOC-004,WH-D-BIN-64,460.0,20,478.38,06/05/2026,,false
SKU-00225,Temperature Logger,PACKAGING,SUP-050,LOC-012,WH-L-BIN-65,157.0kg,30,341.14,2026-03-07,,false
SKU-00227,Welding Rod 3.2mm,PPE,SUP-129,LOC-011,WH-K-BIN-67,5.0kilogram,27,625.87,2026-07-15,,false
SKU-00228,Compressed Air Hose,CLEANING,SUP-147,wh-t,WH-T-BIN-68,256.0kilogram,40,261.57,Feb 20 2026,,false
SKU-00229,,MEDICAL,SUP-032,whse i,WH-I-BIN-69,317.0kg,25,493.76,2026-06-04,,false
SKU-00230,Racking Beam 2.4m,RAW_MATERIALS,SUP-080,LOC-003,WH-C-BIN-70,6.0kilogram,30,286.27,2026-05-12,,false
SKU-00231,,CHEMICALS,SUP-149,LOC-002,WH-B-BIN-71,256.0,25,441.10,2026-04-29,11/11/2026,false
SKU-00232,,ELECTRONICS,SUP-080,LOC-002,WH-B-BIN-72,418.0,10,554.04,Feb 18 2026,,false
SKU-00233,Dock Bumpers Pair,FOOD_DRY,SUP-006,LOC-015,WH-O-BIN-73,208.0,15,305.53,Jun 01 2026,,false
SKU-00234,,FOOD_COLD,SUP-116,LOC-002,WH-B-BIN-74,357.0 KG,0,486.91,May 09 2026,,false
SKU-00235,Battery Charger 24V,PACKAGING,SUP-171,wh_c,WH-C-BIN-75,20.0 KG,40,525.16,Jul 05 2026,,false
SKU-00236,,MACHINERY_PARTS,SUP-073,LOC-020,WH-T-BIN-76,4.0 KG,10,644.19,04/07/2026,,false
SKU-00237,Humidity Sensor Probe,PPE,SUP-186,wh_l,WH-L-BIN-77,2.0,10,411.67,2026-03-08,,false
SKU-00238,Pallet Strap Tool,CLEANING,SUP-036,LOC-005,WH-E-BIN-78,6.0,10,170.07,2026-07-23,Aug 23 2027,false
SKU-00239,Coolant Concentrate,MEDICAL,SUP-046,LOC-001,WH-A-BIN-79,372.0kg,30,76.75,09/04/2026,,false
SKU-00240,Wheel Chock Rubber,RAW_MATERIALS,SUP-173,WH-I,WH-I-BIN-80,453.0,0,45.74,May 03 2026,,false
SKU-00241,Steel Bolt M8,CHEMICALS,SUP-083,LOC-012,WH-L-BIN-01,143.0kilogram,15,24.28,Feb 24 2026,2027-07-12,false
SKU-00243,Industrial Solvent 5L,FOOD_DRY,SUP-180,LOC-016,WH-P-BIN-03,169.0,,227.99,26/06/2026,,false
SKU-00246,Conveyor Belt Patch,MACHINERY_PARTS,SUP-199,LOC-008,WH-H-BIN-06,344.0kg,0,707.68,2026-04-15,,false
SKU-00247,Shrink Wrap Film Roll,PPE,SUP-017,LOC-011,WH-K-BIN-07,23.0kg,30,161.46,2026-07-17,,false
SKU-00248,Label Printer Ribbon,CLEANING,SUP-036,LOC-018,WH-R-BIN-08,65.0kilogram,20,325.66,2026-05-26,24/09/2026,false
SKU-00249,Dock Leveler Seal,MEDICAL,SUP-149,LOC-009,WH-I-BIN-09,123.0 KG,,195.98,17/05/2026,,false
SKU-00250,LED Warehouse Light,RAW_MATERIALS,SUP-125,LOC-004,WH-D-BIN-10,267.0kilogram,,157.17,2026-05-19,,false
SKU-00251,Nitrile Gloves Box,CHEMICALS,SUP-193,LOC-008,WH-H-BIN-11,30.0kg,40,654.61,2026-07-05,2027-09-02,false
SKU-00253,Barcode Scanner,FOOD_DRY,SUP-099,LOC-003,WH-C-BIN-13,28.0kilogram,40,456.04,2026-06-04,,false
SKU-00255,PVC Pipe 50mm,PACKAGING,SUP-119,wh-m,WH-M-BIN-15,360.0 KG,40,529.81,24/07/2026,,false
SKU-00256,Rubber Gasket Set,MACHINERY_PARTS,SUP-016,Warehouse R,WH-R-BIN-16,493.0kilogram,15,446.57,2026-04-19,,false
SKU-00257,Cable Tie Assorted,PPE,SUP-175,LOC-019,WH-S-BIN-17,22.0kilogram,25,634.87,2026-04-06,08/08/2027,false
SKU-00258,Dust Mask N95 Pack,CLEANING,SUP-082,LOC-020,WH-T-BIN-18,420.0kg,15,528.17,Jul 13 2026,,false
SKU-00259,,MEDICAL,SUP-168,LOC-020,WH-T-BIN-19,116.0 KG,40,362.18,Jun 13 2026,,false
SKU-00260,Steel Shelving Unit,RAW_MATERIALS,SUP-101,LOC-017,WH-Q-BIN-20,323.0 KG,15,131.71,2026-07-26,,false
SKU-00261,Hand Truck,CHEMICALS,SUP-060,LOC-006,WH-F-BIN-21,379.0,30,47.95,12/07/2026,,false
SKU-00262,Spill Kit 20L,ELECTRONICS,SUP-160,LOC-012,WH-L-BIN-22,153.0,10,482.00,2026-07-24,,false
SKU-00263,Epoxy Resin 1L,FOOD_DRY,SUP-160,Warehouse G,WH-G-BIN-23,206.0kg,40,493.34,2026-02-23,10/03/2027,false
SKU-00264,,FOOD_COLD,SUP-061,WH-K,WH-K-BIN-24,347.0kg,,73.53,Apr 23 2026,,false
SKU-00265,Temperature Logger,PACKAGING,SUP-058,LOC-016,WH-P-BIN-25,129.0kg,15,776.21,May 10 2026,2027-03-14,false
SKU-00266,Anti-Slip Tape Roll,MACHINERY_PARTS,SUP-195,wh-g,WH-G-BIN-26,296.0kg,20,554.42,Mar 05 2026,,false
SKU-00267,Welding Rod 3.2mm,PPE,SUP-101,whse m,WH-M-BIN-27,335.0kg,30,291.03,03/05/2026,11/06/2027,false
SKU-00269,,MEDICAL,SUP-007,LOC-006,WH-F-BIN-29,20.0kg,10,560.10,03/02/2026,Jul 20 2027,false
SKU-00270,,RAW_MATERIALS,SUP-174,LOC-012,WH-L-BIN-30,175.0kilogram,20,249.41,28/02/2026,,false
SKU-00273,Dock Bumpers Pair,FOOD_DRY,SUP-094,LOC-002,WH-B-BIN-33,428.0,10,684.67,02/04/2026,,false
SKU-00274,,FOOD_COLD,SUP-049,Warehouse A,WH-A-BIN-34,88.0 KG,40,263.91,24/02/2026,,false
SKU-00276,Mesh Security Cage,MACHINERY_PARTS,SUP-200,LOC-012,WH-L-BIN-36,403.0kg,20,797.01,May 30 2026,,false
SKU-00277,Humidity Sensor Probe,PPE,SUP-020,wh_s,WH-S-BIN-37,5.0kg,10,185.18,Mar 28 2026,25/09/2026,false
SKU-00278,Pallet Strap Tool,CLEANING,SUP-131,LOC-005,WH-E-BIN-38,3.0,29,477.16,2026-04-07,,false
SKU-00279,Coolant Concentrate,MEDICAL,SUP-092,Warehouse K,WH-K-BIN-39,99.0kilogram,10,515.59,Mar 26 2026,,false
SKU-00280,,RAW_MATERIALS,SUP-110,LOC-020,WH-T-BIN-40,494.0kg,0,167.86,2026-07-25,,false
SKU-00281,Steel Bolt M8,CHEMICALS,SUP-041,LOC-006,WH-F-BIN-41,72.0kg,20,668.88,21/02/2026,,false
SKU-00282,Hydraulic Hose 2in,ELECTRONICS,SUP-043,wh-d,WH-D-BIN-42,166.0 KG,25,172.84,Apr 28 2026,Dec 14 2026,false
SKU-00283,Industrial Solvent 5L,FOOD_DRY,SUP-184,WH-S,WH-S-BIN-43,12.0,,749.51,Apr 20 2026,,false
SKU-00284,Forklift Battery 24V,FOOD_COLD,SUP-017,LOC-006,WH-F-BIN-44,107.0 KG,30,676.29,Jul 22 2026,,false
SKU-00285,Safety Gloves L,PACKAGING,SUP-188,whse s,WH-S-BIN-45,175.0kilogram,30,399.77,2026-06-07,29/01/2027,false
SKU-00286,Conveyor Belt Patch,MACHINERY_PARTS,SUP-110,Warehouse O,WH-O-BIN-46,120.0 KG,0,725.87,16/06/2026,,false
SKU-00287,Shrink Wrap Film Roll,PPE,SUP-107,Warehouse L,WH-L-BIN-47,414.0 KG,20,727.98,Mar 25 2026,,false
SKU-00288,,CLEANING,SUP-107,LOC-014,WH-N-BIN-48,203.0,30,398.34,Jul 29 2026,,false
SKU-00289,Dock Leveler Seal,MEDICAL,SUP-031,wh_k,WH-K-BIN-49,228.0kilogram,30,43.70,2026-04-03,,false
SKU-00290,LED Warehouse Light,RAW_MATERIALS,SUP-187,LOC-020,WH-T-BIN-50,317.0,0,271.01,Jul 05 2026,,false
SKU-00292,Pallet Jack Wheel,ELECTRONICS,SUP-081,LOC-001,WH-A-BIN-52,90.0kg,,366.18,May 12 2026,,false
SKU-00293,,FOOD_DRY,SUP-109,Warehouse F,WH-F-BIN-53,213.0 KG,20,286.97,13/03/2026,,false
SKU-00294,Fire Extinguisher 4kg,FOOD_COLD,SUP-199,Warehouse B,WH-B-BIN-54,372.0kilogram,20,554.71,20/02/2026,,false
SKU-00295,PVC Pipe 50mm,PACKAGING,SUP-057,LOC-013,WH-M-BIN-55,380.0kg,30,404.62,2026-07-22,,false
SKU-00296,Rubber Gasket Set,MACHINERY_PARTS,SUP-027,LOC-010,WH-J-BIN-56,92.0 KG,25,687.42,2026-02-19,,false
SKU-00297,Cable Tie Assorted,PPE,SUP-008,wh_f,WH-F-BIN-57,22.0kg,40,613.23,03/06/2026,2026-12-02,false
SKU-00299,Wooden Pallet Std,MEDICAL,SUP-149,Warehouse F,WH-F-BIN-59,364.0kg,0,656.45,2026-06-26,,false
SKU-00301,Hand Truck,CHEMICALS,SUP-083,WH-H,WH-H-BIN-61,69.0kilogram,40,372.30,Mar 01 2026,,false
SKU-00302,Spill Kit 20L,ELECTRONICS,SUP-081,LOC-003,WH-C-BIN-62,39.0kilogram,40,222.09,09/03/2026,,false
SKU-00303,Epoxy Resin 1L,FOOD_DRY,SUP-062,LOC-020,WH-T-BIN-63,299.0,40,791.95,Jun 02 2026,,false
SKU-00305,Temperature Logger,PACKAGING,SUP-147,WH-J,WH-J-BIN-65,341.0 KG,30,674.98,Jul 13 2026,,false
SKU-00306,Anti-Slip Tape Roll,MACHINERY_PARTS,SUP-152,wh-n,WH-N-BIN-66,134.0kilogram,20,516.81,2026-02-27,,false
SKU-00307,,PPE,SUP-037,LOC-011,WH-K-BIN-67,301.0 KG,15,258.71,2026-06-27,,false
SKU-00308,Compressed Air Hose,CLEANING,SUP-147,WH-A,WH-A-BIN-68,50.0 KG,,242.94,Mar 05 2026,,false
SKU-00309,First Aid Refill,MEDICAL,SUP-064,LOC-015,WH-O-BIN-69,5.0kg,29,169.54,24/07/2026,,false
SKU-00311,Stretch Hood Film,CHEMICALS,SUP-184,wh-t,WH-T-BIN-71,495.0,10,4.33,2026-02-08,,false
SKU-00313,Dock Bumpers Pair,FOOD_DRY,SUP-163,Warehouse M,WH-M-BIN-73,72.0kilogram,0,519.77,2026-05-23,,false
SKU-00314,Floor Marking Paint,FOOD_COLD,SUP-008,LOC-002,WH-B-BIN-74,380.0 KG,0,621.68,2026-06-07,,false
SKU-00315,Battery Charger 24V,PACKAGING,SUP-173,LOC-009,WH-I-BIN-75,203.0 KG,20,73.03,May 15 2026,,false
SKU-00316,Mesh Security Cage,MACHINERY_PARTS,SUP-005,whse f,WH-F-BIN-76,280.0 KG,40,701.38,13/06/2026,,false
SKU-00317,Humidity Sensor Probe,PPE,SUP-161,whse r,WH-R-BIN-77,184.0,25,438.66,2026-06-16,25/04/2027,false
SKU-00318,Pallet Strap Tool,CLEANING,SUP-085,wh_k,WH-K-BIN-78,381.0kilogram,,485.76,2026-03-06,Oct 30 2026,false
SKU-00319,Coolant Concentrate,MEDICAL,SUP-118,LOC-007,WH-G-BIN-79,447.0,,3.78,2026-04-08,,false
SKU-00320,Wheel Chock Rubber,RAW_MATERIALS,SUP-098,Warehouse S,WH-S-BIN-80,26.0 KG,40,340.16,21/05/2026,08/08/2027,false
SKU-00321,Steel Bolt M8,CHEMICALS,SUP-055,LOC-004,WH-D-BIN-01,206.0 KG,0,211.52,10/03/2026,2027-06-03,true
SKU-00322,Hydraulic Hose 2in,ELECTRONICS,SUP-081,LOC-020,WH-T-BIN-02,421.0kilogram,0,431.40,2026-06-20,,false
SKU-00323,,FOOD_DRY,SUP-119,LOC-016,WH-P-BIN-03,51.0kilogram,40,677.54,Jun 26 2026,,false
SKU-00324,Forklift Battery 24V,FOOD_COLD,SUP-154,LOC-014,WH-N-BIN-04,6.0kilogram,22,537.77,May 27 2026,,false
SKU-00325,,PACKAGING,SUP-008,WH-T,WH-T-BIN-05,17.0kilogram,25,398.87,2026-06-29,,false
SKU-00326,Conveyor Belt Patch,MACHINERY_PARTS,SUP-003,LOC-001,WH-A-BIN-06,384.0,15,23.65,21/02/2026,,false
SKU-00327,,PPE,SUP-094,whse i,WH-I-BIN-07,382.0kilogram,30,268.79,2026-04-01,,false
SKU-00328,Label Printer Ribbon,CLEANING,SUP-181,LOC-007,WH-G-BIN-08,327.0 KG,20,741.98,2026-02-11,Feb 23 2027,false
SKU-00329,Dock Leveler Seal,MEDICAL,SUP-052,LOC-014,WH-N-BIN-09,264.0 KG,15,556.60,2026-05-23,,false
SKU-00330,LED Warehouse Light,RAW_MATERIALS,SUP-178,LOC-019,WH-S-BIN-10,144.0,10,712.70,Mar 17 2026,,false
SKU-00333,Barcode Scanner,FOOD_DRY,SUP-023,LOC-017,WH-Q-BIN-13,421.0 KG,40,545.25,30/06/2026,,false
SKU-00334,Fire Extinguisher 4kg,FOOD_COLD,SUP-060,Warehouse H,WH-H-BIN-14,262.0kilogram,0,749.11,2026-06-07,,false
SKU-00336,,MACHINERY_PARTS,SUP-061,LOC-009,WH-I-BIN-16,8.0,,702.88,Jul 05 2026,25/04/2027,false
SKU-00337,Cable Tie Assorted,PPE,SUP-126,LOC-005,WH-E-BIN-17,268.0 KG,30,198.06,22/03/2026,,false
SKU-00338,Dust Mask N95 Pack,CLEANING,SUP-195,whse p,WH-P-BIN-18,335.0,,580.27,Jun 11 2026,,false
SKU-00340,Steel Shelving Unit,RAW_MATERIALS,SUP-130,whse b,WH-B-BIN-20,112.0kg,15,416.21,12/02/2026,,false
SKU-00341,,CHEMICALS,SUP-082,LOC-008,WH-H-BIN-21,329.0kilogram,10,623.09,Jul 05 2026,,false
SKU-00343,Epoxy Resin 1L,FOOD_DRY,SUP-122,LOC-012,WH-L-BIN-23,431.0,10,777.97,Feb 09 2026,,false
SKU-00344,Chain Block 1T,FOOD_COLD,SUP-160,LOC-011,WH-K-BIN-24,26.0kilogram,30,150.73,2026-05-16,,false
SKU-00345,Temperature Logger,PACKAGING,SUP-035,wh-f,WH-F-BIN-25,2.0kilogram,,432.26,Feb 13 2026,,false
SKU-00346,Anti-Slip Tape Roll,MACHINERY_PARTS,SUP-161,LOC-008,WH-H-BIN-26,68.0kilogram,0,222.06,2026-05-26,,false
SKU-00347,Welding Rod 3.2mm,PPE,SUP-058,wh-b,WH-B-BIN-27,449.0kilogram,10,460.03,May 06 2026,,false
SKU-00349,First Aid Refill,MEDICAL,SUP-058,LOC-008,WH-H-BIN-29,491.0kg,15,401.67,Jun 19 2026,27/03/2027,false
SKU-00350,Racking Beam 2.4m,RAW_MATERIALS,SUP-021,LOC-002,WH-B-BIN-30,469.0kilogram,40,390.23,2026-04-14,17/08/2027,false
SKU-00351,Stretch Hood Film,CHEMICALS,SUP-095,LOC-018,WH-R-BIN-31,3.0,20,362.44,18/02/2026,,true
SKU-00352,Load Cell 500kg,ELECTRONICS,SUP-012,wh_f,WH-F-BIN-32,90.0kilogram,,215.73,2026-04-04,,false
SKU-00353,Dock Bumpers Pair,FOOD_DRY,SUP-111,LOC-013,WH-M-BIN-33,388.0,20,654.11,Apr 22 2026,,false
SKU-00354,Floor Marking Paint,FOOD_COLD,SUP-148,wh-e,WH-E-BIN-34,79.0 KG,15,267.49,2026-02-18,2027-09-04,false
SKU-00356,Mesh Security Cage,MACHINERY_PARTS,SUP-070,Warehouse H,WH-H-BIN-36,493.0,20,551.57,2026-03-04,,false
SKU-00357,Humidity Sensor Probe,PPE,SUP-007,LOC-011,WH-K-BIN-37,87.0kilogram,30,229.67,2026-03-03,26/05/2027,false
SKU-00358,,CLEANING,SUP-066,LOC-019,WH-S-BIN-38,159.0kg,20,223.85,Feb 28 2026,,false
SKU-00359,Coolant Concentrate,MEDICAL,SUP-037,whse o,WH-O-BIN-39,170.0kg,20,232.50,May 27 2026,Sep 27 2026,false
SKU-00360,Wheel Chock Rubber,RAW_MATERIALS,SUP-033,LOC-010,WH-J-BIN-40,75.0 KG,40,186.28,26/05/2026,,false
SKU-00361,Steel Bolt M8,CHEMICALS,SUP-001,LOC-019,WH-S-BIN-41,436.0,20,242.24,May 13 2026,22/01/2027,false
SKU-00362,Hydraulic Hose 2in,ELECTRONICS,SUP-125,Warehouse L,WH-L-BIN-42,10.0,,129.72,Jun 26 2026,,false
SKU-00363,Industrial Solvent 5L,FOOD_DRY,SUP-194,wh-q,WH-Q-BIN-43,293.0 KG,30,304.37,Jul 26 2026,,false
SKU-00364,,FOOD_COLD,SUP-157,whse r,WH-R-BIN-44,4.0,15,381.58,Mar 10 2026,,false
SKU-00365,,PACKAGING,SUP-040,LOC-010,WH-J-BIN-45,141.0 KG,10,562.92,2026-02-22,Apr 10 2027,false
SKU-00366,,MACHINERY_PARTS,SUP-088,wh_p,WH-P-BIN-46,289.0,20,388.00,2026-06-27,2027-05-05,false
SKU-00368,Label Printer Ribbon,CLEANING,SUP-093,LOC-004,WH-D-BIN-48,9.0kg,20,776.61,30/07/2026,2027-02-08,false
SKU-00369,,MEDICAL,SUP-135,LOC-007,WH-G-BIN-49,127.0kilogram,40,380.90,Jun 14 2026,24/01/2027,false
SKU-00370,LED Warehouse Light,RAW_MATERIALS,SUP-117,whse h,WH-H-BIN-50,42.0kg,,480.16,2026-05-03,,false
SKU-00371,Nitrile Gloves Box,CHEMICALS,SUP-123,LOC-007,WH-G-BIN-51,7.0,10,477.42,2026-02-26,2026-12-28,false
SKU-00372,Pallet Jack Wheel,ELECTRONICS,SUP-126,LOC-018,WH-R-BIN-52,127.0kg,25,79.38,2026-07-30,,false
SKU-00373,Barcode Scanner,FOOD_DRY,SUP-088,LOC-017,WH-Q-BIN-53,116.0kg,30,286.39,2026-03-13,,false
SKU-00374,,FOOD_COLD,SUP-107,LOC-006,WH-F-BIN-54,101.0,15,226.36,2026-04-27,,false
SKU-00375,,PACKAGING,SUP-187,LOC-004,WH-D-BIN-55,305.0 KG,10,452.01,Feb 04 2026,,false
SKU-00376,Rubber Gasket Set,MACHINERY_PARTS,SUP-133,Warehouse S,WH-S-BIN-56,8.0,40,639.61,2026-02-26,,false
SKU-00377,Cable Tie Assorted,PPE,SUP-070,LOC-020,WH-T-BIN-57,14.0 KG,15,449.11,May 18 2026,,false
SKU-00378,Dust Mask N95 Pack,CLEANING,SUP-200,whse e,WH-E-BIN-58,21.0,,734.75,13/02/2026,Aug 01 2027,false
SKU-00379,Wooden Pallet Std,MEDICAL,SUP-087,wh_k,WH-K-BIN-59,435.0,,542.40,2026-07-05,14/06/2027,false
SKU-00380,Steel Shelving Unit,RAW_MATERIALS,SUP-114,LOC-020,WH-T-BIN-60,1.0kilogram,15,697.61,Feb 08 2026,,false
SKU-00381,Hand Truck,CHEMICALS,SUP-048,LOC-007,WH-G-BIN-61,95.0 KG,20,776.97,Jul 22 2026,Jul 16 2027,false
SKU-00382,Spill Kit 20L,ELECTRONICS,SUP-166,wh_t,WH-T-BIN-62,368.0kg,10,181.53,25/04/2026,,false
SKU-00383,Epoxy Resin 1L,FOOD_DRY,SUP-057,LOC-007,WH-G-BIN-63,170.0kg,15,524.96,2026-02-10,May 21 2027,false
SKU-00384,Chain Block 1T,FOOD_COLD,SUP-196,LOC-016,WH-P-BIN-64,176.0,15,671.53,Jul 23 2026,,false
SKU-00385,Temperature Logger,PACKAGING,SUP-031,LOC-016,WH-P-BIN-65,62.0kg,15,496.30,Mar 14 2026,10/05/2027,false
SKU-00386,,MACHINERY_PARTS,SUP-111,LOC-019,WH-S-BIN-66,10.0kg,30,455.98,Mar 24 2026,,false
SKU-00387,Welding Rod 3.2mm,PPE,SUP-121,wh_f,WH-F-BIN-67,103.0kilogram,0,499.54,Jun 15 2026,,false
SKU-00388,Compressed Air Hose,CLEANING,SUP-113,Warehouse B,WH-B-BIN-68,312.0,,285.82,2026-03-14,,false
SKU-00389,First Aid Refill,MEDICAL,SUP-022,LOC-007,WH-G-BIN-69,498.0kilogram,,406.37,30/04/2026,,false
SKU-00390,Racking Beam 2.4m,RAW_MATERIALS,SUP-110,LOC-004,WH-D-BIN-70,203.0kg,25,703.62,18/07/2026,23/10/2026,false
SKU-00391,Stretch Hood Film,CHEMICALS,SUP-096,LOC-002,WH-B-BIN-71,171.0kilogram,,374.48,22/04/2026,,true
SKU-00392,Load Cell 500kg,ELECTRONICS,SUP-057,LOC-005,WH-E-BIN-72,8.0,10,21.55,Jul 22 2026,,false
SKU-00393,Dock Bumpers Pair,FOOD_DRY,SUP-056,LOC-001,WH-A-BIN-73,460.0,25,689.03,2026-05-30,,false
SKU-00395,Battery Charger 24V,PACKAGING,SUP-165,WH-P,WH-P-BIN-75,300.0kilogram,15,777.28,07/07/2026,,false
SKU-00397,Humidity Sensor Probe,PPE,SUP-129,wh_l,WH-L-BIN-77,463.0kilogram,10,740.85,Jul 03 2026,,false
SKU-00399,Coolant Concentrate,MEDICAL,SUP-138,LOC-003,WH-C-BIN-79,118.0kg,15,380.71,Jun 26 2026,,false
SKU-00400,Wheel Chock Rubber,RAW_MATERIALS,SUP-029,LOC-011,WH-K-BIN-80,91.0,10,26.97,2026-06-08,,false
SKU-00401,Steel Bolt M8,CHEMICALS,SUP-014,LOC-003,WH-C-BIN-01,8.0 KG,15,308.11,2026-04-05,17/09/2026,false
SKU-00402,Hydraulic Hose 2in,ELECTRONICS,SUP-186,wh_r,WH-R-BIN-02,366.0 KG,15,123.62,Jun 20 2026,,false
SKU-00403,Industrial Solvent 5L,FOOD_DRY,SUP-073,LOC-011,WH-K-BIN-03,475.0,0,653.85,2026-02-08,,false
SKU-00404,,FOOD_COLD,SUP-127,LOC-009,WH-I-BIN-04,133.0,25,75.61,Apr 27 2026,,false
SKU-00405,,PACKAGING,SUP-153,whse l,WH-L-BIN-05,47.0kg,0,285.29,May 19 2026,,false
SKU-00406,,MACHINERY_PARTS,SUP-053,LOC-006,WH-F-BIN-06,101.0kilogram,25,340.46,Apr 23 2026,,false
SKU-00407,Shrink Wrap Film Roll,PPE,SUP-043,LOC-005,WH-E-BIN-07,486.0kg,25,395.42,16/02/2026,,false
SKU-00408,Label Printer Ribbon,CLEANING,SUP-151,LOC-015,WH-O-BIN-08,162.0kg,10,269.60,18/06/2026,,false
SKU-00409,Dock Leveler Seal,MEDICAL,SUP-076,LOC-005,WH-E-BIN-09,3.0kg,40,625.82,25/05/2026,,false
SKU-00411,Nitrile Gloves Box,CHEMICALS,SUP-155,LOC-010,WH-J-BIN-11,9.0,25,494.67,2026-02-13,Oct 11 2026,false
SKU-00412,Pallet Jack Wheel,ELECTRONICS,SUP-178,LOC-002,WH-B-BIN-12,116.0,40,410.24,28/03/2026,,false
SKU-00413,Barcode Scanner,FOOD_DRY,SUP-018,wh_h,WH-H-BIN-13,6.0,10,275.89,08/03/2026,,false
SKU-00414,Fire Extinguisher 4kg,FOOD_COLD,SUP-095,wh-t,WH-T-BIN-14,13.0,15,585.37,Feb 06 2026,,false
SKU-00415,PVC Pipe 50mm,PACKAGING,SUP-072,whse k,WH-K-BIN-15,113.0 KG,0,541.92,2026-05-25,Sep 10 2026,false
SKU-00416,,MACHINERY_PARTS,SUP-164,LOC-007,WH-G-BIN-16,332.0kg,25,333.88,2026-03-12,25/05/2027,false
SKU-00417,Cable Tie Assorted,PPE,SUP-136,LOC-001,WH-A-BIN-17,282.0 KG,0,575.18,2026-04-27,May 26 2027,false
SKU-00418,Dust Mask N95 Pack,CLEANING,SUP-129,LOC-012,WH-L-BIN-18,134.0,40,507.65,2026-04-07,,false
SKU-00420,,RAW_MATERIALS,SUP-115,LOC-020,WH-T-BIN-20,309.0kilogram,30,209.43,May 02 2026,,false
SKU-00421,Hand Truck,CHEMICALS,SUP-042,wh-j,WH-J-BIN-21,317.0 KG,40,171.97,2026-03-17,2027-02-01,true
SKU-00422,Spill Kit 20L,ELECTRONICS,SUP-084,whse p,WH-P-BIN-22,283.0,25,709.19,2026-03-17,,false
SKU-00423,Epoxy Resin 1L,FOOD_DRY,SUP-016,LOC-011,WH-K-BIN-23,374.0kg,0,689.76,11/04/2026,,false
SKU-00424,Chain Block 1T,FOOD_COLD,SUP-047,LOC-016,WH-P-BIN-24,182.0kilogram,,87.38,Mar 17 2026,,false
SKU-00425,Temperature Logger,PACKAGING,SUP-140,LOC-001,WH-A-BIN-25,226.0,,418.91,2026-02-28,,false
SKU-00426,Anti-Slip Tape Roll,MACHINERY_PARTS,SUP-096,LOC-009,WH-I-BIN-26,75.0,10,722.59,2026-02-07,,false
SKU-00427,,PPE,SUP-073,LOC-006,WH-F-BIN-27,23.0kilogram,25,494.29,21/06/2026,,false
SKU-00429,First Aid Refill,MEDICAL,SUP-056,LOC-006,WH-F-BIN-29,1.0kg,25,583.09,2026-02-21,,false
SKU-00431,Stretch Hood Film,CHEMICALS,SUP-049,LOC-013,WH-M-BIN-31,57.0 KG,20,389.71,06/04/2026,,true
SKU-00432,Load Cell 500kg,ELECTRONICS,SUP-047,LOC-007,WH-G-BIN-32,308.0kilogram,,178.56,2026-02-19,,false
SKU-00433,Dock Bumpers Pair,FOOD_DRY,SUP-017,LOC-001,WH-A-BIN-33,179.0kilogram,20,88.46,2026-03-29,,false
SKU-00435,Battery Charger 24V,PACKAGING,SUP-169,LOC-019,WH-S-BIN-35,56.0kilogram,20,263.83,2026-07-27,09/05/2027,false
SKU-00436,Mesh Security Cage,MACHINERY_PARTS,SUP-146,LOC-013,WH-M-BIN-36,388.0kilogram,0,618.07,18/03/2026,,false
SKU-00437,Humidity Sensor Probe,PPE,SUP-069,LOC-019,WH-S-BIN-37,56.0kilogram,10,666.31,22/07/2026,,false
SKU-00438,Pallet Strap Tool,CLEANING,SUP-181,LOC-008,WH-H-BIN-38,34.0kilogram,25,330.86,2026-04-04,2027-01-12,false
SKU-00440,Wheel Chock Rubber,RAW_MATERIALS,SUP-120,WH-R,WH-R-BIN-40,429.0kilogram,25,776.94,2026-07-03,,false
SKU-00441,Steel Bolt M8,CHEMICALS,SUP-147,whse n,WH-N-BIN-41,93.0 KG,0,393.29,2026-04-16,,false
SKU-00442,Hydraulic Hose 2in,ELECTRONICS,SUP-012,wh_c,WH-C-BIN-42,224.0,10,652.29,2026-04-01,,false
SKU-00445,Safety Gloves L,PACKAGING,SUP-015,LOC-015,WH-O-BIN-45,282.0kg,10,541.12,20/04/2026,,false
SKU-00446,Conveyor Belt Patch,MACHINERY_PARTS,SUP-191,LOC-013,WH-M-BIN-46,56.0kg,0,4.58,May 05 2026,,false
SKU-00447,Shrink Wrap Film Roll,PPE,SUP-117,wh_h,WH-H-BIN-47,23.0 KG,10,81.99,22/06/2026,,false
SKU-00448,Label Printer Ribbon,CLEANING,SUP-034,Warehouse E,WH-E-BIN-48,26.0,40,176.11,2026-02-23,,false
SKU-00449,Dock Leveler Seal,MEDICAL,SUP-082,LOC-002,WH-B-BIN-49,452.0 KG,10,609.57,2026-03-13,Oct 08 2026,false
SKU-00450,LED Warehouse Light,RAW_MATERIALS,SUP-188,LOC-003,WH-C-BIN-50,9.0kilogram,25,91.30,2026-04-24,,false
SKU-00451,Nitrile Gloves Box,CHEMICALS,SUP-112,LOC-015,WH-O-BIN-51,285.0,30,33.65,02/07/2026,,true
SKU-00452,Pallet Jack Wheel,ELECTRONICS,SUP-021,LOC-010,WH-J-BIN-52,425.0kilogram,10,341.59,15/06/2026,,false
SKU-00453,Barcode Scanner,FOOD_DRY,SUP-039,LOC-018,WH-R-BIN-53,97.0kilogram,40,207.32,Jun 26 2026,,false
SKU-00454,Fire Extinguisher 4kg,FOOD_COLD,SUP-085,WH-S,WH-S-BIN-54,343.0 KG,30,118.39,14/07/2026,,false
SKU-00455,PVC Pipe 50mm,PACKAGING,SUP-006,whse p,WH-P-BIN-55,6.0,18,629.78,28/02/2026,,false
SKU-00457,Cable Tie Assorted,PPE,SUP-010,LOC-011,WH-K-BIN-57,381.0,15,721.04,Jul 09 2026,,false
SKU-00459,Wooden Pallet Std,MEDICAL,SUP-084,LOC-005,WH-E-BIN-59,429.0,,266.41,2026-04-02,,false
SKU-00460,,RAW_MATERIALS,SUP-159,wh_l,WH-L-BIN-60,3.0 KG,19,521.38,2026-06-25,Jan 05 2027,false
SKU-00461,Hand Truck,CHEMICALS,SUP-056,LOC-014,WH-N-BIN-61,2.0kilogram,15,504.23,2026-05-18,,false
SKU-00462,Spill Kit 20L,ELECTRONICS,SUP-032,LOC-016,WH-P-BIN-62,371.0,0,15.27,2026-07-07,Nov 17 2026,false
SKU-00463,Epoxy Resin 1L,FOOD_DRY,SUP-158,LOC-007,WH-G-BIN-63,4.0kilogram,13,333.43,13/04/2026,,false
SKU-00464,Chain Block 1T,FOOD_COLD,SUP-072,LOC-015,WH-O-BIN-64,285.0kg,20,444.60,Mar 25 2026,May 07 2027,false
SKU-00465,Temperature Logger,PACKAGING,SUP-158,wh_g,WH-G-BIN-65,42.0kg,10,490.49,2026-06-02,,false
SKU-00466,Anti-Slip Tape Roll,MACHINERY_PARTS,SUP-179,LOC-002,WH-B-BIN-66,488.0kilogram,30,360.39,10/04/2026,,false
SKU-00468,Compressed Air Hose,CLEANING,SUP-009,LOC-013,WH-M-BIN-68,100.0kg,40,679.50,14/02/2026,,false
SKU-00469,First Aid Refill,MEDICAL,SUP-157,LOC-010,WH-J-BIN-69,55.0,,207.10,26/03/2026,,false
SKU-00470,Racking Beam 2.4m,RAW_MATERIALS,SUP-107,LOC-004,WH-D-BIN-70,440.0kilogram,20,207.11,2026-05-09,,false
SKU-00471,Stretch Hood Film,CHEMICALS,SUP-068,wh-q,WH-Q-BIN-71,175.0 KG,40,370.53,Jun 30 2026,,true
SKU-00472,Load Cell 500kg,ELECTRONICS,SUP-029,wh_o,WH-O-BIN-72,121.0kilogram,20,597.61,06/06/2026,,false
SKU-00473,Dock Bumpers Pair,FOOD_DRY,SUP-134,LOC-006,WH-F-BIN-73,257.0kg,0,645.05,2026-04-25,Nov 26 2026,false
SKU-00474,Floor Marking Paint,FOOD_COLD,SUP-083,LOC-014,WH-N-BIN-74,407.0,20,104.22,2026-05-13,,false
SKU-00476,,MACHINERY_PARTS,SUP-110,Warehouse J,WH-J-BIN-76,176.0,40,48.77,2026-07-23,,false
SKU-00477,Humidity Sensor Probe,PPE,SUP-040,WH-A,WH-A-BIN-77,71.0,,262.43,08/03/2026,,false
SKU-00478,Pallet Strap Tool,CLEANING,SUP-092,wh-j,WH-J-BIN-78,303.0kilogram,15,110.89,28/05/2026,2026-12-18,false
SKU-00479,,MEDICAL,SUP-086,LOC-010,WH-J-BIN-79,145.0kilogram,,412.73,2026-06-19,,false
SKU-00480,Wheel Chock Rubber,RAW_MATERIALS,SUP-199,Warehouse E,WH-E-BIN-80,288.0 KG,0,333.48,28/04/2026,,false
SKU-00481,Steel Bolt M8,CHEMICALS,SUP-172,LOC-016,WH-P-BIN-01,175.0kilogram,20,532.30,2026-06-04,,false
SKU-00482,Hydraulic Hose 2in,ELECTRONICS,SUP-141,LOC-020,WH-T-BIN-02,77.0,10,374.45,20/04/2026,,false
SKU-00483,Industrial Solvent 5L,FOOD_DRY,SUP-157,wh-c,WH-C-BIN-03,480.0 KG,10,776.71,Jul 05 2026,,false
SKU-00484,Forklift Battery 24V,FOOD_COLD,SUP-023,LOC-010,WH-J-BIN-04,9.0kg,,670.51,Jun 06 2026,2027-03-12,false
SKU-00485,,PACKAGING,SUP-091,LOC-003,WH-C-BIN-05,332.0kilogram,15,92.30,2026-03-13,,false
SKU-00486,Conveyor Belt Patch,MACHINERY_PARTS,SUP-185,Warehouse O,WH-O-BIN-06,3.0kilogram,25,718.89,Apr 07 2026,,false
SKU-00487,Shrink Wrap Film Roll,PPE,SUP-006,LOC-012,WH-L-BIN-07,474.0kilogram,,603.06,Jun 25 2026,,false
SKU-00488,Label Printer Ribbon,CLEANING,SUP-095,wh_d,WH-D-BIN-08,39.0kilogram,,663.91,15/07/2026,,false
SKU-00489,Dock Leveler Seal,MEDICAL,SUP-165,LOC-001,WH-A-BIN-09,457.0kg,30,368.63,2026-06-03,09/11/2026,false
SKU-00490,,RAW_MATERIALS,SUP-193,LOC-005,WH-E-BIN-10,366.0,10,232.70,Apr 07 2026,,false
SKU-00491,,CHEMICALS,SUP-161,whse n,WH-N-BIN-11,11.0kilogram,15,307.35,10/06/2026,,false
SKU-00492,Pallet Jack Wheel,ELECTRONICS,SUP-114,LOC-013,WH-M-BIN-12,397.0 KG,25,72.00,28/05/2026,,false
SKU-00493,Barcode Scanner,FOOD_DRY,SUP-192,WH-C,WH-C-BIN-13,254.0kilogram,10,403.35,31/03/2026,,false
SKU-00494,Fire Extinguisher 4kg,FOOD_COLD,SUP-071,LOC-003,WH-C-BIN-14,156.0kg,10,346.64,17/05/2026,,false
SKU-00495,PVC Pipe 50mm,PACKAGING,SUP-152,whse e,WH-E-BIN-15,35.0kg,15,641.04,2026-04-24,,false
SKU-00496,Rubber Gasket Set,MACHINERY_PARTS,SUP-073,Warehouse D,WH-D-BIN-16,279.0,15,582.79,14/07/2026,,false
SKU-00497,Cable Tie Assorted,PPE,SUP-128,LOC-014,WH-N-BIN-17,382.0kg,,581.56,May 11 2026,,false
SKU-00498,,CLEANING,SUP-014,LOC-010,WH-J-BIN-18,292.0kg,20,198.41,03/03/2026,,false
SKU-00499,Wooden Pallet Std,MEDICAL,SUP-126,wh_j,WH-J-BIN-19,88.0kilogram,20,388.49,2026-06-19,,false
SKU-00500,Steel Shelving Unit,RAW_MATERIALS,SUP-086,WH-J,WH-J-BIN-20,330.0kg,0,754.20,2026-03-13,,false
SKU-00001,Hand Truck,CHEMICALS,SUP-048,LOC-006,WH-F-BIN-21,167.0kilogram,0,23.05,Feb 14 2026,,false
SKU-00002,Spill Kit 20L,ELECTRONICS,SUP-032,LOC-005,WH-E-BIN-22,7.0kilogram,10,357.53,2026-05-09,29/04/2027,false
SKU-00003,Epoxy Resin 1L,FOOD_DRY,SUP-096,LOC-009,WH-I-BIN-23,309.0 KG,15,577.60,Apr 09 2026,,false
SKU-00004,Chain Block 1T,FOOD_COLD,SUP-140,wh_t,WH-T-BIN-24,216.0kg,25,346.03,Jun 15 2026,,false
SKU-00005,Temperature Logger,PACKAGING,SUP-061,whse g,WH-G-BIN-25,193.0kilogram,30,585.32,Jul 28 2026,,false
SKU-00006,Anti-Slip Tape Roll,MACHINERY_PARTS,SUP-191,LOC-002,WH-B-BIN-26,341.0,40,591.11,10/06/2026,,false
SKU-00007,Welding Rod 3.2mm,PPE,SUP-086,wh_t,WH-T-BIN-27,6.0kilogram,22,364.64,Mar 28 2026,,false
SKU-00008,,CLEANING,SUP-028,wh_g,WH-G-BIN-28,438.0,,425.61,2026-03-27,,false
SKU-00010,Racking Beam 2.4m,RAW_MATERIALS,SUP-025,LOC-008,WH-H-BIN-30,29.0kg,40,393.45,10/02/2026,,false
SKU-00011,Stretch Hood Film,CHEMICALS,SUP-094,LOC-007,WH-G-BIN-31,120.0 KG,30,666.18,2026-02-19,,true
SKU-00012,Load Cell 500kg,ELECTRONICS,SUP-023,LOC-011,WH-K-BIN-32,239.0kilogram,20,443.45,12/03/2026,,false
SKU-00013,Dock Bumpers Pair,FOOD_DRY,SUP-018,Warehouse P,WH-P-BIN-33,11.0 KG,25,707.44,Jun 05 2026,,false
SKU-00014,Floor Marking Paint,FOOD_COLD,SUP-179,LOC-012,WH-L-BIN-34,282.0,40,731.36,20/05/2026,2026-09-27,false
SKU-00015,Battery Charger 24V,PACKAGING,SUP-198,LOC-018,WH-R-BIN-35,109.0kilogram,0,171.91,13/04/2026,04/05/2027,false
SKU-00016,Mesh Security Cage,MACHINERY_PARTS,SUP-051,LOC-009,WH-I-BIN-36,418.0 KG,40,614.26,Jul 30 2026,2026-10-11,false
SKU-00017,Humidity Sensor Probe,PPE,SUP-158,Warehouse T,WH-T-BIN-37,497.0 KG,15,529.65,2026-03-31,,false
SKU-00018,Pallet Strap Tool,CLEANING,SUP-076,LOC-018,WH-R-BIN-38,361.0 KG,15,84.11,04/06/2026,,false
SKU-00019,Coolant Concentrate,MEDICAL,SUP-169,LOC-013,WH-M-BIN-39,23.0kilogram,25,689.33,01/05/2026,,false
SKU-00020,Wheel Chock Rubber,RAW_MATERIALS,SUP-099,wh-b,WH-B-BIN-40,335.0kilogram,25,514.04,Mar 13 2026,,false
SKU-00021,,CHEMICALS,SUP-189,wh-k,WH-K-BIN-41,285.0,25,234.46,14/04/2026,,true
SKU-00022,Hydraulic Hose 2in,ELECTRONICS,SUP-061,LOC-019,WH-S-BIN-42,70.0kilogram,15,306.45,Feb 17 2026,09/02/2027,false
SKU-00023,Industrial Solvent 5L,FOOD_DRY,SUP-082,Warehouse R,WH-R-BIN-43,5.0kg,20,315.76,Feb 03 2026,Sep 20 2026,false
SKU-00024,Forklift Battery 24V,FOOD_COLD,SUP-184,wh-a,WH-A-BIN-44,404.0 KG,15,296.72,2026-06-29,2027-08-15,false
SKU-00026,Conveyor Belt Patch,MACHINERY_PARTS,SUP-038,LOC-006,WH-F-BIN-46,27.0 KG,30,76.43,03/02/2026,,false
SKU-00027,Shrink Wrap Film Roll,PPE,SUP-113,whse b,WH-B-BIN-47,435.0,40,763.90,Jul 10 2026,,false
SKU-00028,,CLEANING,SUP-131,LOC-010,WH-J-BIN-48,368.0,20,739.15,10/06/2026,,false
SKU-00029,Dock Leveler Seal,MEDICAL,SUP-002,wh-a,WH-A-BIN-49,350.0,25,611.12,Apr 06 2026,,false
SKU-00030,LED Warehouse Light,RAW_MATERIALS,SUP-121,LOC-016,WH-P-BIN-50,82.0 KG,20,337.25,May 03 2026,,false
SKU-00031,Nitrile Gloves Box,CHEMICALS,SUP-129,LOC-004,WH-D-BIN-51,69.0 KG,15,708.75,Jun 04 2026,Nov 27 2026,false
SKU-00032,Pallet Jack Wheel,ELECTRONICS,SUP-181,LOC-008,WH-H-BIN-52,15.0 KG,25,371.74,2026-03-23,,false
SKU-00033,Barcode Scanner,FOOD_DRY,SUP-104,LOC-013,WH-M-BIN-53,48.0kg,,20.54,2026-04-24,2027-02-18,false
SKU-00034,,FOOD_COLD,SUP-110,Warehouse N,WH-N-BIN-54,499.0,10,286.98,21/03/2026,,false
SKU-00035,PVC Pipe 50mm,PACKAGING,SUP-183,wh-l,WH-L-BIN-55,1.0 KG,15,493.79,2026-04-26,,false
SKU-00036,Rubber Gasket Set,MACHINERY_PARTS,SUP-189,LOC-012,WH-L-BIN-56,89.0 KG,15,398.17,03/07/2026,,false
SKU-00037,,PPE,SUP-017,Warehouse I,WH-I-BIN-57,364.0 KG,15,670.59,Jun 10 2026,,false
SKU-00038,,CLEANING,SUP-112,LOC-019,WH-S-BIN-58,165.0 KG,30,630.48,Apr 22 2026,Jun 24 2027,false
SKU-00039,Wooden Pallet Std,MEDICAL,SUP-002,LOC-002,WH-B-BIN-59,3.0,10,391.64,Apr 22 2026,2027-05-19,false
SKU-00040,Steel Shelving Unit,RAW_MATERIALS,SUP-136,LOC-007,WH-G-BIN-60,82.0,30,466.22,16/02/2026,,false
SKU-00041,Hand Truck,CHEMICALS,SUP-123,LOC-005,WH-E-BIN-61,4.0 KG,,685.09,24/02/2026,,false
SKU-00042,Spill Kit 20L,ELECTRONICS,SUP-033,LOC-020,WH-T-BIN-62,231.0,10,764.17,02/04/2026,25/05/2027,false
SKU-00043,Epoxy Resin 1L,FOOD_DRY,SUP-117,LOC-012,WH-L-BIN-63,17.0,25,345.97,Apr 09 2026,2027-05-23,false
SKU-00044,Chain Block 1T,FOOD_COLD,SUP-192,LOC-011,WH-K-BIN-64,84.0,15,626.58,2026-05-06,,false
SKU-00045,Temperature Logger,PACKAGING,SUP-176,LOC-005,WH-E-BIN-65,334.0kg,30,725.77,2026-04-18,,false
SKU-00046,Anti-Slip Tape Roll,MACHINERY_PARTS,SUP-087,LOC-014,WH-N-BIN-66,8.0 KG,16,676.91,Apr 04 2026,11/10/2026,false
SKU-00047,Welding Rod 3.2mm,PPE,SUP-146,LOC-010,WH-J-BIN-67,79.0 KG,,541.74,12/04/2026,2027-05-07,false
SKU-00048,,CLEANING,SUP-089,LOC-006,WH-F-BIN-68,335.0,20,528.07,Jul 14 2026,,false
SKU-00049,First Aid Refill,MEDICAL,SUP-133,LOC-003,WH-C-BIN-69,184.0kg,15,501.58,05/05/2026,,false
SKU-00050,Racking Beam 2.4m,RAW_MATERIALS,SUP-099,whse d,WH-D-BIN-70,3.0 KG,15,614.28,2026-05-27,,false
SKU-00051,Stretch Hood Film,CHEMICALS,SUP-178,LOC-018,WH-R-BIN-71,2.0 KG,15,789.55,2026-06-11,,true
SKU-00052,Load Cell 500kg,ELECTRONICS,SUP-086,LOC-008,WH-H-BIN-72,116.0,10,571.46,May 12 2026,,false
SKU-00054,Floor Marking Paint,FOOD_COLD,SUP-113,LOC-017,WH-Q-BIN-74,248.0kg,20,343.46,2026-05-11,,false
SKU-00055,Battery Charger 24V,PACKAGING,SUP-182,whse j,WH-J-BIN-75,17.0 KG,20,684.30,2026-03-27,,false
SKU-00056,Mesh Security Cage,MACHINERY_PARTS,SUP-158,LOC-007,WH-G-BIN-76,25.0kg,30,724.59,2026-03-22,Feb 14 2027,false
SKU-00057,Humidity Sensor Probe,PPE,SUP-126,LOC-018,WH-R-BIN-77,163.0kg,25,282.39,2026-06-05,,false
SKU-00060,Wheel Chock Rubber,RAW_MATERIALS,SUP-196,WH-J,WH-J-BIN-80,214.0kg,40,530.88,2026-05-09,,false
SKU-00061,Steel Bolt M8,CHEMICALS,SUP-159,whse n,WH-N-BIN-01,490.0,30,437.32,May 23 2026,,true
SKU-00062,Hydraulic Hose 2in,ELECTRONICS,SUP-021,LOC-016,WH-P-BIN-02,6.0,15,513.68,2026-03-20,,false
SKU-00064,Forklift Battery 24V,FOOD_COLD,SUP-007,LOC-003,WH-C-BIN-04,208.0kilogram,,110.00,Feb 22 2026,,false
SKU-00065,Safety Gloves L,PACKAGING,SUP-108,LOC-015,WH-O-BIN-05,215.0kg,0,759.50,2026-07-20,,false
SKU-00068,Label Printer Ribbon,CLEANING,SUP-060,Warehouse T,WH-T-BIN-08,212.0 KG,15,364.41,12/05/2026,,false
SKU-00069,Dock Leveler Seal,MEDICAL,SUP-009,LOC-004,WH-D-BIN-09,396.0kg,0,203.04,Mar 03 2026,,false
SKU-00070,LED Warehouse Light,RAW_MATERIALS,SUP-032,LOC-016,WH-P-BIN-10,415.0,40,789.03,16/07/2026,,false
SKU-00071,Nitrile Gloves Box,CHEMICALS,SUP-056,WH-A,WH-A-BIN-11,489.0 KG,40,197.92,22/03/2026,,true
SKU-00073,Barcode Scanner,FOOD_DRY,SUP-176,LOC-007,WH-G-BIN-13,4.0kg,40,10.59,2026-04-20,2027-08-05,false
SKU-00074,Fire Extinguisher 4kg,FOOD_COLD,SUP-073,LOC-013,WH-M-BIN-14,379.0kilogram,25,402.24,23/05/2026,,false
SKU-00075,PVC Pipe 50mm,PACKAGING,SUP-131,LOC-016,WH-P-BIN-15,280.0 KG,,498.51,2026-03-18,,false
SKU-00076,Rubber Gasket Set,MACHINERY_PARTS,SUP-132,LOC-018,WH-R-BIN-16,199.0kg,20,580.81,Feb 22 2026,,false
SKU-00077,Cable Tie Assorted,PPE,SUP-120,LOC-012,WH-L-BIN-17,317.0kg,40,71.11,2026-02-26,2027-07-02,false
SKU-00078,Dust Mask N95 Pack,CLEANING,SUP-107,WH-J,WH-J-BIN-18,351.0 KG,10,471.95,15/06/2026,10/03/2027,false
SKU-00080,Steel Shelving Unit,RAW_MATERIALS,SUP-091,LOC-019,WH-S-BIN-20,30.0,10,684.88,2026-06-08,,false
SKU-00081,,CHEMICALS,SUP-196,WH-E,WH-E-BIN-21,363.0 KG,25,417.14,2026-04-13,,false
SKU-00082,Spill Kit 20L,ELECTRONICS,SUP-147,LOC-020,WH-T-BIN-22,1.0kg,30,751.58,2026-05-07,15/03/2027,false
SKU-00083,Epoxy Resin 1L,FOOD_DRY,SUP-165,WH-B,WH-B-BIN-23,45.0kilogram,15,210.70,2026-07-06,,false
SKU-00084,Chain Block 1T,FOOD_COLD,SUP-194,LOC-009,WH-I-BIN-24,40.0kg,15,300.39,06/07/2026,,false
SKU-00085,,PACKAGING,SUP-056,wh_h,WH-H-BIN-25,111.0,20,300.10,Apr 10 2026,,false
SKU-00086,Anti-Slip Tape Roll,MACHINERY_PARTS,SUP-064,LOC-002,WH-B-BIN-26,342.0kg,40,552.10,2026-07-23,,false
SKU-00089,First Aid Refill,MEDICAL,SUP-123,LOC-019,WH-S-BIN-29,174.0,10,435.11,20/04/2026,04/04/2027,false
SKU-00090,Racking Beam 2.4m,RAW_MATERIALS,SUP-037,WH-C,WH-C-BIN-30,404.0,40,302.65,2026-07-01,,false
SKU-00091,Stretch Hood Film,CHEMICALS,SUP-086,WH-G,WH-G-BIN-31,343.0kilogram,20,794.42,02/06/2026,,false
SKU-00092,Load Cell 500kg,ELECTRONICS,SUP-089,whse d,WH-D-BIN-32,121.0,40,502.29,2026-02-05,,false
SKU-00093,Dock Bumpers Pair,FOOD_DRY,SUP-143,wh_j,WH-J-BIN-33,447.0 KG,0,571.15,29/04/2026,,false
SKU-00094,Floor Marking Paint,FOOD_COLD,SUP-017,LOC-008,WH-H-BIN-34,465.0kg,15,613.24,2026-03-05,May 23 2027,false
SKU-00095,Battery Charger 24V,PACKAGING,SUP-080,whse b,WH-B-BIN-35,3.0,10,781.69,06/04/2026,,false
SKU-00096,Mesh Security Cage,MACHINERY_PARTS,SUP-056,LOC-002,WH-B-BIN-36,386.0 KG,25,638.98,May 28 2026,,false
SKU-00097,Humidity Sensor Probe,PPE,SUP-020,LOC-007,WH-G-BIN-37,173.0 KG,15,235.30,Feb 20 2026,2026-10-01,false
SKU-00098,Pallet Strap Tool,CLEANING,SUP-032,LOC-015,WH-O-BIN-38,282.0kilogram,0,661.45,2026-06-19,,false
SKU-00099,Coolant Concentrate,MEDICAL,SUP-195,LOC-003,WH-C-BIN-39,421.0,25,741.79,16/05/2026,,false
SKU-00100,,RAW_MATERIALS,SUP-165,LOC-005,WH-E-BIN-40,27.0kg,,397.59,May 23 2026,Nov 07 2026,false
SKU-00101,Steel Bolt M8,CHEMICALS,SUP-197,Warehouse R,WH-R-BIN-41,61.0kilogram,15,722.53,May 05 2026,,false
SKU-00102,Hydraulic Hose 2in,ELECTRONICS,SUP-176,LOC-016,WH-P-BIN-42,235.0 KG,30,550.57,11/02/2026,17/01/2027,false
SKU-00103,,FOOD_DRY,SUP-151,LOC-009,WH-I-BIN-43,14.0kilogram,25,779.11,10/05/2026,,false
SKU-00104,Forklift Battery 24V,FOOD_COLD,SUP-157,wh_c,WH-C-BIN-44,3.0kilogram,25,388.42,Apr 13 2026,,false
SKU-00105,Safety Gloves L,PACKAGING,SUP-177,LOC-011,WH-K-BIN-45,481.0 KG,30,349.83,2026-06-06,,false
SKU-00106,,MACHINERY_PARTS,SUP-131,Warehouse O,WH-O-BIN-46,376.0kg,20,541.52,Apr 03 2026,,false
SKU-00107,Shrink Wrap Film Roll,PPE,SUP-046,LOC-004,WH-D-BIN-47,314.0,10,683.71,13/02/2026,,false
SKU-00108,,CLEANING,SUP-023,LOC-020,WH-T-BIN-48,214.0 KG,,533.35,27/03/2026,,false
SKU-00109,Dock Leveler Seal,MEDICAL,SUP-001,Warehouse A,WH-A-BIN-49,107.0kilogram,15,620.35,21/05/2026,,false
SKU-00110,LED Warehouse Light,RAW_MATERIALS,SUP-087,whse j,WH-J-BIN-50,246.0kilogram,15,759.30,2026-07-30,,false
SKU-00111,Nitrile Gloves Box,CHEMICALS,SUP-057,LOC-001,WH-A-BIN-51,299.0kilogram,30,337.20,May 18 2026,,false
SKU-00112,Pallet Jack Wheel,ELECTRONICS,SUP-145,LOC-011,WH-K-BIN-52,397.0,20,684.57,15/04/2026,,false
SKU-00113,Barcode Scanner,FOOD_DRY,SUP-166,WH-R,WH-R-BIN-53,441.0,40,409.94,02/02/2026,,false
SKU-00114,Fire Extinguisher 4kg,FOOD_COLD,SUP-155,whse i,WH-I-BIN-54,119.0kilogram,40,465.88,18/06/2026,03/09/2027,false
SKU-00115,PVC Pipe 50mm,PACKAGING,SUP-142,wh-m,WH-M-BIN-55,496.0kilogram,0,519.24,Jun 08 2026,,false
SKU-00116,Rubber Gasket Set,MACHINERY_PARTS,SUP-094,LOC-016,WH-P-BIN-56,397.0 KG,20,629.33,18/05/2026,,false
SKU-00117,Cable Tie Assorted,PPE,SUP-124,LOC-011,WH-K-BIN-57,375.0kilogram,40,173.06,Mar 04 2026,,false
SKU-00118,Dust Mask N95 Pack,CLEANING,SUP-067,whse e,WH-E-BIN-58,234.0kg,40,91.08,2026-06-27,15/05/2027,false
SKU-00119,Wooden Pallet Std,MEDICAL,SUP-045,wh_e,WH-E-BIN-59,255.0kg,20,112.22,2026-04-14,,false
SKU-00120,Steel Shelving Unit,RAW_MATERIALS,SUP-079,wh_m,WH-M-BIN-60,142.0 KG,0,608.78,06/03/2026,,false
SKU-00122,Spill Kit 20L,ELECTRONICS,SUP-190,LOC-012,WH-L-BIN-62,349.0kilogram,40,122.25,Apr 13 2026,2027-06-17,false
SKU-00123,Epoxy Resin 1L,FOOD_DRY,SUP-046,LOC-014,WH-N-BIN-63,433.0kg,15,343.92,Jun 09 2026,,false
SKU-00124,Chain Block 1T,FOOD_COLD,SUP-039,wh-r,WH-R-BIN-64,368.0,0,50.57,2026-06-24,04/10/2026,false
SKU-00125,Temperature Logger,PACKAGING,SUP-081,LOC-009,WH-I-BIN-65,415.0 KG,30,606.80,May 22 2026,,false
SKU-00126,Anti-Slip Tape Roll,MACHINERY_PARTS,SUP-162,LOC-004,WH-D-BIN-66,355.0kg,,670.68,Feb 24 2026,,false
SKU-00127,Welding Rod 3.2mm,PPE,SUP-155,whse p,WH-P-BIN-67,356.0kilogram,15,512.44,Feb 24 2026,,false
SKU-00128,,CLEANING,SUP-063,WH-G,WH-G-BIN-68,120.0kilogram,30,655.51,2026-03-11,,false
SKU-00129,First Aid Refill,MEDICAL,SUP-054,wh-q,WH-Q-BIN-69,388.0,30,633.16,2026-06-22,,false
SKU-00133,Dock Bumpers Pair,FOOD_DRY,SUP-138,LOC-014,WH-N-BIN-73,486.0kilogram,10,594.74,28/05/2026,,false
SKU-00134,Floor Marking Paint,FOOD_COLD,SUP-010,LOC-011,WH-K-BIN-74,433.0kilogram,25,569.25,2026-02-23,,false
SKU-00135,Battery Charger 24V,PACKAGING,SUP-123,LOC-008,WH-H-BIN-75,271.0 KG,,108.19,2026-03-04,,false
SKU-00136,Mesh Security Cage,MACHINERY_PARTS,SUP-134,LOC-020,WH-T-BIN-76,212.0kg,10,731.97,Apr 18 2026,,false
SKU-00137,Humidity Sensor Probe,PPE,SUP-171,LOC-001,WH-A-BIN-77,495.0kg,15,580.31,Jul 16 2026,2027-07-11,false
SKU-00141,,CHEMICALS,SUP-048,wh_n,WH-N-BIN-01,65.0kg,30,353.41,2026-04-08,,false
SKU-00143,Industrial Solvent 5L,FOOD_DRY,SUP-172,whse o,WH-O-BIN-03,137.0kilogram,40,427.15,13/07/2026,,false
SKU-00145,Safety Gloves L,PACKAGING,SUP-167,LOC-012,WH-L-BIN-05,244.0 KG,30,759.80,Mar 06 2026,,false
SKU-00146,,MACHINERY_PARTS,SUP-059,wh_s,WH-S-BIN-06,36.0 KG,15,225.94,Feb 09 2026,,false
SKU-00147,,PPE,SUP-041,LOC-014,WH-N-BIN-07,91.0 KG,20,194.81,2026-05-20,Dec 28 2026,false
SKU-00148,Label Printer Ribbon,CLEANING,SUP-178,LOC-018,WH-R-BIN-08,12.0 KG,25,220.45,25/02/2026,May 31 2027,false
SKU-00149,,MEDICAL,SUP-158,LOC-004,WH-D-BIN-09,441.0kg,30,170.76,Mar 04 2026,,false
SKU-00150,LED Warehouse Light,RAW_MATERIALS,SUP-006,LOC-010,WH-J-BIN-10,141.0kg,25,147.62,Apr 02 2026,,false
SKU-00151,Nitrile Gloves Box,CHEMICALS,SUP-053,LOC-013,WH-M-BIN-11,301.0kg,30,646.78,11/02/2026,,false
SKU-00152,,ELECTRONICS,SUP-009,LOC-011,WH-K-BIN-12,5.0kg,10,407.48,03/02/2026,,false
SKU-00153,Barcode Scanner,FOOD_DRY,SUP-135,LOC-012,WH-L-BIN-13,467.0 KG,0,649.81,22/03/2026,Jul 14 2027,false
SKU-00154,Fire Extinguisher 4kg,FOOD_COLD,SUP-112,LOC-014,WH-N-BIN-14,497.0kg,40,780.78,2026-02-15,2027-08-22,false
SKU-00156,Rubber Gasket Set,MACHINERY_PARTS,SUP-084,wh-a,WH-A-BIN-16,466.0kilogram,10,604.92,2026-06-03,,false
SKU-00157,Cable Tie Assorted,PPE,SUP-185,LOC-012,WH-L-BIN-17,269.0kg,30,761.15,09/05/2026,2027-01-23,false
SKU-00158,,CLEANING,SUP-098,LOC-008,WH-H-BIN-18,170.0kilogram,0,573.22,Mar 28 2026,,false
SKU-00159,Wooden Pallet Std,MEDICAL,SUP-185,wh_p,WH-P-BIN-19,329.0kilogram,30,121.30,2026-06-24,,false
SKU-00160,Steel Shelving Unit,RAW_MATERIALS,SUP-079,LOC-014,WH-N-BIN-20,484.0kilogram,0,605.45,2026-05-09,,false
SKU-00161,Hand Truck,CHEMICALS,SUP-061,LOC-008,WH-H-BIN-21,1.0,10,594.24,31/03/2026,Mar 04 2027,false
SKU-00163,Epoxy Resin 1L,FOOD_DRY,SUP-178,LOC-014,WH-N-BIN-23,144.0kg,30,717.90,Jul 03 2026,,false
SKU-00164,Chain Block 1T,FOOD_COLD,SUP-092,LOC-009,WH-I-BIN-24,465.0,,542.64,01/07/2026,,false
SKU-00165,Temperature Logger,PACKAGING,SUP-133,LOC-014,WH-N-BIN-25,1.0kilogram,25,7.10,2026-07-24,,false
SKU-00167,Welding Rod 3.2mm,PPE,SUP-176,LOC-020,WH-T-BIN-27,198.0kg,10,278.42,2026-03-07,,false
SKU-00168,Compressed Air Hose,CLEANING,SUP-150,LOC-008,WH-H-BIN-28,100.0,,206.40,2026-04-30,,false
SKU-00169,First Aid Refill,MEDICAL,SUP-087,LOC-014,WH-N-BIN-29,2.0kg,15,778.12,Feb 23 2026,,false
SKU-00171,Stretch Hood Film,CHEMICALS,SUP-049,LOC-003,WH-C-BIN-31,430.0,,525.45,07/04/2026,,false
SKU-00172,Load Cell 500kg,ELECTRONICS,SUP-051,LOC-020,WH-T-BIN-32,9.0kilogram,15,467.87,2026-03-02,09/04/2027,false
SKU-00173,Dock Bumpers Pair,FOOD_DRY,SUP-124,LOC-002,WH-B-BIN-33,198.0 KG,10,349.41,27/04/2026,,false
SKU-00174,,FOOD_COLD,SUP-004,WH-C,WH-C-BIN-34,240.0kg,,521.33,Jul 14 2026,Oct 26 2026,false
SKU-00175,Alha Wolf Pack,PACKAGING,SUP-133,whse e,WH-E-BIN-35,268.0,0,402.99,2026-07-02,,false
SKU-00176,,MACHINERY_PARTS,SUP-117,LOC-003,WH-C-BIN-36,117.0,0,463.17,2026-02-27,,false
SKU-00177,Humidity Sensor Probe,PPE,SUP-136,LOC-008,WH-H-BIN-37,55.0kilogram,15,711.55,Mar 20 2026,Apr 12 2027,false
SKU-00178,Pallet Strap Tool,CLEANING,SUP-155,WH-S,WH-S-BIN-38,317.0,0,405.24,31/05/2026,,false
SKU-00179,,MEDICAL,SUP-200,LOC-001,WH-A-BIN-39,115.0kg,40,61.62,Apr 30 2026,,false
SKU-00180,Wheel Chock Rubber,RAW_MATERIALS,SUP-083,whse b,WH-B-BIN-40,7.0kg,25,457.62,22/06/2026,,false
SKU-00181,Steel Bolt M8,CHEMICALS,SUP-014,LOC-014,WH-N-BIN-41,379.0,20,799.06,2026-03-07,,false
SKU-00182,Hydraulic Hose 2in,ELECTRONICS,SUP-157,LOC-009,WH-I-BIN-42,54.0kg,30,769.14,28/02/2026,,false
SKU-00183,Industrial Solvent 5L,FOOD_DRY,SUP-140,LOC-008,WH-H-BIN-43,239.0,0,57.37,13/06/2026,,false
SKU-00185,Safety Gloves L,PACKAGING,SUP-176,WH-B,WH-B-BIN-45,149.0kilogram,20,378.60,2026-05-05,,false
SKU-00187,Shrink Wrap Film Roll,PPE,SUP-058,whse e,WH-E-BIN-47,459.0,10,667.28,2026-04-21,,false
SKU-00188,Label Printer Ribbon,CLEANING,SUP-150,wh_a,WH-A-BIN-48,178.0 KG,40,289.85,Jul 06 2026,,false
SKU-00189,Dock Leveler Seal,MEDICAL,SUP-200,wh_e,WH-E-BIN-49,418.0kg,,44.00,20/04/2026,,false
SKU-00190,LED Warehouse Light,RAW_MATERIALS,SUP-097,LOC-012,WH-L-BIN-50,12.0kg,25,494.82,2026-03-22,Feb 24 2027,false
SKU-00191,,CHEMICALS,SUP-165,LOC-012,WH-L-BIN-51,376.0,20,431.19,Mar 05 2026,,true
SKU-00192,Pallet Jack Wheel,ELECTRONICS,SUP-147,LOC-016,WH-P-BIN-52,147.0 KG,40,248.09,2026-05-23,,false
SKU-00193,,FOOD_DRY,SUP-119,WH-H,WH-H-BIN-53,468.0,15,564.54,2026-05-08,,false
SKU-00194,Fire Extinguisher 4kg,FOOD_COLD,SUP-022,LOC-005,WH-E-BIN-54,424.0,40,742.50,22/04/2026,,false
SKU-00195,PVC Pipe 50mm,PACKAGING,SUP-152,WH-A,WH-A-BIN-55,42.0 KG,10,219.05,12/07/2026,,false
SKU-00196,Rubber Gasket Set,MACHINERY_PARTS,SUP-048,wh_j,WH-J-BIN-56,365.0kilogram,20,61.27,2026-02-19,Oct 20 2026,false
SKU-00197,Cable Tie Assorted,PPE,SUP-013,LOC-019,WH-S-BIN-57,243.0kilogram,15,108.66,2026-03-28,,false
SKU-00199,Wooden Pallet Std,MEDICAL,SUP-028,Warehouse R,WH-R-BIN-59,132.0,0,7.93,2026-03-15,,false
SKU-00200,Steel Shelving Unit,RAW_MATERIALS,SUP-026,LOC-008,WH-H-BIN-60,209.0,20,737.25,2026-07-27,30/05/2027,false
SKU-00202,Spill Kit 20L,ELECTRONICS,SUP-056,LOC-013,WH-M-BIN-62,120.0,0,212.89,2026-06-21,Apr 13 2027,false
SKU-00203,Epoxy Resin 1L,FOOD_DRY,SUP-107,LOC-012,WH-L-BIN-63,226.0 KG,20,315.36,Mar 16 2026,,false
SKU-00205,Temperature Logger,PACKAGING,SUP-142,LOC-011,WH-K-BIN-65,6.0kg,,461.46,May 02 2026,,false
SKU-00206,,MACHINERY_PARTS,SUP-140,wh_g,WH-G-BIN-66,187.0kg,,714.21,Jul 07 2026,,false
SKU-00207,,PPE,SUP-070,whse k,WH-K-BIN-67,370.0 KG,15,644.19,May 06 2026,,false
SKU-00208,Compressed Air Hose,CLEANING,SUP-139,LOC-015,WH-O-BIN-68,306.0kilogram,10,364.37,May 21 2026,,false
SKU-00209,First Aid Refill,MEDICAL,SUP-186,LOC-020,WH-T-BIN-69,429.0,10,416.65,Jul 01 2026,,false
SKU-00210,Racking Beam 2.4m,RAW_MATERIALS,SUP-172,whse l,WH-L-BIN-70,451.0kilogram,0,93.09,16/05/2026,,false
SKU-00211,Stretch Hood Film,CHEMICALS,SUP-110,LOC-009,WH-I-BIN-71,67.0 KG,,274.22,Jul 02 2026,,false
SKU-00212,Load Cell 500kg,ELECTRONICS,SUP-001,Warehouse B,WH-B-BIN-72,447.0kilogram,0,675.05,Apr 20 2026,,false
SKU-00213,Dock Bumpers Pair,FOOD_DRY,SUP-110,Warehouse M,WH-M-BIN-73,303.0,30,252.33,2026-05-06,,false
SKU-00215,Battery Charger 24V,PACKAGING,SUP-057,LOC-013,WH-M-BIN-75,496.0,,289.74,2026-02-22,,false
SKU-00216,Mesh Security Cage,MACHINERY_PARTS,SUP-159,LOC-012,WH-L-BIN-76,8.0kg,30,738.36,27/06/2026,,false
SKU-00217,Humidity Sensor Probe,PPE,SUP-144,LOC-008,WH-H-BIN-77,447.0kg,10,778.05,Mar 22 2026,Apr 06 2027,false
SKU-00219,Coolant Concentrate,MEDICAL,SUP-135,LOC-004,WH-D-BIN-79,25.0 KG,,439.84,Jun 01 2026,,false
SKU-00220,Wheel Chock Rubber,RAW_MATERIALS,SUP-056,WH-M,WH-M-BIN-80,191.0 KG,40,601.99,Jun 09 2026,Mar 09 2027,false
SKU-00221,Steel Bolt M8,CHEMICALS,SUP-169,wh-c,WH-C-BIN-01,62.0kg,20,277.72,Jul 01 2026,2026-12-08,false
SKU-00223,,FOOD_DRY,SUP-125,LOC-006,WH-F-BIN-03,168.0kilogram,30,366.08,05/03/2026,,false
SKU-00225,,PACKAGING,SUP-192,LOC-006,WH-F-BIN-05,136.0kg,,598.27,Mar 29 2026,,false
SKU-00226,,MACHINERY_PARTS,SUP-020,LOC-013,WH-M-BIN-06,377.0kg,30,130.06,Jun 17 2026,,false
SKU-00227,,PPE,SUP-134,LOC-012,WH-L-BIN-07,194.0kg,30,758.27,May 22 2026,,false
SKU-00228,Label Printer Ribbon,CLEANING,SUP-031,LOC-007,WH-G-BIN-08,344.0kilogram,15,545.82,Mar 26 2026,,false
SKU-00230,LED Warehouse Light,RAW_MATERIALS,SUP-115,LOC-017,WH-Q-BIN-10,248.0 KG,20,157.85,30/03/2026,,false
SKU-00232,Pallet Jack Wheel,ELECTRONICS,SUP-027,LOC-014,WH-N-BIN-12,269.0kilogram,,389.11,2026-03-06,,false
SKU-00233,Barcode Scanner,FOOD_DRY,SUP-099,Warehouse B,WH-B-BIN-13,279.0 KG,10,211.51,May 07 2026,,false
SKU-00234,,FOOD_COLD,SUP-023,LOC-004,WH-D-BIN-14,39.0,30,251.96,Mar 03 2026,,false
SKU-00235,PVC Pipe 50mm,PACKAGING,SUP-075,WH-E,WH-E-BIN-15,208.0 KG,,346.73,12/05/2026,,false
SKU-00236,Rubber Gasket Set,MACHINERY_PARTS,SUP-065,LOC-018,WH-R-BIN-16,54.0kg,10,71.53,2026-04-06,,false
SKU-00239,Wooden Pallet Std,MEDICAL,SUP-031,whse t,WH-T-BIN-19,176.0kilogram,,394.82,2026-05-02,,false
SKU-00240,Steel Shelving Unit,RAW_MATERIALS,SUP-006,wh-f,WH-F-BIN-20,439.0,,222.32,Feb 08 2026,,false
SKU-00241,Hand Truck,CHEMICALS,SUP-098,LOC-004,WH-D-BIN-21,172.0kilogram,40,380.28,12/06/2026,,false
SKU-00242,Spill Kit 20L,ELECTRONICS,SUP-070,LOC-017,WH-Q-BIN-22,390.0kilogram,10,504.17,2026-03-23,2026-10-05,false
SKU-00244,,FOOD_COLD,SUP-002,wh_t,WH-T-BIN-24,76.0kilogram,25,83.50,2026-05-15,,false
SKU-00245,Temperature Logger,PACKAGING,SUP-027,LOC-012,WH-L-BIN-25,318.0kilogram,20,686.01,Feb 14 2026,,false
SKU-00246,Anti-Slip Tape Roll,MACHINERY_PARTS,SUP-084,LOC-012,WH-L-BIN-26,16.0kg,30,308.16,2026-07-21,,false
SKU-00247,Welding Rod 3.2mm,PPE,SUP-045,LOC-015,WH-O-BIN-27,221.0 KG,30,41.59,May 26 2026,2027-05-21,false
SKU-00248,Compressed Air Hose,CLEANING,SUP-134,LOC-008,WH-H-BIN-28,27.0 KG,30,424.51,2026-04-02,,false
SKU-00249,First Aid Refill,MEDICAL,SUP-051,wh_f,WH-F-BIN-29,39.0kg,40,365.63,2026-07-26,,false
SKU-00251,Stretch Hood Film,CHEMICALS,SUP-071,LOC-013,WH-M-BIN-31,1.0kilogram,,303.37,2026-07-30,,true
SKU-00254,Floor Marking Paint,FOOD_COLD,SUP-131,LOC-002,WH-B-BIN-34,449.0 KG,10,24.76,Mar 26 2026,2026-09-26,false
SKU-00255,,PACKAGING,SUP-062,LOC-013,WH-M-BIN-35,91.0 KG,40,134.73,2026-03-25,,false
SKU-00256,,MACHINERY_PARTS,SUP-110,LOC-008,WH-H-BIN-36,458.0,30,167.62,2026-02-14,,false
SKU-00257,,PPE,SUP-012,LOC-013,WH-M-BIN-37,15.0,20,263.24,2026-06-24,15/12/2026,false
SKU-00258,Pallet Strap Tool,CLEANING,SUP-108,LOC-006,WH-F-BIN-38,442.0 KG,0,472.58,Jul 17 2026,,false
SKU-00260,Wheel Chock Rubber,RAW_MATERIALS,SUP-120,wh-s,WH-S-BIN-40,413.0,15,157.40,2026-02-12,,false
SKU-00261,Steel Bolt M8,CHEMICALS,SUP-158,LOC-012,WH-L-BIN-41,242.0 KG,30,507.50,Jul 15 2026,,false
SKU-00262,Hydraulic Hose 2in,ELECTRONICS,SUP-144,LOC-020,WH-T-BIN-42,381.0,30,706.22,01/02/2026,,false
SKU-00263,Industrial Solvent 5L,FOOD_DRY,SUP-023,wh_k,WH-K-BIN-43,355.0kilogram,20,234.19,2026-07-13,2027-03-16,false
SKU-00264,Forklift Battery 24V,FOOD_COLD,SUP-158,Warehouse T,WH-T-BIN-44,65.0 KG,0,337.07,Jul 18 2026,,false
SKU-00265,Safety Gloves L,PACKAGING,SUP-179,LOC-006,WH-F-BIN-45,493.0kg,20,343.56,Jul 20 2026,,false
SKU-00267,Shrink Wrap Film Roll,PPE,SUP-193,WH-R,WH-R-BIN-47,314.0,40,209.28,2026-04-29,23/05/2027,false
SKU-00268,Label Printer Ribbon,CLEANING,SUP-156,wh_o,WH-O-BIN-48,116.0 KG,30,739.19,May 15 2026,,false
SKU-00269,Dock Leveler Seal,MEDICAL,SUP-144,LOC-012,WH-L-BIN-49,3.0,30,224.43,28/03/2026,,false
SKU-00270,LED Warehouse Light,RAW_MATERIALS,SUP-046,LOC-011,WH-K-BIN-50,158.0kilogram,30,319.72,May 11 2026,,false
SKU-00271,Nitrile Gloves Box,CHEMICALS,SUP-042,LOC-004,WH-D-BIN-51,453.0 KG,,710.08,2026-02-09,,true
SKU-00272,Pallet Jack Wheel,ELECTRONICS,SUP-052,whse n,WH-N-BIN-52,116.0kg,30,278.95,Apr 05 2026,,false
SKU-00273,Barcode Scanner,FOOD_DRY,SUP-054,LOC-002,WH-B-BIN-53,3.0kilogram,10,197.82,Feb 16 2026,Oct 05 2026,false
SKU-00275,PVC Pipe 50mm,PACKAGING,SUP-054,wh_l,WH-L-BIN-55,417.0kg,40,60.81,2026-05-18,,false
SKU-00278,Dust Mask N95 Pack,CLEANING,SUP-194,whse k,WH-K-BIN-58,252.0kilogram,0,570.31,2026-06-01,,false
SKU-00279,Wooden Pallet Std,MEDICAL,SUP-109,Warehouse T,WH-T-BIN-59,122.0kilogram,,298.58,2026-05-18,15/11/2026,false
SKU-00280,,RAW_MATERIALS,SUP-010,LOC-007,WH-G-BIN-60,11.0,30,745.71,May 05 2026,,false
SKU-00282,Spill Kit 20L,ELECTRONICS,SUP-017,LOC-012,WH-L-BIN-62,120.0,25,305.06,25/07/2026,,false
SKU-00284,Chain Block 1T,FOOD_COLD,SUP-164,LOC-019,WH-S-BIN-64,434.0kg,30,777.75,2026-05-26,,false
SKU-00285,Temperature Logger,PACKAGING,SUP-027,LOC-016,WH-P-BIN-65,263.0 KG,20,86.11,2026-03-13,,false
SKU-00286,Anti-Slip Tape Roll,MACHINERY_PARTS,SUP-171,LOC-002,WH-B-BIN-66,39.0kg,10,131.54,04/07/2026,,false
SKU-00287,Welding Rod 3.2mm,PPE,SUP-054,LOC-005,WH-E-BIN-67,193.0kg,30,688.41,Apr 15 2026,2026-10-18,false
SKU-00289,First Aid Refill,MEDICAL,SUP-035,whse h,WH-H-BIN-69,98.0kilogram,15,80.78,Jun 28 2026,,false
SKU-00290,Racking Beam 2.4m,RAW_MATERIALS,SUP-105,LOC-006,WH-F-BIN-70,138.0kilogram,0,799.31,28/06/2026,,false
SKU-00291,,CHEMICALS,SUP-076,LOC-004,WH-D-BIN-71,183.0kg,20,270.19,Jul 21 2026,,true
SKU-00292,Load Cell 500kg,ELECTRONICS,SUP-159,WH-D,WH-D-BIN-72,270.0kg,25,441.26,22/07/2026,,false
SKU-00294,Floor Marking Paint,FOOD_COLD,SUP-164,LOC-004,WH-D-BIN-74,409.0kg,20,430.31,2026-06-13,Apr 03 2027,false
SKU-00296,Mesh Security Cage,MACHINERY_PARTS,SUP-049,LOC-013,WH-M-BIN-76,201.0kilogram,20,545.02,07/06/2026,,false
SKU-00297,Humidity Sensor Probe,PPE,SUP-184,whse g,WH-G-BIN-77,441.0,25,71.07,04/05/2026,,false
SKU-00298,Pallet Strap Tool,CLEANING,SUP-022,LOC-015,WH-O-BIN-78,252.0kg,30,81.96,2026-05-16,2027-06-06,false
SKU-00300,Wheel Chock Rubber,RAW_MATERIALS,SUP-117,LOC-005,WH-E-BIN-80,393.0kg,30,130.99,Apr 24 2026,,false
SKU-00301,Steel Bolt M8,CHEMICALS,SUP-047,wh-a,WH-A-BIN-01,188.0kg,15,467.46,27/07/2026,,false
SKU-00302,Hydraulic Hose 2in,ELECTRONICS,SUP-137,LOC-020,WH-T-BIN-02,280.0kg,,299.72,2026-03-29,2027-09-04,false
SKU-00303,Industrial Solvent 5L,FOOD_DRY,SUP-112,whse r,WH-R-BIN-03,500.0 KG,25,458.00,2026-03-08,,false
SKU-00304,Forklift Battery 24V,FOOD_COLD,SUP-171,LOC-007,WH-G-BIN-04,75.0kg,,100.42,20/02/2026,,false
SKU-00305,Safety Gloves L,PACKAGING,SUP-075,LOC-019,WH-S-BIN-05,438.0 KG,30,312.24,2026-06-16,,false
SKU-00306,Conveyor Belt Patch,MACHINERY_PARTS,SUP-169,WH-H,WH-H-BIN-06,326.0kg,10,232.68,Apr 29 2026,10/11/2026,false
SKU-00307,Shrink Wrap Film Roll,PPE,SUP-029,LOC-011,WH-K-BIN-07,454.0kilogram,25,318.37,Jun 05 2026,,false
SKU-00308,Label Printer Ribbon,CLEANING,SUP-054,LOC-015,WH-O-BIN-08,124.0kg,20,29.34,2026-03-23,,false
SKU-00309,Dock Leveler Seal,MEDICAL,SUP-155,LOC-019,WH-S-BIN-09,229.0kg,25,647.81,2026-03-16,,false
SKU-00310,LED Warehouse Light,RAW_MATERIALS,SUP-139,LOC-012,WH-L-BIN-10,401.0kg,0,130.93,2026-07-13,15/03/2027,false
SKU-00311,Nitrile Gloves Box,CHEMICALS,SUP-183,LOC-002,WH-B-BIN-11,375.0kilogram,40,604.11,May 13 2026,,false
SKU-00312,Pallet Jack Wheel,ELECTRONICS,SUP-119,WH-I,WH-I-BIN-12,422.0 KG,15,292.20,17/05/2026,,false
SKU-00313,Barcode Scanner,FOOD_DRY,SUP-021,LOC-007,WH-G-BIN-13,194.0kilogram,10,531.09,Jun 08 2026,,false
SKU-00314,Fire Extinguisher 4kg,FOOD_COLD,SUP-170,LOC-002,WH-B-BIN-14,93.0 KG,0,35.11,19/02/2026,,false
SKU-00315,PVC Pipe 50mm,PACKAGING,SUP-149,LOC-018,WH-R-BIN-15,189.0kilogram,0,487.11,07/05/2026,,false
SKU-00316,,MACHINERY_PARTS,SUP-077,LOC-017,WH-Q-BIN-16,150.0kilogram,15,454.76,06/05/2026,2027-01-11,false
SKU-00317,Cable Tie Assorted,PPE,SUP-190,LOC-006,WH-F-BIN-17,106.0kilogram,10,746.63,Apr 11 2026,,false
SKU-00318,Dust Mask N95 Pack,CLEANING,SUP-109,LOC-002,WH-B-BIN-18,349.0kg,15,716.51,Jul 03 2026,2027-07-15,false
SKU-00319,Wooden Pallet Std,MEDICAL,SUP-012,LOC-018,WH-R-BIN-19,37.0 KG,40,577.01,Feb 22 2026,,false
SKU-00321,Hand Truck,CHEMICALS,SUP-032,LOC-011,WH-K-BIN-21,174.0kilogram,0,287.90,Jul 15 2026,,false
SKU-00323,Epoxy Resin 1L,FOOD_DRY,SUP-181,Warehouse C,WH-C-BIN-23,365.0 KG,15,572.71,2026-02-27,,false
SKU-00324,Chain Block 1T,FOOD_COLD,SUP-057,whse m,WH-M-BIN-24,232.0 KG,0,139.06,16/04/2026,,false
SKU-00325,Temperature Logger,PACKAGING,SUP-116,Warehouse J,WH-J-BIN-25,183.0kilogram,15,560.09,Jun 15 2026,,false
SKU-00327,Welding Rod 3.2mm,PPE,SUP-154,Warehouse G,WH-G-BIN-27,19.0 KG,40,430.42,09/07/2026,Sep 12 2026,false
SKU-00328,Compressed Air Hose,CLEANING,SUP-073,Warehouse O,WH-O-BIN-28,342.0kilogram,,191.36,06/03/2026,,false
SKU-00329,First Aid Refill,MEDICAL,SUP-136,LOC-013,WH-M-BIN-29,192.0kilogram,40,403.49,Jun 15 2026,08/04/2027,false
SKU-00330,Racking Beam 2.4m,RAW_MATERIALS,SUP-146,LOC-001,WH-A-BIN-30,300.0,10,627.11,23/04/2026,Feb 03 2027,false
SKU-00331,Stretch Hood Film,CHEMICALS,SUP-032,wh-m,WH-M-BIN-31,18.0kilogram,20,3.28,Jul 28 2026,May 06 2027,false
SKU-00333,,FOOD_DRY,SUP-156,wh-a,WH-A-BIN-33,365.0 KG,25,549.66,2026-02-21,,false
SKU-00334,Floor Marking Paint,FOOD_COLD,SUP-020,LOC-003,WH-C-BIN-34,194.0kg,25,45.79,2026-02-09,12/04/2027,false
SKU-00335,Battery Charger 24V,PACKAGING,SUP-053,whse l,WH-L-BIN-35,275.0,15,43.04,2026-02-15,17/03/2027,false
SKU-00336,Mesh Security Cage,MACHINERY_PARTS,SUP-120,LOC-008,WH-H-BIN-36,265.0kg,0,145.70,2026-04-27,,false
SKU-00337,,PPE,SUP-120,LOC-007,WH-G-BIN-37,2.0kilogram,10,193.62,2026-07-24,,false
SKU-00338,Pallet Strap Tool,CLEANING,SUP-052,LOC-001,WH-A-BIN-38,115.0kg,0,307.47,Apr 15 2026,,false
SKU-00339,,MEDICAL,SUP-114,Warehouse I,WH-I-BIN-39,148.0kilogram,0,57.82,05/07/2026,2026-12-28,false
SKU-00340,Wheel Chock Rubber,RAW_MATERIALS,SUP-024,LOC-012,WH-L-BIN-40,232.0kilogram,30,789.56,Feb 03 2026,,false
SKU-00341,Steel Bolt M8,CHEMICALS,SUP-041,LOC-010,WH-J-BIN-41,231.0 KG,15,243.50,2026-06-06,Mar 06 2027,true
SKU-00342,Hydraulic Hose 2in,ELECTRONICS,SUP-008,LOC-020,WH-T-BIN-42,348.0kilogram,15,553.75,Jun 30 2026,,false
SKU-00343,,FOOD_DRY,SUP-020,LOC-008,WH-H-BIN-43,440.0,20,687.38,Apr 24 2026,,false
SKU-00344,,FOOD_COLD,SUP-128,LOC-014,WH-N-BIN-44,126.0,10,725.75,Jun 10 2026,,false
SKU-00345,Safety Gloves L,PACKAGING,SUP-022,LOC-011,WH-K-BIN-45,495.0kg,40,604.38,26/06/2026,2027-05-20,false
SKU-00346,Conveyor Belt Patch,MACHINERY_PARTS,SUP-036,wh_g,WH-G-BIN-46,371.0,20,528.64,2026-06-13,,false
SKU-00348,Label Printer Ribbon,CLEANING,SUP-146,LOC-020,WH-T-BIN-48,384.0 KG,15,285.52,Apr 09 2026,,false
SKU-00349,Dock Leveler Seal,MEDICAL,SUP-081,LOC-015,WH-O-BIN-49,142.0 KG,30,97.19,Feb 25 2026,2026-11-28,false
SKU-00351,Nitrile Gloves Box,CHEMICALS,SUP-076,LOC-013,WH-M-BIN-51,241.0kilogram,10,756.32,2026-02-16,Aug 19 2027,true
SKU-00352,Pallet Jack Wheel,ELECTRONICS,SUP-011,LOC-009,WH-I-BIN-52,177.0kilogram,15,165.09,06/04/2026,,false
SKU-00353,Barcode Scanner,FOOD_DRY,SUP-004,wh-k,WH-K-BIN-53,8.0,10,766.99,14/02/2026,,false
SKU-00354,,FOOD_COLD,SUP-147,LOC-009,WH-I-BIN-54,1.0,10,102.04,2026-02-26,,false
SKU-00355,PVC Pipe 50mm,PACKAGING,SUP-052,WH-M,WH-M-BIN-55,495.0,0,372.64,2026-06-21,,false
SKU-00356,Rubber Gasket Set,MACHINERY_PARTS,SUP-048,LOC-003,WH-C-BIN-56,227.0 KG,0,252.01,2026-05-19,,false
SKU-00358,Dust Mask N95 Pack,CLEANING,SUP-108,LOC-016,WH-P-BIN-58,351.0 KG,30,765.09,Mar 30 2026,,false
SKU-00360,Steel Shelving Unit,RAW_MATERIALS,SUP-162,LOC-016,WH-P-BIN-60,7.0 KG,16,553.35,Jun 08 2026,2026-10-14,false
SKU-00361,Hand Truck,CHEMICALS,SUP-034,LOC-008,WH-H-BIN-61,334.0kilogram,25,755.31,12/03/2026,,false
SKU-00362,,ELECTRONICS,SUP-116,LOC-004,WH-D-BIN-62,107.0 KG,10,689.04,2026-06-30,,false
SKU-00365,Temperature Logger,PACKAGING,SUP-155,LOC-010,WH-J-BIN-65,18.0,,247.94,2026-04-04,,false
SKU-00366,Anti-Slip Tape Roll,MACHINERY_PARTS,SUP-109,LOC-012,WH-L-BIN-66,232.0,,436.69,Mar 03 2026,,false
SKU-00370,Racking Beam 2.4m,RAW_MATERIALS,SUP-048,LOC-017,WH-Q-BIN-70,100.0kg,0,252.08,18/04/2026,,false
SKU-00371,Stretch Hood Film,CHEMICALS,SUP-079,LOC-003,WH-C-BIN-71,63.0 KG,0,305.53,Jul 13 2026,,false
SKU-00373,Dock Bumpers Pair,FOOD_DRY,SUP-159,whse f,WH-F-BIN-73,100.0 KG,15,362.53,27/02/2026,,false
SKU-00374,Floor Marking Paint,FOOD_COLD,SUP-141,LOC-002,WH-B-BIN-74,191.0 KG,30,13.92,16/07/2026,17/06/2027,false
SKU-00375,,PACKAGING,SUP-074,Warehouse H,WH-H-BIN-75,403.0,40,654.88,2026-07-12,,false
SKU-00376,Mesh Security Cage,MACHINERY_PARTS,SUP-048,whse c,WH-C-BIN-76,90.0 KG,10,112.90,Jun 01 2026,Jul 28 2027,false
SKU-00377,,PPE,SUP-161,Warehouse Q,WH-Q-BIN-77,205.0kilogram,0,562.38,06/07/2026,,false
SKU-00378,,CLEANING,SUP-152,LOC-005,WH-E-BIN-78,98.0kilogram,40,119.44,19/07/2026,16/11/2026,false
SKU-00379,Coolant Concentrate,MEDICAL,SUP-063,LOC-007,WH-G-BIN-79,396.0kg,20,433.67,08/02/2026,Jun 21 2027,false
SKU-00380,Wheel Chock Rubber,RAW_MATERIALS,SUP-018,LOC-012,WH-L-BIN-80,4.0kg,,793.52,Mar 03 2026,,false
SKU-00381,Steel Bolt M8,CHEMICALS,SUP-196,LOC-016,WH-P-BIN-01,260.0,,367.27,2026-06-20,03/08/2027,false
SKU-00382,Hydraulic Hose 2in,ELECTRONICS,SUP-100,LOC-015,WH-O-BIN-02,293.0 KG,25,508.58,16/05/2026,02/09/2026,false
SKU-00383,Industrial Solvent 5L,FOOD_DRY,SUP-034,LOC-006,WH-F-BIN-03,414.0 KG,30,678.58,2026-04-17,,false
SKU-00384,Forklift Battery 24V,FOOD_COLD,SUP-027,whse k,WH-K-BIN-04,150.0 KG,20,302.69,Apr 04 2026,,false
SKU-00385,Safety Gloves L,PACKAGING,SUP-051,LOC-009,WH-I-BIN-05,479.0 KG,10,306.94,14/07/2026,,false
SKU-00386,Conveyor Belt Patch,MACHINERY_PARTS,SUP-174,LOC-010,WH-J-BIN-06,452.0 KG,40,453.69,2026-02-20,,false
SKU-00388,Label Printer Ribbon,CLEANING,SUP-180,wh_q,WH-Q-BIN-08,19.0,25,52.24,Jul 28 2026,,false
SKU-00389,Dock Leveler Seal,MEDICAL,SUP-133,LOC-001,WH-A-BIN-09,141.0 KG,20,799.74,2026-07-09,,false
SKU-00390,LED Warehouse Light,RAW_MATERIALS,SUP-181,LOC-019,WH-S-BIN-10,79.0kg,30,351.54,Apr 16 2026,2027-07-20,false
SKU-00392,Pallet Jack Wheel,ELECTRONICS,SUP-161,LOC-001,WH-A-BIN-12,42.0kg,20,273.13,May 19 2026,,false
SKU-00393,,FOOD_DRY,SUP-062,LOC-010,WH-J-BIN-13,2.0kg,28,709.70,29/07/2026,11/06/2027,false
SKU-00394,Fire Extinguisher 4kg,FOOD_COLD,SUP-181,Warehouse E,WH-E-BIN-14,163.0kilogram,,610.23,Jul 02 2026,,false
SKU-00395,PVC Pipe 50mm,PACKAGING,SUP-023,LOC-014,WH-N-BIN-15,213.0kilogram,40,769.33,15/06/2026,,false
SKU-00396,Rubber Gasket Set,MACHINERY_PARTS,SUP-015,WH-I,WH-I-BIN-16,399.0kilogram,30,691.56,13/02/2026,,false
SKU-00397,,PPE,SUP-060,wh_n,WH-N-BIN-17,143.0kg,15,783.19,2026-05-10,06/09/2026,false
SKU-00399,Wooden Pallet Std,MEDICAL,SUP-020,whse j,WH-J-BIN-19,144.0kilogram,10,141.82,May 06 2026,,false
SKU-00400,Steel Shelving Unit,RAW_MATERIALS,SUP-069,LOC-020,WH-T-BIN-20,387.0kg,10,701.85,16/03/2026,,false
SKU-00401,Hand Truck,CHEMICALS,SUP-135,WH-G,WH-G-BIN-21,62.0kilogram,20,414.58,30/06/2026,2027-05-09,false
SKU-00402,Spill Kit 20L,ELECTRONICS,SUP-183,LOC-009,WH-I-BIN-22,230.0 KG,25,384.13,2026-06-12,,false
SKU-00404,Chain Block 1T,FOOD_COLD,SUP-016,LOC-020,WH-T-BIN-24,1.0 KG,15,519.81,2026-05-05,,false
SKU-00405,,PACKAGING,SUP-198,LOC-017,WH-Q-BIN-25,492.0,0,548.74,2026-07-05,,false
SKU-00406,Anti-Slip Tape Roll,MACHINERY_PARTS,SUP-095,LOC-018,WH-R-BIN-26,61.0kg,30,44.44,2026-05-18,,false
SKU-00407,Welding Rod 3.2mm,PPE,SUP-012,LOC-013,WH-M-BIN-27,117.0,15,712.22,18/02/2026,,false
SKU-00408,Compressed Air Hose,CLEANING,SUP-102,LOC-019,WH-S-BIN-28,103.0,30,769.55,2026-03-15,2027-01-15,false
SKU-00409,First Aid Refill,MEDICAL,SUP-036,wh-d,WH-D-BIN-29,144.0,40,320.49,Apr 24 2026,Oct 10 2026,false
SKU-00410,Racking Beam 2.4m,RAW_MATERIALS,SUP-013,LOC-013,WH-M-BIN-30,9.0 KG,15,371.60,18/02/2026,,false
SKU-00412,Load Cell 500kg,ELECTRONICS,SUP-120,WH-I,WH-I-BIN-32,414.0kg,,73.53,11/07/2026,,false
SKU-00413,Dock Bumpers Pair,FOOD_DRY,SUP-051,WH-T,WH-T-BIN-33,292.0,0,718.73,2026-07-19,,false
SKU-00414,Floor Marking Paint,FOOD_COLD,SUP-023,LOC-012,WH-L-BIN-34,351.0 KG,10,205.90,01/06/2026,,false
SKU-00417,Humidity Sensor Probe,PPE,SUP-133,LOC-006,WH-F-BIN-37,68.0kilogram,,558.40,2026-03-22,,false
SKU-00418,Pallet Strap Tool,CLEANING,SUP-080,LOC-006,WH-F-BIN-38,473.0,40,242.11,2026-06-01,,false
SKU-00419,Coolant Concentrate,MEDICAL,SUP-071,LOC-001,WH-A-BIN-39,171.0,0,454.53,2026-03-16,,false
SKU-00420,,RAW_MATERIALS,SUP-076,LOC-019,WH-S-BIN-40,427.0kg,15,241.66,26/07/2026,,false
SKU-00421,,CHEMICALS,SUP-024,LOC-001,WH-A-BIN-41,251.0kg,,289.04,2026-07-15,2027-01-18,true
SKU-00422,Hydraulic Hose 2in,ELECTRONICS,SUP-094,whse t,WH-T-BIN-42,1.0,,621.29,2026-04-22,Apr 13 2027,false
SKU-00423,Industrial Solvent 5L,FOOD_DRY,SUP-123,LOC-003,WH-C-BIN-43,218.0 KG,,579.22,Mar 10 2026,2027-08-15,false
SKU-00424,Forklift Battery 24V,FOOD_COLD,SUP-106,WH-I,WH-I-BIN-44,427.0kg,20,110.12,16/02/2026,,false
SKU-00425,Safety Gloves L,PACKAGING,SUP-154,LOC-001,WH-A-BIN-45,270.0 KG,30,735.07,Jul 12 2026,,false
SKU-00426,Conveyor Belt Patch,MACHINERY_PARTS,SUP-028,wh_q,WH-Q-BIN-46,219.0kilogram,30,182.61,20/05/2026,,false
SKU-00427,Shrink Wrap Film Roll,PPE,SUP-066,LOC-009,WH-I-BIN-47,187.0,10,399.77,03/04/2026,2027-02-04,false
SKU-00428,Label Printer Ribbon,CLEANING,SUP-022,LOC-006,WH-F-BIN-48,133.0kg,,158.43,18/04/2026,,false
SKU-00430,LED Warehouse Light,RAW_MATERIALS,SUP-020,Warehouse S,WH-S-BIN-50,23.0kilogram,,468.20,16/05/2026,,false
SKU-00431,Nitrile Gloves Box,CHEMICALS,SUP-123,LOC-004,WH-D-BIN-51,13.0,40,24.80,2026-04-09,15/07/2027,true
SKU-00432,,ELECTRONICS,SUP-109,LOC-013,WH-M-BIN-52,289.0kg,0,109.07,2026-02-02,2027-04-11,false
SKU-00433,Barcode Scanner,FOOD_DRY,SUP-093,LOC-018,WH-R-BIN-53,304.0,0,411.85,May 27 2026,,false
SKU-00434,,FOOD_COLD,SUP-079,Warehouse B,WH-B-BIN-54,40.0,25,555.68,2026-07-08,,false
SKU-00436,,MACHINERY_PARTS,SUP-100,LOC-011,WH-K-BIN-56,216.0kg,20,82.47,Apr 12 2026,,false
SKU-00437,Cable Tie Assorted,PPE,SUP-102,Warehouse K,WH-K-BIN-57,234.0kilogram,25,618.90,2026-07-02,,false
SKU-00438,Dust Mask N95 Pack,CLEANING,SUP-031,WH-C,WH-C-BIN-58,39.0kilogram,15,551.63,26/07/2026,24/05/2027,false
SKU-00439,,MEDICAL,SUP-161,LOC-011,WH-K-BIN-59,413.0kg,30,456.60,2026-03-27,,false
SKU-00440,Steel Shelving Unit,RAW_MATERIALS,SUP-048,wh_s,WH-S-BIN-60,472.0kg,0,697.38,Jun 25 2026,,false
SKU-00442,Spill Kit 20L,ELECTRONICS,SUP-021,LOC-014,WH-N-BIN-62,34.0,20,790.20,31/05/2026,,false
SKU-00443,Epoxy Resin 1L,FOOD_DRY,SUP-089,LOC-007,WH-G-BIN-63,442.0,0,517.20,2026-03-15,,false
SKU-00444,Chain Block 1T,FOOD_COLD,SUP-133,LOC-002,WH-B-BIN-64,53.0 KG,25,536.01,18/02/2026,,false
SKU-00445,Temperature Logger,PACKAGING,SUP-190,wh_q,WH-Q-BIN-65,5.0kg,15,130.52,2026-02-26,2026-11-12,false
SKU-00446,Anti-Slip Tape Roll,MACHINERY_PARTS,SUP-139,LOC-016,WH-P-BIN-66,4.0,20,4.67,May 30 2026,,false
SKU-00447,Welding Rod 3.2mm,PPE,SUP-150,LOC-008,WH-H-BIN-67,309.0kilogram,30,225.89,Jul 18 2026,06/09/2026,false
SKU-00449,First Aid Refill,MEDICAL,SUP-089,LOC-014,WH-N-BIN-69,178.0kg,30,525.75,2026-02-11,,false
SKU-00451,Stretch Hood Film,CHEMICALS,SUP-011,Warehouse J,WH-J-BIN-71,241.0 KG,20,361.18,27/03/2026,26/02/2027,true
SKU-00452,Load Cell 500kg,ELECTRONICS,SUP-012,LOC-020,WH-T-BIN-72,186.0 KG,,588.89,2026-03-08,2027-04-23,false
SKU-00453,Dock Bumpers Pair,FOOD_DRY,SUP-070,LOC-001,WH-A-BIN-73,118.0,25,610.63,02/07/2026,,false
SKU-00454,Floor Marking Paint,FOOD_COLD,SUP-196,LOC-017,WH-Q-BIN-74,413.0kg,15,425.44,2026-03-14,,false
SKU-00455,Battery Charger 24V,PACKAGING,SUP-098,LOC-007,WH-G-BIN-75,229.0 KG,15,65.46,2026-02-01,,false
SKU-00456,Mesh Security Cage,MACHINERY_PARTS,SUP-100,LOC-007,WH-G-BIN-76,363.0,,365.42,2026-04-04,,false
SKU-00457,Humidity Sensor Probe,PPE,SUP-048,LOC-011,WH-K-BIN-77,230.0kg,30,565.87,2026-02-08,,false
SKU-00458,Pallet Strap Tool,CLEANING,SUP-177,WH-F,WH-F-BIN-78,9.0 KG,,506.75,03/04/2026,,false
SKU-00459,Coolant Concentrate,MEDICAL,SUP-140,LOC-018,WH-R-BIN-79,65.0 KG,40,552.75,May 25 2026,,false
SKU-00460,Wheel Chock Rubber,RAW_MATERIALS,SUP-042,LOC-011,WH-K-BIN-80,247.0 KG,0,290.57,2026-03-16,,false
SKU-00461,Steel Bolt M8,CHEMICALS,SUP-087,LOC-016,WH-P-BIN-01,40.0 KG,20,674.39,Mar 16 2026,28/01/2027,true
SKU-00464,Forklift Battery 24V,FOOD_COLD,SUP-152,LOC-017,WH-Q-BIN-04,208.0 KG,40,92.09,Mar 05 2026,19/06/2027,false
SKU-00465,Safety Gloves L,PACKAGING,SUP-135,LOC-007,WH-G-BIN-05,51.0 KG,25,572.81,2026-05-15,,false
SKU-00466,Conveyor Belt Patch,MACHINERY_PARTS,SUP-006,LOC-006,WH-F-BIN-06,143.0kg,10,525.73,2026-03-15,,false
SKU-00467,Shrink Wrap Film Roll,PPE,SUP-055,LOC-010,WH-J-BIN-07,474.0 KG,30,611.88,Jul 11 2026,,false
SKU-00468,Label Printer Ribbon,CLEANING,SUP-005,whse j,WH-J-BIN-08,16.0kg,20,550.49,10/06/2026,,false
SKU-00469,Dock Leveler Seal,MEDICAL,SUP-113,LOC-012,WH-L-BIN-09,114.0,0,386.25,2026-06-02,,false
SKU-00470,LED Warehouse Light,RAW_MATERIALS,SUP-013,WH-H,WH-H-BIN-10,358.0kilogram,,621.70,12/05/2026,Feb 09 2027,false
SKU-00472,Pallet Jack Wheel,ELECTRONICS,SUP-073,LOC-017,WH-Q-BIN-12,482.0,0,668.41,Jul 20 2026,,false
SKU-00473,Barcode Scanner,FOOD_DRY,SUP-083,LOC-020,WH-T-BIN-13,327.0kg,20,390.77,Feb 10 2026,,false
SKU-00474,Fire Extinguisher 4kg,FOOD_COLD,SUP-015,whse g,WH-G-BIN-14,482.0 KG,0,459.17,Jul 11 2026,,false
SKU-00475,PVC Pipe 50mm,PACKAGING,SUP-157,wh_s,WH-S-BIN-15,494.0kilogram,40,675.24,2026-03-24,,false
SKU-00476,Rubber Gasket Set,MACHINERY_PARTS,SUP-102,WH-I,WH-I-BIN-16,1.0 KG,25,299.04,2026-07-07,,false
SKU-00477,Cable Tie Assorted,PPE,SUP-056,whse b,WH-B-BIN-17,450.0kg,40,132.07,2026-03-29,,false
SKU-00478,Dust Mask N95 Pack,CLEANING,SUP-035,LOC-013,WH-M-BIN-18,49.0 KG,10,476.88,Jun 24 2026,,false
SKU-00479,Wooden Pallet Std,MEDICAL,SUP-007,LOC-017,WH-Q-BIN-19,252.0kilogram,20,779.21,May 04 2026,,false
SKU-00480,Steel Shelving Unit,RAW_MATERIALS,SUP-006,wh_l,WH-L-BIN-20,5.0kg,10,60.81,2026-04-12,,false
SKU-00481,Hand Truck,CHEMICALS,SUP-175,LOC-013,WH-M-BIN-21,41.0,15,360.16,2026-06-20,,false
SKU-00482,Spill Kit 20L,ELECTRONICS,SUP-040,WH-N,WH-N-BIN-22,472.0 KG,0,92.66,2026-05-10,2026-11-21,false
SKU-00483,,FOOD_DRY,SUP-146,wh-r,WH-R-BIN-23,441.0kilogram,15,19.46,2026-06-11,23/08/2027,false
SKU-00484,Chain Block 1T,FOOD_COLD,SUP-008,LOC-015,WH-O-BIN-24,401.0kg,10,315.15,2026-07-23,,false
SKU-00485,,PACKAGING,SUP-048,wh_o,WH-O-BIN-25,363.0 KG,10,416.49,Feb 25 2026,19/01/2027,false
SKU-00486,Anti-Slip Tape Roll,MACHINERY_PARTS,SUP-199,LOC-007,WH-G-BIN-26,136.0kilogram,15,386.34,Apr 28 2026,,false
SKU-00487,,PPE,SUP-126,LOC-014,WH-N-BIN-27,333.0,25,311.60,Mar 13 2026,,false
SKU-00488,,CLEANING,SUP-053,whse k,WH-K-BIN-28,115.0 KG,0,236.24,19/05/2026,,false
SKU-00490,Racking Beam 2.4m,RAW_MATERIALS,SUP-155,LOC-018,WH-R-BIN-30,301.0kg,30,354.16,Mar 31 2026,,false
SKU-00491,Stretch Hood Film,CHEMICALS,SUP-112,LOC-010,WH-J-BIN-31,196.0kg,0,352.31,Apr 26 2026,,true
SKU-00492,Load Cell 500kg,ELECTRONICS,SUP-094,LOC-010,WH-J-BIN-32,417.0kg,,359.86,2026-05-30,Nov 08 2026,false
SKU-00493,Dock Bumpers Pair,FOOD_DRY,SUP-099,LOC-009,WH-I-BIN-33,21.0,30,448.48,29/04/2026,,false
SKU-00494,Floor Marking Paint,FOOD_COLD,SUP-103,LOC-003,WH-C-BIN-34,17.0 KG,20,708.13,08/05/2026,,false
SKU-00495,Battery Charger 24V,PACKAGING,SUP-023,wh_d,WH-D-BIN-35,259.0kg,30,209.15,2026-02-20,,false
SKU-00496,Mesh Security Cage,MACHINERY_PARTS,SUP-071,WH-C,WH-C-BIN-36,306.0,20,354.17,2026-04-08,,false
SKU-00497,Humidity Sensor Probe,PPE,SUP-200,LOC-014,WH-N-BIN-37,319.0,15,763.31,26/07/2026,,false
SKU-00498,Pallet Strap Tool,CLEANING,SUP-018,wh-g,WH-G-BIN-38,294.0 KG,30,799.63,Jun 15 2026,,false
SKU-00499,Coolant Concentrate,MEDICAL,SUP-125,LOC-016,WH-P-BIN-39,311.0,0,774.97,2026-04-17,,false
SKU-00001,Steel Bolt M8,CHEMICALS,SUP-172,WH-Q,WH-Q-BIN-41,244.0 KG,25,584.88,2026-06-16,,false
SKU-00002,Hydraulic Hose 2in,ELECTRONICS,SUP-176,LOC-011,WH-K-BIN-42,35.0kg,40,377.59,16/05/2026,,false
SKU-00003,Industrial Solvent 5L,FOOD_DRY,SUP-045,Warehouse M,WH-M-BIN-43,4.0 KG,,326.76,2026-07-07,,false
SKU-00005,Safety Gloves L,PACKAGING,SUP-082,LOC-013,WH-M-BIN-45,78.0,,70.54,2026-07-14,,false
SKU-00006,Conveyor Belt Patch,MACHINERY_PARTS,SUP-019,Warehouse J,WH-J-BIN-46,459.0kg,40,503.64,2026-03-24,,false
SKU-00007,Shrink Wrap Film Roll,PPE,SUP-160,LOC-016,WH-P-BIN-47,292.0kg,10,529.42,12/04/2026,,false
SKU-00009,Dock Leveler Seal,MEDICAL,SUP-112,LOC-009,WH-I-BIN-49,229.0kg,0,627.10,Jul 04 2026,,false
SKU-00010,LED Warehouse Light,RAW_MATERIALS,SUP-004,LOC-016,WH-P-BIN-50,412.0 KG,0,454.20,Feb 23 2026,,false
SKU-00011,Nitrile Gloves Box,CHEMICALS,SUP-119,WH-N,WH-N-BIN-51,74.0,,269.15,03/02/2026,,false
SKU-00012,Pallet Jack Wheel,ELECTRONICS,SUP-100,LOC-006,WH-F-BIN-52,59.0 KG,20,309.90,Apr 26 2026,,false
SKU-00013,,FOOD_DRY,SUP-040,LOC-011,WH-K-BIN-53,356.0 KG,,575.17,09/03/2026,,false
SKU-00014,Fire Extinguisher 4kg,FOOD_COLD,SUP-051,LOC-015,WH-O-BIN-54,78.0kg,20,752.67,14/06/2026,2026-09-01,false
SKU-00017,Cable Tie Assorted,PPE,SUP-168,wh-g,WH-G-BIN-57,3.0 KG,10,481.41,17/07/2026,2027-01-19,false
SKU-00018,,CLEANING,SUP-185,LOC-002,WH-B-BIN-58,293.0kg,0,779.06,May 11 2026,,false
SKU-00021,Hand Truck,CHEMICALS,SUP-064,LOC-016,WH-P-BIN-61,371.0,20,184.65,25/02/2026,2026-11-30,true
SKU-00022,Spill Kit 20L,ELECTRONICS,SUP-170,LOC-005,WH-E-BIN-62,53.0,40,194.35,Apr 22 2026,,false
SKU-00023,Epoxy Resin 1L,FOOD_DRY,SUP-186,LOC-019,WH-S-BIN-63,339.0,20,411.35,28/07/2026,,false
SKU-00024,Chain Block 1T,FOOD_COLD,SUP-070,wh_q,WH-Q-BIN-64,327.0 KG,25,166.64,Mar 05 2026,,false
SKU-00026,Anti-Slip Tape Roll,MACHINERY_PARTS,SUP-070,wh_q,WH-Q-BIN-66,191.0,0,380.40,2026-02-15,,false
SKU-00027,Welding Rod 3.2mm,PPE,SUP-120,LOC-007,WH-G-BIN-67,340.0,10,315.11,2026-02-24,,false
SKU-00028,Compressed Air Hose,CLEANING,SUP-071,LOC-017,WH-Q-BIN-68,308.0kilogram,20,25.23,2026-07-15,,false
SKU-00029,First Aid Refill,MEDICAL,SUP-103,LOC-013,WH-M-BIN-69,34.0,0,374.96,10/06/2026,,false
SKU-00030,Racking Beam 2.4m,RAW_MATERIALS,SUP-107,LOC-002,WH-B-BIN-70,492.0kilogram,,576.96,May 07 2026,,false
SKU-00032,Load Cell 500kg,ELECTRONICS,SUP-152,LOC-019,WH-S-BIN-72,275.0,30,607.80,2026-04-22,,false
SKU-00033,Dock Bumpers Pair,FOOD_DRY,SUP-022,wh-h,WH-H-BIN-73,392.0,15,113.55,2026-07-20,,false
SKU-00034,,FOOD_COLD,SUP-045,LOC-019,WH-S-BIN-74,176.0,25,662.11,Mar 02 2026,,false
SKU-00035,,PACKAGING,SUP-024,LOC-017,WH-Q-BIN-75,60.0kilogram,40,274.30,Jul 06 2026,06/10/2026,false
SKU-00036,Mesh Security Cage,MACHINERY_PARTS,SUP-166,LOC-005,WH-E-BIN-76,279.0 KG,40,224.55,May 08 2026,2027-05-17,false
SKU-00037,Humidity Sensor Probe,PPE,SUP-028,whse j,WH-J-BIN-77,218.0kg,,391.87,30/07/2026,25/12/2026,false
SKU-00038,Pallet Strap Tool,CLEANING,SUP-116,LOC-018,WH-R-BIN-78,263.0 KG,,601.22,08/06/2026,,false
SKU-00039,Coolant Concentrate,MEDICAL,SUP-041,LOC-006,WH-F-BIN-79,16.0kilogram,40,698.15,2026-03-22,,false
SKU-00040,,RAW_MATERIALS,SUP-062,LOC-010,WH-J-BIN-80,238.0,15,426.49,2026-04-13,,false
SKU-00041,,CHEMICALS,SUP-163,LOC-009,WH-I-BIN-01,59.0 KG,,791.39,2026-06-25,,true
SKU-00043,Industrial Solvent 5L,FOOD_DRY,SUP-066,wh-l,WH-L-BIN-03,248.0,15,385.92,2026-07-16,,false
SKU-00044,Forklift Battery 24V,FOOD_COLD,SUP-141,LOC-012,WH-L-BIN-04,295.0kilogram,20,708.59,May 20 2026,,false
SKU-00045,Safety Gloves L,PACKAGING,SUP-155,LOC-011,WH-K-BIN-05,234.0kg,30,76.35,26/06/2026,13/12/2026,false
SKU-00046,Conveyor Belt Patch,MACHINERY_PARTS,SUP-039,LOC-003,WH-C-BIN-06,207.0kg,20,416.72,Feb 23 2026,,false
SKU-00047,Shrink Wrap Film Roll,PPE,SUP-177,LOC-006,WH-F-BIN-07,30.0,15,103.83,2026-05-07,2026-10-25,false
SKU-00048,Label Printer Ribbon,CLEANING,SUP-006,whse o,WH-O-BIN-08,231.0kilogram,40,665.63,08/02/2026,May 12 2027,false
SKU-00049,Dock Leveler Seal,MEDICAL,SUP-077,LOC-006,WH-F-BIN-09,479.0kg,20,589.43,2026-04-01,,false
SKU-00051,,CHEMICALS,SUP-113,whse t,WH-T-BIN-11,72.0,10,795.99,Mar 18 2026,Aug 20 2027,false
SKU-00052,Pallet Jack Wheel,ELECTRONICS,SUP-030,Warehouse G,WH-G-BIN-12,41.0 KG,40,255.20,12/04/2026,28/01/2027,false
SKU-00053,Barcode Scanner,FOOD_DRY,SUP-147,whse h,WH-H-BIN-13,238.0 KG,20,172.55,05/07/2026,,false
SKU-00054,Fire Extinguisher 4kg,FOOD_COLD,SUP-147,LOC-001,WH-A-BIN-14,118.0kilogram,10,403.73,31/03/2026,,false
SKU-00055,PVC Pipe 50mm,PACKAGING,SUP-097,wh-e,WH-E-BIN-15,368.0,15,281.28,Jun 13 2026,,false
SKU-00056,Rubber Gasket Set,MACHINERY_PARTS,SUP-163,LOC-016,WH-P-BIN-16,330.0 KG,10,90.13,2026-07-29,,false
SKU-00057,Cable Tie Assorted,PPE,SUP-061,LOC-006,WH-F-BIN-17,419.0kilogram,30,763.60,2026-03-12,May 21 2027,false
SKU-00058,Dust Mask N95 Pack,CLEANING,SUP-126,LOC-001,WH-A-BIN-18,242.0,,456.15,2026-03-26,,false
SKU-00059,,MEDICAL,SUP-097,whse b,WH-B-BIN-19,339.0kg,40,497.16,Feb 06 2026,,false
SKU-00061,Hand Truck,CHEMICALS,SUP-170,LOC-013,WH-M-BIN-21,438.0,40,796.03,May 30 2026,,true
SKU-00062,Spill Kit 20L,ELECTRONICS,SUP-049,LOC-005,WH-E-BIN-22,190.0kg,30,689.91,2026-03-22,08/10/2026,false
SKU-00064,Chain Block 1T,FOOD_COLD,SUP-002,LOC-002,WH-B-BIN-24,295.0 KG,10,288.44,27/06/2026,Sep 27 2026,false
SKU-00065,Temperature Logger,PACKAGING,SUP-011,LOC-006,WH-F-BIN-25,320.0 KG,30,308.02,18/07/2026,,false
SKU-00066,Anti-Slip Tape Roll,MACHINERY_PARTS,SUP-147,LOC-017,WH-Q-BIN-26,35.0 KG,30,679.73,01/07/2026,,false
SKU-00067,Welding Rod 3.2mm,PPE,SUP-024,LOC-001,WH-A-BIN-27,260.0kg,20,373.70,01/05/2026,,false
SKU-00068,Compressed Air Hose,CLEANING,SUP-158,LOC-019,WH-S-BIN-28,71.0kilogram,40,154.78,Jul 19 2026,,false
SKU-00069,,MEDICAL,SUP-108,LOC-013,WH-M-BIN-29,49.0,20,504.41,2026-03-24,,false
SKU-00070,Racking Beam 2.4m,RAW_MATERIALS,SUP-119,Warehouse L,WH-L-BIN-30,239.0 KG,40,98.65,Jul 25 2026,2026-12-08,false
SKU-00071,Stretch Hood Film,CHEMICALS,SUP-090,LOC-008,WH-H-BIN-31,98.0kilogram,10,273.54,21/04/2026,,false
SKU-00072,Load Cell 500kg,ELECTRONICS,SUP-033,LOC-007,WH-G-BIN-32,257.0kilogram,40,746.67,2026-02-03,,false
SKU-00073,Dock Bumpers Pair,FOOD_DRY,SUP-040,LOC-012,WH-L-BIN-33,484.0,0,72.24,12/04/2026,,false
SKU-00074,Floor Marking Paint,FOOD_COLD,SUP-066,WH-T,WH-T-BIN-34,412.0 KG,0,252.54,May 15 2026,,false
SKU-00075,Battery Charger 24V,PACKAGING,SUP-138,WH-M,WH-M-BIN-35,213.0 KG,25,746.03,26/05/2026,,false
SKU-00076,Mesh Security Cage,MACHINERY_PARTS,SUP-158,LOC-014,WH-N-BIN-36,500.0kg,0,572.00,13/05/2026,2026-11-22,false
SKU-00078,Pallet Strap Tool,CLEANING,SUP-004,wh_a,WH-A-BIN-38,377.0,0,211.95,2026-04-07,2027-04-14,false
SKU-00079,Coolant Concentrate,MEDICAL,SUP-070,Warehouse Q,WH-Q-BIN-39,16.0kg,,154.00,14/06/2026,Nov 29 2026,false
SKU-00080,Wheel Chock Rubber,RAW_MATERIALS,SUP-084,wh_e,WH-E-BIN-40,390.0,0,548.72,2026-02-04,,false
SKU-00082,Hydraulic Hose 2in,ELECTRONICS,SUP-110,LOC-016,WH-P-BIN-42,414.0kilogram,0,514.47,2026-06-24,,false
SKU-00083,Industrial Solvent 5L,FOOD_DRY,SUP-185,LOC-007,WH-G-BIN-43,157.0,15,96.65,26/03/2026,2027-01-18,false
SKU-00084,Forklift Battery 24V,FOOD_COLD,SUP-095,LOC-013,WH-M-BIN-44,295.0 KG,25,350.80,2026-07-20,,false
SKU-00086,Conveyor Belt Patch,MACHINERY_PARTS,SUP-090,wh_a,WH-A-BIN-46,64.0kilogram,30,306.21,2026-02-16,,false
SKU-00089,Dock Leveler Seal,MEDICAL,SUP-160,LOC-008,WH-H-BIN-49,340.0,15,407.55,2026-03-05,,false
SKU-00090,LED Warehouse Light,RAW_MATERIALS,SUP-074,LOC-003,WH-C-BIN-50,85.0kilogram,10,540.73,2026-06-03,,false
SKU-00092,Pallet Jack Wheel,ELECTRONICS,SUP-163,LOC-012,WH-L-BIN-52,366.0kg,,403.69,2026-04-27,,false
SKU-00093,Barcode Scanner,FOOD_DRY,SUP-198,wh_p,WH-P-BIN-53,255.0kg,,171.17,22/03/2026,,false
SKU-00094,Fire Extinguisher 4kg,FOOD_COLD,SUP-189,WH-H,WH-H-BIN-54,302.0 KG,40,532.91,2026-03-15,Sep 26 2026,false
SKU-00095,PVC Pipe 50mm,PACKAGING,SUP-071,LOC-009,WH-I-BIN-55,218.0kilogram,20,15.19,Feb 10 2026,,false
SKU-00096,Rubber Gasket Set,MACHINERY_PARTS,SUP-162,wh_g,WH-G-BIN-56,64.0,30,790.41,07/02/2026,,false
SKU-00097,Cable Tie Assorted,PPE,SUP-028,wh_j,WH-J-BIN-57,178.0,30,592.40,09/05/2026,2027-03-24,false
SKU-00098,Dust Mask N95 Pack,CLEANING,SUP-012,LOC-015,WH-O-BIN-58,260.0,10,769.18,May 28 2026,,false
SKU-00099,Wooden Pallet Std,MEDICAL,SUP-125,LOC-008,WH-H-BIN-59,28.0kg,40,322.50,03/05/2026,,false
SKU-00101,Hand Truck,CHEMICALS,SUP-125,LOC-019,WH-S-BIN-61,114.0,10,32.38,Jun 21 2026,17/07/2027,false
SKU-00102,,ELECTRONICS,SUP-166,whse f,WH-F-BIN-62,266.0 KG,40,620.12,Feb 27 2026,,false
SKU-00103,Epoxy Resin 1L,FOOD_DRY,SUP-181,LOC-020,WH-T-BIN-63,23.0 KG,30,405.34,Feb 23 2026,2026-10-28,false
SKU-00104,Chain Block 1T,FOOD_COLD,SUP-003,LOC-013,WH-M-BIN-64,204.0kg,30,82.06,10/03/2026,,false
SKU-00105,Temperature Logger,PACKAGING,SUP-141,whse f,WH-F-BIN-65,86.0kg,30,789.63,May 11 2026,,false
SKU-00106,Anti-Slip Tape Roll,MACHINERY_PARTS,SUP-111,LOC-017,WH-Q-BIN-66,132.0kilogram,20,19.84,2026-03-26,,false
SKU-00107,,PPE,SUP-058,LOC-011,WH-K-BIN-67,373.0kilogram,15,463.45,26/06/2026,11/01/2027,false
SKU-00108,Compressed Air Hose,CLEANING,SUP-162,LOC-017,WH-Q-BIN-68,228.0,30,324.62,2026-02-12,16/08/2027,false
SKU-00109,First Aid Refill,MEDICAL,SUP-082,LOC-016,WH-P-BIN-69,222.0kg,40,528.35,2026-03-01,2027-02-08,false
SKU-00111,Stretch Hood Film,CHEMICALS,SUP-045,wh_f,WH-F-BIN-71,233.0,10,712.91,Mar 06 2026,,false
SKU-00112,Load Cell 500kg,ELECTRONICS,SUP-199,Warehouse K,WH-K-BIN-72,290.0kilogram,,640.21,May 02 2026,2026-12-09,false
SKU-00114,Floor Marking Paint,FOOD_COLD,SUP-199,whse r,WH-R-BIN-74,208.0 KG,25,198.00,17/05/2026,,false
SKU-00115,Battery Charger 24V,PACKAGING,SUP-025,LOC-020,WH-T-BIN-75,458.0kg,40,279.69,01/06/2026,,false
SKU-00116,,MACHINERY_PARTS,SUP-143,wh_j,WH-J-BIN-76,142.0,30,667.37,2026-06-13,,false
SKU-00118,Pallet Strap Tool,CLEANING,SUP-116,LOC-006,WH-F-BIN-78,434.0kg,,405.85,07/06/2026,,false
SKU-00119,Coolant Concentrate,MEDICAL,SUP-013,LOC-010,WH-J-BIN-79,318.0 KG,25,151.95,Mar 24 2026,,false
SKU-00120,Wheel Chock Rubber,RAW_MATERIALS,SUP-143,Warehouse C,WH-C-BIN-80,217.0 KG,10,362.63,2026-07-06,2027-05-08,false
SKU-00122,Hydraulic Hose 2in,ELECTRONICS,SUP-073,Warehouse H,WH-H-BIN-02,8.0kilogram,10,350.53,2026-03-25,,false
SKU-00123,Industrial Solvent 5L,FOOD_DRY,SUP-082,Warehouse J,WH-J-BIN-03,407.0kilogram,25,491.45,Mar 24 2026,16/07/2027,false
SKU-00124,Forklift Battery 24V,FOOD_COLD,SUP-164,LOC-009,WH-I-BIN-04,2.0kilogram,30,701.43,2026-07-07,2026-09-06,false
SKU-00125,Safety Gloves L,PACKAGING,SUP-062,LOC-008,WH-H-BIN-05,446.0 KG,10,577.71,21/05/2026,,false
SKU-00126,,MACHINERY_PARTS,SUP-151,whse r,WH-R-BIN-06,150.0kilogram,,668.06,Feb 16 2026,Jan 03 2027,false
SKU-00127,Shrink Wrap Film Roll,PPE,SUP-042,Warehouse S,WH-S-BIN-07,201.0kg,10,581.80,Jul 11 2026,,false
SKU-00128,Label Printer Ribbon,CLEANING,SUP-039,LOC-019,WH-S-BIN-08,413.0,25,201.34,07/04/2026,24/01/2027,false
SKU-00129,,MEDICAL,SUP-074,Warehouse N,WH-N-BIN-09,10.0 KG,20,459.58,Jul 05 2026,,false
SKU-00130,LED Warehouse Light,RAW_MATERIALS,SUP-177,WH-L,WH-L-BIN-10,299.0kg,40,755.32,2026-02-22,2027-03-21,false
SKU-00131,,CHEMICALS,SUP-080,LOC-015,WH-O-BIN-11,21.0,25,85.21,21/03/2026,,false
SKU-00132,Pallet Jack Wheel,ELECTRONICS,SUP-155,LOC-004,WH-D-BIN-12,377.0 KG,15,692.83,2026-06-03,,false
SKU-00134,Fire Extinguisher 4kg,FOOD_COLD,SUP-191,whse e,WH-E-BIN-14,197.0kilogram,25,428.68,Mar 04 2026,,false
SKU-00135,,PACKAGING,SUP-140,WH-M,WH-M-BIN-15,89.0kg,10,494.34,30/06/2026,,false
SKU-00136,Rubber Gasket Set,MACHINERY_PARTS,SUP-187,WH-M,WH-M-BIN-16,313.0kilogram,0,698.10,Apr 04 2026,,false
SKU-00137,Cable Tie Assorted,PPE,SUP-173,wh-o,WH-O-BIN-17,365.0kg,,340.61,Apr 25 2026,,false
SKU-00138,Dust Mask N95 Pack,CLEANING,SUP-117,LOC-012,WH-L-BIN-18,171.0kilogram,0,587.20,2026-04-26,,false
SKU-00139,Wooden Pallet Std,MEDICAL,SUP-116,Warehouse T,WH-T-BIN-19,359.0 KG,25,727.90,2026-03-27,,false
SKU-00140,Steel Shelving Unit,RAW_MATERIALS,SUP-124,LOC-014,WH-N-BIN-20,374.0 KG,15,406.56,Jul 20 2026,,false
SKU-00141,Hand Truck,CHEMICALS,SUP-082,LOC-015,WH-O-BIN-21,394.0 KG,10,155.33,May 28 2026,,false
SKU-00142,Spill Kit 20L,ELECTRONICS,SUP-058,wh-h,WH-H-BIN-22,142.0kg,30,553.59,2026-02-10,,false
SKU-00143,Epoxy Resin 1L,FOOD_DRY,SUP-112,LOC-006,WH-F-BIN-23,307.0 KG,25,360.14,07/04/2026,,false
SKU-00145,Temperature Logger,PACKAGING,SUP-095,wh_r,WH-R-BIN-25,450.0kg,20,604.71,21/06/2026,,false
SKU-00146,Anti-Slip Tape Roll,MACHINERY_PARTS,SUP-118,LOC-003,WH-C-BIN-26,4.0kg,15,412.14,2026-04-09,Feb 16 2027,false
SKU-00147,Welding Rod 3.2mm,PPE,SUP-150,Warehouse R,WH-R-BIN-27,429.0 KG,15,14.01,18/06/2026,,false
SKU-00148,Compressed Air Hose,CLEANING,SUP-151,LOC-006,WH-F-BIN-28,438.0,40,696.77,2026-03-25,,false
SKU-00149,First Aid Refill,MEDICAL,SUP-159,LOC-013,WH-M-BIN-29,131.0,0,430.91,Mar 25 2026,2027-05-24,false
SKU-00150,,RAW_MATERIALS,SUP-113,wh_b,WH-B-BIN-30,394.0kilogram,30,538.50,28/07/2026,20/08/2027,false
SKU-00151,Stretch Hood Film,CHEMICALS,SUP-033,Warehouse N,WH-N-BIN-31,370.0,15,181.43,13/05/2026,Jan 21 2027,true
SKU-00152,Load Cell 500kg,ELECTRONICS,SUP-145,LOC-003,WH-C-BIN-32,271.0,0,680.35,2026-07-30,,false
SKU-00153,,FOOD_DRY,SUP-074,wh_r,WH-R-BIN-33,400.0kg,30,353.00,20/06/2026,Aug 25 2027,false
SKU-00154,Floor Marking Paint,FOOD_COLD,SUP-157,wh-j,WH-J-BIN-34,343.0kilogram,,193.21,09/06/2026,,false
SKU-00155,Battery Charger 24V,PACKAGING,SUP-096,LOC-014,WH-N-BIN-35,423.0,0,686.95,23/02/2026,,false
SKU-00156,Mesh Security Cage,MACHINERY_PARTS,SUP-027,LOC-009,WH-I-BIN-36,497.0kg,25,555.90,2026-04-21,,false
SKU-00157,Humidity Sensor Probe,PPE,SUP-046,whse o,WH-O-BIN-37,25.0,20,448.60,2026-03-26,,false
SKU-00158,,CLEANING,SUP-022,whse b,WH-B-BIN-38,146.0,40,340.23,Jul 15 2026,Mar 21 2027,false
SKU-00159,Coolant Concentrate,MEDICAL,SUP-174,Warehouse C,WH-C-BIN-39,337.0 KG,0,96.78,Jul 02 2026,25/04/2027,false
SKU-00160,Wheel Chock Rubber,RAW_MATERIALS,SUP-069,wh_a,WH-A-BIN-40,190.0 KG,0,458.67,27/02/2026,,false
SKU-00161,,CHEMICALS,SUP-184,WH-F,WH-F-BIN-41,263.0 KG,10,693.40,Mar 12 2026,,false
SKU-00162,Hydraulic Hose 2in,ELECTRONICS,SUP-039,LOC-001,WH-A-BIN-42,60.0 KG,15,319.28,2026-05-11,,false
SKU-00163,,FOOD_DRY,SUP-049,LOC-002,WH-B-BIN-43,3.0,,237.70,29/03/2026,,false
SKU-00164,Forklift Battery 24V,FOOD_COLD,SUP-023,wh-i,WH-I-BIN-44,228.0kg,20,241.43,2026-07-09,,false
SKU-00165,Safety Gloves L,PACKAGING,SUP-064,LOC-006,WH-F-BIN-45,125.0 KG,0,273.53,02/03/2026,,false
SKU-00166,Conveyor Belt Patch,MACHINERY_PARTS,SUP-107,whse c,WH-C-BIN-46,406.0kg,0,496.52,May 02 2026,,false
SKU-00167,Shrink Wrap Film Roll,PPE,SUP-104,LOC-014,WH-N-BIN-47,32.0 KG,15,187.69,16/04/2026,,false
SKU-00168,Label Printer Ribbon,CLEANING,SUP-131,LOC-010,WH-J-BIN-48,15.0kg,25,211.00,08/05/2026,,false
SKU-00169,Dock Leveler Seal,MEDICAL,SUP-082,wh_f,WH-F-BIN-49,353.0kilogram,0,71.93,2026-04-28,Jun 16 2027,false
SKU-00170,LED Warehouse Light,RAW_MATERIALS,SUP-102,LOC-008,WH-H-BIN-50,13.0,,491.44,20/02/2026,,false
SKU-00171,Nitrile Gloves Box,CHEMICALS,SUP-125,wh_p,WH-P-BIN-51,28.0,30,248.53,2026-05-04,2026-10-02,true
SKU-00172,Pallet Jack Wheel,ELECTRONICS,SUP-141,LOC-009,WH-I-BIN-52,160.0,25,174.43,24/07/2026,Feb 07 2027,false
SKU-00173,,FOOD_DRY,SUP-005,LOC-019,WH-S-BIN-53,155.0kg,40,606.00,19/03/2026,,false
SKU-00174,Fire Extinguisher 4kg,FOOD_COLD,SUP-011,LOC-009,WH-I-BIN-54,500.0 KG,25,207.48,Apr 18 2026,2027-08-29,false
SKU-00175,Alha Wolf Pack,PACKAGING,SUP-026,LOC-012,WH-L-BIN-55,482.0kg,,70.47,2026-07-22,20/04/2027,false
SKU-00176,Rubber Gasket Set,MACHINERY_PARTS,SUP-159,WH-J,WH-J-BIN-56,12.0kg,40,762.96,2026-05-20,,false
SKU-00177,Cable Tie Assorted,PPE,SUP-133,LOC-008,WH-H-BIN-57,407.0,20,449.61,2026-03-05,Jul 08 2027,false
SKU-00178,,CLEANING,SUP-166,LOC-006,WH-F-BIN-58,2.0 KG,10,687.34,May 30 2026,,false
SKU-00179,,MEDICAL,SUP-174,Warehouse S,WH-S-BIN-59,97.0kilogram,40,640.97,28/06/2026,,false
SKU-00181,Hand Truck,CHEMICALS,SUP-035,WH-H,WH-H-BIN-61,302.0 KG,0,392.70,Jun 30 2026,,true
SKU-00182,Spill Kit 20L,ELECTRONICS,SUP-044,LOC-020,WH-T-BIN-62,170.0 KG,40,113.72,2026-06-06,,false
SKU-00183,Epoxy Resin 1L,FOOD_DRY,SUP-007,LOC-001,WH-A-BIN-63,108.0kg,25,729.32,13/02/2026,Dec 16 2026,false
SKU-00184,,FOOD_COLD,SUP-044,LOC-020,WH-T-BIN-64,16.0kg,,395.86,2026-04-19,,false
SKU-00185,Temperature Logger,PACKAGING,SUP-175,wh-d,WH-D-BIN-65,313.0kilogram,40,648.17,Jul 06 2026,,false
SKU-00187,Welding Rod 3.2mm,PPE,SUP-039,LOC-020,WH-T-BIN-67,136.0 KG,15,452.87,May 28 2026,,false
SKU-00188,Compressed Air Hose,CLEANING,SUP-093,LOC-007,WH-G-BIN-68,62.0kg,15,135.72,13/03/2026,2027-04-08,false
SKU-00189,First Aid Refill,MEDICAL,SUP-185,whse o,WH-O-BIN-69,387.0kg,15,663.52,25/07/2026,,false
SKU-00190,Racking Beam 2.4m,RAW_MATERIALS,SUP-184,LOC-009,WH-I-BIN-70,34.0kg,40,532.77,Jul 07 2026,15/04/2027,false
SKU-00191,Stretch Hood Film,CHEMICALS,SUP-141,LOC-014,WH-N-BIN-71,292.0kg,15,63.86,Feb 14 2026,,true
SKU-00192,Load Cell 500kg,ELECTRONICS,SUP-099,LOC-010,WH-J-BIN-72,102.0kg,30,301.56,27/02/2026,Dec 07 2026,false
SKU-00193,Dock Bumpers Pair,FOOD_DRY,SUP-002,LOC-016,WH-P-BIN-73,287.0 KG,15,515.80,02/02/2026,,false
SKU-00194,Floor Marking Paint,FOOD_COLD,SUP-060,LOC-015,WH-O-BIN-74,386.0,15,766.49,2026-05-27,,false
SKU-00195,Battery Charger 24V,PACKAGING,SUP-111,whse f,WH-F-BIN-75,251.0kilogram,15,173.44,Mar 21 2026,,false
SKU-00196,Mesh Security Cage,MACHINERY_PARTS,SUP-041,wh_c,WH-C-BIN-76,11.0kilogram,20,747.22,28/03/2026,,false
SKU-00198,Pallet Strap Tool,CLEANING,SUP-089,wh_p,WH-P-BIN-78,23.0kilogram,30,557.88,2026-04-08,,false
SKU-00199,Coolant Concentrate,MEDICAL,SUP-080,whse n,WH-N-BIN-79,159.0kg,15,469.80,Feb 10 2026,21/04/2027,false
SKU-00200,Wheel Chock Rubber,RAW_MATERIALS,SUP-099,wh_b,WH-B-BIN-80,184.0 KG,,142.92,May 28 2026,,false
SKU-00201,Steel Bolt M8,CHEMICALS,SUP-069,LOC-005,WH-E-BIN-01,447.0kilogram,20,187.09,26/04/2026,,true
SKU-00203,Industrial Solvent 5L,FOOD_DRY,SUP-002,LOC-011,WH-K-BIN-03,301.0kilogram,0,483.73,Mar 29 2026,,false
SKU-00204,Forklift Battery 24V,FOOD_COLD,SUP-068,WH-K,WH-K-BIN-04,89.0 KG,25,595.62,09/02/2026,,false
SKU-00205,Safety Gloves L,PACKAGING,SUP-008,whse o,WH-O-BIN-05,236.0kg,25,2.42,Apr 12 2026,,false
SKU-00207,,PPE,SUP-077,LOC-001,WH-A-BIN-07,357.0,15,208.72,2026-05-18,,false
SKU-00208,Label Printer Ribbon,CLEANING,SUP-122,LOC-018,WH-R-BIN-08,164.0,15,105.19,2026-07-01,,false
SKU-00209,Dock Leveler Seal,MEDICAL,SUP-045,LOC-012,WH-L-BIN-09,466.0,30,191.66,2026-05-09,,false
SKU-00210,LED Warehouse Light,RAW_MATERIALS,SUP-141,LOC-014,WH-N-BIN-10,9.0,15,407.95,2026-07-25,,false
SKU-00211,Nitrile Gloves Box,CHEMICALS,SUP-165,LOC-016,WH-P-BIN-11,17.0kg,30,147.59,2026-07-21,,false
SKU-00212,Pallet Jack Wheel,ELECTRONICS,SUP-092,LOC-005,WH-E-BIN-12,11.0kg,15,475.52,2026-06-24,,false
SKU-00213,Barcode Scanner,FOOD_DRY,SUP-163,LOC-007,WH-G-BIN-13,367.0kilogram,20,170.84,2026-06-20,,false
SKU-00214,Fire Extinguisher 4kg,FOOD_COLD,SUP-200,LOC-016,WH-P-BIN-14,86.0kilogram,30,10.96,May 11 2026,,false
SKU-00216,Rubber Gasket Set,MACHINERY_PARTS,SUP-173,LOC-001,WH-A-BIN-16,106.0kilogram,15,110.68,2026-04-29,,false
SKU-00217,Cable Tie Assorted,PPE,SUP-147,LOC-015,WH-O-BIN-17,312.0kg,0,720.40,May 28 2026,,false
SKU-00219,Wooden Pallet Std,MEDICAL,SUP-055,LOC-009,WH-I-BIN-19,240.0,15,241.12,11/03/2026,2026-11-25,false
SKU-00220,Steel Shelving Unit,RAW_MATERIALS,SUP-167,LOC-001,WH-A-BIN-20,262.0kilogram,25,85.08,03/07/2026,30/05/2027,false
SKU-00221,Hand Truck,CHEMICALS,SUP-013,LOC-012,WH-L-BIN-21,297.0kg,25,12.78,22/03/2026,,false
SKU-00222,Spill Kit 20L,ELECTRONICS,SUP-150,wh-r,WH-R-BIN-22,440.0 KG,20,41.89,2026-05-08,,false
SKU-00223,Epoxy Resin 1L,FOOD_DRY,SUP-092,LOC-004,WH-D-BIN-23,419.0 KG,10,409.16,Apr 23 2026,,false
SKU-00224,,FOOD_COLD,SUP-006,LOC-002,WH-B-BIN-24,318.0,30,552.32,Mar 05 2026,,false
SKU-00225,,PACKAGING,SUP-029,LOC-009,WH-I-BIN-25,418.0,10,467.00,Jul 15 2026,,false
SKU-00226,Anti-Slip Tape Roll,MACHINERY_PARTS,SUP-104,LOC-008,WH-H-BIN-26,446.0kilogram,20,199.99,2026-06-28,,false
SKU-00227,Welding Rod 3.2mm,PPE,SUP-158,wh-l,WH-L-BIN-27,430.0kg,,118.50,26/02/2026,23/10/2026,false
SKU-00228,,CLEANING,SUP-110,LOC-019,WH-S-BIN-28,162.0 KG,30,559.52,08/03/2026,Dec 25 2026,false
SKU-00229,First Aid Refill,MEDICAL,SUP-139,Warehouse O,WH-O-BIN-29,238.0,40,782.32,2026-02-12,Feb 05 2027,false
SKU-00230,Racking Beam 2.4m,RAW_MATERIALS,SUP-188,LOC-006,WH-F-BIN-30,310.0,0,718.07,08/02/2026,,false
SKU-00232,Load Cell 500kg,ELECTRONICS,SUP-125,LOC-011,WH-K-BIN-32,423.0kg,10,695.89,25/03/2026,,false
SKU-00233,Dock Bumpers Pair,FOOD_DRY,SUP-012,LOC-002,WH-B-BIN-33,65.0kilogram,25,564.40,18/07/2026,Jul 25 2027,false
SKU-00234,Floor Marking Paint,FOOD_COLD,SUP-094,LOC-008,WH-H-BIN-34,132.0 KG,15,500.01,01/07/2026,Feb 24 2027,false
SKU-00235,Battery Charger 24V,PACKAGING,SUP-046,wh_p,WH-P-BIN-35,6.0kg,15,71.15,09/05/2026,,false
SKU-00237,Humidity Sensor Probe,PPE,SUP-166,LOC-018,WH-R-BIN-37,235.0kilogram,25,786.77,14/02/2026,,false
SKU-00238,Pallet Strap Tool,CLEANING,SUP-171,LOC-009,WH-I-BIN-38,297.0,15,53.31,2026-05-14,,false
SKU-00239,Coolant Concentrate,MEDICAL,SUP-030,LOC-005,WH-E-BIN-39,452.0,10,401.18,05/05/2026,,false
SKU-00240,Wheel Chock Rubber,RAW_MATERIALS,SUP-066,LOC-020,WH-T-BIN-40,383.0kilogram,,580.72,23/04/2026,,false
SKU-00241,Steel Bolt M8,CHEMICALS,SUP-172,wh-k,WH-K-BIN-41,7.0,30,313.21,May 13 2026,2027-07-30,false
SKU-00242,Hydraulic Hose 2in,ELECTRONICS,SUP-058,wh_i,WH-I-BIN-42,131.0kg,10,20.51,Jul 30 2026,,false
SKU-00243,Industrial Solvent 5L,FOOD_DRY,SUP-146,WH-C,WH-C-BIN-43,49.0,,5.83,2026-04-17,,false
SKU-00244,Forklift Battery 24V,FOOD_COLD,SUP-143,Warehouse H,WH-H-BIN-44,112.0kg,15,128.81,May 03 2026,,false
SKU-00245,Safety Gloves L,PACKAGING,SUP-146,LOC-009,WH-I-BIN-45,395.0kilogram,0,533.49,Feb 25 2026,,false
SKU-00246,Conveyor Belt Patch,MACHINERY_PARTS,SUP-031,Warehouse Q,WH-Q-BIN-46,316.0,40,265.61,2026-05-08,,false
SKU-00247,,PPE,SUP-116,LOC-003,WH-C-BIN-47,77.0kilogram,30,321.76,Mar 10 2026,,false
SKU-00248,Label Printer Ribbon,CLEANING,SUP-165,whse b,WH-B-BIN-48,158.0,15,428.00,2026-02-28,,false
SKU-00249,Dock Leveler Seal,MEDICAL,SUP-008,LOC-007,WH-G-BIN-49,335.0kilogram,20,487.42,Jul 13 2026,,false
SKU-00250,LED Warehouse Light,RAW_MATERIALS,SUP-002,LOC-002,WH-B-BIN-50,320.0,25,76.52,Mar 15 2026,,false
SKU-00251,,CHEMICALS,SUP-049,wh-g,WH-G-BIN-51,63.0,,607.14,2026-04-22,,false
SKU-00252,Pallet Jack Wheel,ELECTRONICS,SUP-005,wh_j,WH-J-BIN-52,488.0 KG,0,191.65,18/07/2026,,false
SKU-00253,Barcode Scanner,FOOD_DRY,SUP-089,wh-o,WH-O-BIN-53,192.0 KG,10,23.61,11/04/2026,,false
SKU-00254,Fire Extinguisher 4kg,FOOD_COLD,SUP-006,LOC-009,WH-I-BIN-54,15.0,30,85.44,21/02/2026,2027-06-20,false
SKU-00256,,MACHINERY_PARTS,SUP-005,LOC-004,WH-D-BIN-56,431.0,0,485.04,2026-07-24,,false
SKU-00257,Cable Tie Assorted,PPE,SUP-098,LOC-018,WH-R-BIN-57,130.0kilogram,20,218.68,2026-02-04,,false
SKU-00258,Dust Mask N95 Pack,CLEANING,SUP-183,LOC-012,WH-L-BIN-58,120.0kilogram,30,694.43,10/04/2026,2027-03-04,false
SKU-00259,Wooden Pallet Std,MEDICAL,SUP-188,WH-M,WH-M-BIN-59,190.0kg,40,198.12,03/04/2026,,false
SKU-00261,Hand Truck,CHEMICALS,SUP-197,LOC-005,WH-E-BIN-61,284.0 KG,25,7.77,2026-02-20,,false
SKU-00262,Spill Kit 20L,ELECTRONICS,SUP-097,LOC-018,WH-R-BIN-62,341.0 KG,40,479.38,20/07/2026,10/10/2026,false
SKU-00264,Chain Block 1T,FOOD_COLD,SUP-161,LOC-016,WH-P-BIN-64,288.0,,104.61,16/06/2026,Apr 03 2027,false
SKU-00265,Temperature Logger,PACKAGING,SUP-086,LOC-011,WH-K-BIN-65,21.0kilogram,30,668.11,14/02/2026,,false
SKU-00267,Welding Rod 3.2mm,PPE,SUP-119,wh-o,WH-O-BIN-67,70.0kilogram,25,437.32,Apr 06 2026,,false
SKU-00269,,MEDICAL,SUP-033,LOC-010,WH-J-BIN-69,219.0kilogram,20,637.58,Jul 26 2026,,false
SKU-00270,Racking Beam 2.4m,RAW_MATERIALS,SUP-066,LOC-002,WH-B-BIN-70,357.0kg,0,643.97,May 03 2026,,false
SKU-00272,Load Cell 500kg,ELECTRONICS,SUP-081,LOC-014,WH-N-BIN-72,67.0kilogram,25,699.86,Mar 13 2026,,false
SKU-00273,Dock Bumpers Pair,FOOD_DRY,SUP-113,LOC-010,WH-J-BIN-73,360.0kg,30,476.88,14/07/2026,,false
SKU-00274,Floor Marking Paint,FOOD_COLD,SUP-147,wh_i,WH-I-BIN-74,481.0kg,0,776.31,2026-07-13,,false
SKU-00275,Battery Charger 24V,PACKAGING,SUP-008,LOC-009,WH-I-BIN-75,469.0kg,40,744.82,15/05/2026,2027-02-01,false
SKU-00276,Mesh Security Cage,MACHINERY_PARTS,SUP-147,whse j,WH-J-BIN-76,107.0kg,25,117.45,Jul 02 2026,,false
SKU-00277,Humidity Sensor Probe,PPE,SUP-090,wh-n,WH-N-BIN-77,302.0,15,653.72,Jun 05 2026,,false
SKU-00279,Coolant Concentrate,MEDICAL,SUP-118,LOC-002,WH-B-BIN-79,219.0 KG,25,561.85,2026-05-26,,false
SKU-00280,,RAW_MATERIALS,SUP-047,LOC-010,WH-J-BIN-80,451.0 KG,10,613.55,Mar 29 2026,,false
SKU-00282,Hydraulic Hose 2in,ELECTRONICS,SUP-003,LOC-016,WH-P-BIN-02,491.0,,54.43,2026-06-27,,false
SKU-00283,Industrial Solvent 5L,FOOD_DRY,SUP-095,WH-I,WH-I-BIN-03,49.0kg,0,351.25,Jun 01 2026,,false
SKU-00285,Safety Gloves L,PACKAGING,SUP-011,LOC-011,WH-K-BIN-05,428.0kilogram,40,40.95,2026-07-04,,false
SKU-00286,Conveyor Belt Patch,MACHINERY_PARTS,SUP-036,LOC-019,WH-S-BIN-06,13.0,15,138.72,25/02/2026,,false
SKU-00287,Shrink Wrap Film Roll,PPE,SUP-092,LOC-008,WH-H-BIN-07,482.0kilogram,15,766.63,2026-06-16,Jul 18 2027,false
SKU-00288,Label Printer Ribbon,CLEANING,SUP-088,LOC-014,WH-N-BIN-08,7.0 KG,20,80.67,May 06 2026,09/04/2027,false
SKU-00289,Dock Leveler Seal,MEDICAL,SUP-035,whse i,WH-I-BIN-09,251.0 KG,0,706.01,Jul 09 2026,,false
SKU-00290,LED Warehouse Light,RAW_MATERIALS,SUP-033,LOC-018,WH-R-BIN-10,123.0 KG,,515.63,2026-07-16,,false
SKU-00291,Nitrile Gloves Box,CHEMICALS,SUP-043,LOC-002,WH-B-BIN-11,461.0kilogram,,664.35,2026-04-19,2027-01-18,false
SKU-00292,Pallet Jack Wheel,ELECTRONICS,SUP-005,WH-J,WH-J-BIN-12,252.0kg,0,637.49,04/06/2026,Sep 01 2027,false
SKU-00293,Barcode Scanner,FOOD_DRY,SUP-029,LOC-008,WH-H-BIN-13,59.0kg,0,237.42,2026-03-23,,false
SKU-00294,Fire Extinguisher 4kg,FOOD_COLD,SUP-083,LOC-008,WH-H-BIN-14,232.0 KG,0,705.67,2026-05-05,2027-06-10,false
SKU-00295,,PACKAGING,SUP-176,LOC-007,WH-G-BIN-15,417.0kg,10,746.75,May 31 2026,,false
SKU-00296,Rubber Gasket Set,MACHINERY_PARTS,SUP-097,LOC-008,WH-H-BIN-16,308.0 KG,20,656.75,2026-03-02,,false
SKU-00297,Cable Tie Assorted,PPE,SUP-065,LOC-014,WH-N-BIN-17,286.0 KG,20,156.90,Feb 24 2026,Mar 14 2027,false
SKU-00298,Dust Mask N95 Pack,CLEANING,SUP-184,LOC-007,WH-G-BIN-18,126.0 KG,10,607.01,11/03/2026,09/04/2027,false
SKU-00299,Wooden Pallet Std,MEDICAL,SUP-012,WH-Q,WH-Q-BIN-19,5.0kg,,68.78,Feb 01 2026,,false
SKU-00300,Steel Shelving Unit,RAW_MATERIALS,SUP-087,LOC-011,WH-K-BIN-20,154.0 KG,25,71.91,2026-06-26,,false
SKU-00301,Hand Truck,CHEMICALS,SUP-026,WH-L,WH-L-BIN-21,73.0kilogram,15,157.63,27/07/2026,Aug 19 2027,false
SKU-00302,,ELECTRONICS,SUP-121,whse c,WH-C-BIN-22,29.0 KG,,795.04,May 04 2026,,false
SKU-00303,Epoxy Resin 1L,FOOD_DRY,SUP-122,LOC-012,WH-L-BIN-23,397.0 KG,25,569.65,22/06/2026,,false
SKU-00304,,FOOD_COLD,SUP-052,LOC-012,WH-L-BIN-24,251.0kilogram,25,600.34,2026-07-19,2026-10-31,false
SKU-00305,Temperature Logger,PACKAGING,SUP-079,wh-h,WH-H-BIN-25,373.0kg,,99.47,2026-04-08,,false
SKU-00306,Anti-Slip Tape Roll,MACHINERY_PARTS,SUP-098,wh-k,WH-K-BIN-26,461.0 KG,20,139.83,2026-07-29,,false
SKU-00307,Welding Rod 3.2mm,PPE,SUP-034,LOC-002,WH-B-BIN-27,169.0 KG,15,75.07,2026-04-23,Apr 17 2027,false
SKU-00308,Compressed Air Hose,CLEANING,SUP-059,LOC-010,WH-J-BIN-28,358.0kilogram,,682.32,Feb 03 2026,,false
SKU-00310,Racking Beam 2.4m,RAW_MATERIALS,SUP-160,LOC-020,WH-T-BIN-30,251.0,30,54.72,May 10 2026,2026-10-02,false
SKU-00311,Stretch Hood Film,CHEMICALS,SUP-158,LOC-005,WH-E-BIN-31,246.0,15,745.06,2026-03-04,Jul 11 2027,true
SKU-00312,,ELECTRONICS,SUP-108,wh-b,WH-B-BIN-32,261.0kg,0,206.82,18/07/2026,,false
SKU-00313,Dock Bumpers Pair,FOOD_DRY,SUP-187,wh-d,WH-D-BIN-33,67.0,0,608.05,Feb 03 2026,,false
SKU-00314,Floor Marking Paint,FOOD_COLD,SUP-020,LOC-008,WH-H-BIN-34,2.0,10,613.25,2026-04-21,Aug 13 2027,false
SKU-00315,Battery Charger 24V,PACKAGING,SUP-013,LOC-002,WH-B-BIN-35,189.0 KG,0,250.45,04/05/2026,Sep 22 2026,false
SKU-00317,Humidity Sensor Probe,PPE,SUP-103,LOC-018,WH-R-BIN-37,13.0kilogram,40,478.54,2026-06-07,,false
SKU-00318,Pallet Strap Tool,CLEANING,SUP-176,whse p,WH-P-BIN-38,112.0kilogram,40,623.53,Jun 02 2026,,false
SKU-00319,,MEDICAL,SUP-047,LOC-019,WH-S-BIN-39,22.0kilogram,40,146.74,23/05/2026,,false
SKU-00320,Wheel Chock Rubber,RAW_MATERIALS,SUP-140,LOC-017,WH-Q-BIN-40,463.0 KG,30,797.89,27/02/2026,,false
SKU-00321,Steel Bolt M8,CHEMICALS,SUP-092,WH-N,WH-N-BIN-41,262.0kilogram,25,172.24,01/05/2026,,false
SKU-00322,Hydraulic Hose 2in,ELECTRONICS,SUP-142,LOC-006,WH-F-BIN-42,71.0kg,30,134.62,Feb 13 2026,Oct 06 2026,false
SKU-00323,Industrial Solvent 5L,FOOD_DRY,SUP-088,Warehouse J,WH-J-BIN-43,141.0 KG,40,563.31,2026-07-14,,false
SKU-00324,Forklift Battery 24V,FOOD_COLD,SUP-104,LOC-003,WH-C-BIN-44,392.0kg,10,373.46,2026-02-06,,false
SKU-00325,Safety Gloves L,PACKAGING,SUP-143,LOC-004,WH-D-BIN-45,94.0kilogram,15,214.72,2026-05-22,,false
SKU-00327,Shrink Wrap Film Roll,PPE,SUP-117,LOC-009,WH-I-BIN-47,431.0kilogram,0,243.06,14/05/2026,,false
SKU-00328,Label Printer Ribbon,CLEANING,SUP-091,Warehouse Q,WH-Q-BIN-48,360.0kilogram,0,496.18,12/05/2026,,false
SKU-00329,Dock Leveler Seal,MEDICAL,SUP-085,LOC-010,WH-J-BIN-49,378.0kg,,371.85,2026-02-22,2027-03-06,false
SKU-00330,,RAW_MATERIALS,SUP-024,LOC-019,WH-S-BIN-50,87.0kg,20,177.10,Mar 04 2026,Oct 01 2026,false
SKU-00331,Nitrile Gloves Box,CHEMICALS,SUP-070,whse c,WH-C-BIN-51,482.0 KG,15,629.04,2026-02-11,,true
SKU-00332,Pallet Jack Wheel,ELECTRONICS,SUP-055,wh-e,WH-E-BIN-52,327.0 KG,40,592.35,17/02/2026,,false
SKU-00333,Barcode Scanner,FOOD_DRY,SUP-086,wh-e,WH-E-BIN-53,312.0,40,354.31,Jul 28 2026,,false
SKU-00334,Fire Extinguisher 4kg,FOOD_COLD,SUP-120,Warehouse N,WH-N-BIN-54,346.0kilogram,25,770.11,Apr 04 2026,Jul 13 2027,false
SKU-00335,PVC Pipe 50mm,PACKAGING,SUP-007,LOC-018,WH-R-BIN-55,456.0 KG,15,205.75,Mar 09 2026,,false
SKU-00336,Rubber Gasket Set,MACHINERY_PARTS,SUP-042,LOC-013,WH-M-BIN-56,385.0,10,758.31,08/03/2026,,false
SKU-00340,Steel Shelving Unit,RAW_MATERIALS,SUP-041,LOC-018,WH-R-BIN-60,498.0kilogram,30,409.05,07/06/2026,,false
SKU-00341,Hand Truck,CHEMICALS,SUP-004,Warehouse K,WH-K-BIN-61,140.0kilogram,25,511.57,May 09 2026,,true
SKU-00342,Spill Kit 20L,ELECTRONICS,SUP-010,WH-L,WH-L-BIN-62,4.0kilogram,25,213.57,2026-06-26,,false
SKU-00343,,FOOD_DRY,SUP-129,Warehouse O,WH-O-BIN-63,222.0 KG,20,130.51,01/04/2026,,false
SKU-00344,Chain Block 1T,FOOD_COLD,SUP-042,LOC-013,WH-M-BIN-64,256.0kg,40,654.78,29/06/2026,25/12/2026,false
SKU-00345,Temperature Logger,PACKAGING,SUP-069,WH-J,WH-J-BIN-65,205.0 KG,0,660.82,2026-05-02,,false
SKU-00346,Anti-Slip Tape Roll,MACHINERY_PARTS,SUP-182,LOC-003,WH-C-BIN-66,459.0kg,0,482.83,May 04 2026,,false
SKU-00347,,PPE,SUP-167,LOC-007,WH-G-BIN-67,55.0,10,171.52,Mar 13 2026,,false
SKU-00348,Compressed Air Hose,CLEANING,SUP-083,LOC-009,WH-I-BIN-68,165.0 KG,20,525.04,Jun 25 2026,2026-11-02,false
SKU-00349,First Aid Refill,MEDICAL,SUP-158,LOC-003,WH-C-BIN-69,429.0kilogram,40,238.94,2026-07-05,,false
SKU-00350,Racking Beam 2.4m,RAW_MATERIALS,SUP-021,LOC-007,WH-G-BIN-70,47.0kilogram,15,197.55,Mar 11 2026,,false
SKU-00351,Stretch Hood Film,CHEMICALS,SUP-134,wh_s,WH-S-BIN-71,384.0,30,561.72,2026-02-13,,false
SKU-00352,Load Cell 500kg,ELECTRONICS,SUP-183,wh_e,WH-E-BIN-72,104.0 KG,10,701.82,Mar 25 2026,,false
SKU-00353,Dock Bumpers Pair,FOOD_DRY,SUP-105,wh-n,WH-N-BIN-73,323.0,,656.45,Feb 06 2026,,false
SKU-00354,Floor Marking Paint,FOOD_COLD,SUP-136,wh_m,WH-M-BIN-74,376.0 KG,15,303.76,Apr 17 2026,,false
SKU-00355,,PACKAGING,SUP-075,LOC-015,WH-O-BIN-75,370.0 KG,,479.47,11/02/2026,,false
SKU-00356,Mesh Security Cage,MACHINERY_PARTS,SUP-125,LOC-016,WH-P-BIN-76,187.0 KG,15,527.56,13/06/2026,,false
SKU-00357,Humidity Sensor Probe,PPE,SUP-171,WH-L,WH-L-BIN-77,326.0kilogram,0,16.54,Jul 01 2026,,false
SKU-00358,Pallet Strap Tool,CLEANING,SUP-024,LOC-005,WH-E-BIN-78,206.0kg,15,131.11,Jun 04 2026,2026-10-29,false
SKU-00359,Coolant Concentrate,MEDICAL,SUP-176,LOC-009,WH-I-BIN-79,241.0 KG,15,466.03,02/04/2026,,false
SKU-00360,Wheel Chock Rubber,RAW_MATERIALS,SUP-110,Warehouse B,WH-B-BIN-80,344.0kg,25,233.80,2026-06-07,,false
SKU-00361,Steel Bolt M8,CHEMICALS,SUP-069,wh_c,WH-C-BIN-01,109.0kg,30,727.97,2026-05-07,Jan 10 2027,false
SKU-00362,Hydraulic Hose 2in,ELECTRONICS,SUP-047,LOC-016,WH-P-BIN-02,475.0,10,784.59,19/06/2026,,false
SKU-00363,Industrial Solvent 5L,FOOD_DRY,SUP-102,LOC-004,WH-D-BIN-03,499.0kg,0,519.77,2026-03-11,,false
SKU-00365,Safety Gloves L,PACKAGING,SUP-001,LOC-011,WH-K-BIN-05,218.0kg,15,639.17,27/07/2026,,false
SKU-00366,Conveyor Belt Patch,MACHINERY_PARTS,SUP-134,whse l,WH-L-BIN-06,126.0 KG,0,44.92,2026-06-20,,false
SKU-00367,Shrink Wrap Film Roll,PPE,SUP-144,LOC-005,WH-E-BIN-07,164.0,30,768.76,2026-03-04,,false
SKU-00369,Dock Leveler Seal,MEDICAL,SUP-163,WH-R,WH-R-BIN-09,394.0 KG,,311.74,Mar 04 2026,,false
SKU-00370,LED Warehouse Light,RAW_MATERIALS,SUP-004,whse q,WH-Q-BIN-10,35.0kg,10,752.60,14/06/2026,,false
SKU-00371,Nitrile Gloves Box,CHEMICALS,SUP-089,LOC-017,WH-Q-BIN-11,179.0 KG,20,528.87,Apr 13 2026,27/11/2026,true
SKU-00372,Pallet Jack Wheel,ELECTRONICS,SUP-196,whse i,WH-I-BIN-12,241.0,10,188.38,2026-04-08,,false
SKU-00373,Barcode Scanner,FOOD_DRY,SUP-118,wh-a,WH-A-BIN-13,102.0 KG,40,717.09,Jul 19 2026,,false
SKU-00374,Fire Extinguisher 4kg,FOOD_COLD,SUP-014,LOC-012,WH-L-BIN-14,352.0 KG,15,5.72,08/04/2026,,false
SKU-00375,,PACKAGING,SUP-158,whse s,WH-S-BIN-15,328.0kg,15,449.64,09/07/2026,,false
SKU-00376,Rubber Gasket Set,MACHINERY_PARTS,SUP-068,WH-B,WH-B-BIN-16,209.0kg,30,618.29,2026-07-24,,false
SKU-00378,Dust Mask N95 Pack,CLEANING,SUP-076,LOC-006,WH-F-BIN-18,407.0,30,37.15,04/07/2026,,false
SKU-00380,Steel Shelving Unit,RAW_MATERIALS,SUP-067,whse d,WH-D-BIN-20,368.0 KG,10,627.46,03/04/2026,,false
SKU-00381,Hand Truck,CHEMICALS,SUP-148,LOC-016,WH-P-BIN-21,198.0,0,63.86,2026-02-02,,false
SKU-00382,Spill Kit 20L,ELECTRONICS,SUP-151,LOC-020,WH-T-BIN-22,102.0kilogram,0,748.14,2026-06-09,27/10/2026,false
SKU-00383,Epoxy Resin 1L,FOOD_DRY,SUP-162,LOC-015,WH-O-BIN-23,318.0kilogram,0,319.58,18/03/2026,Oct 01 2026,false
SKU-00384,Chain Block 1T,FOOD_COLD,SUP-173,LOC-010,WH-J-BIN-24,177.0 KG,10,552.32,2026-06-02,,false
SKU-00386,Anti-Slip Tape Roll,MACHINERY_PARTS,SUP-178,wh_t,WH-T-BIN-26,178.0kilogram,30,81.85,Jul 04 2026,,false
SKU-00387,Welding Rod 3.2mm,PPE,SUP-168,LOC-011,WH-K-BIN-27,315.0kg,0,242.98,02/04/2026,13/05/2027,false
SKU-00389,,MEDICAL,SUP-072,LOC-015,WH-O-BIN-29,241.0kg,10,225.38,17/04/2026,,false
SKU-00390,Racking Beam 2.4m,RAW_MATERIALS,SUP-196,LOC-013,WH-M-BIN-30,304.0 KG,25,547.73,Jul 05 2026,,false
SKU-00391,Stretch Hood Film,CHEMICALS,SUP-076,whse m,WH-M-BIN-31,12.0kilogram,15,644.48,2026-04-27,2027-03-25,false
SKU-00393,Dock Bumpers Pair,FOOD_DRY,SUP-019,wh-j,WH-J-BIN-33,80.0kg,25,393.57,Jun 19 2026,,false
SKU-00394,Floor Marking Paint,FOOD_COLD,SUP-105,LOC-011,WH-K-BIN-34,146.0,,140.28,Jul 08 2026,,false
SKU-00395,Battery Charger 24V,PACKAGING,SUP-032,Warehouse A,WH-A-BIN-35,61.0kg,0,739.28,2026-03-10,Aug 01 2027,false
SKU-00396,Mesh Security Cage,MACHINERY_PARTS,SUP-052,LOC-017,WH-Q-BIN-36,80.0,40,618.97,22/05/2026,,false
SKU-00397,Humidity Sensor Probe,PPE,SUP-014,WH-C,WH-C-BIN-37,65.0kilogram,10,518.26,2026-05-13,10/10/2026,false
SKU-00399,Coolant Concentrate,MEDICAL,SUP-024,LOC-018,WH-R-BIN-39,371.0 KG,20,795.25,21/05/2026,,false
SKU-00400,Wheel Chock Rubber,RAW_MATERIALS,SUP-049,wh-e,WH-E-BIN-40,276.0kg,0,139.90,May 09 2026,03/10/2026,false
SKU-00401,,CHEMICALS,SUP-040,LOC-018,WH-R-BIN-41,458.0 KG,20,408.12,2026-07-24,,false
SKU-00402,Hydraulic Hose 2in,ELECTRONICS,SUP-150,LOC-002,WH-B-BIN-42,256.0kg,15,359.99,11/06/2026,,false
SKU-00403,Industrial Solvent 5L,FOOD_DRY,SUP-178,LOC-014,WH-N-BIN-43,103.0kilogram,20,543.80,15/07/2026,2027-02-04,false
SKU-00405,Safety Gloves L,PACKAGING,SUP-028,LOC-020,WH-T-BIN-45,183.0kg,40,319.99,Apr 10 2026,,false
SKU-00406,Conveyor Belt Patch,MACHINERY_PARTS,SUP-161,LOC-020,WH-T-BIN-46,491.0,15,559.81,06/03/2026,,false
SKU-00408,Label Printer Ribbon,CLEANING,SUP-193,LOC-005,WH-E-BIN-48,140.0,0,576.69,Mar 19 2026,,false
SKU-00409,,MEDICAL,SUP-007,LOC-015,WH-O-BIN-49,470.0kilogram,,168.05,14/05/2026,,false
SKU-00410,LED Warehouse Light,RAW_MATERIALS,SUP-090,WH-I,WH-I-BIN-50,318.0 KG,,711.73,12/03/2026,,false
SKU-00411,Nitrile Gloves Box,CHEMICALS,SUP-146,LOC-006,WH-F-BIN-51,30.0 KG,40,576.00,09/05/2026,,true
SKU-00412,,ELECTRONICS,SUP-129,LOC-020,WH-T-BIN-52,90.0,10,746.83,2026-06-21,,false
SKU-00413,Barcode Scanner,FOOD_DRY,SUP-133,whse o,WH-O-BIN-53,234.0kg,15,442.64,2026-05-21,,false
SKU-00414,Fire Extinguisher 4kg,FOOD_COLD,SUP-076,whse t,WH-T-BIN-54,370.0,10,646.49,Apr 04 2026,,false
SKU-00415,PVC Pipe 50mm,PACKAGING,SUP-015,whse t,WH-T-BIN-55,166.0kilogram,20,716.75,Feb 18 2026,2026-12-28,false
SKU-00416,Rubber Gasket Set,MACHINERY_PARTS,SUP-043,wh-t,WH-T-BIN-56,477.0,25,346.17,2026-03-14,,false
SKU-00417,Cable Tie Assorted,PPE,SUP-064,wh_e,WH-E-BIN-57,284.0,40,14.99,06/02/2026,,false
SKU-00418,Dust Mask N95 Pack,CLEANING,SUP-153,LOC-006,WH-F-BIN-58,21.0 KG,25,634.23,25/06/2026,,false
SKU-00419,Wooden Pallet Std,MEDICAL,SUP-109,Warehouse I,WH-I-BIN-59,343.0 KG,20,121.09,17/06/2026,13/11/2026,false
SKU-00420,Steel Shelving Unit,RAW_MATERIALS,SUP-033,LOC-004,WH-D-BIN-60,20.0kilogram,30,656.04,Jun 05 2026,09/02/2027,false
SKU-00421,Hand Truck,CHEMICALS,SUP-184,whse f,WH-F-BIN-61,136.0kg,15,208.72,May 23 2026,02/02/2027,true
SKU-00422,Spill Kit 20L,ELECTRONICS,SUP-015,whse m,WH-M-BIN-62,129.0 KG,,534.66,May 26 2026,,false
SKU-00423,,FOOD_DRY,SUP-150,whse r,WH-R-BIN-63,324.0 KG,40,135.07,Feb 09 2026,,false
SKU-00425,Temperature Logger,PACKAGING,SUP-033,LOC-007,WH-G-BIN-65,277.0,15,603.95,Apr 20 2026,,false
SKU-00426,Anti-Slip Tape Roll,MACHINERY_PARTS,SUP-155,wh-d,WH-D-BIN-66,310.0kilogram,30,76.86,2026-03-22,Aug 27 2027,false
SKU-00427,Welding Rod 3.2mm,PPE,SUP-051,Warehouse M,WH-M-BIN-67,499.0 KG,15,182.97,03/02/2026,Jul 25 2027,false
SKU-00429,First Aid Refill,MEDICAL,SUP-021,LOC-006,WH-F-BIN-69,153.0kilogram,0,287.03,May 14 2026,,false
SKU-00431,Stretch Hood Film,CHEMICALS,SUP-040,wh-e,WH-E-BIN-71,34.0kilogram,,792.44,Feb 24 2026,,false
SKU-00432,,ELECTRONICS,SUP-127,WH-T,WH-T-BIN-72,154.0,0,133.91,Jun 16 2026,,false
SKU-00433,Dock Bumpers Pair,FOOD_DRY,SUP-158,Warehouse K,WH-K-BIN-73,460.0,40,203.95,28/04/2026,08/05/2027,false
SKU-00434,,FOOD_COLD,SUP-135,LOC-002,WH-B-BIN-74,421.0 KG,15,677.59,23/06/2026,,false
SKU-00435,Battery Charger 24V,PACKAGING,SUP-193,LOC-002,WH-B-BIN-75,224.0kg,10,625.90,May 28 2026,,false
SKU-00436,Mesh Security Cage,MACHINERY_PARTS,SUP-164,LOC-001,WH-A-BIN-76,269.0,,306.70,Apr 28 2026,,false
SKU-00438,Pallet Strap Tool,CLEANING,SUP-133,LOC-019,WH-S-BIN-78,483.0kg,25,375.31,Jun 01 2026,08/02/2027,false
SKU-00439,Coolant Concentrate,MEDICAL,SUP-060,LOC-008,WH-H-BIN-79,133.0 KG,20,776.26,2026-07-21,,false
SKU-00440,Wheel Chock Rubber,RAW_MATERIALS,SUP-064,LOC-006,WH-F-BIN-80,390.0 KG,30,731.79,2026-05-17,,false
SKU-00441,Steel Bolt M8,CHEMICALS,SUP-084,LOC-002,WH-B-BIN-01,324.0,25,367.88,2026-07-04,,false
SKU-00442,Hydraulic Hose 2in,ELECTRONICS,SUP-119,wh-f,WH-F-BIN-02,473.0 KG,,721.38,2026-04-03,2027-08-11,false
SKU-00443,Industrial Solvent 5L,FOOD_DRY,SUP-162,Warehouse T,WH-T-BIN-03,99.0kilogram,25,638.46,01/05/2026,20/06/2027,false
SKU-00444,Forklift Battery 24V,FOOD_COLD,SUP-041,LOC-006,WH-F-BIN-04,356.0kilogram,20,342.50,2026-04-06,,false
SKU-00445,Safety Gloves L,PACKAGING,SUP-115,LOC-008,WH-H-BIN-05,14.0,15,664.59,2026-07-25,,false
SKU-00446,Conveyor Belt Patch,MACHINERY_PARTS,SUP-029,WH-C,WH-C-BIN-06,184.0kg,25,314.38,Apr 04 2026,,false
SKU-00447,,PPE,SUP-123,LOC-010,WH-J-BIN-07,7.0 KG,15,244.32,15/05/2026,,false
SKU-00449,,MEDICAL,SUP-156,LOC-020,WH-T-BIN-09,280.0,0,35.88,Mar 27 2026,,false
SKU-00450,LED Warehouse Light,RAW_MATERIALS,SUP-180,LOC-004,WH-D-BIN-10,269.0kg,25,675.05,21/03/2026,,false
SKU-00451,Nitrile Gloves Box,CHEMICALS,SUP-061,LOC-002,WH-B-BIN-11,434.0,10,601.50,2026-06-26,,true
SKU-00452,Pallet Jack Wheel,ELECTRONICS,SUP-003,LOC-001,WH-A-BIN-12,129.0kg,30,384.89,2026-06-30,,false
SKU-00453,Barcode Scanner,FOOD_DRY,SUP-181,wh_k,WH-K-BIN-13,424.0 KG,20,158.39,Feb 20 2026,,false
SKU-00454,Fire Extinguisher 4kg,FOOD_COLD,SUP-015,LOC-007,WH-G-BIN-14,450.0kg,0,153.92,27/04/2026,Sep 04 2026,false
SKU-00455,PVC Pipe 50mm,PACKAGING,SUP-053,wh-i,WH-I-BIN-15,443.0,10,177.60,Jun 22 2026,,false
SKU-00456,Rubber Gasket Set,MACHINERY_PARTS,SUP-095,LOC-019,WH-S-BIN-16,375.0,0,441.56,Mar 21 2026,Jan 15 2027,false
SKU-00457,Cable Tie Assorted,PPE,SUP-028,wh_r,WH-R-BIN-17,335.0,0,562.01,Mar 08 2026,,false
SKU-00458,Dust Mask N95 Pack,CLEANING,SUP-119,LOC-019,WH-S-BIN-18,90.0kg,15,108.27,29/03/2026,,false
SKU-00459,Wooden Pallet Std,MEDICAL,SUP-010,LOC-017,WH-Q-BIN-19,322.0kilogram,30,706.27,01/02/2026,,false
SKU-00460,Steel Shelving Unit,RAW_MATERIALS,SUP-139,whse s,WH-S-BIN-20,127.0kg,25,336.80,23/07/2026,Sep 18 2026,false
SKU-00461,Hand Truck,CHEMICALS,SUP-110,WH-I,WH-I-BIN-21,255.0kg,0,728.70,Jul 20 2026,,false
SKU-00462,Spill Kit 20L,ELECTRONICS,SUP-017,WH-R,WH-R-BIN-22,218.0 KG,,730.82,2026-05-26,,false
SKU-00463,,FOOD_DRY,SUP-101,LOC-018,WH-R-BIN-23,40.0 KG,25,490.64,2026-03-15,,false
SKU-00464,Chain Block 1T,FOOD_COLD,SUP-066,WH-N,WH-N-BIN-24,442.0kilogram,20,282.15,2026-07-20,05/06/2027,false
SKU-00465,Temperature Logger,PACKAGING,SUP-088,LOC-004,WH-D-BIN-25,362.0,20,141.88,06/05/2026,,false
SKU-00466,Anti-Slip Tape Roll,MACHINERY_PARTS,SUP-059,LOC-015,WH-O-BIN-26,9.0 KG,10,421.29,26/06/2026,,false
SKU-00467,Welding Rod 3.2mm,PPE,SUP-129,wh-k,WH-K-BIN-27,109.0kilogram,20,513.24,31/03/2026,2026-11-20,false
SKU-00468,Compressed Air Hose,CLEANING,SUP-125,Warehouse F,WH-F-BIN-28,484.0kilogram,40,276.39,2026-06-17,16/08/2027,false
SKU-00469,First Aid Refill,MEDICAL,SUP-200,Warehouse P,WH-P-BIN-29,497.0 KG,40,692.49,2026-02-01,2026-10-04,false
SKU-00471,Stretch Hood Film,CHEMICALS,SUP-018,LOC-010,WH-J-BIN-31,217.0kilogram,40,434.63,Apr 15 2026,,false
SKU-00473,Dock Bumpers Pair,FOOD_DRY,SUP-034,LOC-015,WH-O-BIN-33,245.0kg,25,408.12,21/05/2026,,false
SKU-00474,Floor Marking Paint,FOOD_COLD,SUP-007,LOC-014,WH-N-BIN-34,116.0kg,,316.47,May 07 2026,,false
SKU-00475,Battery Charger 24V,PACKAGING,SUP-074,LOC-015,WH-O-BIN-35,404.0 KG,0,634.33,01/06/2026,2027-03-13,false
SKU-00477,Humidity Sensor Probe,PPE,SUP-112,LOC-018,WH-R-BIN-37,340.0kg,0,392.81,12/04/2026,,false
SKU-00478,Pallet Strap Tool,CLEANING,SUP-194,LOC-010,WH-J-BIN-38,423.0kilogram,25,611.10,Mar 30 2026,Oct 16 2026,false
SKU-00479,Coolant Concentrate,MEDICAL,SUP-100,LOC-007,WH-G-BIN-39,29.0kilogram,0,605.39,2026-02-28,,false
SKU-00480,Wheel Chock Rubber,RAW_MATERIALS,SUP-140,LOC-001,WH-A-BIN-40,63.0kilogram,10,377.77,31/05/2026,Aug 24 2027,false
SKU-00481,,CHEMICALS,SUP-133,LOC-004,WH-D-BIN-41,100.0 KG,0,164.28,17/02/2026,,true
SKU-00485,Safety Gloves L,PACKAGING,SUP-048,LOC-006,WH-F-BIN-45,48.0kilogram,20,186.24,2026-02-08,09/12/2026,false
SKU-00486,Conveyor Belt Patch,MACHINERY_PARTS,SUP-042,Warehouse E,WH-E-BIN-46,467.0kilogram,25,296.58,12/02/2026,,false
SKU-00487,Shrink Wrap Film Roll,PPE,SUP-186,LOC-012,WH-L-BIN-47,413.0kilogram,20,129.92,20/03/2026,,false
SKU-00488,Label Printer Ribbon,CLEANING,SUP-182,wh_p,WH-P-BIN-48,448.0kilogram,30,351.51,Feb 07 2026,,false
SKU-00489,Dock Leveler Seal,MEDICAL,SUP-020,wh_o,WH-O-BIN-49,13.0kilogram,25,360.59,05/03/2026,,false
SKU-00490,,RAW_MATERIALS,SUP-033,wh_i,WH-I-BIN-50,22.0kilogram,0,301.98,2026-06-05,,false
SKU-00492,Pallet Jack Wheel,ELECTRONICS,SUP-137,LOC-020,WH-T-BIN-52,104.0,0,70.15,Mar 09 2026,Mar 10 2027,false
SKU-00493,,FOOD_DRY,SUP-082,LOC-005,WH-E-BIN-53,329.0kg,40,165.04,2026-07-23,,false
SKU-00494,Fire Extinguisher 4kg,FOOD_COLD,SUP-127,Warehouse R,WH-R-BIN-54,460.0,30,480.89,2026-06-15,,false
SKU-00497,Cable Tie Assorted,PPE,SUP-104,LOC-006,WH-F-BIN-57,181.0 KG,,630.67,2026-07-02,,false
SKU-00498,,CLEANING,SUP-112,LOC-012,WH-L-BIN-58,13.0,,261.06,Jul 04 2026,Aug 28 2027,false
SKU-00499,Wooden Pallet Std,MEDICAL,SUP-052,LOC-020,WH-T-BIN-59,182.0,15,618.67,May 18 2026,,false
SKU-00500,Steel Shelving Unit,RAW_MATERIALS,SUP-059,LOC-010,WH-J-BIN-60,364.0kg,,706.92,Mar 24 2026,,false
SKU-00002,Spill Kit 20L,ELECTRONICS,SUP-043,LOC-004,WH-D-BIN-62,473.0,20,197.96,Jul 19 2026,2027-01-12,false
SKU-00005,Temperature Logger,PACKAGING,SUP-196,LOC-017,WH-Q-BIN-65,80.0,40,495.01,2026-02-12,,false
SKU-00006,Anti-Slip Tape Roll,MACHINERY_PARTS,SUP-111,LOC-014,WH-N-BIN-66,358.0,0,166.57,2026-06-11,,false
SKU-00007,Welding Rod 3.2mm,PPE,SUP-126,wh-d,WH-D-BIN-67,325.0kg,15,174.41,31/03/2026,08/07/2027,false
SKU-00008,Compressed Air Hose,CLEANING,SUP-021,LOC-012,WH-L-BIN-68,269.0 KG,15,428.96,May 25 2026,,false
SKU-00009,First Aid Refill,MEDICAL,SUP-029,whse q,WH-Q-BIN-69,397.0kilogram,20,589.55,26/03/2026,,false
SKU-00010,Racking Beam 2.4m,RAW_MATERIALS,SUP-158,LOC-019,WH-S-BIN-70,71.0kilogram,0,650.90,2026-07-13,,false
SKU-00011,,CHEMICALS,SUP-040,LOC-020,WH-T-BIN-71,280.0,10,498.01,12/04/2026,,true
SKU-00012,Load Cell 500kg,ELECTRONICS,SUP-087,LOC-017,WH-Q-BIN-72,484.0kilogram,10,432.58,2026-02-06,Mar 24 2027,false
SKU-00013,Dock Bumpers Pair,FOOD_DRY,SUP-163,LOC-012,WH-L-BIN-73,487.0kg,0,172.86,27/05/2026,,false
SKU-00014,Floor Marking Paint,FOOD_COLD,SUP-026,LOC-002,WH-B-BIN-74,447.0 KG,10,439.94,Feb 25 2026,,false
SKU-00015,Battery Charger 24V,PACKAGING,SUP-122,LOC-020,WH-T-BIN-75,91.0kilogram,15,379.13,12/02/2026,,false
SKU-00016,Mesh Security Cage,MACHINERY_PARTS,SUP-013,LOC-011,WH-K-BIN-76,485.0kg,15,715.74,2026-06-30,,false
SKU-00017,Humidity Sensor Probe,PPE,SUP-196,LOC-006,WH-F-BIN-77,263.0 KG,15,229.78,2026-03-07,,false
SKU-00018,Pallet Strap Tool,CLEANING,SUP-081,LOC-012,WH-L-BIN-78,26.0kilogram,40,255.12,Jun 27 2026,2027-06-21,false
SKU-00019,Coolant Concentrate,MEDICAL,SUP-065,LOC-011,WH-K-BIN-79,239.0,0,353.37,31/05/2026,,false
SKU-00023,,FOOD_DRY,SUP-145,LOC-007,WH-G-BIN-03,247.0 KG,10,435.69,19/04/2026,2026-12-11,false
SKU-00024,Forklift Battery 24V,FOOD_COLD,SUP-047,wh_n,WH-N-BIN-04,406.0kilogram,25,12.39,2026-02-03,,false
SKU-00025,Safety Gloves L,PACKAGING,SUP-010,wh_s,WH-S-BIN-05,126.0,25,770.35,02/07/2026,Jul 12 2027,false
SKU-00026,Conveyor Belt Patch,MACHINERY_PARTS,SUP-100,whse p,WH-P-BIN-06,13.0 KG,20,534.94,2026-04-30,2027-07-20,false
SKU-00027,Shrink Wrap Film Roll,PPE,SUP-065,LOC-010,WH-J-BIN-07,367.0 KG,10,730.46,Feb 24 2026,,false
SKU-00028,Label Printer Ribbon,CLEANING,SUP-098,LOC-012,WH-L-BIN-08,29.0 KG,20,419.02,09/03/2026,,false
SKU-00029,Dock Leveler Seal,MEDICAL,SUP-019,LOC-010,WH-J-BIN-09,158.0kilogram,40,431.12,08/05/2026,,false
SKU-00030,,RAW_MATERIALS,SUP-009,LOC-013,WH-M-BIN-10,88.0,40,780.49,14/07/2026,,false
SKU-00031,Nitrile Gloves Box,CHEMICALS,SUP-170,Warehouse C,WH-C-BIN-11,415.0kg,25,409.83,18/04/2026,,true
SKU-00032,Pallet Jack Wheel,ELECTRONICS,SUP-063,LOC-020,WH-T-BIN-12,18.0 KG,,770.94,31/03/2026,,false
SKU-00033,Barcode Scanner,FOOD_DRY,SUP-170,wh_a,WH-A-BIN-13,453.0kg,0,271.15,2026-02-02,,false
SKU-00034,Fire Extinguisher 4kg,FOOD_COLD,SUP-125,LOC-004,WH-D-BIN-14,330.0kilogram,20,338.83,2026-07-14,,false
SKU-00035,PVC Pipe 50mm,PACKAGING,SUP-139,LOC-002,WH-B-BIN-15,441.0 KG,40,739.58,11/07/2026,,false
SKU-00036,Rubber Gasket Set,MACHINERY_PARTS,SUP-115,LOC-009,WH-I-BIN-16,322.0,40,338.62,18/07/2026,29/11/2026,false
SKU-00037,Cable Tie Assorted,PPE,SUP-138,LOC-017,WH-Q-BIN-17,331.0,40,269.34,2026-05-10,,false
SKU-00040,,RAW_MATERIALS,SUP-138,LOC-016,WH-P-BIN-20,23.0kg,,508.68,21/02/2026,,false
SKU-00041,Hand Truck,CHEMICALS,SUP-085,wh_m,WH-M-BIN-21,73.0,10,717.29,Mar 11 2026,,false
SKU-00042,Spill Kit 20L,ELECTRONICS,SUP-181,LOC-010,WH-J-BIN-22,119.0 KG,25,363.17,2026-03-22,23/07/2027,false
SKU-00043,Epoxy Resin 1L,FOOD_DRY,SUP-076,LOC-011,WH-K-BIN-23,256.0 KG,20,546.02,25/07/2026,,false
SKU-00044,Chain Block 1T,FOOD_COLD,SUP-011,wh-m,WH-M-BIN-24,414.0kilogram,,272.75,23/03/2026,,false
SKU-00045,Temperature Logger,PACKAGING,SUP-080,LOC-007,WH-G-BIN-25,425.0kg,30,602.72,Jun 01 2026,,false
SKU-00046,Anti-Slip Tape Roll,MACHINERY_PARTS,SUP-120,LOC-006,WH-F-BIN-26,206.0 KG,40,58.60,09/05/2026,,false
SKU-00047,,PPE,SUP-094,LOC-014,WH-N-BIN-27,262.0 KG,,744.46,May 03 2026,,false
SKU-00049,First Aid Refill,MEDICAL,SUP-103,WH-M,WH-M-BIN-29,339.0kilogram,0,66.86,2026-07-16,,false
SKU-00051,,CHEMICALS,SUP-151,whse o,WH-O-BIN-31,6.0kilogram,,192.05,Jul 04 2026,,false
SKU-00052,Load Cell 500kg,ELECTRONICS,SUP-183,LOC-009,WH-I-BIN-32,40.0 KG,25,508.40,08/03/2026,,false
SKU-00053,,FOOD_DRY,SUP-042,LOC-007,WH-G-BIN-33,268.0kilogram,15,431.90,21/03/2026,,false
SKU-00054,Floor Marking Paint,FOOD_COLD,SUP-052,LOC-017,WH-Q-BIN-34,430.0,40,212.21,28/05/2026,,false
SKU-00055,Battery Charger 24V,PACKAGING,SUP-092,LOC-005,WH-E-BIN-35,166.0 KG,,744.98,2026-02-05,,false
SKU-00057,Humidity Sensor Probe,PPE,SUP-191,LOC-006,WH-F-BIN-37,499.0 KG,10,258.85,May 25 2026,,false
SKU-00058,Pallet Strap Tool,CLEANING,SUP-157,LOC-016,WH-P-BIN-38,489.0,25,18.97,Jun 22 2026,Jun 16 2027,false
SKU-00059,,MEDICAL,SUP-022,wh_r,WH-R-BIN-39,3.0kilogram,10,320.55,07/07/2026,,false
SKU-00060,,RAW_MATERIALS,SUP-144,Warehouse O,WH-O-BIN-40,280.0kg,10,637.33,13/05/2026,,false
SKU-00062,,ELECTRONICS,SUP-018,LOC-019,WH-S-BIN-42,93.0,25,622.97,May 03 2026,,false
SKU-00063,,FOOD_DRY,SUP-038,LOC-001,WH-A-BIN-43,394.0kilogram,0,237.41,19/06/2026,,false
SKU-00064,,FOOD_COLD,SUP-016,LOC-012,WH-L-BIN-44,63.0 KG,0,94.91,2026-06-09,19/06/2027,false
SKU-00065,Safety Gloves L,PACKAGING,SUP-052,LOC-012,WH-L-BIN-45,187.0 KG,25,126.71,Mar 29 2026,,false
SKU-00066,Conveyor Belt Patch,MACHINERY_PARTS,SUP-152,LOC-003,WH-C-BIN-46,462.0kilogram,,94.77,2026-06-18,,false
SKU-00067,,PPE,SUP-035,LOC-010,WH-J-BIN-47,405.0 KG,30,89.30,09/02/2026,11/09/2026,false
SKU-00069,Dock Leveler Seal,MEDICAL,SUP-175,wh_p,WH-P-BIN-49,79.0,10,725.44,May 13 2026,,false
SKU-00070,LED Warehouse Light,RAW_MATERIALS,SUP-006,LOC-013,WH-M-BIN-50,133.0 KG,30,301.46,2026-03-05,,false
SKU-00071,Nitrile Gloves Box,CHEMICALS,SUP-125,LOC-004,WH-D-BIN-51,36.0kilogram,,735.27,06/07/2026,,false
SKU-00072,,ELECTRONICS,SUP-057,LOC-007,WH-G-BIN-52,458.0,10,219.62,25/03/2026,,false
SKU-00073,Barcode Scanner,FOOD_DRY,SUP-045,LOC-013,WH-M-BIN-53,448.0kg,10,672.08,2026-02-17,2026-09-14,false
SKU-00074,,FOOD_COLD,SUP-116,LOC-008,WH-H-BIN-54,73.0,20,449.78,Apr 17 2026,,false
SKU-00075,PVC Pipe 50mm,PACKAGING,SUP-136,LOC-013,WH-M-BIN-55,315.0,40,153.30,05/04/2026,,false
SKU-00076,,MACHINERY_PARTS,SUP-166,Warehouse G,WH-G-BIN-56,247.0,15,233.32,2026-02-21,26/05/2027,false
SKU-00077,Cable Tie Assorted,PPE,SUP-056,LOC-014,WH-N-BIN-57,207.0,,786.68,2026-07-13,,false
SKU-00078,Dust Mask N95 Pack,CLEANING,SUP-017,LOC-005,WH-E-BIN-58,327.0kg,40,66.59,07/02/2026,,false
SKU-00079,Wooden Pallet Std,MEDICAL,SUP-184,wh-s,WH-S-BIN-59,198.0kilogram,30,462.20,May 31 2026,18/02/2027,false
SKU-00080,Steel Shelving Unit,RAW_MATERIALS,SUP-022,LOC-001,WH-A-BIN-60,313.0kg,0,218.72,Mar 28 2026,,false
SKU-00082,Spill Kit 20L,ELECTRONICS,SUP-075,LOC-020,WH-T-BIN-62,204.0kilogram,20,81.99,2026-05-11,,false
SKU-00083,Epoxy Resin 1L,FOOD_DRY,SUP-198,Warehouse E,WH-E-BIN-63,22.0kilogram,10,165.46,2026-03-13,,false
SKU-00085,Temperature Logger,PACKAGING,SUP-019,whse o,WH-O-BIN-65,448.0kg,15,678.43,27/06/2026,,false
SKU-00086,,MACHINERY_PARTS,SUP-037,WH-C,WH-C-BIN-66,431.0,10,433.98,25/02/2026,26/03/2027,false
SKU-00087,Welding Rod 3.2mm,PPE,SUP-091,Warehouse P,WH-P-BIN-67,1.0,,441.88,2026-05-11,,false
SKU-00088,Compressed Air Hose,CLEANING,SUP-045,LOC-010,WH-J-BIN-68,366.0kg,20,752.92,Mar 20 2026,,false
SKU-00089,,MEDICAL,SUP-037,LOC-013,WH-M-BIN-69,104.0kilogram,,515.40,May 23 2026,,false
SKU-00091,Stretch Hood Film,CHEMICALS,SUP-023,WH-O,WH-O-BIN-71,197.0 KG,10,173.42,24/06/2026,,false
SKU-00093,Dock Bumpers Pair,FOOD_DRY,SUP-009,LOC-019,WH-S-BIN-73,24.0kilogram,25,414.05,2026-03-26,,false
SKU-00094,Floor Marking Paint,FOOD_COLD,SUP-184,wh-e,WH-E-BIN-74,191.0kg,,792.95,2026-06-12,,false
SKU-00095,Battery Charger 24V,PACKAGING,SUP-162,LOC-018,WH-R-BIN-75,361.0,30,67.93,Apr 28 2026,,false
SKU-00096,Mesh Security Cage,MACHINERY_PARTS,SUP-014,LOC-005,WH-E-BIN-76,257.0kg,20,157.92,2026-07-29,23/05/2027,false
SKU-00097,Humidity Sensor Probe,PPE,SUP-101,whse o,WH-O-BIN-77,256.0kg,15,290.83,Jun 06 2026,,false
SKU-00098,Pallet Strap Tool,CLEANING,SUP-041,LOC-018,WH-R-BIN-78,451.0kg,25,126.48,20/04/2026,Dec 27 2026,false
SKU-00099,Coolant Concentrate,MEDICAL,SUP-033,LOC-006,WH-F-BIN-79,49.0kilogram,20,244.66,07/06/2026,,false
SKU-00103,Industrial Solvent 5L,FOOD_DRY,SUP-106,LOC-009,WH-I-BIN-03,237.0kg,20,759.35,May 28 2026,,false
SKU-00104,Forklift Battery 24V,FOOD_COLD,SUP-015,LOC-017,WH-Q-BIN-04,328.0kilogram,0,592.24,09/07/2026,,false
SKU-00105,,PACKAGING,SUP-081,LOC-018,WH-R-BIN-05,38.0kg,40,676.13,Jun 30 2026,,false
SKU-00106,Conveyor Belt Patch,MACHINERY_PARTS,SUP-071,WH-A,WH-A-BIN-06,158.0,0,292.13,Jul 19 2026,Sep 17 2026,false
SKU-00107,,PPE,SUP-139,LOC-019,WH-S-BIN-07,438.0kilogram,10,194.64,2026-05-26,,false
SKU-00108,Label Printer Ribbon,CLEANING,SUP-170,LOC-002,WH-B-BIN-08,449.0kilogram,30,738.62,18/04/2026,27/05/2027,false
SKU-00109,Dock Leveler Seal,MEDICAL,SUP-075,LOC-017,WH-Q-BIN-09,289.0kg,40,537.19,2026-06-21,,false
SKU-00110,LED Warehouse Light,RAW_MATERIALS,SUP-090,LOC-006,WH-F-BIN-10,454.0kilogram,15,282.63,May 06 2026,,false
SKU-00112,,ELECTRONICS,SUP-197,LOC-014,WH-N-BIN-12,179.0 KG,20,396.42,May 04 2026,,false
SKU-00113,Barcode Scanner,FOOD_DRY,SUP-023,LOC-001,WH-A-BIN-13,127.0kilogram,30,660.13,May 12 2026,2027-03-26,false
SKU-00114,Fire Extinguisher 4kg,FOOD_COLD,SUP-072,wh-t,WH-T-BIN-14,459.0,15,73.96,23/04/2026,,false
SKU-00115,PVC Pipe 50mm,PACKAGING,SUP-157,LOC-002,WH-B-BIN-15,109.0,20,780.47,Feb 25 2026,,false
SKU-00116,Rubber Gasket Set,MACHINERY_PARTS,SUP-116,LOC-018,WH-R-BIN-16,372.0,10,585.47,01/02/2026,,false
SKU-00117,,PPE,SUP-171,LOC-008,WH-H-BIN-17,253.0 KG,,177.89,15/06/2026,,false
SKU-00118,Dust Mask N95 Pack,CLEANING,SUP-013,LOC-009,WH-I-BIN-18,321.0 KG,20,772.32,Apr 25 2026,,false
SKU-00120,,RAW_MATERIALS,SUP-018,LOC-008,WH-H-BIN-20,193.0kilogram,25,161.68,2026-05-15,26/04/2027,false
SKU-00121,Hand Truck,CHEMICALS,SUP-120,LOC-016,WH-P-BIN-21,241.0,40,574.22,2026-04-10,,true
SKU-00122,Spill Kit 20L,ELECTRONICS,SUP-092,LOC-018,WH-R-BIN-22,93.0kg,30,793.04,May 15 2026,,false
SKU-00124,Chain Block 1T,FOOD_COLD,SUP-018,WH-S,WH-S-BIN-24,366.0,20,392.49,2026-02-18,,false
SKU-00125,Temperature Logger,PACKAGING,SUP-164,WH-A,WH-A-BIN-25,384.0kg,15,799.57,Jul 04 2026,,false
SKU-00126,Anti-Slip Tape Roll,MACHINERY_PARTS,SUP-172,LOC-009,WH-I-BIN-26,366.0,0,514.62,2026-02-17,,false
SKU-00128,Compressed Air Hose,CLEANING,SUP-182,LOC-017,WH-Q-BIN-28,229.0kg,15,500.00,Apr 04 2026,,false
SKU-00129,First Aid Refill,MEDICAL,SUP-007,LOC-011,WH-K-BIN-29,12.0,20,283.74,2026-07-06,,false
SKU-00131,Stretch Hood Film,CHEMICALS,SUP-153,LOC-010,WH-J-BIN-31,299.0 KG,40,636.59,Feb 25 2026,,false
SKU-00132,,ELECTRONICS,SUP-023,LOC-004,WH-D-BIN-32,304.0kg,20,59.38,Mar 24 2026,2027-05-06,false
SKU-00133,Dock Bumpers Pair,FOOD_DRY,SUP-033,LOC-015,WH-O-BIN-33,253.0kilogram,30,583.93,Apr 15 2026,,false
SKU-00134,Floor Marking Paint,FOOD_COLD,SUP-055,LOC-017,WH-Q-BIN-34,79.0kg,40,519.22,2026-05-25,,false
SKU-00135,Battery Charger 24V,PACKAGING,SUP-016,LOC-006,WH-F-BIN-35,44.0kg,25,57.19,Jul 06 2026,,false
SKU-00136,Mesh Security Cage,MACHINERY_PARTS,SUP-160,wh_m,WH-M-BIN-36,266.0 KG,0,10.38,2026-05-23,,false
SKU-00138,Pallet Strap Tool,CLEANING,SUP-104,LOC-005,WH-E-BIN-38,423.0kilogram,30,55.62,2026-05-15,,false
SKU-00140,,RAW_MATERIALS,SUP-188,LOC-019,WH-S-BIN-40,374.0kg,10,565.61,22/07/2026,11/05/2027,false
SKU-00141,Steel Bolt M8,CHEMICALS,SUP-064,LOC-016,WH-P-BIN-41,194.0kg,15,665.77,Jun 30 2026,,false
SKU-00142,,ELECTRONICS,SUP-010,LOC-008,WH-H-BIN-42,123.0,0,407.95,2026-03-08,,false
SKU-00143,,FOOD_DRY,SUP-084,wh_b,WH-B-BIN-43,384.0 KG,,795.20,Jul 10 2026,,false
SKU-00144,Forklift Battery 24V,FOOD_COLD,SUP-036,whse o,WH-O-BIN-44,60.0 KG,0,517.53,2026-05-20,,false
SKU-00145,Safety Gloves L,PACKAGING,SUP-054,WH-M,WH-M-BIN-45,436.0 KG,0,420.96,23/04/2026,2026-10-05,false
SKU-00146,,MACHINERY_PARTS,SUP-005,wh-o,WH-O-BIN-46,54.0kilogram,40,751.78,07/06/2026,,false
SKU-00147,Shrink Wrap Film Roll,PPE,SUP-006,LOC-012,WH-L-BIN-47,183.0,40,496.28,2026-07-03,,false
SKU-00148,Label Printer Ribbon,CLEANING,SUP-028,LOC-018,WH-R-BIN-48,68.0kilogram,15,355.70,2026-03-05,,false
SKU-00149,Dock Leveler Seal,MEDICAL,SUP-128,Warehouse S,WH-S-BIN-49,151.0 KG,15,677.54,Jul 25 2026,2027-07-29,false
SKU-00150,LED Warehouse Light,RAW_MATERIALS,SUP-072,LOC-011,WH-K-BIN-50,23.0 KG,40,204.81,2026-03-29,,false
SKU-00151,Nitrile Gloves Box,CHEMICALS,SUP-167,whse d,WH-D-BIN-51,448.0kg,,504.69,22/05/2026,,true
SKU-00152,Pallet Jack Wheel,ELECTRONICS,SUP-177,LOC-018,WH-R-BIN-52,6.0 KG,10,754.34,23/02/2026,,false
SKU-00153,Barcode Scanner,FOOD_DRY,SUP-142,wh-j,WH-J-BIN-53,24.0kg,40,625.27,09/04/2026,,false
SKU-00154,,FOOD_COLD,SUP-065,LOC-018,WH-R-BIN-54,472.0kilogram,40,223.06,Mar 15 2026,,false
SKU-00155,PVC Pipe 50mm,PACKAGING,SUP-014,wh-j,WH-J-BIN-55,87.0,15,783.59,2026-02-05,,false
SKU-00156,Rubber Gasket Set,MACHINERY_PARTS,SUP-034,LOC-001,WH-A-BIN-56,303.0 KG,10,699.63,28/06/2026,,false
SKU-00157,Cable Tie Assorted,PPE,SUP-046,LOC-011,WH-K-BIN-57,322.0kilogram,25,654.29,2026-05-26,,false
SKU-00158,Dust Mask N95 Pack,CLEANING,SUP-090,LOC-009,WH-I-BIN-58,384.0,10,392.05,Feb 16 2026,Apr 12 2027,false
SKU-00160,Steel Shelving Unit,RAW_MATERIALS,SUP-195,whse a,WH-A-BIN-60,118.0 KG,30,237.61,Mar 27 2026,,false
SKU-00162,Spill Kit 20L,ELECTRONICS,SUP-066,WH-Q,WH-Q-BIN-62,189.0kilogram,,278.00,May 22 2026,,false
SKU-00163,Epoxy Resin 1L,FOOD_DRY,SUP-059,LOC-006,WH-F-BIN-63,142.0 KG,25,453.28,2026-04-05,,false
SKU-00164,Chain Block 1T,FOOD_COLD,SUP-080,LOC-005,WH-E-BIN-64,234.0kg,30,671.70,2026-02-14,,false
SKU-00166,Anti-Slip Tape Roll,MACHINERY_PARTS,SUP-086,WH-F,WH-F-BIN-66,453.0kg,0,178.48,2026-07-24,,false
SKU-00167,Welding Rod 3.2mm,PPE,SUP-047,LOC-006,WH-F-BIN-67,498.0,25,512.48,29/07/2026,,false
SKU-00168,Compressed Air Hose,CLEANING,SUP-059,whse g,WH-G-BIN-68,150.0kg,30,709.71,05/05/2026,2027-05-01,false
SKU-00169,First Aid Refill,MEDICAL,SUP-127,LOC-017,WH-Q-BIN-69,384.0,40,131.80,09/07/2026,,false
SKU-00170,Racking Beam 2.4m,RAW_MATERIALS,SUP-186,WH-F,WH-F-BIN-70,37.0 KG,10,173.41,May 20 2026,14/11/2026,false
SKU-00171,Stretch Hood Film,CHEMICALS,SUP-013,Warehouse E,WH-E-BIN-71,135.0 KG,15,513.19,11/03/2026,,true
SKU-00172,,ELECTRONICS,SUP-092,LOC-007,WH-G-BIN-72,36.0,0,101.97,May 11 2026,,false
SKU-00174,Floor Marking Paint,FOOD_COLD,SUP-051,LOC-018,WH-R-BIN-74,213.0kg,,604.87,2026-04-17,,false
SKU-00175,Alha Wolf Pack,PACKAGING,SUP-130,wh_k,WH-K-BIN-75,394.0,25,58.58,05/03/2026,,false
SKU-00176,Mesh Security Cage,MACHINERY_PARTS,SUP-139,LOC-016,WH-P-BIN-76,468.0,40,672.02,16/02/2026,,false
SKU-00177,Humidity Sensor Probe,PPE,SUP-076,LOC-010,WH-J-BIN-77,181.0kilogram,0,199.61,Jun 19 2026,,false
SKU-00178,Pallet Strap Tool,CLEANING,SUP-100,LOC-020,WH-T-BIN-78,274.0kg,25,466.07,Jun 21 2026,,false
SKU-00179,Coolant Concentrate,MEDICAL,SUP-054,LOC-018,WH-R-BIN-79,277.0,,316.33,2026-04-20,,false
SKU-00180,Wheel Chock Rubber,RAW_MATERIALS,SUP-103,wh-n,WH-N-BIN-80,144.0kilogram,15,648.75,2026-02-26,19/05/2027,false
SKU-00181,Steel Bolt M8,CHEMICALS,SUP-025,LOC-003,WH-C-BIN-01,152.0,20,139.44,Feb 25 2026,,false
SKU-00182,,ELECTRONICS,SUP-002,LOC-015,WH-O-BIN-02,202.0 KG,,208.81,2026-03-06,,false
SKU-00184,,FOOD_COLD,SUP-009,wh-i,WH-I-BIN-04,239.0kilogram,0,217.67,Mar 26 2026,,false
SKU-00185,Safety Gloves L,PACKAGING,SUP-091,LOC-013,WH-M-BIN-05,112.0kg,10,548.05,Feb 14 2026,,false
SKU-00186,Conveyor Belt Patch,MACHINERY_PARTS,SUP-153,LOC-009,WH-I-BIN-06,254.0kg,10,161.84,28/05/2026,Oct 20 2026,false
SKU-00187,Shrink Wrap Film Roll,PPE,SUP-094,wh_i,WH-I-BIN-07,104.0 KG,25,534.03,2026-05-08,Jan 31 2027,false
SKU-00188,Label Printer Ribbon,CLEANING,SUP-085,wh_n,WH-N-BIN-08,191.0kg,10,762.20,2026-06-06,25/08/2027,false
SKU-00189,Dock Leveler Seal,MEDICAL,SUP-153,LOC-002,WH-B-BIN-09,173.0,0,31.00,Mar 07 2026,,false
SKU-00190,,RAW_MATERIALS,SUP-115,WH-N,WH-N-BIN-10,398.0,25,347.33,18/06/2026,,false
SKU-00191,,CHEMICALS,SUP-145,Warehouse I,WH-I-BIN-11,369.0,30,240.23,2026-07-06,,true
SKU-00192,Pallet Jack Wheel,ELECTRONICS,SUP-149,whse p,WH-P-BIN-12,216.0,0,591.18,2026-06-08,,false
SKU-00193,,FOOD_DRY,SUP-151,wh_q,WH-Q-BIN-13,210.0kg,,82.54,2026-05-18,,false
SKU-00194,Fire Extinguisher 4kg,FOOD_COLD,SUP-058,wh-t,WH-T-BIN-14,129.0,25,526.95,Feb 24 2026,,false
SKU-00195,PVC Pipe 50mm,PACKAGING,SUP-133,LOC-002,WH-B-BIN-15,63.0kilogram,,551.34,Mar 21 2026,2027-03-18,false
SKU-00196,Rubber Gasket Set,MACHINERY_PARTS,SUP-115,wh_n,WH-N-BIN-16,155.0kg,40,656.16,2026-03-18,,false
SKU-00198,Dust Mask N95 Pack,CLEANING,SUP-052,LOC-015,WH-O-BIN-18,21.0 KG,15,780.58,2026-04-18,,false
SKU-00199,Wooden Pallet Std,MEDICAL,SUP-065,whse t,WH-T-BIN-19,18.0kg,20,316.32,26/02/2026,,false
SKU-00200,Steel Shelving Unit,RAW_MATERIALS,SUP-172,wh-p,WH-P-BIN-20,278.0 KG,10,47.39,2026-07-01,,false
SKU-00201,Hand Truck,CHEMICALS,SUP-059,LOC-011,WH-K-BIN-21,312.0kilogram,40,761.98,Jul 25 2026,,true
SKU-00202,Spill Kit 20L,ELECTRONICS,SUP-020,LOC-009,WH-I-BIN-22,53.0,30,469.48,15/05/2026,,false
SKU-00203,Epoxy Resin 1L,FOOD_DRY,SUP-137,LOC-020,WH-T-BIN-23,183.0kilogram,40,732.28,2026-05-18,31/10/2026,false
SKU-00204,Chain Block 1T,FOOD_COLD,SUP-100,LOC-006,WH-F-BIN-24,179.0kg,10,249.62,May 16 2026,,false
SKU-00205,Temperature Logger,PACKAGING,SUP-021,LOC-012,WH-L-BIN-25,447.0kg,15,682.04,2026-03-24,,false
SKU-00206,Anti-Slip Tape Roll,MACHINERY_PARTS,SUP-165,LOC-019,WH-S-BIN-26,485.0 KG,0,25.90,2026-07-01,2027-04-22,false
SKU-00208,Compressed Air Hose,CLEANING,SUP-089,Warehouse H,WH-H-BIN-28,369.0 KG,25,446.14,Jul 01 2026,,false
SKU-00210,Racking Beam 2.4m,RAW_MATERIALS,SUP-166,WH-J,WH-J-BIN-30,318.0kilogram,0,205.66,Jul 21 2026,,false
SKU-00212,Load Cell 500kg,ELECTRONICS,SUP-161,LOC-018,WH-R-BIN-32,152.0kilogram,20,581.43,2026-02-17,,false
SKU-00215,Battery Charger 24V,PACKAGING,SUP-026,Warehouse H,WH-H-BIN-35,5.0kg,,351.09,Jul 17 2026,Apr 09 2027,false
SKU-00216,,MACHINERY_PARTS,SUP-174,LOC-009,WH-I-BIN-36,86.0,0,288.51,2026-02-05,,false
SKU-00217,Humidity Sensor Probe,PPE,SUP-154,LOC-015,WH-O-BIN-37,129.0,10,664.52,22/04/2026,,false
SKU-00218,Pallet Strap Tool,CLEANING,SUP-039,LOC-009,WH-I-BIN-38,354.0 KG,40,455.65,24/03/2026,2027-03-02,false
SKU-00219,Coolant Concentrate,MEDICAL,SUP-137,LOC-009,WH-I-BIN-39,486.0 KG,30,530.94,Mar 15 2026,,false
SKU-00220,Wheel Chock Rubber,RAW_MATERIALS,SUP-073,LOC-014,WH-N-BIN-40,285.0kilogram,0,227.40,2026-06-16,,false
SKU-00221,Steel Bolt M8,CHEMICALS,SUP-039,LOC-003,WH-C-BIN-41,164.0kilogram,15,716.20,08/06/2026,2027-07-04,false
SKU-00222,,ELECTRONICS,SUP-181,LOC-002,WH-B-BIN-42,94.0,25,314.30,2026-06-07,2026-11-09,false
SKU-00223,Industrial Solvent 5L,FOOD_DRY,SUP-023,LOC-013,WH-M-BIN-43,145.0 KG,10,636.69,16/03/2026,,false
SKU-00224,Forklift Battery 24V,FOOD_COLD,SUP-015,Warehouse P,WH-P-BIN-44,184.0kg,40,347.10,Feb 22 2026,,false
SKU-00225,Safety Gloves L,PACKAGING,SUP-072,LOC-017,WH-Q-BIN-45,395.0kilogram,25,395.32,Jul 19 2026,,false
SKU-00226,Conveyor Belt Patch,MACHINERY_PARTS,SUP-146,WH-B,WH-B-BIN-46,150.0kg,25,459.53,2026-05-20,,false
SKU-00227,Shrink Wrap Film Roll,PPE,SUP-063,LOC-017,WH-Q-BIN-47,425.0 KG,,714.18,May 01 2026,,false
SKU-00228,Label Printer Ribbon,CLEANING,SUP-185,LOC-013,WH-M-BIN-48,82.0 KG,10,272.18,2026-04-16,,false
SKU-00229,Dock Leveler Seal,MEDICAL,SUP-113,LOC-015,WH-O-BIN-49,328.0kilogram,,246.92,2026-04-06,,false
SKU-00230,LED Warehouse Light,RAW_MATERIALS,SUP-056,LOC-011,WH-K-BIN-50,21.0,,62.51,Feb 24 2026,,false
SKU-00231,Nitrile Gloves Box,CHEMICALS,SUP-145,LOC-019,WH-S-BIN-51,84.0kilogram,15,740.51,2026-02-04,03/06/2027,false
SKU-00232,,ELECTRONICS,SUP-162,LOC-004,WH-D-BIN-52,389.0kg,20,795.63,Jun 27 2026,,false
SKU-00233,Barcode Scanner,FOOD_DRY,SUP-101,LOC-007,WH-G-BIN-53,122.0kg,30,540.27,Apr 06 2026,,false
SKU-00234,Fire Extinguisher 4kg,FOOD_COLD,SUP-120,LOC-003,WH-C-BIN-54,301.0kilogram,10,436.51,2026-04-05,,false
SKU-00235,PVC Pipe 50mm,PACKAGING,SUP-104,WH-J,WH-J-BIN-55,79.0,0,33.37,Apr 16 2026,,false
SKU-00236,Rubber Gasket Set,MACHINERY_PARTS,SUP-078,LOC-011,WH-K-BIN-56,213.0kilogram,20,552.91,Jun 07 2026,,false
SKU-00237,,PPE,SUP-050,LOC-013,WH-M-BIN-57,302.0,40,116.08,2026-02-12,12/07/2027,false
SKU-00238,Dust Mask N95 Pack,CLEANING,SUP-046,LOC-005,WH-E-BIN-58,5.0kg,15,148.10,Jul 16 2026,,false
SKU-00239,Wooden Pallet Std,MEDICAL,SUP-126,Warehouse H,WH-H-BIN-59,403.0kg,30,652.42,Jul 23 2026,,false
SKU-00240,Steel Shelving Unit,RAW_MATERIALS,SUP-165,LOC-010,WH-J-BIN-60,248.0 KG,30,173.50,2026-07-19,,false
SKU-00241,Hand Truck,CHEMICALS,SUP-045,LOC-003,WH-C-BIN-61,122.0kilogram,15,561.88,Jun 05 2026,,false
SKU-00242,,ELECTRONICS,SUP-182,LOC-016,WH-P-BIN-62,197.0kg,40,105.61,06/02/2026,2027-07-03,false
SKU-00243,Epoxy Resin 1L,FOOD_DRY,SUP-034,wh_t,WH-T-BIN-63,99.0 KG,30,356.26,May 18 2026,15/12/2026,false
SKU-00245,Temperature Logger,PACKAGING,SUP-183,LOC-009,WH-I-BIN-65,358.0,10,739.35,2026-04-01,,false
SKU-00246,Anti-Slip Tape Roll,MACHINERY_PARTS,SUP-155,LOC-010,WH-J-BIN-66,60.0kilogram,40,483.98,Mar 15 2026,Dec 23 2026,false
SKU-00247,,PPE,SUP-051,wh_e,WH-E-BIN-67,230.0 KG,0,599.42,2026-02-21,,false
SKU-00248,Compressed Air Hose,CLEANING,SUP-140,LOC-008,WH-H-BIN-68,95.0,0,449.65,2026-07-08,,false
SKU-00249,First Aid Refill,MEDICAL,SUP-141,Warehouse H,WH-H-BIN-69,4.0kilogram,10,450.54,2026-05-31,,false
SKU-00250,Racking Beam 2.4m,RAW_MATERIALS,SUP-192,LOC-014,WH-N-BIN-70,402.0kg,25,755.56,18/04/2026,,false
SKU-00251,Stretch Hood Film,CHEMICALS,SUP-077,LOC-003,WH-C-BIN-71,51.0,40,63.08,18/05/2026,,false
SKU-00252,,ELECTRONICS,SUP-023,Warehouse N,WH-N-BIN-72,388.0kg,40,516.88,Jul 28 2026,Oct 25 2026,false
SKU-00253,Dock Bumpers Pair,FOOD_DRY,SUP-180,LOC-013,WH-M-BIN-73,328.0,30,639.40,Mar 04 2026,,false
SKU-00255,Battery Charger 24V,PACKAGING,SUP-017,LOC-008,WH-H-BIN-75,337.0kilogram,40,570.19,May 04 2026,,false
SKU-00256,Mesh Security Cage,MACHINERY_PARTS,SUP-149,WH-Q,WH-Q-BIN-76,349.0kilogram,15,796.56,Mar 09 2026,2026-09-18,false
SKU-00258,Pallet Strap Tool,CLEANING,SUP-002,LOC-003,WH-C-BIN-78,101.0kilogram,25,115.05,Feb 08 2026,,false
SKU-00259,Coolant Concentrate,MEDICAL,SUP-077,LOC-016,WH-P-BIN-79,245.0kg,40,74.34,May 12 2026,,false
SKU-00261,Steel Bolt M8,CHEMICALS,SUP-131,LOC-001,WH-A-BIN-01,124.0,30,272.75,Mar 28 2026,,true
SKU-00262,Hydraulic Hose 2in,ELECTRONICS,SUP-154,LOC-009,WH-I-BIN-02,173.0,0,401.93,12/03/2026,10/05/2027,false
SKU-00263,Industrial Solvent 5L,FOOD_DRY,SUP-122,wh_i,WH-I-BIN-03,14.0kg,40,406.50,2026-02-17,,false
SKU-00265,Safety Gloves L,PACKAGING,SUP-155,Warehouse B,WH-B-BIN-05,211.0kg,10,10.46,Feb 16 2026,2026-10-16,false
SKU-00266,Conveyor Belt Patch,MACHINERY_PARTS,SUP-190,LOC-008,WH-H-BIN-06,247.0kg,,141.62,30/05/2026,,false
SKU-00267,Shrink Wrap Film Roll,PPE,SUP-024,LOC-010,WH-J-BIN-07,362.0 KG,,117.18,2026-07-19,31/01/2027,false
SKU-00268,,CLEANING,SUP-156,WH-K,WH-K-BIN-08,219.0kg,40,610.54,2026-04-13,Mar 10 2027,false
SKU-00269,Dock Leveler Seal,MEDICAL,SUP-076,LOC-018,WH-R-BIN-09,18.0 KG,20,627.70,Apr 11 2026,,false
SKU-00270,LED Warehouse Light,RAW_MATERIALS,SUP-157,wh-r,WH-R-BIN-10,64.0 KG,25,507.73,2026-04-09,,false
SKU-00274,,FOOD_COLD,SUP-197,WH-F,WH-F-BIN-14,272.0,30,503.46,16/07/2026,,false
SKU-00275,PVC Pipe 50mm,PACKAGING,SUP-177,LOC-003,WH-C-BIN-15,1.0kilogram,20,758.42,03/05/2026,,false
SKU-00277,Cable Tie Assorted,PPE,SUP-055,LOC-006,WH-F-BIN-17,218.0 KG,10,446.92,2026-05-08,Mar 29 2027,false
SKU-00278,Dust Mask N95 Pack,CLEANING,SUP-082,LOC-004,WH-D-BIN-18,476.0kg,15,22.86,2026-07-20,,false
SKU-00281,Hand Truck,CHEMICALS,SUP-071,Warehouse L,WH-L-BIN-21,2.0kilogram,25,515.28,Mar 02 2026,,false
SKU-00282,Spill Kit 20L,ELECTRONICS,SUP-122,LOC-003,WH-C-BIN-22,17.0kilogram,40,608.24,2026-03-30,24/09/2026,false
SKU-00283,Epoxy Resin 1L,FOOD_DRY,SUP-006,wh-g,WH-G-BIN-23,444.0 KG,30,354.10,28/06/2026,,false
SKU-00284,Chain Block 1T,FOOD_COLD,SUP-058,LOC-013,WH-M-BIN-24,104.0kilogram,15,204.95,Jul 01 2026,,false
SKU-00285,Temperature Logger,PACKAGING,SUP-060,WH-H,WH-H-BIN-25,118.0 KG,,689.64,06/02/2026,,false
SKU-00286,Anti-Slip Tape Roll,MACHINERY_PARTS,SUP-016,wh_c,WH-C-BIN-26,265.0kg,15,192.49,Jun 06 2026,Nov 10 2026,false
SKU-00287,Welding Rod 3.2mm,PPE,SUP-139,wh-k,WH-K-BIN-27,121.0kg,15,20.74,2026-06-16,,false
SKU-00288,Compressed Air Hose,CLEANING,SUP-080,whse o,WH-O-BIN-28,62.0kg,,297.27,Jul 17 2026,,false
SKU-00289,First Aid Refill,MEDICAL,SUP-136,LOC-017,WH-Q-BIN-29,105.0kilogram,15,30.50,2026-07-06,,false
SKU-00290,Racking Beam 2.4m,RAW_MATERIALS,SUP-026,LOC-013,WH-M-BIN-30,135.0kg,20,647.29,14/05/2026,,false
SKU-00291,,CHEMICALS,SUP-029,wh_s,WH-S-BIN-31,405.0kg,40,122.68,May 13 2026,,false
SKU-00293,Dock Bumpers Pair,FOOD_DRY,SUP-167,LOC-010,WH-J-BIN-33,340.0kg,25,47.05,26/07/2026,26/12/2026,false
SKU-00294,Floor Marking Paint,FOOD_COLD,SUP-012,WH-G,WH-G-BIN-34,360.0,40,438.92,Jul 10 2026,,false
SKU-00295,Battery Charger 24V,PACKAGING,SUP-031,LOC-017,WH-Q-BIN-35,359.0 KG,20,275.86,Apr 11 2026,,false
SKU-00296,Mesh Security Cage,MACHINERY_PARTS,SUP-155,LOC-005,WH-E-BIN-36,204.0,15,28.66,28/02/2026,,false
SKU-00297,Humidity Sensor Probe,PPE,SUP-071,LOC-020,WH-T-BIN-37,52.0kilogram,30,613.41,30/05/2026,,false
SKU-00298,Pallet Strap Tool,CLEANING,SUP-051,LOC-015,WH-O-BIN-38,14.0kg,15,492.70,2026-06-08,,false
SKU-00299,Coolant Concentrate,MEDICAL,SUP-098,wh_q,WH-Q-BIN-39,460.0,,621.04,04/05/2026,,false
SKU-00300,Wheel Chock Rubber,RAW_MATERIALS,SUP-041,whse b,WH-B-BIN-40,24.0kg,15,436.10,2026-05-15,Dec 05 2026,false
SKU-00302,Hydraulic Hose 2in,ELECTRONICS,SUP-179,LOC-019,WH-S-BIN-42,250.0,15,764.57,2026-05-20,02/12/2026,false
SKU-00303,Industrial Solvent 5L,FOOD_DRY,SUP-084,LOC-013,WH-M-BIN-43,299.0kg,10,750.66,Jul 05 2026,,false
SKU-00304,Forklift Battery 24V,FOOD_COLD,SUP-112,whse i,WH-I-BIN-44,342.0kg,10,34.42,2026-04-05,Jan 12 2027,false
SKU-00305,Safety Gloves L,PACKAGING,SUP-130,Warehouse S,WH-S-BIN-45,8.0,15,630.99,Feb 05 2026,,false
SKU-00306,Conveyor Belt Patch,MACHINERY_PARTS,SUP-162,LOC-014,WH-N-BIN-46,71.0,10,643.93,04/06/2026,,false
SKU-00307,Shrink Wrap Film Roll,PPE,SUP-113,LOC-004,WH-D-BIN-47,143.0kg,,486.28,Mar 08 2026,,false
SKU-00308,,CLEANING,SUP-052,wh-n,WH-N-BIN-48,68.0kilogram,15,680.13,Apr 03 2026,2026-12-31,false
SKU-00309,Dock Leveler Seal,MEDICAL,SUP-052,wh-k,WH-K-BIN-49,273.0 KG,10,301.75,2026-06-13,05/06/2027,false
SKU-00311,,CHEMICALS,SUP-165,wh_a,WH-A-BIN-51,65.0kg,,396.22,May 06 2026,,false
SKU-00312,Pallet Jack Wheel,ELECTRONICS,SUP-137,WH-C,WH-C-BIN-52,1.0kg,15,379.41,2026-05-23,Jun 13 2027,false
SKU-00313,Barcode Scanner,FOOD_DRY,SUP-172,LOC-001,WH-A-BIN-53,322.0kilogram,30,563.23,25/05/2026,,false
SKU-00314,Fire Extinguisher 4kg,FOOD_COLD,SUP-059,LOC-005,WH-E-BIN-54,61.0kilogram,20,32.35,2026-06-20,,false
SKU-00315,PVC Pipe 50mm,PACKAGING,SUP-080,wh_n,WH-N-BIN-55,76.0kg,15,697.58,22/03/2026,,false
SKU-00316,Rubber Gasket Set,MACHINERY_PARTS,SUP-019,LOC-010,WH-J-BIN-56,389.0,25,224.19,2026-05-18,,false
SKU-00317,Cable Tie Assorted,PPE,SUP-120,LOC-016,WH-P-BIN-57,322.0kg,40,498.00,Feb 24 2026,,false
SKU-00318,Dust Mask N95 Pack,CLEANING,SUP-159,LOC-007,WH-G-BIN-58,459.0kilogram,40,663.30,Apr 28 2026,Mar 06 2027,false
SKU-00319,Wooden Pallet Std,MEDICAL,SUP-002,wh_o,WH-O-BIN-59,148.0kg,0,694.24,Jun 12 2026,,false
SKU-00321,Hand Truck,CHEMICALS,SUP-057,LOC-010,WH-J-BIN-61,339.0,20,450.76,22/03/2026,16/06/2027,false
SKU-00322,Spill Kit 20L,ELECTRONICS,SUP-133,WH-M,WH-M-BIN-62,169.0,25,725.41,2026-06-08,May 09 2027,false
SKU-00323,Epoxy Resin 1L,FOOD_DRY,SUP-068,LOC-004,WH-D-BIN-63,39.0kg,40,42.42,Jul 03 2026,Sep 09 2026,false
SKU-00324,Chain Block 1T,FOOD_COLD,SUP-057,LOC-001,WH-A-BIN-64,76.0 KG,30,394.28,Apr 26 2026,,false
SKU-00325,Temperature Logger,PACKAGING,SUP-120,LOC-019,WH-S-BIN-65,425.0 KG,30,725.21,May 27 2026,31/03/2027,false
SKU-00328,Compressed Air Hose,CLEANING,SUP-086,Warehouse B,WH-B-BIN-68,174.0kg,,508.09,2026-03-30,,false
SKU-00329,First Aid Refill,MEDICAL,SUP-091,LOC-011,WH-K-BIN-69,425.0kg,10,444.57,2026-03-17,,false
SKU-00330,Racking Beam 2.4m,RAW_MATERIALS,SUP-143,wh_r,WH-R-BIN-70,493.0,10,523.05,2026-03-04,Apr 21 2027,false
SKU-00331,,CHEMICALS,SUP-176,LOC-011,WH-K-BIN-71,294.0kilogram,30,633.42,24/06/2026,23/12/2026,false
SKU-00332,Load Cell 500kg,ELECTRONICS,SUP-079,LOC-004,WH-D-BIN-72,134.0,,428.16,Apr 10 2026,,false
SKU-00333,Dock Bumpers Pair,FOOD_DRY,SUP-107,Warehouse Q,WH-Q-BIN-73,409.0,15,621.01,13/03/2026,,false
SKU-00334,Floor Marking Paint,FOOD_COLD,SUP-046,LOC-015,WH-O-BIN-74,127.0kg,10,179.89,Jun 21 2026,2027-05-25,false
SKU-00335,Battery Charger 24V,PACKAGING,SUP-124,LOC-005,WH-E-BIN-75,179.0,10,382.58,Feb 03 2026,Nov 09 2026,false
SKU-00336,Mesh Security Cage,MACHINERY_PARTS,SUP-008,LOC-010,WH-J-BIN-76,214.0,,494.44,May 24 2026,,false
SKU-00337,Humidity Sensor Probe,PPE,SUP-144,LOC-012,WH-L-BIN-77,104.0 KG,10,98.31,Mar 23 2026,,false
SKU-00338,Pallet Strap Tool,CLEANING,SUP-130,LOC-004,WH-D-BIN-78,351.0kg,20,21.04,May 08 2026,,false
SKU-00340,Wheel Chock Rubber,RAW_MATERIALS,SUP-169,LOC-008,WH-H-BIN-80,287.0kg,30,391.48,23/05/2026,,false
SKU-00341,Steel Bolt M8,CHEMICALS,SUP-012,LOC-019,WH-S-BIN-01,313.0kilogram,30,793.94,2026-03-16,,false
SKU-00343,,FOOD_DRY,SUP-037,LOC-007,WH-G-BIN-03,5.0 KG,20,578.37,2026-04-17,,false
SKU-00344,Forklift Battery 24V,FOOD_COLD,SUP-060,LOC-004,WH-D-BIN-04,199.0kg,15,199.30,2026-07-15,Sep 04 2027,false
SKU-00345,Safety Gloves L,PACKAGING,SUP-197,wh_f,WH-F-BIN-05,184.0 KG,,552.35,12/06/2026,,false
SKU-00346,Conveyor Belt Patch,MACHINERY_PARTS,SUP-162,LOC-010,WH-J-BIN-06,81.0,30,284.09,2026-04-05,2027-07-27,false
SKU-00347,Shrink Wrap Film Roll,PPE,SUP-143,LOC-004,WH-D-BIN-07,402.0kg,,109.74,11/02/2026,,false
SKU-00348,,CLEANING,SUP-159,LOC-007,WH-G-BIN-08,239.0,0,111.02,2026-02-18,,false
SKU-00349,,MEDICAL,SUP-180,whse l,WH-L-BIN-09,347.0kg,10,410.97,Jun 14 2026,,false
SKU-00350,LED Warehouse Light,RAW_MATERIALS,SUP-072,LOC-015,WH-O-BIN-10,356.0kilogram,20,280.48,2026-03-04,,false
SKU-00351,,CHEMICALS,SUP-039,LOC-020,WH-T-BIN-11,29.0,,786.53,2026-03-31,,false
SKU-00352,Pallet Jack Wheel,ELECTRONICS,SUP-107,LOC-008,WH-H-BIN-12,453.0kg,20,758.44,Mar 26 2026,,false
SKU-00353,Barcode Scanner,FOOD_DRY,SUP-047,LOC-004,WH-D-BIN-13,169.0 KG,10,519.79,Jul 16 2026,29/09/2026,false
SKU-00354,Fire Extinguisher 4kg,FOOD_COLD,SUP-085,Warehouse T,WH-T-BIN-14,125.0,30,617.64,2026-03-14,,false
SKU-00355,PVC Pipe 50mm,PACKAGING,SUP-056,whse m,WH-M-BIN-15,3.0kg,15,551.02,2026-03-25,,false
SKU-00356,Rubber Gasket Set,MACHINERY_PARTS,SUP-123,wh-j,WH-J-BIN-16,369.0 KG,20,393.42,2026-05-08,Mar 19 2027,false
SKU-00357,Cable Tie Assorted,PPE,SUP-026,LOC-005,WH-E-BIN-17,28.0 KG,,135.26,23/03/2026,,false
SKU-00358,Dust Mask N95 Pack,CLEANING,SUP-117,LOC-019,WH-S-BIN-18,163.0kilogram,0,494.90,2026-02-05,,false
SKU-00359,Wooden Pallet Std,MEDICAL,SUP-053,LOC-019,WH-S-BIN-19,485.0kg,20,551.14,May 20 2026,,false
SKU-00360,Steel Shelving Unit,RAW_MATERIALS,SUP-154,WH-P,WH-P-BIN-20,206.0kilogram,15,693.98,22/04/2026,,false
SKU-00361,Hand Truck,CHEMICALS,SUP-027,whse f,WH-F-BIN-21,186.0kilogram,40,334.57,Apr 16 2026,,false
SKU-00362,Spill Kit 20L,ELECTRONICS,SUP-135,WH-C,WH-C-BIN-22,328.0,,743.98,30/03/2026,,false
SKU-00363,Epoxy Resin 1L,FOOD_DRY,SUP-023,LOC-002,WH-B-BIN-23,2.0,15,352.54,13/06/2026,,false
SKU-00364,Chain Block 1T,FOOD_COLD,SUP-031,wh-e,WH-E-BIN-24,397.0,40,731.39,2026-05-02,,false
SKU-00365,Temperature Logger,PACKAGING,SUP-071,LOC-019,WH-S-BIN-25,54.0,0,390.26,15/06/2026,,false
SKU-00366,Anti-Slip Tape Roll,MACHINERY_PARTS,SUP-197,LOC-001,WH-A-BIN-26,194.0kg,20,355.05,Apr 22 2026,,false
SKU-00367,Welding Rod 3.2mm,PPE,SUP-117,wh-s,WH-S-BIN-27,71.0,30,121.99,2026-05-22,Mar 22 2027,false
SKU-00368,Compressed Air Hose,CLEANING,SUP-148,LOC-008,WH-H-BIN-28,357.0kilogram,25,178.19,21/07/2026,,false
SKU-00369,First Aid Refill,MEDICAL,SUP-151,LOC-015,WH-O-BIN-29,108.0 KG,30,466.27,2026-07-11,10/06/2027,false
SKU-00370,,RAW_MATERIALS,SUP-129,LOC-016,WH-P-BIN-30,406.0 KG,,691.27,2026-06-04,,false
SKU-00372,Load Cell 500kg,ELECTRONICS,SUP-028,LOC-003,WH-C-BIN-32,252.0 KG,30,593.96,24/06/2026,,false
SKU-00373,Dock Bumpers Pair,FOOD_DRY,SUP-165,LOC-013,WH-M-BIN-33,313.0,0,351.35,May 07 2026,,false
SKU-00374,Floor Marking Paint,FOOD_COLD,SUP-013,Warehouse D,WH-D-BIN-34,452.0kg,20,500.46,Jun 06 2026,,false
SKU-00375,,PACKAGING,SUP-077,LOC-010,WH-J-BIN-35,480.0kilogram,0,275.86,Jul 30 2026,,false
SKU-00376,Mesh Security Cage,MACHINERY_PARTS,SUP-159,LOC-002,WH-B-BIN-36,249.0 KG,20,606.58,2026-03-01,,false
SKU-00377,Humidity Sensor Probe,PPE,SUP-150,LOC-006,WH-F-BIN-37,456.0kilogram,15,747.02,2026-02-14,,false
SKU-00378,Pallet Strap Tool,CLEANING,SUP-100,LOC-004,WH-D-BIN-38,230.0kg,0,726.36,01/02/2026,,false
SKU-00381,Steel Bolt M8,CHEMICALS,SUP-034,LOC-019,WH-S-BIN-41,221.0,30,187.40,Apr 12 2026,,false
SKU-00382,Hydraulic Hose 2in,ELECTRONICS,SUP-116,LOC-016,WH-P-BIN-42,238.0kilogram,0,309.78,26/04/2026,10/03/2027,false
SKU-00383,Industrial Solvent 5L,FOOD_DRY,SUP-122,LOC-005,WH-E-BIN-43,13.0kg,15,290.27,28/07/2026,,false
SKU-00384,,FOOD_COLD,SUP-003,whse i,WH-I-BIN-44,306.0kg,40,762.86,2026-06-01,,false
SKU-00386,Conveyor Belt Patch,MACHINERY_PARTS,SUP-026,LOC-002,WH-B-BIN-46,255.0kg,10,517.25,Jul 29 2026,Jun 04 2027,false
SKU-00387,Shrink Wrap Film Roll,PPE,SUP-153,wh-p,WH-P-BIN-47,274.0 KG,,465.41,2026-03-24,,false
SKU-00388,Label Printer Ribbon,CLEANING,SUP-175,LOC-018,WH-R-BIN-48,83.0kilogram,25,565.56,2026-04-15,30/03/2027,false
SKU-00389,,MEDICAL,SUP-067,LOC-014,WH-N-BIN-49,474.0,10,106.62,09/03/2026,,false
SKU-00390,,RAW_MATERIALS,SUP-038,LOC-001,WH-A-BIN-50,483.0,15,673.08,2026-04-11,,false
SKU-00391,Nitrile Gloves Box,CHEMICALS,SUP-179,wh_c,WH-C-BIN-51,23.0 KG,25,450.10,2026-04-20,,false
SKU-00392,,ELECTRONICS,SUP-104,LOC-006,WH-F-BIN-52,274.0kilogram,20,176.28,17/03/2026,,false
SKU-00393,Barcode Scanner,FOOD_DRY,SUP-051,wh_g,WH-G-BIN-53,312.0 KG,0,584.59,May 24 2026,09/08/2027,false
SKU-00394,Fire Extinguisher 4kg,FOOD_COLD,SUP-160,LOC-001,WH-A-BIN-54,384.0 KG,30,63.99,2026-04-18,,false
SKU-00395,PVC Pipe 50mm,PACKAGING,SUP-148,whse i,WH-I-BIN-55,207.0kg,,238.60,08/04/2026,,false
SKU-00396,Rubber Gasket Set,MACHINERY_PARTS,SUP-081,LOC-007,WH-G-BIN-56,303.0kg,30,543.91,06/02/2026,,false
SKU-00397,Cable Tie Assorted,PPE,SUP-007,LOC-015,WH-O-BIN-57,436.0kg,40,125.17,Feb 22 2026,,false
SKU-00400,Steel Shelving Unit,RAW_MATERIALS,SUP-037,LOC-011,WH-K-BIN-60,231.0,30,202.46,2026-04-01,,false
SKU-00401,Hand Truck,CHEMICALS,SUP-129,LOC-004,WH-D-BIN-61,450.0,30,329.01,Jul 19 2026,,false
SKU-00402,Spill Kit 20L,ELECTRONICS,SUP-186,LOC-004,WH-D-BIN-62,34.0,,456.12,Apr 01 2026,,false
SKU-00403,Epoxy Resin 1L,FOOD_DRY,SUP-099,LOC-013,WH-M-BIN-63,11.0kilogram,40,735.79,04/02/2026,2027-07-27,false
SKU-00404,,FOOD_COLD,SUP-079,LOC-014,WH-N-BIN-64,86.0kilogram,,110.92,May 04 2026,Nov 23 2026,false
SKU-00405,Temperature Logger,PACKAGING,SUP-047,LOC-011,WH-K-BIN-65,35.0,15,777.49,2026-02-13,2027-01-10,false
SKU-00407,Welding Rod 3.2mm,PPE,SUP-038,whse d,WH-D-BIN-67,471.0kg,40,799.91,Feb 15 2026,2027-01-09,false
SKU-00408,Compressed Air Hose,CLEANING,SUP-148,Warehouse A,WH-A-BIN-68,74.0 KG,20,323.37,25/05/2026,,false
SKU-00409,First Aid Refill,MEDICAL,SUP-041,LOC-012,WH-L-BIN-69,375.0kilogram,,312.81,Apr 15 2026,,false
SKU-00410,Racking Beam 2.4m,RAW_MATERIALS,SUP-144,wh_t,WH-T-BIN-70,235.0 KG,,260.22,Feb 27 2026,,false
SKU-00411,Stretch Hood Film,CHEMICALS,SUP-105,wh-f,WH-F-BIN-71,281.0kilogram,15,297.85,Mar 27 2026,,true
SKU-00412,Load Cell 500kg,ELECTRONICS,SUP-183,LOC-007,WH-G-BIN-72,166.0,10,325.46,May 15 2026,,false
SKU-00414,Floor Marking Paint,FOOD_COLD,SUP-129,wh-q,WH-Q-BIN-74,290.0,20,33.20,Feb 12 2026,,false
SKU-00416,Mesh Security Cage,MACHINERY_PARTS,SUP-154,LOC-014,WH-N-BIN-76,393.0kilogram,30,104.62,Apr 01 2026,Jun 15 2027,false
SKU-00417,Humidity Sensor Probe,PPE,SUP-016,LOC-003,WH-C-BIN-77,175.0 KG,20,526.18,03/06/2026,,false
SKU-00419,Coolant Concentrate,MEDICAL,SUP-139,LOC-014,WH-N-BIN-79,47.0kg,,426.96,2026-03-17,,false
SKU-00420,Wheel Chock Rubber,RAW_MATERIALS,SUP-132,wh-o,WH-O-BIN-80,295.0 KG,20,115.51,04/04/2026,20/10/2026,false
SKU-00421,Steel Bolt M8,CHEMICALS,SUP-159,LOC-016,WH-P-BIN-01,39.0kilogram,0,769.38,2026-03-14,,false
SKU-00422,Hydraulic Hose 2in,ELECTRONICS,SUP-020,LOC-011,WH-K-BIN-02,374.0kilogram,40,274.02,2026-05-27,,false
SKU-00423,,FOOD_DRY,SUP-148,WH-F,WH-F-BIN-03,348.0,25,586.10,2026-03-26,Apr 23 2027,false
SKU-00424,,FOOD_COLD,SUP-060,LOC-007,WH-G-BIN-04,21.0,30,74.14,10/02/2026,,false
SKU-00425,,PACKAGING,SUP-043,LOC-007,WH-G-BIN-05,484.0kilogram,40,583.61,Feb 15 2026,,false
SKU-00426,Conveyor Belt Patch,MACHINERY_PARTS,SUP-080,LOC-020,WH-T-BIN-06,174.0 KG,40,612.98,08/06/2026,2027-01-12,false
SKU-00427,Shrink Wrap Film Roll,PPE,SUP-004,LOC-005,WH-E-BIN-07,477.0kg,10,442.17,2026-04-22,,false
SKU-00428,,CLEANING,SUP-140,LOC-012,WH-L-BIN-08,109.0kilogram,25,751.10,25/05/2026,,false
SKU-00429,Dock Leveler Seal,MEDICAL,SUP-125,Warehouse R,WH-R-BIN-09,54.0,30,135.44,07/07/2026,,false
SKU-00431,Nitrile Gloves Box,CHEMICALS,SUP-166,LOC-015,WH-O-BIN-11,223.0 KG,20,390.10,17/06/2026,,false
SKU-00432,Pallet Jack Wheel,ELECTRONICS,SUP-182,wh-c,WH-C-BIN-12,27.0kilogram,40,691.90,2026-06-15,Dec 05 2026,false
SKU-00433,,FOOD_DRY,SUP-058,whse i,WH-I-BIN-13,79.0kilogram,15,764.49,2026-05-27,,false
SKU-00434,Fire Extinguisher 4kg,FOOD_COLD,SUP-179,LOC-016,WH-P-BIN-14,224.0kilogram,40,40.71,May 08 2026,,false
SKU-00435,PVC Pipe 50mm,PACKAGING,SUP-182,WH-G,WH-G-BIN-15,40.0kilogram,10,417.53,May 22 2026,,false
SKU-00436,Rubber Gasket Set,MACHINERY_PARTS,SUP-115,LOC-004,WH-D-BIN-16,270.0kilogram,,669.51,27/03/2026,2027-06-15,false
SKU-00437,Cable Tie Assorted,PPE,SUP-068,LOC-011,WH-K-BIN-17,136.0 KG,10,575.29,Jul 29 2026,Dec 07 2026,false
SKU-00438,,CLEANING,SUP-082,whse d,WH-D-BIN-18,486.0kg,10,603.43,Jun 27 2026,,false
SKU-00439,Wooden Pallet Std,MEDICAL,SUP-158,LOC-005,WH-E-BIN-19,5.0kg,30,167.09,Apr 03 2026,22/12/2026,false
SKU-00440,Steel Shelving Unit,RAW_MATERIALS,SUP-065,wh-a,WH-A-BIN-20,184.0 KG,40,328.91,26/07/2026,2027-05-20,false
SKU-00441,Hand Truck,CHEMICALS,SUP-043,LOC-016,WH-P-BIN-21,172.0kg,30,404.07,Jun 12 2026,,false
SKU-00442,Spill Kit 20L,ELECTRONICS,SUP-032,LOC-011,WH-K-BIN-22,313.0kg,15,539.80,2026-06-23,Apr 13 2027,false
SKU-00443,,FOOD_DRY,SUP-188,Warehouse R,WH-R-BIN-23,190.0kg,20,577.10,30/06/2026,,false
SKU-00444,,FOOD_COLD,SUP-011,LOC-013,WH-M-BIN-24,99.0 KG,40,775.74,May 16 2026,,false
SKU-00445,Temperature Logger,PACKAGING,SUP-113,WH-R,WH-R-BIN-25,234.0kilogram,0,290.54,21/04/2026,,false
SKU-00446,Anti-Slip Tape Roll,MACHINERY_PARTS,SUP-035,LOC-004,WH-D-BIN-26,14.0 KG,30,715.07,May 10 2026,,false
SKU-00447,Welding Rod 3.2mm,PPE,SUP-032,whse f,WH-F-BIN-27,38.0,10,266.20,Jul 10 2026,,false
SKU-00449,,MEDICAL,SUP-098,wh_k,WH-K-BIN-29,220.0,0,443.75,05/05/2026,,false
SKU-00450,,RAW_MATERIALS,SUP-114,LOC-020,WH-T-BIN-30,73.0kg,0,92.53,2026-06-27,06/10/2026,false
SKU-00451,Stretch Hood Film,CHEMICALS,SUP-038,wh_t,WH-T-BIN-31,294.0kilogram,40,8.85,2026-06-17,,false
SKU-00454,Floor Marking Paint,FOOD_COLD,SUP-065,LOC-006,WH-F-BIN-34,337.0,,287.44,2026-05-01,,false
SKU-00457,Humidity Sensor Probe,PPE,SUP-139,LOC-009,WH-I-BIN-37,473.0,30,657.02,2026-02-19,,false
SKU-00458,,CLEANING,SUP-100,LOC-002,WH-B-BIN-38,45.0kg,30,439.83,21/03/2026,,false
SKU-00459,Coolant Concentrate,MEDICAL,SUP-139,LOC-017,WH-Q-BIN-39,316.0kilogram,30,666.48,14/05/2026,,false
SKU-00460,Wheel Chock Rubber,RAW_MATERIALS,SUP-001,LOC-009,WH-I-BIN-40,39.0 KG,25,605.24,22/07/2026,,false
SKU-00461,Steel Bolt M8,CHEMICALS,SUP-163,LOC-019,WH-S-BIN-41,325.0kg,20,515.72,2026-07-04,,false
SKU-00464,Forklift Battery 24V,FOOD_COLD,SUP-001,wh_f,WH-F-BIN-44,414.0kilogram,0,400.02,2026-07-17,,false
SKU-00466,Conveyor Belt Patch,MACHINERY_PARTS,SUP-085,LOC-003,WH-C-BIN-46,30.0 KG,15,167.01,22/04/2026,,false
SKU-00467,Shrink Wrap Film Roll,PPE,SUP-115,LOC-015,WH-O-BIN-47,196.0 KG,10,111.10,Jun 01 2026,,false
SKU-00468,Label Printer Ribbon,CLEANING,SUP-079,LOC-018,WH-R-BIN-48,381.0kg,10,557.54,02/03/2026,,false
SKU-00469,Dock Leveler Seal,MEDICAL,SUP-058,LOC-004,WH-D-BIN-49,211.0kilogram,15,287.28,09/03/2026,2027-08-24,false
SKU-00470,LED Warehouse Light,RAW_MATERIALS,SUP-067,wh-q,WH-Q-BIN-50,350.0,0,552.58,May 14 2026,,false
SKU-00471,Nitrile Gloves Box,CHEMICALS,SUP-109,LOC-003,WH-C-BIN-51,268.0 KG,15,538.04,2026-07-02,2026-11-03,true
SKU-00472,,ELECTRONICS,SUP-078,LOC-011,WH-K-BIN-52,159.0 KG,40,602.57,Jul 27 2026,,false
SKU-00473,Barcode Scanner,FOOD_DRY,SUP-174,LOC-005,WH-E-BIN-53,407.0,20,553.64,2026-04-22,2027-08-12,false
SKU-00475,PVC Pipe 50mm,PACKAGING,SUP-127,wh-a,WH-A-BIN-55,146.0kg,10,677.11,2026-03-27,,false
SKU-00476,Rubber Gasket Set,MACHINERY_PARTS,SUP-004,LOC-008,WH-H-BIN-56,344.0 KG,30,565.03,2026-02-18,,false
SKU-00477,Cable Tie Assorted,PPE,SUP-003,LOC-013,WH-M-BIN-57,117.0 KG,,33.70,2026-02-18,03/02/2027,false
SKU-00478,Dust Mask N95 Pack,CLEANING,SUP-173,LOC-006,WH-F-BIN-58,172.0,0,739.62,04/07/2026,01/02/2027,false
SKU-00479,Wooden Pallet Std,MEDICAL,SUP-020,LOC-006,WH-F-BIN-59,304.0,,566.75,17/02/2026,,false
SKU-00480,Steel Shelving Unit,RAW_MATERIALS,SUP-168,LOC-007,WH-G-BIN-60,178.0,0,220.57,28/04/2026,Oct 04 2026,false
SKU-00481,Hand Truck,CHEMICALS,SUP-022,LOC-002,WH-B-BIN-61,4.0kg,15,424.06,2026-04-10,19/11/2026,false
SKU-00482,Spill Kit 20L,ELECTRONICS,SUP-110,Warehouse N,WH-N-BIN-62,244.0,,716.46,2026-03-24,,false
SKU-00483,Epoxy Resin 1L,FOOD_DRY,SUP-098,LOC-007,WH-G-BIN-63,125.0kilogram,15,227.22,2026-07-06,Jun 17 2027,false
SKU-00484,Chain Block 1T,FOOD_COLD,SUP-130,LOC-014,WH-N-BIN-64,201.0 KG,0,719.10,2026-02-12,24/06/2027,false
SKU-00485,,PACKAGING,SUP-001,WH-T,WH-T-BIN-65,288.0,40,28.52,2026-05-14,,false
SKU-00486,Anti-Slip Tape Roll,MACHINERY_PARTS,SUP-029,LOC-013,WH-M-BIN-66,260.0 KG,30,564.97,31/03/2026,17/07/2027,false
SKU-00488,Compressed Air Hose,CLEANING,SUP-069,wh-e,WH-E-BIN-68,219.0,0,624.78,08/07/2026,,false
SKU-00492,,ELECTRONICS,SUP-131,Warehouse A,WH-A-BIN-72,284.0,0,191.73,2026-05-24,,false
SKU-00493,Dock Bumpers Pair,FOOD_DRY,SUP-160,whse g,WH-G-BIN-73,447.0 KG,25,578.56,Feb 09 2026,,false
SKU-00497,Humidity Sensor Probe,PPE,SUP-041,LOC-016,WH-P-BIN-77,462.0kilogram,20,133.42,Jun 18 2026,,false
SKU-00498,Pallet Strap Tool,CLEANING,SUP-064,LOC-003,WH-C-BIN-78,90.0,15,59.39,2026-04-18,2027-03-19,false
SKU-00499,Coolant Concentrate,MEDICAL,SUP-166,LOC-020,WH-T-BIN-79,13.0 KG,20,729.13,Apr 07 2026,,false
SKU-00500,Wheel Chock Rubber,RAW_MATERIALS,SUP-095,LOC-009,WH-I-BIN-80,493.0kilogram,10,494.87,Feb 10 2026,,false
SKU-OO182,Spill Kit 20L,ELECTRONICS,SUP-072,LOC-019,WH-S-BIN-62,69.0,,718.05,2026-03-04,May 22 2027,false
SKU-OOO86,Anti-Slip Tape Roll,MACHINERY_PARTS,SUP-062,LOC-007,WH-G-BIN-66,142.0kilogram,15,673.46,May 12 2026,,false
SKU-OO25O,LED Warehouse Light,RAW_MATERIALS,SUP-059,LOC-010,WH-J-BIN-50,417.0,15,248.65,07/02/2026,Aug 24 2027,false
SKU-OO499,Wooden Pallet Std,MEDICAL,SUP-052,LOC-020,WH-T-BIN-59,182.0,15,618.67,May 18 2026,,false
SKU-OO216,Mesh Security Cage,MACHINERY_PARTS,SUP-115,LOC-002,WH-B-BIN-36,449.0kilogram,,364.57,Jun 26 2026,,false
SKU-OO423,Epoxy Resin 1L,FOOD_DRY,SUP-081,wh_s,WH-S-BIN-63,23.0,0,287.96,2026-06-30,Apr 25 2026,false
SKU-OOO16,Rubber Gasket Set,MACHINERY_PARTS,SUP-101,LOC-004,WH-D-BIN-56,444.0,15,240.26,15/05/2026,,false
SKU-OO243,Epoxy Resin 1L,FOOD_DRY,SUP-196,wh_t,WH-T-BIN-23,446.0 KG,25,635.34,07/07/2026,,false
SKU-OO228,Label Printer Ribbon,CLEANING,SUP-002,wh_o,WH-O-BIN-48,260.0,10,273.83,Jun 16 2026,,false
SKU-OO461,Steel Bolt M8,CHEMICALS,SUP-078,LOC-001,WH-A-BIN-41,400.0 KG,0,607.79,2026-07-17,2027-03-31,true
SKU-OO428,,CLEANING,SUP-140,LOC-012,WH-L-BIN-08,109.0kilogram,25,751.10,25/05/2026,,false
SKU-OO478,Dust Mask N95 Pack,CLEANING,SUP-035,LOC-013,WH-M-BIN-18,49.0 KG,10,476.88,Jun 24 2026,,false
SKU-OO494,Fire Extinguisher 4kg,FOOD_COLD,SUP-004,WH-M,WH-M-BIN-54,281.0KG,,13.47,2026-06-20,,false
SKU-OO21O,LED Warehouse Light,RAW_MATERIALS,SUP-162,LOC-016,WH-P-BIN-50,193.0,15,479.84,Mar 03 2026,Feb 08 2027,false
SKU-OO427,Welding Rod 3.2mm,PPE,SUP-115,LOC-015,WH-O-BIN-27,20.0,25,415.05,14/05/2026,,false
SKU-OO383,Epoxy Resin 1L,FOOD_DRY,SUP-167,whse k,WH-K-BIN-23,406.0,40,29.58,2026-03-04,16/07/2027,false
SKU-OOO55,PVC Pipe 50mm,PACKAGING,SUP-097,wh-e,WH-E-BIN-15,368.0,15,281.28,Jun 13 2026,,false
SKU-OO198,Pallet Strap Tool,CLEANING,SUP-089,wh_p,WH-P-BIN-78,23.0kilogram,30,557.88,2026-04-08,,false
SKU-OO328,,CLEANING,SUP-028,LOC-018,WH-R-BIN-08,350.0KG,15,113.72,Mar 15 2026,,false
SKU-OO384,Chain Block 1T,FOOD_COLD,SUP-173,LOC-010,WH-J-BIN-24,177.0 KG,10,552.32,2026-06-02,,false
SKU-OO348,Compressed Air Hose,CLEANING,SUP-120,LOC-018,WH-R-BIN-68,141.0kilogram,0,65.62,Mar 13 2026,Jul 03 2027,false
SKU-OO338,Pallet Strap Tool,CLEANING,SUP-146,whse o,WH-O-BIN-78,35.0kilogram,10,142.37,2026-05-04,,false
SKU-OOO27,Welding Rod 3.2mm,PPE,SUP-038,LOC-015,WH-O-BIN-67,462.0 KG,25,211.72,30/07/2026,,false
SKU-OO1O4,Chain Block 1T,FOOD_COLD,SUP-024,LOC-002,WH-B-BIN-24,214.0KG,25,562.87,09/07/2026,,false
SKU-OO373,Barcode Scanner,FOOD_DRY,SUP-118,wh-a,WH-A-BIN-13,102.0 KG,40,717.09,Jul 19 2026,,false
SKU-OOO99,Wooden Pallet Std,MEDICAL,SUP-003,wh_i,WH-I-BIN-59,430.0kilogram,30,155.54,2026-03-14,,false
SKU-OO4O3,,FOOD_DRY,SUP-153,LOC-006,WH-F-BIN-23,398.0,15,468.28,Jun 05 2026,04/06/2026,false
SKU-OO2O5,Temperature Logger,PACKAGING,SUP-136,LOC-013,WH-M-BIN-25,293.0kilogram,15,261.23,2026-02-07,23/06/2027,false
SKU-OO374,Floor Marking Paint,FOOD_COLD,SUP-044,wh-n,WH-N-BIN-34,395.0 KG,10,62.14,14/05/2026,,false
SKU-OO457,Cable Tie Assorted,PPE,SUP-091,LOC-020,WH-T-BIN-17,170.0KG,25,279.98,May 20 2026,,false
SKU-OO11O,LED Warehouse Light,RAW_MATERIALS,SUP-121,LOC-020,WH-T-BIN-10,371.0 KG,10,362.89,2026-07-25,,false
SKU-OO135,PVC Pipe 50mm,PACKAGING,SUP-060,LOC-008,WH-H-BIN-15,3.0 KG,10,544.34,2026-07-08,,false
SKU-OO236,Mesh Security Cage,MACHINERY_PARTS,SUP-118,LOC-017,WH-Q-BIN-36,496.0kilogram,40,127.96,2026-04-16,Dec 09 2026,false
SKU-OO456,Rubber Gasket Set,MACHINERY_PARTS,SUP-007,LOC-015,WH-O-BIN-16,4.0,29,116.40,May 10 2026,,false
SKU-OOO89,First Aid Refill,MEDICAL,SUP-049,LOC-001,WH-A-BIN-29,60.0kilogram,15,330.35,29/05/2026,10/06/2027,false
SKU-OO4O9,First Aid Refill,MEDICAL,SUP-041,LOC-012,WH-L-BIN-69,375.0kilogram,,312.81,Apr 15 2026,,false
SKU-OO3O5,,PACKAGING,SUP-173,Warehouse H,WH-H-BIN-05,29.0 KG,30,556.32,2026-07-08,,false
SKU-OO294,Floor Marking Paint,FOOD_COLD,SUP-169,whse e,WH-E-BIN-34,27.0kilogram,30,718.01,2026-04-17,,false
SKU-OO448,Label Printer Ribbon,CLEANING,SUP-064,LOC-002,WH-B-BIN-48,176.0kilogram,30,548.08,May 01 2026,Feb 23 2027,false
SKU-OO2O6,Conveyor Belt Patch,MACHINERY_PARTS,SUP-034,LOC-007,WH-G-BIN-46,11.0 KG,20,470.11,24/06/2026,2026-07-12,false
SKU-OO339,,MEDICAL,SUP-069,whse l,WH-L-BIN-79,113.0kilogram,,158.49,01/05/2026,,false
SKU-OO387,Shrink Wrap Film Roll,PPE,SUP-124,wh_d,WH-D-BIN-07,296.0 KG,40,528.48,Jul 08 2026,,false
SKU-OOO34,Floor Marking Paint,FOOD_COLD,SUP-174,LOC-020,WH-T-BIN-34,17.0kilogram,20,267.15,Mar 23 2026,,false
SKU-OO458,Dust Mask N95 Pack,CLEANING,SUP-010,LOC-012,WH-L-BIN-18,4.0kilogram,15,451.04,22/04/2026,30/07/2026,false
SKU-OO192,Load Cell 500kg,ELECTRONICS,SUP-199,wh-p,WH-P-BIN-32,169.0,40,634.93,Mar 18 2026,,false
SKU-OO295,,PACKAGING,SUP-114,LOC-015,WH-O-BIN-75,216.0,20,66.94,2026-03-12,13/07/2027,false
SKU-OO185,,PACKAGING,SUP-146,LOC-012,WH-L-BIN-65,91.0kilogram,15,757.85,May 01 2026,,false
SKU-OO123,Industrial Solvent 5L,FOOD_DRY,SUP-136,Warehouse P,WH-P-BIN-43,202.0KG,0,584.45,2026-04-07,2027-03-06,false
SKU-OO41O,Racking Beam 2.4m,RAW_MATERIALS,SUP-111,LOC-013,WH-M-BIN-70,39.0kilogram,40,722.94,Jun 10 2026,,false
SKU-OOO61,Hand Truck,CHEMICALS,SUP-107,wh_g,WH-G-BIN-21,9.0,20,781.61,Apr 22 2026,,false
SKU-OO228,Label Printer Ribbon,CLEANING,SUP-185,LOC-013,WH-M-BIN-48,82.0 KG,10,272.18,2026-04-16,,false
SKU-OO293,,FOOD_DRY,SUP-191,LOC-018,WH-R-BIN-13,140.0kilogram,25,759.16,29/06/2026,,false
SKU-OO249,First Aid Refill,MEDICAL,SUP-200,WH-T,WH-T-BIN-69,500.0kilogram,40,215.71,18/07/2026,Sep 30 2026,false
SKU-OO226,Anti-Slip Tape Roll,MACHINERY_PARTS,SUP-161,LOC-016,WH-P-BIN-66,122.0KG,30,670.73,Apr 26 2026,May 26 2026,false
SKU-OO346,Conveyor Belt Patch,MACHINERY_PARTS,SUP-162,LOC-010,WH-J-BIN-06,81.0,30,284.09,2026-04-05,2027-07-27,false
SKU-OOO38,,CLEANING,SUP-179,wh-k,WH-K-BIN-38,136.0kilogram,20,375.72,2026-03-01,,false
SKU-OO444,Chain Block 1T,FOOD_COLD,SUP-105,LOC-015,WH-O-BIN-64,40.0KG,20,684.05,2026-06-11,,false
SKU-OO2O7,Shrink Wrap Film Roll,PPE,SUP-105,LOC-016,WH-P-BIN-07,273.0KG,,260.51,Mar 11 2026,,false
SKU-OOO44,Forklift Battery 24V,FOOD_COLD,SUP-141,LOC-012,WH-L-BIN-04,295.0kilogram,20,708.59,May 20 2026,,false
SKU-OO1O2,Spill Kit 20L,ELECTRONICS,SUP-113,whse b,WH-B-BIN-22,220.0KG,25,152.47,2026-06-03,,false
SKU-OO319,Wooden Pallet Std,MEDICAL,SUP-188,whse p,WH-P-BIN-59,330.0kilogram,40,186.84,2026-03-14,,false
SKU-OO3O2,Hydraulic Hose 2in,ELECTRONICS,SUP-137,LOC-020,WH-T-BIN-02,280.0KG,,299.72,2026-03-29,2027-09-04,false
SKU-OO417,Humidity Sensor Probe,PPE,SUP-196,whse l,WH-L-BIN-37,67.0,0,660.25,2026-07-30,,false
SKU-OO193,,FOOD_DRY,SUP-151,wh_q,WH-Q-BIN-13,210.0KG,,82.54,2026-05-18,,false
SKU-OO188,Label Printer Ribbon,CLEANING,SUP-150,wh_a,WH-A-BIN-48,178.0 KG,40,289.85,Jul 06 2026,,false
SKU-OO219,Wooden Pallet Std,MEDICAL,SUP-182,LOC-015,WH-O-BIN-19,283.0KG,25,737.14,Apr 13 2026,,false
SKU-OO374,Fire Extinguisher 4kg,FOOD_COLD,SUP-014,LOC-012,WH-L-BIN-14,352.0 KG,15,5.72,08/04/2026,,false
SKU-OO133,Barcode Scanner,FOOD_DRY,SUP-072,LOC-002,WH-B-BIN-53,263.0kilogram,30,256.63,2026-03-24,Jan 06 2027,false
SKU-OO292,Load Cell 500kg,ELECTRONICS,SUP-138,WH-T,WH-T-BIN-72,154.0,,481.54,Apr 22 2026,,false
SKU-OO243,Industrial Solvent 5L,FOOD_DRY,SUP-062,LOC-009,WH-I-BIN-43,56.0 KG,,388.04,16/06/2026,,false
SKU-OO274,Floor Marking Paint,FOOD_COLD,SUP-089,LOC-018,WH-R-BIN-34,463.0KG,25,631.07,2026-07-27,,false
SKU-OO35O,Racking Beam 2.4m,RAW_MATERIALS,SUP-021,LOC-007,WH-G-BIN-70,47.0kilogram,15,197.55,Mar 11 2026,,false
SKU-OO22O,Steel Shelving Unit,RAW_MATERIALS,SUP-009,LOC-009,WH-I-BIN-60,304.0 KG,25,336.73,Mar 22 2026,,false
SKU-OO2O6,Anti-Slip Tape Roll,MACHINERY_PARTS,SUP-006,LOC-015,WH-O-BIN-26,1.0 KG,29,735.14,Apr 29 2026,,false
SKU-OO494,Floor Marking Paint,FOOD_COLD,SUP-129,LOC-015,WH-O-BIN-74,358.0 KG,30,498.43,2026-03-04,,false
SKU-OO218,Pallet Strap Tool,CLEANING,SUP-080,wh_s,WH-S-BIN-78,338.0,25,742.43,31/05/2026,,false
SKU-OOO62,Spill Kit 20L,ELECTRONICS,SUP-175,LOC-014,WH-N-BIN-22,242.0KG,0,399.92,2026-05-21,May 09 2027,false
SKU-OO291,Stretch Hood Film,CHEMICALS,SUP-145,wh-m,WH-M-BIN-31,20.0,30,379.44,20/04/2026,,false
SKU-OO31O,Racking Beam 2.4m,RAW_MATERIALS,SUP-151,Warehouse E,WH-E-BIN-30,264.0kilogram,,612.08,2026-05-05,,false
SKU-OO395,,PACKAGING,SUP-057,LOC-010,WH-J-BIN-15,368.0,25,679.60,01/02/2026,05/08/2027,false
SKU-OO277,Cable Tie Assorted,PPE,SUP-055,LOC-006,WH-F-BIN-17,218.0 KG,10,446.92,2026-05-08,Mar 29 2027,false
SKU-OOO49,First Aid Refill,MEDICAL,SUP-007,LOC-013,WH-M-BIN-69,452.0 KG,40,19.48,09/02/2026,,false
SKU-OO377,Cable Tie Assorted,PPE,SUP-044,wh-o,WH-O-BIN-57,331.0KG,30,272.88,01/04/2026,,false
SKU-OO2OO,Wheel Chock Rubber,RAW_MATERIALS,SUP-097,LOC-009,WH-I-BIN-80,277.0,20,621.44,2026-02-07,,false
SKU-OO43O,LED Warehouse Light,RAW_MATERIALS,SUP-006,LOC-003,WH-C-BIN-10,476.0kilogram,25,708.72,Apr 07 2026,,false
SKU-OO319,Coolant Concentrate,MEDICAL,SUP-111,wh-t,WH-T-BIN-39,37.0,40,331.10,Jul 22 2026,,false
SKU-OO414,Fire Extinguisher 4kg,FOOD_COLD,SUP-174,LOC-010,WH-J-BIN-14,484.0kilogram,25,262.67,10/07/2026,29/05/2026,false
SKU-OO167,Shrink Wrap Film Roll,PPE,SUP-007,wh_s,WH-S-BIN-47,331.0,10,594.15,2026-03-04,,false
SKU-OO195,Battery Charger 24V,PACKAGING,SUP-143,LOC-016,WH-P-BIN-75,126.0 KG,30,211.93,2026-04-24,03/05/2026,false
SKU-OOO41,Hand Truck,CHEMICALS,SUP-085,wh_m,WH-M-BIN-21,73.0,10,717.29,Mar 11 2026,,false
SKU-OO324,Forklift Battery 24V,FOOD_COLD,SUP-064,LOC-011,WH-K-BIN-44,230.0kilogram,25,640.97,30/03/2026,Feb 16 2027,false
SKU-OO31O,Racking Beam 2.4m,RAW_MATERIALS,SUP-163,LOC-019,WH-S-BIN-70,449.0 KG,20,318.41,19/07/2026,05/05/2027,false
SKU-OO353,Barcode Scanner,FOOD_DRY,SUP-190,LOC-015,WH-O-BIN-53,88.0KG,20,417.66,15/04/2026,,false
SKU-OOO94,Floor Marking Paint,FOOD_COLD,SUP-017,LOC-008,WH-H-BIN-34,465.0KG,15,613.24,2026-03-05,May 23 2027,false
SKU-OO348,Compressed Air Hose,CLEANING,SUP-124,wh_c,WH-C-BIN-28,86.0 KG,40,520.09,19/03/2026,Aug 12 2027,false
SKU-OOO7O,LED Warehouse Light,RAW_MATERIALS,SUP-032,LOC-016,WH-P-BIN-10,415.0,40,789.03,16/07/2026,,false
SKU-OO265,Safety Gloves L,PACKAGING,SUP-179,LOC-006,WH-F-BIN-45,493.0KG,20,343.56,Jul 20 2026,,false
SKU-OO2O2,Spill Kit 20L,ELECTRONICS,SUP-020,LOC-009,WH-I-BIN-22,53.0,30,469.48,15/05/2026,,false
SKU-OO412,Load Cell 500kg,ELECTRONICS,SUP-181,LOC-016,WH-P-BIN-72,293.0kilogram,,709.53,19/04/2026,,false
SKU-OO189,Dock Leveler Seal,MEDICAL,SUP-014,wh_o,WH-O-BIN-49,3.0,15,132.52,02/04/2026,27/06/2026,false
SKU-OOO44,Forklift Battery 24V,FOOD_COLD,SUP-045,LOC-008,WH-H-BIN-04,414.0,10,705.42,08/02/2026,,false
SKU-OOOO2,Spill Kit 20L,ELECTRONICS,SUP-060,Warehouse F,WH-F-BIN-62,438.0,10,25.43,Feb 07 2026,,false
SKU-OO421,,CHEMICALS,SUP-126,LOC-020,WH-T-BIN-61,380.0 KG,25,530.12,12/05/2026,,false
SKU-OO345,Temperature Logger,PACKAGING,SUP-035,wh-f,WH-F-BIN-25,2.0kilogram,,432.26,Feb 13 2026,,false
SKU-OO213,Barcode Scanner,FOOD_DRY,SUP-163,LOC-007,WH-G-BIN-13,367.0kilogram,20,170.84,2026-06-20,,false
SKU-OO449,,MEDICAL,SUP-098,wh_k,WH-K-BIN-29,220.0,0,443.75,05/05/2026,,false
SKU-OOO99,,MEDICAL,SUP-049,LOC-019,WH-S-BIN-19,22.0kilogram,,368.62,14/02/2026,,false
SKU-OO448,Label Printer Ribbon,CLEANING,SUP-150,wh-s,WH-S-BIN-08,216.0 KG,15,574.67,Feb 23 2026,Mar 15 2027,false
SKU-OO184,Chain Block 1T,FOOD_COLD,SUP-041,LOC-008,WH-H-BIN-24,24.0kilogram,10,50.84,2026-06-16,,false
SKU-OO388,Label Printer Ribbon,CLEANING,SUP-180,wh_q,WH-Q-BIN-08,19.0,25,52.24,Jul 28 2026,,false
SKU-OO195,PVC Pipe 50mm,PACKAGING,SUP-152,WH-A,WH-A-BIN-55,42.0 KG,10,219.05,12/07/2026,,false
SKU-OOO63,Epoxy Resin 1L,FOOD_DRY,SUP-192,wh-f,WH-F-BIN-63,494.0kilogram,,455.23,Jul 03 2026,22/06/2026,false
SKU-OOO71,Stretch Hood Film,CHEMICALS,SUP-189,LOC-017,WH-Q-BIN-31,303.0 KG,10,713.33,28/07/2026,,false
SKU-OO273,Barcode Scanner,FOOD_DRY,SUP-075,LOC-016,WH-P-BIN-53,12.0,30,625.77,2026-04-04,,false
SKU-OOO57,,PPE,SUP-093,wh_m,WH-M-BIN-77,71.0KG,25,350.48,Jun 25 2026,,false
SKU-OO139,Coolant Concentrate,MEDICAL,SUP-007,WH-T,WH-T-BIN-79,170.0kilogram,40,326.95,Apr 20 2026,Sep 02 2027,false
SKU-OO43O,Racking Beam 2.4m,RAW_MATERIALS,SUP-013,LOC-009,WH-I-BIN-70,482.0KG,0,403.66,18/03/2026,,false
SKU-OO441,Steel Bolt M8,CHEMICALS,SUP-190,whse k,WH-K-BIN-01,5.0,10,431.14,Feb 05 2026,,false
SKU-OO371,Nitrile Gloves Box,CHEMICALS,SUP-123,LOC-007,WH-G-BIN-51,7.0,10,477.42,2026-02-26,2026-12-28,false
SKU-OOO28,Compressed Air Hose,CLEANING,SUP-071,LOC-017,WH-Q-BIN-68,308.0kilogram,20,25.23,2026-07-15,,false
SKU-OO2OO,Steel Shelving Unit,RAW_MATERIALS,SUP-026,LOC-008,WH-H-BIN-60,209.0,20,737.25,2026-07-27,30/05/2027,false
SKU-OO118,Pallet Strap Tool,CLEANING,SUP-116,LOC-006,WH-F-BIN-78,434.0KG,,405.85,07/06/2026,,false
SKU-OOO79,Coolant Concentrate,MEDICAL,SUP-037,LOC-001,WH-A-BIN-39,414.0kilogram,15,460.23,Jun 16 2026,08/04/2027,false
SKU-OO2O4,,FOOD_COLD,SUP-095,LOC-004,WH-D-BIN-24,230.0 KG,20,531.17,18/02/2026,,false
SKU-OOOO8,Compressed Air Hose,CLEANING,SUP-037,LOC-010,WH-J-BIN-68,285.0,15,12.35,2026-05-13,,false
SKU-OO355,,PACKAGING,SUP-075,LOC-015,WH-O-BIN-75,370.0 KG,,479.47,11/02/2026,,false
SKU-OOO89,Dock Leveler Seal,MEDICAL,SUP-045,LOC-013,WH-M-BIN-09,264.0kilogram,25,128.16,2026-06-25,,false
SKU-OO119,Coolant Concentrate,MEDICAL,SUP-085,wh_m,WH-M-BIN-39,191.0,,476.33,2026-05-15,,false
SKU-OO177,Cable Tie Assorted,PPE,SUP-117,LOC-011,WH-K-BIN-57,399.0,25,245.73,2026-05-14,,false
SKU-OO359,Coolant Concentrate,MEDICAL,SUP-112,LOC-011,WH-K-BIN-79,4.0,15,300.28,2026-07-27,,false
SKU-OO341,Hand Truck,CHEMICALS,SUP-121,wh-d,WH-D-BIN-61,470.0KG,15,332.19,Jun 22 2026,,false
SKU-OO355,PVC Pipe 50mm,PACKAGING,SUP-052,WH-M,WH-M-BIN-55,495.0,0,372.64,2026-06-21,,false
SKU-OO2O7,,PPE,SUP-077,LOC-001,WH-A-BIN-07,357.0,15,208.72,2026-05-18,,false
SKU-OO458,Dust Mask N95 Pack,CLEANING,SUP-183,LOC-017,WH-Q-BIN-58,467.0KG,40,320.89,Feb 05 2026,,false
SKU-OO174,Fire Extinguisher 4kg,FOOD_COLD,SUP-096,LOC-006,WH-F-BIN-14,403.0kilogram,15,617.60,2026-07-23,,false
SKU-OOO65,Safety Gloves L,PACKAGING,SUP-065,LOC-014,WH-N-BIN-05,335.0kilogram,,740.04,15/06/2026,Sep 25 2026,false
SKU-OOO3O,Racking Beam 2.4m,RAW_MATERIALS,SUP-131,wh-f,WH-F-BIN-70,451.0 KG,10,585.46,Mar 27 2026,26/09/2026,false
SKU-OO451,Stretch Hood Film,CHEMICALS,SUP-011,Warehouse J,WH-J-BIN-71,241.0 KG,20,361.18,27/03/2026,26/02/2027,true
SKU-OO2O8,Label Printer Ribbon,CLEANING,SUP-142,LOC-003,WH-C-BIN-48,106.0KG,25,516.60,Apr 08 2026,Oct 23 2026,false
SKU-OO44O,Steel Shelving Unit,RAW_MATERIALS,SUP-075,LOC-002,WH-B-BIN-20,289.0kilogram,,755.16,11/07/2026,,false
SKU-OO475,Battery Charger 24V,PACKAGING,SUP-081,LOC-006,WH-F-BIN-35,484.0,15,547.67,May 20 2026,,false
SKU-OOO51,,CHEMICALS,SUP-151,whse o,WH-O-BIN-31,6.0kilogram,,192.05,Jul 04 2026,,false
SKU-OO12O,Wheel Chock Rubber,RAW_MATERIALS,SUP-143,Warehouse C,WH-C-BIN-80,217.0 KG,10,362.63,2026-07-06,2027-05-08,false
SKU-OO223,Epoxy Resin 1L,FOOD_DRY,SUP-037,wh-f,WH-F-BIN-23,287.0,20,298.26,26/02/2026,,false
SKU-OO155,Battery Charger 24V,PACKAGING,SUP-026,LOC-002,WH-B-BIN-75,421.0kilogram,,686.41,2026-04-09,2026-04-03,false
SKU-OO279,Wooden Pallet Std,MEDICAL,SUP-070,whse o,WH-O-BIN-19,126.0,0,227.83,Jun 28 2026,,false
SKU-OO158,,CLEANING,SUP-015,whse p,WH-P-BIN-78,145.0 KG,10,159.85,21/06/2026,,false
SKU-OO353,Barcode Scanner,FOOD_DRY,SUP-101,LOC-012,WH-L-BIN-13,347.0kilogram,30,591.63,29/03/2026,26/10/2026,false
SKU-OO198,Pallet Strap Tool,CLEANING,SUP-165,LOC-007,WH-G-BIN-38,289.0 KG,0,17.58,Apr 24 2026,,false
SKU-OO241,Hand Truck,CHEMICALS,SUP-177,Warehouse P,WH-P-BIN-61,10.0kilogram,25,388.55,04/04/2026,,true
SKU-OOO31,Stretch Hood Film,CHEMICALS,SUP-185,LOC-011,WH-K-BIN-31,2.0kilogram,25,653.83,Jun 14 2026,,true
SKU-OO383,Epoxy Resin 1L,FOOD_DRY,SUP-162,LOC-015,WH-O-BIN-23,318.0kilogram,0,319.58,18/03/2026,Oct 01 2026,false
SKU-OO295,Battery Charger 24V,PACKAGING,SUP-183,LOC-014,WH-N-BIN-35,358.0,40,253.89,Jul 30 2026,Feb 06 2027,false
SKU-OO445,Temperature Logger,PACKAGING,SUP-142,WH-Q,WH-Q-BIN-25,319.0,20,590.20,Mar 22 2026,,false
SKU-OO32O,Steel Shelving Unit,RAW_MATERIALS,SUP-152,LOC-001,WH-A-BIN-60,435.0kilogram,40,29.72,2026-06-27,,false
SKU-OO412,,ELECTRONICS,SUP-088,Warehouse H,WH-H-BIN-12,242.0 KG,0,614.46,2026-02-19,,false
SKU-OO4O4,Forklift Battery 24V,FOOD_COLD,SUP-190,LOC-011,WH-K-BIN-44,405.0KG,25,685.60,06/05/2026,,false
SKU-OO131,Stretch Hood Film,CHEMICALS,SUP-115,WH-I,WH-I-BIN-71,207.0 KG,40,562.39,Feb 10 2026,,false
SKU-OO334,Floor Marking Paint,FOOD_COLD,SUP-083,whse q,WH-Q-BIN-74,448.0KG,40,703.10,06/04/2026,,false
SKU-OO434,Fire Extinguisher 4kg,FOOD_COLD,SUP-008,WH-Q,WH-Q-BIN-14,440.0KG,0,715.54,14/05/2026,,false
SKU-OO172,Pallet Jack Wheel,ELECTRONICS,SUP-132,LOC-003,WH-C-BIN-52,203.0KG,10,83.26,2026-07-25,,false
SKU-OO245,Temperature Logger,PACKAGING,SUP-097,LOC-008,WH-H-BIN-65,345.0KG,20,424.97,18/04/2026,,false
SKU-OO258,Pallet Strap Tool,CLEANING,SUP-051,WH-D,WH-D-BIN-78,350.0kilogram,,524.65,May 02 2026,,false
SKU-OO467,Shrink Wrap Film Roll,PPE,SUP-197,LOC-009,WH-I-BIN-07,12.0,25,31.00,May 02 2026,14/10/2026,false
SKU-OOO81,,CHEMICALS,SUP-075,whse n,WH-N-BIN-01,338.0kilogram,30,565.82,12/06/2026,Apr 15 2027,true
SKU-OO488,Compressed Air Hose,CLEANING,SUP-185,wh-k,WH-K-BIN-68,277.0,30,266.16,02/06/2026,,false
SKU-OO187,Shrink Wrap Film Roll,PPE,SUP-072,LOC-016,WH-P-BIN-47,204.0KG,40,491.12,2026-05-24,,false
SKU-OO375,PVC Pipe 50mm,PACKAGING,SUP-004,LOC-006,WH-F-BIN-15,13.0 KG,15,11.35,29/03/2026,,false
SKU-OOO73,Barcode Scanner,FOOD_DRY,SUP-045,LOC-013,WH-M-BIN-53,448.0KG,10,672.08,2026-02-17,2026-09-14,false
SKU-OOO22,Spill Kit 20L,ELECTRONICS,SUP-156,wh-c,WH-C-BIN-22,323.0kilogram,,131.85,Feb 26 2026,,false
SKU-OO393,Dock Bumpers Pair,FOOD_DRY,SUP-138,Warehouse R,WH-R-BIN-33,102.0kilogram,0,759.50,2026-03-28,02/05/2027,false
SKU-OO425,Safety Gloves L,PACKAGING,SUP-073,LOC-019,WH-S-BIN-45,158.0 KG,30,146.18,07/02/2026,17/03/2027,false
SKU-OO328,Compressed Air Hose,CLEANING,SUP-075,LOC-003,WH-C-BIN-28,9.0kilogram,10,255.06,28/03/2026,,false
SKU-OO447,Welding Rod 3.2mm,PPE,SUP-195,wh-s,WH-S-BIN-27,442.0,15,2.27,06/03/2026,,false
SKU-OO142,Spill Kit 20L,ELECTRONICS,SUP-200,WH-N,WH-N-BIN-62,8.0,15,220.84,10/02/2026,,false
SKU-OO365,Temperature Logger,PACKAGING,SUP-186,LOC-016,WH-P-BIN-25,274.0KG,0,330.08,2026-05-01,2027-03-15,false
SKU-OO231,Nitrile Gloves Box,CHEMICALS,SUP-197,LOC-019,WH-S-BIN-11,7.0 KG,24,628.03,Jul 27 2026,Aug 22 2027,false
SKU-OOO25,Temperature Logger,PACKAGING,SUP-097,LOC-015,WH-O-BIN-65,114.0 KG,25,266.33,01/03/2026,30/04/2026,false
SKU-OO246,Anti-Slip Tape Roll,MACHINERY_PARTS,SUP-145,LOC-013,WH-M-BIN-66,140.0 KG,10,792.55,27/04/2026,,false
SKU-OO224,Forklift Battery 24V,FOOD_COLD,SUP-015,Warehouse P,WH-P-BIN-44,184.0KG,40,347.10,Feb 22 2026,,false
SKU-OO477,Cable Tie Assorted,PPE,SUP-158,whse g,WH-G-BIN-57,25.0kilogram,20,467.50,28/07/2026,,false
SKU-OO177,Cable Tie Assorted,PPE,SUP-007,Warehouse N,WH-N-BIN-57,105.0 KG,40,735.06,13/04/2026,,false
SKU-OO129,Dock Leveler Seal,MEDICAL,SUP-092,whse t,WH-T-BIN-49,406.0kilogram,25,392.32,Jul 11 2026,12/10/2026,false
SKU-OO161,,CHEMICALS,SUP-184,WH-F,WH-F-BIN-41,263.0 KG,10,693.40,Mar 12 2026,,false
SKU-OO371,Stretch Hood Film,CHEMICALS,SUP-098,LOC-015,WH-O-BIN-31,303.0kilogram,40,575.19,2026-06-30,2026-12-01,false
SKU-OO43O,LED Warehouse Light,RAW_MATERIALS,SUP-105,LOC-010,WH-J-BIN-50,180.0KG,0,756.00,18/06/2026,30/12/2026,false
SKU-OO1O2,Hydraulic Hose 2in,ELECTRONICS,SUP-114,wh_n,WH-N-BIN-42,103.0KG,20,717.35,Jun 25 2026,,false
SKU-OOOO8,Compressed Air Hose,CLEANING,SUP-154,LOC-003,WH-C-BIN-28,370.0kilogram,10,396.45,2026-02-11,,false
SKU-OO344,,FOOD_COLD,SUP-128,LOC-014,WH-N-BIN-44,126.0,10,725.75,Jun 10 2026,,false
SKU-OO446,Anti-Slip Tape Roll,MACHINERY_PARTS,SUP-035,LOC-004,WH-D-BIN-26,14.0 KG,30,715.07,May 10 2026,,false
SKU-OO311,Stretch Hood Film,CHEMICALS,SUP-088,LOC-009,WH-I-BIN-31,372.0kilogram,20,455.45,2026-02-28,,true
SKU-OO258,Dust Mask N95 Pack,CLEANING,SUP-091,wh_h,WH-H-BIN-58,424.0,15,539.70,30/04/2026,,false
SKU-OO467,,PPE,SUP-141,WH-O,WH-O-BIN-27,411.0kilogram,0,315.48,Apr 01 2026,,false
SKU-OO26O,Steel Shelving Unit,RAW_MATERIALS,SUP-101,LOC-017,WH-Q-BIN-20,323.0 KG,15,131.71,2026-07-26,,false
SKU-OO179,Coolant Concentrate,MEDICAL,SUP-183,LOC-008,WH-H-BIN-39,117.0kilogram,15,597.66,2026-04-24,,false
SKU-OOO31,Nitrile Gloves Box,CHEMICALS,SUP-113,LOC-011,WH-K-BIN-51,37.0,20,192.11,Jul 27 2026,,true
SKU-OO3O2,Spill Kit 20L,ELECTRONICS,SUP-059,wh-b,WH-B-BIN-22,110.0kilogram,15,578.60,06/04/2026,,false
SKU-OO281,Steel Bolt M8,CHEMICALS,SUP-103,LOC-018,WH-R-BIN-41,489.0,0,630.34,2026-06-28,10/11/2026,true
SKU-OO192,Pallet Jack Wheel,ELECTRONICS,SUP-031,LOC-008,WH-H-BIN-12,253.0,15,618.87,10/06/2026,,false
SKU-OO298,Dust Mask N95 Pack,CLEANING,SUP-181,wh_s,WH-S-BIN-18,212.0 KG,30,543.47,14/02/2026,,false
SKU-OO365,Safety Gloves L,PACKAGING,SUP-098,LOC-007,WH-G-BIN-05,6.0kilogram,10,661.48,26/06/2026,,false
SKU-OO114,Floor Marking Paint,FOOD_COLD,SUP-191,LOC-005,WH-E-BIN-74,35.0,40,232.98,Jul 05 2026,,false
SKU-OO43O,LED Warehouse Light,RAW_MATERIALS,SUP-020,Warehouse S,WH-S-BIN-50,23.0kilogram,,468.20,16/05/2026,,false
SKU-OO365,Safety Gloves L,PACKAGING,SUP-001,LOC-011,WH-K-BIN-05,218.0KG,15,639.17,27/07/2026,,false
SKU-OO392,Pallet Jack Wheel,ELECTRONICS,SUP-012,WH-L,WH-L-BIN-52,220.0kilogram,25,395.59,2026-07-28,,false
SKU-OO184,Forklift Battery 24V,FOOD_COLD,SUP-156,wh-l,WH-L-BIN-44,430.0,40,404.62,Apr 24 2026,06/01/2027,false
SKU-OO184,Forklift Battery 24V,FOOD_COLD,SUP-144,LOC-002,WH-B-BIN-04,121.0KG,25,639.67,18/04/2026,14/09/2026,false
SKU-OO13O,LED Warehouse Light,RAW_MATERIALS,SUP-084,LOC-012,WH-L-BIN-50,285.0,40,736.78,Mar 29 2026,27/07/2026,false
SKU-OOO29,First Aid Refill,MEDICAL,SUP-154,LOC-006,WH-F-BIN-69,130.0,25,462.32,2026-07-27,,false
SKU-OO247,,PPE,SUP-116,LOC-003,WH-C-BIN-47,77.0kilogram,30,321.76,Mar 10 2026,,false
SKU-OO331,Stretch Hood Film,CHEMICALS,SUP-119,LOC-015,WH-O-BIN-31,40.0KG,30,366.13,01/02/2026,,false
SKU-OO2O2,,ELECTRONICS,SUP-148,LOC-008,WH-H-BIN-42,428.0kilogram,0,140.62,31/05/2026,,false
SKU-OO356,Rubber Gasket Set,MACHINERY_PARTS,SUP-008,LOC-006,WH-F-BIN-16,311.0,20,232.75,24/05/2026,Mar 30 2027,false
SKU-OO365,Safety Gloves L,PACKAGING,SUP-194,wh-i,WH-I-BIN-45,92.0,10,15.58,May 22 2026,,false
SKU-OOO59,Coolant Concentrate,MEDICAL,SUP-138,LOC-014,WH-N-BIN-79,217.0kilogram,20,310.51,2026-02-05,,false
SKU-OO485,,PACKAGING,SUP-091,LOC-003,WH-C-BIN-05,332.0kilogram,15,92.30,2026-03-13,,false
SKU-OO2O9,Dock Leveler Seal,MEDICAL,SUP-162,whse r,WH-R-BIN-49,180.0kilogram,,309.33,2026-05-25,,false
SKU-OO29O,,RAW_MATERIALS,SUP-036,LOC-001,WH-A-BIN-10,77.0kilogram,15,294.74,2026-05-21,,false
SKU-OO395,Battery Charger 24V,PACKAGING,SUP-143,LOC-004,WH-D-BIN-35,8.0KG,,479.51,2026-02-03,,false
SKU-OOO58,Dust Mask N95 Pack,CLEANING,SUP-125,WH-E,WH-E-BIN-58,403.0KG,0,673.51,Jun 22 2026,2027-01-19,false
SKU-OO382,Spill Kit 20L,ELECTRONICS,SUP-029,LOC-016,WH-P-BIN-22,374.0 KG,20,759.62,2026-04-21,,false
SKU-OO265,Safety Gloves L,PACKAGING,SUP-121,Warehouse I,WH-I-BIN-05,329.0,20,620.89,22/04/2026,,false
SKU-OO356,Mesh Security Cage,MACHINERY_PARTS,SUP-147,LOC-020,WH-T-BIN-36,62.0kilogram,20,168.56,2026-07-25,,false
SKU-OO273,Barcode Scanner,FOOD_DRY,SUP-135,LOC-014,WH-N-BIN-53,178.0 KG,40,331.06,2026-02-07,,false
SKU-OO447,Welding Rod 3.2mm,PPE,SUP-093,LOC-020,WH-T-BIN-27,421.0KG,20,169.84,06/05/2026,,false
SKU-OO197,Cable Tie Assorted,PPE,SUP-013,LOC-019,WH-S-BIN-57,243.0kilogram,15,108.66,2026-03-28,,false
SKU-OOO72,Pallet Jack Wheel,ELECTRONICS,SUP-052,LOC-011,WH-K-BIN-12,444.0,30,305.03,2026-06-26,,false
SKU-OO437,Humidity Sensor Probe,PPE,SUP-140,LOC-006,WH-F-BIN-77,484.0kilogram,10,57.27,27/04/2026,,false
SKU-OO195,Battery Charger 24V,PACKAGING,SUP-050,LOC-015,WH-O-BIN-35,29.0kilogram,40,616.25,Mar 04 2026,2027-04-01,false
SKU-OO29O,LED Warehouse Light,RAW_MATERIALS,SUP-124,LOC-019,WH-S-BIN-50,419.0KG,30,584.93,28/06/2026,,false
SKU-OO5OO,,RAW_MATERIALS,SUP-130,LOC-019,WH-S-BIN-80,35.0KG,10,156.80,Jun 27 2026,,false
SKU-OO464,Forklift Battery 24V,FOOD_COLD,SUP-018,wh_h,WH-H-BIN-44,368.0 KG,40,706.92,2026-03-23,,false
SKU-OO226,Anti-Slip Tape Roll,MACHINERY_PARTS,SUP-147,LOC-017,WH-Q-BIN-66,429.0,30,139.96,2026-06-18,2027-04-16,false
SKU-OO453,Barcode Scanner,FOOD_DRY,SUP-129,LOC-002,WH-B-BIN-53,82.0 KG,25,385.59,2026-02-16,,false
SKU-OO163,Industrial Solvent 5L,FOOD_DRY,SUP-123,whse p,WH-P-BIN-43,68.0,20,62.93,2026-02-08,,false
SKU-OO15O,Racking Beam 2.4m,RAW_MATERIALS,SUP-066,wh_r,WH-R-BIN-70,302.0kilogram,,383.77,22/04/2026,,false
SKU-OO328,,CLEANING,SUP-085,whse f,WH-F-BIN-48,267.0,30,694.07,28/05/2026,,false
SKU-OO214,Fire Extinguisher 4kg,FOOD_COLD,SUP-007,LOC-019,WH-S-BIN-14,414.0KG,25,514.97,06/05/2026,,false
SKU-OO455,Battery Charger 24V,PACKAGING,SUP-198,wh_r,WH-R-BIN-75,86.0,0,623.49,Mar 17 2026,,false
SKU-OO435,PVC Pipe 50mm,PACKAGING,SUP-042,LOC-012,WH-L-BIN-55,82.0,25,730.32,21/02/2026,,false
SKU-OO337,Humidity Sensor Probe,PPE,SUP-164,wh_r,WH-R-BIN-77,215.0kilogram,0,113.24,Feb 11 2026,,false
SKU-OO234,Fire Extinguisher 4kg,FOOD_COLD,SUP-175,LOC-013,WH-M-BIN-14,303.0KG,40,276.64,2026-05-20,,false
SKU-OOO92,Load Cell 500kg,ELECTRONICS,SUP-136,LOC-020,WH-T-BIN-32,117.0,,323.16,23/07/2026,02/11/2026,false
SKU-OO122,Hydraulic Hose 2in,ELECTRONICS,SUP-126,wh_m,WH-M-BIN-42,2.0kilogram,25,330.71,May 29 2026,,false
SKU-OO395,PVC Pipe 50mm,PACKAGING,SUP-106,LOC-016,WH-P-BIN-15,11.0 KG,20,113.29,Jul 06 2026,,false
SKU-OO171,Stretch Hood Film,CHEMICALS,SUP-005,wh-i,WH-I-BIN-31,351.0kilogram,40,406.06,Apr 12 2026,,false
SKU-OO124,Chain Block 1T,FOOD_COLD,SUP-136,LOC-001,WH-A-BIN-64,386.0KG,15,5.45,05/07/2026,,false
SKU-OO167,Shrink Wrap Film Roll,PPE,SUP-034,wh_k,WH-K-BIN-07,460.0KG,25,139.87,01/04/2026,,false
SKU-OOO48,,CLEANING,SUP-116,LOC-004,WH-D-BIN-48,312.0,15,68.00,15/02/2026,2026-12-21,false
SKU-OO358,,CLEANING,SUP-066,LOC-019,WH-S-BIN-38,159.0KG,20,223.85,Feb 28 2026,,false
SKU-OO236,Rubber Gasket Set,MACHINERY_PARTS,SUP-065,LOC-018,WH-R-BIN-16,54.0KG,10,71.53,2026-04-06,,false
SKU-OO156,Mesh Security Cage,MACHINERY_PARTS,SUP-072,LOC-011,WH-K-BIN-36,266.0KG,0,731.87,13/07/2026,,false
SKU-OOO25,Safety Gloves L,PACKAGING,SUP-046,wh_o,WH-O-BIN-45,260.0kilogram,25,760.92,Jul 22 2026,,false
SKU-OO214,,FOOD_COLD,SUP-005,LOC-006,WH-F-BIN-74,403.0kilogram,0,266.32,04/02/2026,,false
SKU-OO394,Fire Extinguisher 4kg,FOOD_COLD,SUP-160,LOC-001,WH-A-BIN-54,384.0 KG,30,63.99,2026-04-18,,false
SKU-OO448,Compressed Air Hose,CLEANING,SUP-131,LOC-017,WH-Q-BIN-28,3.0KG,10,621.22,15/05/2026,,false
SKU-OO431,Stretch Hood Film,CHEMICALS,SUP-025,whse l,WH-L-BIN-71,369.0 KG,0,713.37,15/06/2026,,false
SKU-OO497,Cable Tie Assorted,PPE,SUP-047,LOC-005,WH-E-BIN-17,8.0,25,578.59,28/06/2026,,false
SKU-OO457,,PPE,SUP-099,LOC-003,WH-C-BIN-57,199.0kilogram,20,232.29,Jun 15 2026,,false
SKU-OO433,Barcode Scanner,FOOD_DRY,SUP-185,wh_j,WH-J-BIN-13,340.0KG,20,705.26,12/03/2026,,false
SKU-OO399,Coolant Concentrate,MEDICAL,SUP-171,wh_j,WH-J-BIN-79,476.0kilogram,0,139.97,16/07/2026,2027-07-04,false
SKU-OOO26,Conveyor Belt Patch,MACHINERY_PARTS,SUP-100,whse p,WH-P-BIN-06,13.0 KG,20,534.94,2026-04-30,2027-07-20,false
SKU-OOO83,Epoxy Resin 1L,FOOD_DRY,SUP-165,WH-B,WH-B-BIN-23,45.0kilogram,15,210.70,2026-07-06,,false
SKU-OO129,Dock Leveler Seal,MEDICAL,SUP-169,LOC-017,WH-Q-BIN-09,414.0 KG,25,203.15,2026-02-22,,false
SKU-OO353,Barcode Scanner,FOOD_DRY,SUP-004,wh-k,WH-K-BIN-53,8.0,10,766.99,14/02/2026,,false
SKU-OO375,PVC Pipe 50mm,PACKAGING,SUP-163,LOC-001,WH-A-BIN-15,295.0 KG,30,185.66,19/07/2026,Dec 31 2026,false
SKU-OO244,Chain Block 1T,FOOD_COLD,SUP-020,Warehouse O,WH-O-BIN-24,366.0 KG,20,317.04,24/05/2026,,false
SKU-OO112,Load Cell 500kg,ELECTRONICS,SUP-199,Warehouse K,WH-K-BIN-72,290.0kilogram,,640.21,May 02 2026,2026-12-09,false
SKU-OO172,Pallet Jack Wheel,ELECTRONICS,SUP-188,LOC-015,WH-O-BIN-52,18.0KG,25,523.36,26/02/2026,,false
SKU-OO342,Hydraulic Hose 2in,ELECTRONICS,SUP-021,LOC-017,WH-Q-BIN-02,75.0 KG,30,454.36,22/06/2026,,false
SKU-OO294,Fire Extinguisher 4kg,FOOD_COLD,SUP-119,LOC-004,WH-D-BIN-54,202.0KG,10,368.65,May 25 2026,,false
SKU-OO166,Anti-Slip Tape Roll,MACHINERY_PARTS,SUP-161,LOC-013,WH-M-BIN-66,37.0KG,25,521.35,12/02/2026,2027-08-07,false
SKU-OO153,,FOOD_DRY,SUP-142,LOC-004,WH-D-BIN-13,119.0KG,15,502.51,Mar 09 2026,,false
SKU-OOO81,Steel Bolt M8,CHEMICALS,SUP-111,WH-Q,WH-Q-BIN-41,4.0 KG,10,716.26,Mar 05 2026,2026-09-26,true
SKU-OO358,Pallet Strap Tool,CLEANING,SUP-053,LOC-007,WH-G-BIN-78,214.0 KG,,406.35,Mar 04 2026,,false
SKU-OO1O1,Hand Truck,CHEMICALS,SUP-199,LOC-020,WH-T-BIN-61,163.0,0,366.20,14/06/2026,,false
SKU-OO294,Floor Marking Paint,FOOD_COLD,SUP-169,LOC-019,WH-S-BIN-74,33.0,40,45.58,2026-05-03,,false
SKU-OO199,Wooden Pallet Std,MEDICAL,SUP-165,whse q,WH-Q-BIN-59,23.0 KG,25,589.24,Jun 03 2026,2027-07-09,false
SKU-OO311,Nitrile Gloves Box,CHEMICALS,SUP-156,WH-T,WH-T-BIN-51,6.0 KG,15,407.36,26/03/2026,,false
SKU-OO15O,,RAW_MATERIALS,SUP-113,wh_b,WH-B-BIN-30,394.0kilogram,30,538.50,28/07/2026,20/08/2027,false
SKU-OOO17,Cable Tie Assorted,PPE,SUP-168,wh-g,WH-G-BIN-57,3.0 KG,10,481.41,17/07/2026,2027-01-19,false
SKU-OO13O,Racking Beam 2.4m,RAW_MATERIALS,SUP-090,whse b,WH-B-BIN-30,485.0KG,25,479.39,May 01 2026,,false
SKU-OO31O,LED Warehouse Light,RAW_MATERIALS,SUP-092,LOC-011,WH-K-BIN-50,23.0kilogram,,374.82,2026-07-10,,false
SKU-OO28O,Steel Shelving Unit,RAW_MATERIALS,SUP-106,Warehouse Q,WH-Q-BIN-20,88.0,15,81.51,2026-05-26,2026-12-13,false
SKU-OO462,Hydraulic Hose 2in,ELECTRONICS,SUP-127,LOC-013,WH-M-BIN-02,292.0,40,308.55,22/04/2026,May 17 2027,false
SKU-OO222,,ELECTRONICS,SUP-181,LOC-002,WH-B-BIN-42,94.0,25,314.30,2026-06-07,2026-11-09,false
SKU-OO456,Mesh Security Cage,MACHINERY_PARTS,SUP-038,LOC-016,WH-P-BIN-36,267.0KG,40,653.99,2026-07-02,2027-01-21,false
SKU-OO1O2,,ELECTRONICS,SUP-166,whse f,WH-F-BIN-62,266.0 KG,40,620.12,Feb 27 2026,,false
SKU-OO366,,MACHINERY_PARTS,SUP-088,wh_p,WH-P-BIN-46,289.0,20,388.00,2026-06-27,2027-05-05,false
SKU-OOO16,,MACHINERY_PARTS,SUP-171,wh-c,WH-C-BIN-56,445.0kilogram,20,610.47,18/06/2026,,false
SKU-OO143,Industrial Solvent 5L,FOOD_DRY,SUP-058,LOC-001,WH-A-BIN-43,394.0,0,370.01,2026-05-10,17/07/2027,false
SKU-OO473,Dock Bumpers Pair,FOOD_DRY,SUP-137,wh_e,WH-E-BIN-33,473.0KG,15,729.38,2026-06-16,,false
SKU-OO3O6,Conveyor Belt Patch,MACHINERY_PARTS,SUP-114,LOC-015,WH-O-BIN-46,164.0KG,,708.58,Apr 18 2026,2026-06-03,false
SKU-OOO68,Label Printer Ribbon,CLEANING,SUP-093,WH-F,WH-F-BIN-48,131.0KG,,396.86,Mar 15 2026,,false
SKU-OO497,Humidity Sensor Probe,PPE,SUP-041,LOC-016,WH-P-BIN-77,462.0kilogram,20,133.42,Jun 18 2026,,false
SKU-OO282,Spill Kit 20L,ELECTRONICS,SUP-123,whse g,WH-G-BIN-62,477.0KG,30,345.46,2026-06-17,Aug 19 2027,false
SKU-OO363,Epoxy Resin 1L,FOOD_DRY,SUP-045,whse n,WH-N-BIN-23,391.0KG,0,601.62,Feb 23 2026,14/12/2026,false
SKU-OO167,Welding Rod 3.2mm,PPE,SUP-127,LOC-005,WH-E-BIN-27,259.0 KG,25,560.48,2026-07-22,16/05/2027,false
SKU-OO217,Humidity Sensor Probe,PPE,SUP-144,LOC-008,WH-H-BIN-77,447.0KG,10,778.05,Mar 22 2026,Apr 06 2027,false
SKU-OO438,Dust Mask N95 Pack,CLEANING,SUP-121,LOC-016,WH-P-BIN-58,490.0,25,235.41,2026-05-10,May 13 2027,false
SKU-OOO4O,Steel Shelving Unit,RAW_MATERIALS,SUP-149,LOC-014,WH-N-BIN-20,329.0 KG,30,613.13,Jun 13 2026,,false
SKU-OO173,Dock Bumpers Pair,FOOD_DRY,SUP-124,LOC-002,WH-B-BIN-33,198.0 KG,10,349.41,27/04/2026,,false
SKU-OO423,Industrial Solvent 5L,FOOD_DRY,SUP-172,LOC-008,WH-H-BIN-03,413.0kilogram,40,517.47,22/02/2026,2027-07-25,false
SKU-OO35O,Racking Beam 2.4m,RAW_MATERIALS,SUP-183,wh_f,WH-F-BIN-30,5.0KG,25,72.43,2026-07-02,Nov 21 2026,false
SKU-OO194,Floor Marking Paint,FOOD_COLD,SUP-020,LOC-009,WH-I-BIN-34,8.0,10,99.78,03/04/2026,2027-02-15,false
SKU-OOO17,,PPE,SUP-036,WH-C,WH-C-BIN-37,432.0 KG,40,484.33,13/04/2026,,false
SKU-OO34O,Steel Shelving Unit,RAW_MATERIALS,SUP-082,LOC-009,WH-I-BIN-20,4.0KG,20,110.36,27/03/2026,,false
SKU-OO356,Rubber Gasket Set,MACHINERY_PARTS,SUP-053,LOC-009,WH-I-BIN-16,55.0 KG,15,649.00,2026-02-06,,false
SKU-OO163,Epoxy Resin 1L,FOOD_DRY,SUP-025,whse q,WH-Q-BIN-23,74.0KG,,355.30,2026-02-23,02/09/2027,false
SKU-OO398,Dust Mask N95 Pack,CLEANING,SUP-047,LOC-016,WH-P-BIN-18,181.0,20,200.63,Apr 28 2026,,false
SKU-OO138,Pallet Strap Tool,CLEANING,SUP-104,LOC-005,WH-E-BIN-38,423.0kilogram,30,55.62,2026-05-15,,false
SKU-OO382,Hydraulic Hose 2in,ELECTRONICS,SUP-008,LOC-005,WH-E-BIN-42,365.0KG,0,318.91,2026-07-17,,false
SKU-OO3O9,Dock Leveler Seal,MEDICAL,SUP-152,LOC-007,WH-G-BIN-09,172.0KG,0,223.82,Jun 24 2026,2027-07-24,false
SKU-OO48O,Wheel Chock Rubber,RAW_MATERIALS,SUP-199,Warehouse E,WH-E-BIN-80,288.0 KG,0,333.48,28/04/2026,,false
SKU-OOO68,Label Printer Ribbon,CLEANING,SUP-174,WH-D,WH-D-BIN-48,306.0KG,10,396.86,2026-04-04,,false
SKU-OO375,PVC Pipe 50mm,PACKAGING,SUP-195,LOC-016,WH-P-BIN-15,158.0kilogram,25,128.51,2026-05-08,,false
SKU-OO174,Floor Marking Paint,FOOD_COLD,SUP-130,WH-D,WH-D-BIN-74,410.0,0,693.71,02/07/2026,2026-04-17,false
SKU-OO248,Compressed Air Hose,CLEANING,SUP-131,Warehouse K,WH-K-BIN-68,305.0KG,25,433.40,2026-07-24,,false
SKU-OO343,,FOOD_DRY,SUP-129,Warehouse O,WH-O-BIN-63,222.0 KG,20,130.51,01/04/2026,,false
SKU-OO483,Epoxy Resin 1L,FOOD_DRY,SUP-029,Warehouse I,WH-I-BIN-23,352.0KG,,493.92,24/06/2026,Aug 27 2027,false
SKU-OOO74,,FOOD_COLD,SUP-085,LOC-003,WH-C-BIN-74,376.0,25,490.87,Feb 10 2026,2027-07-27,false
SKU-OO299,Wooden Pallet Std,MEDICAL,SUP-149,whse m,WH-M-BIN-19,234.0,40,495.86,25/06/2026,,false
SKU-OO452,Load Cell 500kg,ELECTRONICS,SUP-154,LOC-003,WH-C-BIN-72,75.0KG,15,654.93,2026-04-23,,false
SKU-OO117,Humidity Sensor Probe,PPE,SUP-114,LOC-020,WH-T-BIN-77,484.0 KG,10,579.01,May 21 2026,,false
SKU-OO162,Spill Kit 20L,ELECTRONICS,SUP-093,LOC-002,WH-B-BIN-62,445.0KG,,467.23,2026-07-15,,false
SKU-OO415,PVC Pipe 50mm,PACKAGING,SUP-066,LOC-012,WH-L-BIN-15,13.0 KG,30,227.88,08/07/2026,,false
SKU-OO38O,Steel Shelving Unit,RAW_MATERIALS,SUP-016,LOC-001,WH-A-BIN-60,39.0kilogram,10,572.03,Apr 18 2026,,false
SKU-OO335,Battery Charger 24V,PACKAGING,SUP-124,LOC-005,WH-E-BIN-75,179.0,10,382.58,Feb 03 2026,Nov 09 2026,false
SKU-OO28O,,RAW_MATERIALS,SUP-110,LOC-020,WH-T-BIN-40,494.0KG,0,167.86,2026-07-25,,false
SKU-OO227,Shrink Wrap Film Roll,PPE,SUP-063,LOC-017,WH-Q-BIN-47,425.0 KG,,714.18,May 01 2026,,false
SKU-OOO41,,CHEMICALS,SUP-110,LOC-019,WH-S-BIN-01,500.0,,414.79,2026-04-10,2027-02-08,true
SKU-OO358,Dust Mask N95 Pack,CLEANING,SUP-148,LOC-006,WH-F-BIN-58,20.0,,510.83,Feb 04 2026,,false
SKU-OO187,Welding Rod 3.2mm,PPE,SUP-039,LOC-020,WH-T-BIN-67,136.0 KG,15,452.87,May 28 2026,,false
SKU-OO329,First Aid Refill,MEDICAL,SUP-088,Warehouse G,WH-G-BIN-69,439.0 KG,30,691.34,Jun 07 2026,,false
SKU-OO195,Battery Charger 24V,PACKAGING,SUP-179,Warehouse N,WH-N-BIN-75,339.0kilogram,30,527.88,Jul 17 2026,2026-06-11,false
SKU-OO484,Chain Block 1T,FOOD_COLD,SUP-188,wh-t,WH-T-BIN-64,63.0KG,0,166.61,10/02/2026,,false
SKU-OO224,Forklift Battery 24V,FOOD_COLD,SUP-152,LOC-007,WH-G-BIN-04,59.0KG,30,500.20,2026-07-20,,false
SKU-OO483,Industrial Solvent 5L,FOOD_DRY,SUP-151,wh-t,WH-T-BIN-43,270.0kilogram,30,733.73,06/03/2026,,false
SKU-OO432,Load Cell 500kg,ELECTRONICS,SUP-013,wh-m,WH-M-BIN-32,123.0 KG,15,50.80,Apr 26 2026,,false
SKU-OO296,,MACHINERY_PARTS,SUP-154,wh-o,WH-O-BIN-76,189.0kilogram,40,241.11,07/05/2026,,false
SKU-OO257,Humidity Sensor Probe,PPE,SUP-192,WH-P,WH-P-BIN-37,363.0kilogram,40,293.18,20/06/2026,,false
SKU-OO212,,ELECTRONICS,SUP-185,LOC-017,WH-Q-BIN-72,9.0,15,257.36,2026-02-16,06/07/2027,false
SKU-OO289,Dock Leveler Seal,MEDICAL,SUP-082,LOC-011,WH-K-BIN-09,441.0,,170.09,Feb 02 2026,,false
SKU-OO36O,,RAW_MATERIALS,SUP-049,whse n,WH-N-BIN-80,66.0kilogram,15,91.37,05/04/2026,,false
SKU-OO491,Nitrile Gloves Box,CHEMICALS,SUP-084,LOC-003,WH-C-BIN-11,161.0KG,10,460.33,29/05/2026,,true
SKU-OO146,,MACHINERY_PARTS,SUP-104,Warehouse N,WH-N-BIN-46,8.0KG,,247.79,Mar 28 2026,,false
SKU-OO387,Shrink Wrap Film Roll,PPE,SUP-042,LOC-012,WH-L-BIN-47,466.0,15,20.23,22/06/2026,,false
SKU-OO314,Floor Marking Paint,FOOD_COLD,SUP-011,wh-o,WH-O-BIN-34,354.0,0,117.16,03/06/2026,,false
SKU-OO288,Compressed Air Hose,CLEANING,SUP-108,LOC-010,WH-J-BIN-28,168.0 KG,30,470.75,15/07/2026,2026-06-22,false
SKU-OO179,Coolant Concentrate,MEDICAL,SUP-105,LOC-020,WH-T-BIN-79,275.0 KG,20,162.43,2026-04-21,,false
SKU-OOO64,,FOOD_COLD,SUP-102,LOC-001,WH-A-BIN-64,239.0KG,30,310.71,Apr 09 2026,May 22 2026,false
SKU-OOO54,Floor Marking Paint,FOOD_COLD,SUP-072,LOC-012,WH-L-BIN-74,451.0kilogram,10,424.81,30/05/2026,,false
SKU-OO417,Humidity Sensor Probe,PPE,SUP-133,LOC-006,WH-F-BIN-37,68.0kilogram,,558.40,2026-03-22,,false
SKU-OO114,Fire Extinguisher 4kg,FOOD_COLD,SUP-072,wh-t,WH-T-BIN-14,459.0,15,73.96,23/04/2026,,false
SKU-OO368,Compressed Air Hose,CLEANING,SUP-089,LOC-015,WH-O-BIN-28,8.0,10,532.80,Jun 15 2026,,false
SKU-OO178,,CLEANING,SUP-101,whse d,WH-D-BIN-78,8.0KG,10,63.31,14/02/2026,,false
SKU-OOO28,Compressed Air Hose,CLEANING,SUP-135,wh-p,WH-P-BIN-28,413.0,25,514.59,06/04/2026,2027-02-08,false
SKU-OO382,Hydraulic Hose 2in,ELECTRONICS,SUP-135,WH-J,WH-J-BIN-42,177.0KG,,202.39,2026-02-22,,false
SKU-OOO44,Forklift Battery 24V,FOOD_COLD,SUP-151,LOC-007,WH-G-BIN-44,132.0kilogram,30,744.90,2026-03-24,,false
SKU-OO197,Humidity Sensor Probe,PPE,SUP-010,wh_g,WH-G-BIN-37,126.0KG,20,430.18,28/04/2026,Jul 01 2026,false
SKU-OO495,Battery Charger 24V,PACKAGING,SUP-197,LOC-019,WH-S-BIN-75,205.0,25,107.90,26/07/2026,13/04/2026,false
SKU-OO26O,,RAW_MATERIALS,SUP-097,LOC-013,WH-M-BIN-20,376.0KG,20,138.31,2026-05-01,,false
SKU-OO272,Load Cell 500kg,ELECTRONICS,SUP-160,LOC-015,WH-O-BIN-32,469.0KG,20,92.84,Apr 19 2026,,false
SKU-OO4OO,Wheel Chock Rubber,RAW_MATERIALS,SUP-049,wh-e,WH-E-BIN-40,276.0KG,0,139.90,May 09 2026,03/10/2026,false
SKU-OO336,,MACHINERY_PARTS,SUP-043,LOC-015,WH-O-BIN-36,126.0 KG,20,541.15,2026-04-03,2027-08-20,false
SKU-OO335,,PACKAGING,SUP-106,wh-p,WH-P-BIN-35,6.0KG,12,624.05,Apr 17 2026,,false
SKU-OO1O1,Steel Bolt M8,CHEMICALS,SUP-038,LOC-005,WH-E-BIN-01,459.0,40,758.72,2026-02-11,,false
SKU-OO492,Load Cell 500kg,ELECTRONICS,SUP-174,LOC-014,WH-N-BIN-32,485.0 KG,0,435.11,Mar 26 2026,12/06/2026,false
SKU-OO28O,Wheel Chock Rubber,RAW_MATERIALS,SUP-097,wh_o,WH-O-BIN-80,399.0 KG,15,524.06,Feb 04 2026,Jun 07 2026,false
SKU-OO4O9,Dock Leveler Seal,MEDICAL,SUP-008,LOC-001,WH-A-BIN-49,60.0KG,30,749.60,Jul 26 2026,,false
SKU-OO239,Coolant Concentrate,MEDICAL,SUP-080,LOC-019,WH-S-BIN-39,68.0 KG,20,12.37,May 22 2026,,false
SKU-OO255,Battery Charger 24V,PACKAGING,SUP-022,LOC-018,WH-R-BIN-35,336.0 KG,15,418.36,2026-03-31,,false
SKU-OOO15,PVC Pipe 50mm,PACKAGING,SUP-140,wh-f,WH-F-BIN-55,75.0kilogram,,309.45,Jun 25 2026,,false
SKU-OO1O1,Steel Bolt M8,CHEMICALS,SUP-115,wh_a,WH-A-BIN-41,229.0KG,30,385.27,2026-02-14,,false
SKU-OO325,Temperature Logger,PACKAGING,SUP-049,LOC-003,WH-C-BIN-25,43.0KG,0,146.97,28/06/2026,,false
SKU-OOO21,Hand Truck,CHEMICALS,SUP-089,Warehouse T,WH-T-BIN-61,300.0 KG,25,20.11,01/06/2026,,true
SKU-OOO95,PVC Pipe 50mm,PACKAGING,SUP-166,LOC-012,WH-L-BIN-15,255.0,,423.84,19/02/2026,2027-05-11,false
SKU-OOO94,Floor Marking Paint,FOOD_COLD,SUP-053,WH-H,WH-H-BIN-74,424.0KG,30,648.04,2026-04-26,,false
SKU-OO422,Spill Kit 20L,ELECTRONICS,SUP-084,whse p,WH-P-BIN-22,283.0,25,709.19,2026-03-17,,false
SKU-OOO53,Barcode Scanner,FOOD_DRY,SUP-115,LOC-015,WH-O-BIN-13,370.0,,401.38,Jun 24 2026,,false
SKU-OO16O,Wheel Chock Rubber,RAW_MATERIALS,SUP-069,wh_a,WH-A-BIN-40,190.0 KG,0,458.67,27/02/2026,,false
SKU-OOO32,Pallet Jack Wheel,ELECTRONICS,SUP-181,LOC-008,WH-H-BIN-52,15.0 KG,25,371.74,2026-03-23,,false
SKU-OO5OO,Steel Shelving Unit,RAW_MATERIALS,SUP-059,LOC-010,WH-J-BIN-60,364.0KG,,706.92,Mar 24 2026,,false
SKU-OO351,Nitrile Gloves Box,CHEMICALS,SUP-060,LOC-001,WH-A-BIN-51,335.0kilogram,10,606.28,2026-02-22,,true
SKU-OO229,Dock Leveler Seal,MEDICAL,SUP-008,LOC-020,WH-T-BIN-09,455.0KG,40,438.36,2026-06-21,,false
SKU-OOO89,First Aid Refill,MEDICAL,SUP-073,LOC-002,WH-B-BIN-69,227.0KG,10,353.77,Jul 20 2026,,false
SKU-OO388,Label Printer Ribbon,CLEANING,SUP-043,WH-S,WH-S-BIN-48,494.0,0,21.18,May 14 2026,,false
SKU-OOO51,Nitrile Gloves Box,CHEMICALS,SUP-186,whse p,WH-P-BIN-51,419.0,25,164.66,Jun 28 2026,2026-06-22,false
SKU-OOO97,Humidity Sensor Probe,PPE,SUP-027,LOC-009,WH-I-BIN-37,23.0KG,15,476.18,24/03/2026,21/05/2027,false
SKU-OO231,Stretch Hood Film,CHEMICALS,SUP-200,whse s,WH-S-BIN-71,422.0kilogram,10,329.89,23/04/2026,,false
SKU-OOO47,,PPE,SUP-030,LOC-004,WH-D-BIN-47,10.0kilogram,15,233.73,Apr 27 2026,,false
SKU-OO367,Shrink Wrap Film Roll,PPE,SUP-144,LOC-005,WH-E-BIN-07,164.0,30,768.76,2026-03-04,,false
SKU-OO4O5,,PACKAGING,SUP-158,LOC-012,WH-L-BIN-45,398.0KG,30,246.06,07/07/2026,,false
SKU-OO278,Pallet Strap Tool,CLEANING,SUP-168,LOC-001,WH-A-BIN-38,291.0,10,26.92,2026-02-19,,false
SKU-OO48O,Steel Shelving Unit,RAW_MATERIALS,SUP-036,LOC-017,WH-Q-BIN-60,179.0 KG,15,504.74,28/06/2026,,false
SKU-OOO11,Nitrile Gloves Box,CHEMICALS,SUP-139,LOC-015,WH-O-BIN-11,71.0 KG,,216.55,2026-02-22,,false
SKU-OOO46,Conveyor Belt Patch,MACHINERY_PARTS,SUP-182,LOC-020,WH-T-BIN-06,419.0 KG,15,261.04,2026-03-05,,false
SKU-OOO17,Cable Tie Assorted,PPE,SUP-117,LOC-012,WH-L-BIN-17,343.0,0,305.35,2026-05-14,,false
SKU-OO378,,CLEANING,SUP-055,LOC-008,WH-H-BIN-78,336.0kilogram,20,3.65,2026-02-15,2026-09-30,false
SKU-OO3O8,Compressed Air Hose,CLEANING,SUP-103,LOC-012,WH-L-BIN-28,494.0,,101.00,Jun 23 2026,,false
SKU-OO189,Dock Leveler Seal,MEDICAL,SUP-174,LOC-007,WH-G-BIN-49,143.0 KG,30,356.93,2026-06-09,,false
SKU-OO491,Nitrile Gloves Box,CHEMICALS,SUP-196,LOC-012,WH-L-BIN-51,298.0,20,7.25,2026-02-23,,false
SKU-OOO15,PVC Pipe 50mm,PACKAGING,SUP-070,LOC-011,WH-K-BIN-15,429.0KG,10,715.92,2026-04-23,,false
SKU-OO3OO,Wheel Chock Rubber,RAW_MATERIALS,SUP-182,Warehouse G,WH-G-BIN-80,218.0 KG,0,272.33,Jul 10 2026,,false
SKU-OO387,Welding Rod 3.2mm,PPE,SUP-121,wh_f,WH-F-BIN-67,103.0kilogram,0,499.54,Jun 15 2026,,false
SKU-OO156,Rubber Gasket Set,MACHINERY_PARTS,SUP-084,wh-a,WH-A-BIN-16,466.0kilogram,10,604.92,2026-06-03,,false
SKU-OO499,Coolant Concentrate,MEDICAL,SUP-166,LOC-020,WH-T-BIN-79,13.0 KG,20,729.13,Apr 07 2026,,false
SKU-OOOO9,First Aid Refill,MEDICAL,SUP-143,wh-n,WH-N-BIN-69,460.0kilogram,30,618.54,2026-05-17,,false
SKU-OOO76,,MACHINERY_PARTS,SUP-175,wh_q,WH-Q-BIN-16,468.0,0,10.74,16/05/2026,08/07/2026,false
SKU-OO193,Dock Bumpers Pair,FOOD_DRY,SUP-053,LOC-009,WH-I-BIN-73,68.0kilogram,10,346.27,Jun 26 2026,,false
SKU-OO353,,FOOD_DRY,SUP-102,LOC-005,WH-E-BIN-13,68.0kilogram,15,237.84,Jul 09 2026,2026-04-14,false
SKU-OOO12,Pallet Jack Wheel,ELECTRONICS,SUP-179,wh_o,WH-O-BIN-12,5.0KG,25,755.00,Jul 21 2026,Apr 22 2026,false
SKU-OOO65,Temperature Logger,PACKAGING,SUP-054,LOC-014,WH-N-BIN-25,443.0kilogram,15,148.63,2026-05-06,,false
SKU-OO315,Battery Charger 24V,PACKAGING,SUP-148,LOC-003,WH-C-BIN-75,332.0 KG,15,221.53,2026-05-05,,false
SKU-OO177,Cable Tie Assorted,PPE,SUP-052,LOC-020,WH-T-BIN-57,310.0,10,144.18,08/06/2026,,false
SKU-OO4O7,Shrink Wrap Film Roll,PPE,SUP-018,LOC-014,WH-N-BIN-07,201.0KG,40,674.76,2026-02-27,,false
SKU-OOO4O,Wheel Chock Rubber,RAW_MATERIALS,SUP-158,LOC-012,WH-L-BIN-40,361.0KG,30,174.50,May 31 2026,,false
SKU-OO265,Safety Gloves L,PACKAGING,SUP-043,Warehouse T,WH-T-BIN-45,145.0KG,15,681.47,Apr 29 2026,,false
SKU-OOO52,Pallet Jack Wheel,ELECTRONICS,SUP-054,LOC-017,WH-Q-BIN-52,186.0 KG,30,765.44,2026-04-04,,false
SKU-OO29O,Racking Beam 2.4m,RAW_MATERIALS,SUP-074,LOC-011,WH-K-BIN-30,11.0,40,713.48,29/04/2026,,false
SKU-OO256,Mesh Security Cage,MACHINERY_PARTS,SUP-085,LOC-002,WH-B-BIN-76,401.0KG,40,386.94,Apr 12 2026,,false
SKU-OO298,Dust Mask N95 Pack,CLEANING,SUP-184,LOC-007,WH-G-BIN-18,126.0 KG,10,607.01,11/03/2026,09/04/2027,false
SKU-OO249,,MEDICAL,SUP-145,LOC-005,WH-E-BIN-29,65.0KG,0,244.83,2026-06-19,,false
SKU-OO444,Chain Block 1T,FOOD_COLD,SUP-171,LOC-016,WH-P-BIN-64,80.0 KG,20,572.03,2026-05-08,,false
SKU-OO238,Dust Mask N95 Pack,CLEANING,SUP-046,LOC-005,WH-E-BIN-58,5.0KG,15,148.10,Jul 16 2026,,false
SKU-OO367,Shrink Wrap Film Roll,PPE,SUP-108,WH-F,WH-F-BIN-47,340.0 KG,40,377.32,Jul 10 2026,,false
SKU-OO345,Temperature Logger,PACKAGING,SUP-184,wh_b,WH-B-BIN-25,302.0 KG,40,725.08,2026-05-26,03/12/2026,false
SKU-OO24O,Wheel Chock Rubber,RAW_MATERIALS,SUP-166,wh_b,WH-B-BIN-40,348.0 KG,20,564.00,May 21 2026,02/05/2026,false
SKU-OOO16,Rubber Gasket Set,MACHINERY_PARTS,SUP-048,WH-K,WH-K-BIN-16,374.0 KG,25,641.32,Apr 13 2026,,false
SKU-OOO91,Stretch Hood Film,CHEMICALS,SUP-127,WH-Q,WH-Q-BIN-31,74.0kilogram,40,96.10,Jun 28 2026,Jun 20 2026,false
SKU-OO38O,Wheel Chock Rubber,RAW_MATERIALS,SUP-018,LOC-012,WH-L-BIN-80,4.0KG,,793.52,Mar 03 2026,,false
SKU-OOO77,,PPE,SUP-016,LOC-017,WH-Q-BIN-37,339.0KG,,536.57,Jul 25 2026,May 01 2027,false
SKU-OO169,First Aid Refill,MEDICAL,SUP-009,wh-r,WH-R-BIN-69,336.0 KG,15,516.49,2026-07-13,,false
SKU-OO3O4,Forklift Battery 24V,FOOD_COLD,SUP-112,whse i,WH-I-BIN-44,342.0KG,10,34.42,2026-04-05,Jan 12 2027,false
SKU-OO455,PVC Pipe 50mm,PACKAGING,SUP-053,wh-i,WH-I-BIN-15,443.0,10,177.60,Jun 22 2026,,false
SKU-OO251,,CHEMICALS,SUP-052,LOC-009,WH-I-BIN-51,171.0 KG,15,463.80,May 02 2026,Feb 27 2027,false
SKU-OO225,Temperature Logger,PACKAGING,SUP-035,WH-P,WH-P-BIN-25,342.0 KG,10,682.35,2026-05-15,,false
SKU-OO2O6,Anti-Slip Tape Roll,MACHINERY_PARTS,SUP-013,Warehouse N,WH-N-BIN-26,21.0 KG,20,667.28,2026-04-04,,false
SKU-OO338,Pallet Strap Tool,CLEANING,SUP-038,WH-C,WH-C-BIN-78,158.0 KG,30,634.68,May 21 2026,24/10/2026,false
SKU-OO112,Pallet Jack Wheel,ELECTRONICS,SUP-132,LOC-003,WH-C-BIN-52,412.0kilogram,15,135.37,2026-05-09,,false
SKU-OOOO7,Welding Rod 3.2mm,PPE,SUP-126,wh-d,WH-D-BIN-67,325.0KG,15,174.41,31/03/2026,08/07/2027,false
SKU-OO135,Battery Charger 24V,PACKAGING,SUP-066,LOC-001,WH-A-BIN-75,493.0kilogram,10,98.49,05/07/2026,2027-01-27,false
SKU-OOO53,Barcode Scanner,FOOD_DRY,SUP-020,LOC-014,WH-N-BIN-53,83.0,15,797.00,Mar 08 2026,,false
SKU-OO3O5,Temperature Logger,PACKAGING,SUP-142,LOC-020,WH-T-BIN-65,265.0 KG,20,188.69,Feb 05 2026,Apr 06 2026,false
SKU-OO289,First Aid Refill,MEDICAL,SUP-003,Warehouse T,WH-T-BIN-69,216.0kilogram,25,82.82,2026-02-14,,false
SKU-OO186,Conveyor Belt Patch,MACHINERY_PARTS,SUP-134,LOC-013,WH-M-BIN-46,216.0 KG,10,205.82,Feb 16 2026,2027-09-04,false
SKU-OOO93,Dock Bumpers Pair,FOOD_DRY,SUP-182,LOC-018,WH-R-BIN-33,360.0KG,10,432.81,2026-06-19,,false
SKU-OO125,,PACKAGING,SUP-151,LOC-018,WH-R-BIN-05,480.0 KG,15,28.57,Jun 27 2026,,false
SKU-OOO26,Conveyor Belt Patch,MACHINERY_PARTS,SUP-038,LOC-006,WH-F-BIN-46,27.0 KG,30,76.43,03/02/2026,,false
SKU-OO192,,ELECTRONICS,SUP-116,LOC-013,WH-M-BIN-32,403.0KG,30,98.92,Jul 15 2026,09/11/2026,false
SKU-OO428,Label Printer Ribbon,CLEANING,SUP-194,whse d,WH-D-BIN-08,238.0KG,0,656.84,Feb 25 2026,,false
SKU-OO354,Floor Marking Paint,FOOD_COLD,SUP-184,wh-l,WH-L-BIN-74,3.0KG,16,482.33,20/07/2026,2027-05-30,false
SKU-OOOO4,Chain Block 1T,FOOD_COLD,SUP-002,LOC-012,WH-L-BIN-64,14.0kilogram,20,333.73,Jun 11 2026,,false
SKU-OO4O8,Compressed Air Hose,CLEANING,SUP-158,LOC-017,WH-Q-BIN-28,52.0 KG,15,427.29,2026-05-07,,false
SKU-OO17O,Racking Beam 2.4m,RAW_MATERIALS,SUP-186,WH-F,WH-F-BIN-70,37.0 KG,10,173.41,May 20 2026,14/11/2026,false
SKU-OOO65,Safety Gloves L,PACKAGING,SUP-021,LOC-001,WH-A-BIN-45,235.0 KG,15,208.43,14/04/2026,2026-06-23,false
SKU-OOO72,Load Cell 500kg,ELECTRONICS,SUP-011,Warehouse Q,WH-Q-BIN-72,192.0 KG,30,217.31,11/06/2026,17/02/2027,false
SKU-OOO91,Stretch Hood Film,CHEMICALS,SUP-066,LOC-008,WH-H-BIN-31,28.0,30,650.85,2026-07-06,,true
SKU-OO244,,FOOD_COLD,SUP-079,LOC-015,WH-O-BIN-64,414.0kilogram,40,656.34,26/06/2026,,false
SKU-OOOO7,Shrink Wrap Film Roll,PPE,SUP-153,LOC-015,WH-O-BIN-47,415.0kilogram,,600.98,Feb 22 2026,22/12/2026,false
SKU-OOO46,,MACHINERY_PARTS,SUP-169,LOC-009,WH-I-BIN-06,3.0kilogram,10,464.32,2026-07-04,,false
SKU-OO111,,CHEMICALS,SUP-186,LOC-012,WH-L-BIN-11,17.0,25,399.26,23/04/2026,,false
SKU-OO341,Steel Bolt M8,CHEMICALS,SUP-012,LOC-010,WH-J-BIN-01,2.0kilogram,23,175.17,Feb 21 2026,Oct 16 2026,false
SKU-OO373,Barcode Scanner,FOOD_DRY,SUP-159,wh_l,WH-L-BIN-53,272.0kilogram,20,221.24,2026-06-14,,false
SKU-OO3O6,Anti-Slip Tape Roll,MACHINERY_PARTS,SUP-098,wh-k,WH-K-BIN-26,461.0 KG,20,139.83,2026-07-29,,false
SKU-OO261,Steel Bolt M8,CHEMICALS,SUP-131,LOC-001,WH-A-BIN-01,124.0,30,272.75,Mar 28 2026,,true
SKU-OOOO5,Temperature Logger,PACKAGING,SUP-085,LOC-004,WH-D-BIN-65,103.0kilogram,0,557.66,2026-06-26,,false
SKU-OO351,Stretch Hood Film,CHEMICALS,SUP-095,LOC-018,WH-R-BIN-31,3.0,20,362.44,18/02/2026,,true
SKU-OO33O,LED Warehouse Light,RAW_MATERIALS,SUP-138,LOC-001,WH-A-BIN-50,484.0,15,325.76,Feb 25 2026,,false
SKU-OO27O,LED Warehouse Light,RAW_MATERIALS,SUP-112,whse a,WH-A-BIN-50,29.0KG,15,438.46,2026-06-15,,false
SKU-OOO51,Nitrile Gloves Box,CHEMICALS,SUP-154,LOC-004,WH-D-BIN-51,19.0kilogram,40,312.47,05/02/2026,,false
SKU-OO497,Humidity Sensor Probe,PPE,SUP-200,LOC-014,WH-N-BIN-37,319.0,15,763.31,26/07/2026,,false
SKU-OO18O,Wheel Chock Rubber,RAW_MATERIALS,SUP-111,wh-e,WH-E-BIN-40,125.0kilogram,0,542.40,2026-04-14,,false
SKU-OO229,First Aid Refill,MEDICAL,SUP-117,LOC-016,WH-P-BIN-29,467.0 KG,20,310.25,2026-04-15,,false
SKU-OOO2O,Wheel Chock Rubber,RAW_MATERIALS,SUP-095,LOC-003,WH-C-BIN-80,417.0 KG,,445.10,2026-02-28,,false
SKU-OO453,Barcode Scanner,FOOD_DRY,SUP-111,LOC-005,WH-E-BIN-53,94.0KG,0,446.76,2026-06-30,03/10/2026,false
SKU-OO251,Nitrile Gloves Box,CHEMICALS,SUP-193,LOC-018,WH-R-BIN-11,413.0KG,0,442.62,2026-07-03,Apr 09 2027,true
SKU-OO249,Dock Leveler Seal,MEDICAL,SUP-008,LOC-007,WH-G-BIN-49,335.0kilogram,20,487.42,Jul 13 2026,,false
SKU-OO492,Load Cell 500kg,ELECTRONICS,SUP-172,WH-P,WH-P-BIN-72,374.0,30,439.28,Jul 30 2026,2026-12-12,false
SKU-OOO32,Pallet Jack Wheel,ELECTRONICS,SUP-138,LOC-005,WH-E-BIN-12,488.0 KG,10,300.69,Apr 22 2026,,false
SKU-OO21O,LED Warehouse Light,RAW_MATERIALS,SUP-141,LOC-014,WH-N-BIN-10,9.0,15,407.95,2026-07-25,,false
SKU-OO339,Wooden Pallet Std,MEDICAL,SUP-009,LOC-006,WH-F-BIN-19,6.0,,758.97,2026-07-05,Apr 13 2026,false
SKU-OO327,Shrink Wrap Film Roll,PPE,SUP-193,whse k,WH-K-BIN-07,5.0,24,688.90,Apr 25 2026,17/02/2027,false
SKU-OOO91,Nitrile Gloves Box,CHEMICALS,SUP-122,LOC-015,WH-O-BIN-11,35.0 KG,25,159.93,18/02/2026,,false
SKU-OOO42,Hydraulic Hose 2in,ELECTRONICS,SUP-072,LOC-008,WH-H-BIN-02,10.0kilogram,25,429.26,2026-03-12,Dec 28 2026,false
SKU-OO343,Industrial Solvent 5L,FOOD_DRY,SUP-005,LOC-010,WH-J-BIN-43,161.0,40,37.94,20/07/2026,,false
SKU-OO3O7,Shrink Wrap Film Roll,PPE,SUP-187,LOC-007,WH-G-BIN-07,421.0 KG,10,311.72,2026-02-15,May 17 2027,false
SKU-OO328,Compressed Air Hose,CLEANING,SUP-073,Warehouse O,WH-O-BIN-28,342.0kilogram,,191.36,06/03/2026,,false
SKU-OO347,Shrink Wrap Film Roll,PPE,SUP-135,wh_o,WH-O-BIN-07,305.0 KG,40,787.95,27/05/2026,,false
SKU-OO417,Cable Tie Assorted,PPE,SUP-090,Warehouse Q,WH-Q-BIN-17,330.0KG,0,270.42,May 21 2026,,false
SKU-OO311,Nitrile Gloves Box,CHEMICALS,SUP-003,LOC-015,WH-O-BIN-51,454.0kilogram,15,64.72,19/06/2026,,true
SKU-OO117,Cable Tie Assorted,PPE,SUP-141,LOC-010,WH-J-BIN-17,236.0kilogram,25,157.92,11/07/2026,,false
SKU-OO258,Pallet Strap Tool,CLEANING,SUP-007,LOC-014,WH-N-BIN-38,290.0kilogram,0,434.34,May 18 2026,Oct 19 2026,false
SKU-OO343,Epoxy Resin 1L,FOOD_DRY,SUP-122,LOC-012,WH-L-BIN-23,431.0,10,777.97,Feb 09 2026,,false
SKU-OO331,,CHEMICALS,SUP-046,whse j,WH-J-BIN-11,62.0,30,547.00,2026-07-11,Aug 25 2027,true
SKU-OO392,Load Cell 500kg,ELECTRONICS,SUP-057,LOC-005,WH-E-BIN-72,8.0,10,21.55,Jul 22 2026,,false
SKU-OO261,Hand Truck,CHEMICALS,SUP-059,LOC-009,WH-I-BIN-61,367.0 KG,20,281.52,01/07/2026,,false
SKU-OO168,Compressed Air Hose,CLEANING,SUP-103,LOC-013,WH-M-BIN-28,393.0KG,,167.45,2026-04-29,,false
SKU-OO175,Battery Charger 24V,PACKAGING,SUP-185,wh_h,WH-H-BIN-75,13.0kilogram,15,474.76,2026-04-11,Jan 11 2027,false
SKU-OO451,Nitrile Gloves Box,CHEMICALS,SUP-143,LOC-003,WH-C-BIN-11,274.0KG,,89.26,2026-06-02,May 02 2027,true
SKU-OO424,Forklift Battery 24V,FOOD_COLD,SUP-082,LOC-010,WH-J-BIN-44,491.0,25,483.77,2026-02-17,Oct 25 2026,false
SKU-OO367,Shrink Wrap Film Roll,PPE,SUP-008,LOC-011,WH-K-BIN-07,33.0 KG,0,731.03,Jul 19 2026,11/11/2026,false
SKU-OO149,Dock Leveler Seal,MEDICAL,SUP-001,Warehouse B,WH-B-BIN-49,98.0 KG,10,280.91,2026-05-24,,false
SKU-OO2OO,Steel Shelving Unit,RAW_MATERIALS,SUP-172,wh-p,WH-P-BIN-20,278.0 KG,10,47.39,2026-07-01,,false
SKU-OO369,First Aid Refill,MEDICAL,SUP-159,wh-e,WH-E-BIN-69,193.0 KG,0,678.96,09/05/2026,21/12/2026,false
SKU-OOO88,Compressed Air Hose,CLEANING,SUP-045,LOC-010,WH-J-BIN-68,366.0KG,20,752.92,Mar 20 2026,,false
SKU-OO377,Humidity Sensor Probe,PPE,SUP-039,LOC-020,WH-T-BIN-37,202.0KG,0,265.96,2026-07-19,Aug 27 2027,false
SKU-OO287,Welding Rod 3.2mm,PPE,SUP-033,wh_c,WH-C-BIN-67,490.0KG,10,501.70,Jul 14 2026,2026-05-13,false
SKU-OOOO8,Compressed Air Hose,CLEANING,SUP-163,LOC-011,WH-K-BIN-28,422.0KG,30,663.97,2026-03-14,,false
SKU-OO3O5,Safety Gloves L,PACKAGING,SUP-075,LOC-019,WH-S-BIN-05,438.0 KG,30,312.24,2026-06-16,,false
SKU-OO445,Safety Gloves L,PACKAGING,SUP-014,whse i,WH-I-BIN-45,355.0 KG,25,218.51,Feb 12 2026,2026-05-07,false
SKU-OO335,,PACKAGING,SUP-006,wh-s,WH-S-BIN-55,161.0kilogram,10,244.48,May 13 2026,,false
SKU-OOOO4,Forklift Battery 24V,FOOD_COLD,SUP-076,LOC-003,WH-C-BIN-04,210.0kilogram,15,189.71,Mar 11 2026,04/09/2027,false
SKU-OO261,Steel Bolt M8,CHEMICALS,SUP-194,whse l,WH-L-BIN-01,442.0 KG,30,623.94,Feb 06 2026,,false
SKU-OOO39,Coolant Concentrate,MEDICAL,SUP-187,LOC-016,WH-P-BIN-39,154.0kilogram,25,362.00,30/05/2026,,false
SKU-OOO97,,PPE,SUP-063,LOC-009,WH-I-BIN-57,448.0kilogram,0,247.50,16/04/2026,2026-05-15,false
SKU-OOO53,Barcode Scanner,FOOD_DRY,SUP-147,whse h,WH-H-BIN-13,238.0 KG,20,172.55,05/07/2026,,false
SKU-OO234,,FOOD_COLD,SUP-023,LOC-004,WH-D-BIN-14,39.0,30,251.96,Mar 03 2026,,false
SKU-OO1O7,,PPE,SUP-014,LOC-015,WH-O-BIN-67,48.0 KG,,79.72,May 17 2026,Jun 30 2027,false
SKU-OO451,Nitrile Gloves Box,CHEMICALS,SUP-059,LOC-006,WH-F-BIN-51,19.0KG,40,591.04,2026-04-27,,false
SKU-OO297,Cable Tie Assorted,PPE,SUP-154,LOC-017,WH-Q-BIN-57,238.0KG,15,711.92,Mar 10 2026,,false
SKU-OO179,Wooden Pallet Std,MEDICAL,SUP-185,wh_d,WH-D-BIN-59,57.0,10,328.28,2026-04-06,,false
SKU-OOO64,Forklift Battery 24V,FOOD_COLD,SUP-128,LOC-016,WH-P-BIN-04,101.0 KG,15,292.63,07/06/2026,09/05/2026,false
SKU-OOO34,,FOOD_COLD,SUP-024,LOC-006,WH-F-BIN-54,391.0 KG,,14.77,2026-07-22,,false
SKU-OO168,Compressed Air Hose,CLEANING,SUP-059,whse g,WH-G-BIN-68,150.0KG,30,709.71,05/05/2026,2027-05-01,false
SKU-OO486,Anti-Slip Tape Roll,MACHINERY_PARTS,SUP-029,LOC-013,WH-M-BIN-66,260.0 KG,30,564.97,31/03/2026,17/07/2027,false
SKU-OO33O,Racking Beam 2.4m,RAW_MATERIALS,SUP-017,LOC-015,WH-O-BIN-30,224.0kilogram,0,456.24,Mar 27 2026,,false
SKU-OO195,PVC Pipe 50mm,PACKAGING,SUP-169,WH-T,WH-T-BIN-55,188.0,10,261.28,07/03/2026,,false
SKU-OO312,Pallet Jack Wheel,ELECTRONICS,SUP-147,LOC-013,WH-M-BIN-12,278.0 KG,20,89.65,Feb 16 2026,06/05/2026,false
SKU-OO345,Safety Gloves L,PACKAGING,SUP-094,LOC-012,WH-L-BIN-05,350.0kilogram,10,680.40,2026-05-08,,false
SKU-OOO8O,,RAW_MATERIALS,SUP-044,LOC-012,WH-L-BIN-60,265.0kilogram,10,378.09,May 18 2026,,false
SKU-OO294,Fire Extinguisher 4kg,FOOD_COLD,SUP-042,wh_a,WH-A-BIN-14,61.0 KG,40,153.14,06/03/2026,,false
SKU-OO45O,LED Warehouse Light,RAW_MATERIALS,SUP-180,LOC-004,WH-D-BIN-10,269.0KG,25,675.05,21/03/2026,,false
SKU-OO289,First Aid Refill,MEDICAL,SUP-138,LOC-010,WH-J-BIN-29,106.0KG,,601.43,29/05/2026,,false
SKU-OOO54,Floor Marking Paint,FOOD_COLD,SUP-052,LOC-017,WH-Q-BIN-34,430.0,40,212.21,28/05/2026,,false
SKU-OOO52,Pallet Jack Wheel,ELECTRONICS,SUP-030,Warehouse G,WH-G-BIN-12,41.0 KG,40,255.20,12/04/2026,28/01/2027,false
SKU-OO332,Pallet Jack Wheel,ELECTRONICS,SUP-064,LOC-020,WH-T-BIN-12,332.0KG,40,539.41,2026-06-20,2026-04-22,false
SKU-OO232,Pallet Jack Wheel,ELECTRONICS,SUP-013,LOC-004,WH-D-BIN-12,16.0,25,116.89,2026-03-11,,false
SKU-OO248,Compressed Air Hose,CLEANING,SUP-179,wh_l,WH-L-BIN-68,101.0,25,716.38,04/06/2026,2026-11-09,false
SKU-OO363,Industrial Solvent 5L,FOOD_DRY,SUP-194,wh-q,WH-Q-BIN-43,293.0 KG,30,304.37,Jul 26 2026,,false
SKU-OOO67,Shrink Wrap Film Roll,PPE,SUP-166,LOC-001,WH-A-BIN-47,473.0KG,,207.14,May 04 2026,,false
SKU-OO442,Hydraulic Hose 2in,ELECTRONICS,SUP-112,LOC-012,WH-L-BIN-02,89.0KG,10,754.15,May 19 2026,,false
SKU-OOO79,,MEDICAL,SUP-149,wh-s,WH-S-BIN-79,14.0kilogram,15,6.57,2026-06-30,,false
SKU-OO431,Stretch Hood Film,CHEMICALS,SUP-029,LOC-015,WH-O-BIN-31,74.0KG,25,623.80,Apr 01 2026,,false
SKU-OO365,Temperature Logger,PACKAGING,SUP-155,LOC-010,WH-J-BIN-65,18.0,,247.94,2026-04-04,,false
SKU-OO151,Nitrile Gloves Box,CHEMICALS,SUP-171,LOC-012,WH-L-BIN-51,29.0,30,67.71,20/07/2026,Jun 24 2027,false
SKU-OO25O,,RAW_MATERIALS,SUP-056,LOC-010,WH-J-BIN-30,439.0KG,15,280.22,2026-07-19,21/05/2026,false
SKU-OO226,Conveyor Belt Patch,MACHINERY_PARTS,SUP-146,WH-B,WH-B-BIN-46,150.0KG,25,459.53,2026-05-20,,false
SKU-OO2O9,Dock Leveler Seal,MEDICAL,SUP-130,LOC-003,WH-C-BIN-09,380.0kilogram,40,484.69,22/06/2026,Jun 03 2027,false
SKU-OO241,Steel Bolt M8,CHEMICALS,SUP-080,whse h,WH-H-BIN-41,314.0kilogram,0,332.29,25/06/2026,,false
SKU-OO143,Epoxy Resin 1L,FOOD_DRY,SUP-112,LOC-006,WH-F-BIN-23,307.0 KG,25,360.14,07/04/2026,,false
SKU-OOO96,,MACHINERY_PARTS,SUP-195,WH-J,WH-J-BIN-56,466.0kilogram,30,26.59,03/02/2026,,false
SKU-OO228,Label Printer Ribbon,CLEANING,SUP-103,LOC-016,WH-P-BIN-08,97.0KG,10,748.65,2026-02-10,27/10/2026,false
SKU-OO137,,PPE,SUP-125,LOC-012,WH-L-BIN-57,183.0 KG,,86.62,Mar 14 2026,,false
SKU-OO279,Wooden Pallet Std,MEDICAL,SUP-066,LOC-010,WH-J-BIN-19,425.0kilogram,25,614.95,Jul 16 2026,12/04/2027,false
SKU-OO4O4,Chain Block 1T,FOOD_COLD,SUP-046,LOC-005,WH-E-BIN-64,18.0kilogram,30,316.14,2026-06-10,2027-06-12,false
SKU-OO22O,Wheel Chock Rubber,RAW_MATERIALS,SUP-073,LOC-014,WH-N-BIN-40,285.0kilogram,0,227.40,2026-06-16,,false
SKU-OO296,Mesh Security Cage,MACHINERY_PARTS,SUP-136,Warehouse J,WH-J-BIN-36,219.0,,573.82,Mar 27 2026,2027-02-22,false
SKU-OO454,Fire Extinguisher 4kg,FOOD_COLD,SUP-004,LOC-019,WH-S-BIN-14,194.0,15,162.12,2026-02-16,2027-04-23,false
SKU-OO48O,,RAW_MATERIALS,SUP-171,WH-Q,WH-Q-BIN-80,91.0KG,25,774.28,2026-07-14,28/07/2027,false
SKU-OO1O2,Hydraulic Hose 2in,ELECTRONICS,SUP-121,LOC-013,WH-M-BIN-42,55.0,30,443.67,28/05/2026,,false
SKU-OO438,,CLEANING,SUP-094,Warehouse J,WH-J-BIN-58,233.0,20,748.32,2026-04-08,09/08/2027,false
SKU-OO359,Wooden Pallet Std,MEDICAL,SUP-053,LOC-019,WH-S-BIN-19,485.0KG,20,551.14,May 20 2026,,false
SKU-OO445,Safety Gloves L,PACKAGING,SUP-100,LOC-006,WH-F-BIN-05,136.0 KG,0,479.80,21/02/2026,10/11/2026,false
SKU-OO1O7,Welding Rod 3.2mm,PPE,SUP-002,LOC-008,WH-H-BIN-67,73.0kilogram,15,798.15,2026-04-08,,false
SKU-OO29O,Racking Beam 2.4m,RAW_MATERIALS,SUP-049,wh-f,WH-F-BIN-30,114.0 KG,10,621.46,11/04/2026,Nov 10 2026,false
SKU-OO3O7,Shrink Wrap Film Roll,PPE,SUP-113,LOC-004,WH-D-BIN-47,143.0KG,,486.28,Mar 08 2026,,false
SKU-OO3O8,Compressed Air Hose,CLEANING,SUP-186,Warehouse T,WH-T-BIN-68,318.0,25,298.01,Mar 27 2026,,false
SKU-OO389,Dock Leveler Seal,MEDICAL,SUP-023,wh-d,WH-D-BIN-49,30.0 KG,0,500.58,07/03/2026,30/12/2026,false
SKU-OO221,Steel Bolt M8,CHEMICALS,SUP-169,wh-c,WH-C-BIN-01,62.0KG,20,277.72,Jul 01 2026,2026-12-08,false
SKU-OO479,Wooden Pallet Std,MEDICAL,SUP-165,LOC-019,WH-S-BIN-59,240.0 KG,40,139.49,Jul 11 2026,,false
SKU-OO22O,,RAW_MATERIALS,SUP-097,LOC-003,WH-C-BIN-20,9.0 KG,15,696.06,2026-07-01,2027-04-11,false
SKU-OOO72,Load Cell 500kg,ELECTRONICS,SUP-093,LOC-010,WH-J-BIN-72,462.0 KG,0,183.25,Jun 05 2026,,false
SKU-OO251,Stretch Hood Film,CHEMICALS,SUP-071,LOC-013,WH-M-BIN-31,1.0kilogram,,303.37,2026-07-30,,true
SKU-OO459,Wooden Pallet Std,MEDICAL,SUP-087,WH-Q,WH-Q-BIN-59,201.0kilogram,10,417.81,22/03/2026,,false
SKU-OO413,Barcode Scanner,FOOD_DRY,SUP-074,wh-h,WH-H-BIN-53,210.0 KG,10,780.52,2026-07-04,,false
SKU-OO261,Hand Truck,CHEMICALS,SUP-155,WH-B,WH-B-BIN-61,486.0KG,,780.51,Jun 02 2026,,false
SKU-OOO62,Hydraulic Hose 2in,ELECTRONICS,SUP-107,LOC-006,WH-F-BIN-42,9.0kilogram,10,522.59,Apr 08 2026,Dec 27 2026,false
SKU-OO353,Dock Bumpers Pair,FOOD_DRY,SUP-048,LOC-005,WH-E-BIN-33,27.0 KG,20,172.76,Apr 14 2026,,false
SKU-OO169,Dock Leveler Seal,MEDICAL,SUP-027,LOC-005,WH-E-BIN-09,181.0KG,0,42.05,06/07/2026,2027-02-09,false
SKU-OO417,Cable Tie Assorted,PPE,SUP-125,LOC-013,WH-M-BIN-57,10.0 KG,20,194.45,Jun 29 2026,,false
SKU-OO388,Label Printer Ribbon,CLEANING,SUP-175,wh_r,WH-R-BIN-08,32.0,25,165.19,May 29 2026,,false
SKU-OO245,Safety Gloves L,PACKAGING,SUP-138,LOC-018,WH-R-BIN-45,275.0KG,40,720.41,Mar 26 2026,,false
SKU-OO2O9,Dock Leveler Seal,MEDICAL,SUP-068,LOC-006,WH-F-BIN-49,217.0KG,10,736.56,Jun 21 2026,,false
SKU-OOO55,Battery Charger 24V,PACKAGING,SUP-120,WH-G,WH-G-BIN-35,321.0,10,624.01,2026-03-03,,false
SKU-OOO72,Pallet Jack Wheel,ELECTRONICS,SUP-126,WH-Q,WH-Q-BIN-12,130.0kilogram,0,584.55,May 28 2026,,false
SKU-OO386,Conveyor Belt Patch,MACHINERY_PARTS,SUP-026,LOC-002,WH-B-BIN-46,255.0KG,10,517.25,Jul 29 2026,Jun 04 2027,false
SKU-OO342,Spill Kit 20L,ELECTRONICS,SUP-077,LOC-019,WH-S-BIN-62,122.0kilogram,30,438.17,Feb 11 2026,,false
SKU-OO119,Coolant Concentrate,MEDICAL,SUP-067,wh_q,WH-Q-BIN-79,386.0kilogram,0,385.39,2026-04-30,,false
SKU-OO312,,ELECTRONICS,SUP-108,wh-b,WH-B-BIN-32,261.0KG,0,206.82,18/07/2026,,false
SKU-OO4O7,Welding Rod 3.2mm,PPE,SUP-027,LOC-011,WH-K-BIN-67,430.0KG,10,185.91,16/03/2026,,false
SKU-OO2O1,Hand Truck,CHEMICALS,SUP-095,LOC-014,WH-N-BIN-61,115.0kilogram,30,778.67,07/02/2026,2027-02-20,true
SKU-OO1OO,Steel Shelving Unit,RAW_MATERIALS,SUP-181,LOC-020,WH-T-BIN-60,1.0 KG,10,109.12,2026-05-08,,false
SKU-OO485,Temperature Logger,PACKAGING,SUP-165,LOC-008,WH-H-BIN-25,6.0 KG,21,591.87,12/03/2026,,false
SKU-OOO74,Fire Extinguisher 4kg,FOOD_COLD,SUP-060,LOC-013,WH-M-BIN-54,135.0 KG,0,633.31,2026-06-30,,false
SKU-OO146,Conveyor Belt Patch,MACHINERY_PARTS,SUP-191,LOC-007,WH-G-BIN-46,267.0KG,0,682.78,11/05/2026,,false
SKU-OOO7O,LED Warehouse Light,RAW_MATERIALS,SUP-064,Warehouse P,WH-P-BIN-50,218.0KG,10,618.43,2026-07-19,,false
SKU-OO352,Load Cell 500kg,ELECTRONICS,SUP-148,LOC-001,WH-A-BIN-32,80.0,30,254.09,2026-04-29,,false
SKU-OO221,Hand Truck,CHEMICALS,SUP-007,LOC-004,WH-D-BIN-61,107.0kilogram,15,94.18,Apr 20 2026,,false
SKU-OO336,Mesh Security Cage,MACHINERY_PARTS,SUP-091,LOC-005,WH-E-BIN-36,6.0KG,10,642.85,16/03/2026,,false
SKU-OOO29,First Aid Refill,MEDICAL,SUP-112,LOC-008,WH-H-BIN-29,21.0KG,0,675.76,30/07/2026,Jun 25 2026,false
SKU-OOO34,,FOOD_COLD,SUP-045,LOC-019,WH-S-BIN-74,176.0,25,662.11,Mar 02 2026,,false
SKU-OO319,,MEDICAL,SUP-047,LOC-019,WH-S-BIN-39,22.0kilogram,40,146.74,23/05/2026,,false
SKU-OO443,Industrial Solvent 5L,FOOD_DRY,SUP-130,wh_j,WH-J-BIN-43,14.0 KG,25,197.26,May 26 2026,,false
SKU-OOO51,,CHEMICALS,SUP-113,whse t,WH-T-BIN-11,72.0,10,795.99,Mar 18 2026,Aug 20 2027,false
SKU-OO377,Cable Tie Assorted,PPE,SUP-034,Warehouse I,WH-I-BIN-17,309.0kilogram,,169.34,2026-07-16,,false
SKU-OO121,Hand Truck,CHEMICALS,SUP-120,LOC-016,WH-P-BIN-21,241.0,40,574.22,2026-04-10,,true
SKU-OO239,Wooden Pallet Std,MEDICAL,SUP-077,LOC-001,WH-A-BIN-19,351.0KG,40,377.31,2026-03-30,30/08/2026,false
SKU-OO26O,Wheel Chock Rubber,RAW_MATERIALS,SUP-056,whse q,WH-Q-BIN-80,24.0,40,77.49,2026-03-22,09/07/2026,false
SKU-OOO55,PVC Pipe 50mm,PACKAGING,SUP-055,WH-K,WH-K-BIN-55,388.0 KG,0,638.76,2026-02-05,,false
SKU-OO227,Welding Rod 3.2mm,PPE,SUP-059,LOC-002,WH-B-BIN-27,225.0 KG,20,444.60,2026-03-09,,false
SKU-OOO8O,,RAW_MATERIALS,SUP-160,LOC-009,WH-I-BIN-40,70.0 KG,20,538.85,Feb 17 2026,Mar 12 2027,false
SKU-OO369,Dock Leveler Seal,MEDICAL,SUP-150,Warehouse L,WH-L-BIN-49,2.0KG,30,90.13,15/03/2026,Aug 06 2027,false
SKU-OO43O,LED Warehouse Light,RAW_MATERIALS,SUP-028,LOC-006,WH-F-BIN-10,3.0,10,505.40,2026-02-11,,false
SKU-OOO82,Hydraulic Hose 2in,ELECTRONICS,SUP-110,LOC-016,WH-P-BIN-42,414.0kilogram,0,514.47,2026-06-24,,false
SKU-OO194,Floor Marking Paint,FOOD_COLD,SUP-044,LOC-018,WH-R-BIN-74,257.0KG,20,374.44,2026-07-05,,false
SKU-OO366,Conveyor Belt Patch,MACHINERY_PARTS,SUP-037,LOC-014,WH-N-BIN-06,123.0kilogram,0,777.62,2026-04-04,,false
SKU-OO213,,FOOD_DRY,SUP-116,wh_g,WH-G-BIN-53,413.0,30,70.59,18/07/2026,2026-10-12,false
SKU-OO461,Hand Truck,CHEMICALS,SUP-014,LOC-013,WH-M-BIN-21,44.0 KG,10,90.65,Jul 16 2026,,true
SKU-OO266,Anti-Slip Tape Roll,MACHINERY_PARTS,SUP-006,whse t,WH-T-BIN-66,261.0 KG,40,666.53,2026-06-21,,false
SKU-OO478,Pallet Strap Tool,CLEANING,SUP-194,LOC-010,WH-J-BIN-38,423.0kilogram,25,611.10,Mar 30 2026,Oct 16 2026,false
SKU-OO391,Nitrile Gloves Box,CHEMICALS,SUP-006,LOC-014,WH-N-BIN-51,290.0 KG,0,167.01,2026-03-03,,false
SKU-OOO47,Welding Rod 3.2mm,PPE,SUP-094,wh_c,WH-C-BIN-67,456.0KG,30,613.67,15/02/2026,,false
SKU-OO222,Hydraulic Hose 2in,ELECTRONICS,SUP-068,LOC-008,WH-H-BIN-42,355.0,25,487.97,Apr 10 2026,,false
SKU-OO278,Dust Mask N95 Pack,CLEANING,SUP-033,whse c,WH-C-BIN-58,497.0KG,20,626.24,2026-06-11,,false
SKU-OO364,Chain Block 1T,FOOD_COLD,SUP-191,LOC-013,WH-M-BIN-64,216.0,20,328.21,21/07/2026,,false
SKU-OO136,Rubber Gasket Set,MACHINERY_PARTS,SUP-094,whse f,WH-F-BIN-56,120.0KG,20,423.12,17/02/2026,,false
SKU-OO2O6,Conveyor Belt Patch,MACHINERY_PARTS,SUP-011,WH-G,WH-G-BIN-06,479.0 KG,25,239.82,2026-04-13,,false
SKU-OO467,Shrink Wrap Film Roll,PPE,SUP-115,LOC-015,WH-O-BIN-47,196.0 KG,10,111.10,Jun 01 2026,,false
SKU-OO472,Pallet Jack Wheel,ELECTRONICS,SUP-056,LOC-018,WH-R-BIN-12,494.0kilogram,25,534.08,24/07/2026,,false
SKU-OO233,,FOOD_DRY,SUP-049,WH-A,WH-A-BIN-53,401.0KG,40,648.97,Mar 28 2026,22/09/2026,false
SKU-OO348,,CLEANING,SUP-159,LOC-007,WH-G-BIN-08,239.0,0,111.02,2026-02-18,,false
SKU-OO299,Coolant Concentrate,MEDICAL,SUP-049,Warehouse D,WH-D-BIN-39,340.0 KG,25,270.16,2026-03-05,,false
SKU-OO353,Dock Bumpers Pair,FOOD_DRY,SUP-111,LOC-013,WH-M-BIN-33,388.0,20,654.11,Apr 22 2026,,false
SKU-OOO37,Cable Tie Assorted,PPE,SUP-099,LOC-001,WH-A-BIN-17,117.0 KG,30,299.43,2026-05-31,,false
SKU-OO497,,PPE,SUP-133,wh_j,WH-J-BIN-37,15.0,20,5.65,Mar 22 2026,,false
SKU-OOO79,Wooden Pallet Std,MEDICAL,SUP-139,Warehouse T,WH-T-BIN-19,426.0,30,269.88,16/07/2026,,false
SKU-OO238,Dust Mask N95 Pack,CLEANING,SUP-181,LOC-009,WH-I-BIN-58,170.0kilogram,15,229.78,Mar 29 2026,,false
SKU-OO35O,LED Warehouse Light,RAW_MATERIALS,SUP-028,wh_g,WH-G-BIN-10,10.0 KG,15,381.73,18/03/2026,,false
SKU-OOO93,Barcode Scanner,FOOD_DRY,SUP-128,wh_q,WH-Q-BIN-13,70.0 KG,25,257.55,Jun 08 2026,,false
SKU-OO283,Industrial Solvent 5L,FOOD_DRY,SUP-095,WH-I,WH-I-BIN-03,49.0KG,0,351.25,Jun 01 2026,,false
SKU-OO4O2,Hydraulic Hose 2in,ELECTRONICS,SUP-150,LOC-002,WH-B-BIN-42,256.0KG,15,359.99,11/06/2026,,false
SKU-OO491,Stretch Hood Film,CHEMICALS,SUP-066,wh_i,WH-I-BIN-71,489.0,20,44.68,16/03/2026,,true
SKU-OO311,Nitrile Gloves Box,CHEMICALS,SUP-025,LOC-019,WH-S-BIN-51,497.0kilogram,40,484.12,24/04/2026,Nov 20 2026,true
SKU-OO123,Industrial Solvent 5L,FOOD_DRY,SUP-048,LOC-007,WH-G-BIN-43,52.0kilogram,0,731.98,Jul 28 2026,,false
SKU-OO214,Fire Extinguisher 4kg,FOOD_COLD,SUP-136,LOC-004,WH-D-BIN-54,23.0KG,25,333.91,23/02/2026,,false
SKU-OO248,Compressed Air Hose,CLEANING,SUP-140,LOC-008,WH-H-BIN-68,95.0,0,449.65,2026-07-08,,false
SKU-OO317,Humidity Sensor Probe,PPE,SUP-103,LOC-018,WH-R-BIN-37,13.0kilogram,40,478.54,2026-06-07,,false
SKU-OOO45,Temperature Logger,PACKAGING,SUP-112,LOC-016,WH-P-BIN-65,452.0 KG,,4.64,04/02/2026,2026-12-23,false
SKU-OO495,Battery Charger 24V,PACKAGING,SUP-114,Warehouse K,WH-K-BIN-35,350.0 KG,0,27.63,Jun 16 2026,Jul 24 2027,false
SKU-OO184,Chain Block 1T,FOOD_COLD,SUP-133,wh_n,WH-N-BIN-64,314.0 KG,20,134.14,May 18 2026,,false
SKU-OO433,Barcode Scanner,FOOD_DRY,SUP-093,LOC-018,WH-R-BIN-53,304.0,0,411.85,May 27 2026,,false
SKU-OO281,Hand Truck,CHEMICALS,SUP-071,Warehouse L,WH-L-BIN-21,2.0kilogram,25,515.28,Mar 02 2026,,false
SKU-OO422,Hydraulic Hose 2in,ELECTRONICS,SUP-059,LOC-013,WH-M-BIN-42,79.0,15,723.50,21/06/2026,,false
SKU-OO153,,FOOD_DRY,SUP-042,Warehouse Q,WH-Q-BIN-53,263.0kilogram,10,765.41,05/02/2026,2027-03-16,false
SKU-OOO18,Pallet Strap Tool,CLEANING,SUP-042,wh-e,WH-E-BIN-38,448.0KG,,307.09,Jul 29 2026,,false
SKU-OOO43,Industrial Solvent 5L,FOOD_DRY,SUP-039,LOC-011,WH-K-BIN-43,9.0,25,596.77,2026-04-07,,false
SKU-OO234,,FOOD_COLD,SUP-116,LOC-002,WH-B-BIN-74,357.0 KG,0,486.91,May 09 2026,,false
SKU-OO42O,Steel Shelving Unit,RAW_MATERIALS,SUP-175,LOC-003,WH-C-BIN-60,53.0,20,717.43,Jul 23 2026,,false
SKU-OOOO3,,FOOD_DRY,SUP-189,LOC-005,WH-E-BIN-63,217.0KG,,631.04,Apr 24 2026,2026-07-13,false
SKU-OO175,Battery Charger 24V,PACKAGING,SUP-130,wh_k,WH-K-BIN-75,394.0,25,58.58,05/03/2026,,false
SKU-OO39O,,RAW_MATERIALS,SUP-121,LOC-014,WH-N-BIN-50,127.0 KG,10,93.91,Apr 20 2026,,false
SKU-OO249,Dock Leveler Seal,MEDICAL,SUP-149,LOC-009,WH-I-BIN-09,123.0 KG,,195.98,17/05/2026,,false
SKU-OO183,Epoxy Resin 1L,FOOD_DRY,SUP-143,LOC-015,WH-O-BIN-23,8.0kilogram,30,400.50,2026-05-24,,false
SKU-OO474,Fire Extinguisher 4kg,FOOD_COLD,SUP-186,wh_d,WH-D-BIN-14,90.0KG,30,303.54,Jul 25 2026,,false
SKU-OO1O6,Conveyor Belt Patch,MACHINERY_PARTS,SUP-185,LOC-020,WH-T-BIN-46,8.0KG,10,153.52,2026-06-13,,false
SKU-OO239,,MEDICAL,SUP-002,LOC-002,WH-B-BIN-59,486.0kilogram,15,33.75,2026-02-14,,false
SKU-OOO6O,Wheel Chock Rubber,RAW_MATERIALS,SUP-101,whse s,WH-S-BIN-40,25.0KG,30,340.25,08/03/2026,,false
SKU-OO155,Battery Charger 24V,PACKAGING,SUP-001,Warehouse H,WH-H-BIN-35,112.0KG,40,230.05,2026-07-26,,false
SKU-OO473,Barcode Scanner,FOOD_DRY,SUP-083,LOC-020,WH-T-BIN-13,327.0KG,20,390.77,Feb 10 2026,,false
SKU-OO191,Nitrile Gloves Box,CHEMICALS,SUP-032,LOC-005,WH-E-BIN-51,67.0KG,20,600.45,May 22 2026,,false
SKU-OO198,,CLEANING,SUP-133,LOC-003,WH-C-BIN-18,105.0,30,274.67,19/02/2026,,false
SKU-OO352,Load Cell 500kg,ELECTRONICS,SUP-169,LOC-020,WH-T-BIN-72,204.0 KG,40,555.91,26/05/2026,,false
SKU-OO134,Fire Extinguisher 4kg,FOOD_COLD,SUP-081,Warehouse B,WH-B-BIN-14,82.0,20,259.31,Jul 23 2026,,false
SKU-OOO61,Hand Truck,CHEMICALS,SUP-015,WH-O,WH-O-BIN-21,206.0,15,558.38,29/04/2026,,true
SKU-OO118,Dust Mask N95 Pack,CLEANING,SUP-197,LOC-019,WH-S-BIN-18,287.0 KG,40,508.76,Jul 26 2026,,false
SKU-OO225,Temperature Logger,PACKAGING,SUP-038,LOC-017,WH-Q-BIN-65,146.0,20,4.19,Jul 20 2026,Apr 12 2027,false
SKU-OO151,Stretch Hood Film,CHEMICALS,SUP-110,LOC-013,WH-M-BIN-31,179.0 KG,10,76.22,Feb 16 2026,,false
SKU-OO391,Stretch Hood Film,CHEMICALS,SUP-077,LOC-015,WH-O-BIN-31,83.0 KG,0,274.42,May 22 2026,2027-09-02,false
SKU-OO48O,Steel Shelving Unit,RAW_MATERIALS,SUP-168,LOC-007,WH-G-BIN-60,178.0,0,220.57,28/04/2026,Oct 04 2026,false
SKU-OOO58,Dust Mask N95 Pack,CLEANING,SUP-148,LOC-011,WH-K-BIN-18,33.0,,349.98,06/06/2026,,false
SKU-OO4OO,Wheel Chock Rubber,RAW_MATERIALS,SUP-118,LOC-015,WH-O-BIN-40,462.0,30,503.24,Apr 11 2026,,false
SKU-OO34O,Steel Shelving Unit,RAW_MATERIALS,SUP-041,LOC-018,WH-R-BIN-60,498.0kilogram,30,409.05,07/06/2026,,false
SKU-OO326,Anti-Slip Tape Roll,MACHINERY_PARTS,SUP-025,LOC-002,WH-B-BIN-66,500.0,25,321.88,Apr 01 2026,2027-07-18,false
SKU-OOO46,Anti-Slip Tape Roll,MACHINERY_PARTS,SUP-018,WH-G,WH-G-BIN-26,13.0kilogram,40,680.19,2026-05-09,,false
SKU-OO335,Battery Charger 24V,PACKAGING,SUP-053,whse l,WH-L-BIN-35,275.0,15,43.04,2026-02-15,17/03/2027,false
SKU-OOO13,,FOOD_DRY,SUP-046,LOC-005,WH-E-BIN-73,477.0 KG,30,554.32,16/05/2026,,false
SKU-OO212,Load Cell 500kg,ELECTRONICS,SUP-001,Warehouse B,WH-B-BIN-72,447.0kilogram,0,675.05,Apr 20 2026,,false
SKU-OO431,Stretch Hood Film,CHEMICALS,SUP-040,wh-e,WH-E-BIN-71,34.0kilogram,,792.44,Feb 24 2026,,false
SKU-OO4O1,Steel Bolt M8,CHEMICALS,SUP-022,LOC-015,WH-O-BIN-01,4.0KG,20,112.76,2026-06-12,,true
SKU-OOO56,Mesh Security Cage,MACHINERY_PARTS,SUP-034,LOC-004,WH-D-BIN-36,448.0 KG,,536.67,2026-06-19,,false
SKU-OOO48,,CLEANING,SUP-089,LOC-006,WH-F-BIN-68,335.0,20,528.07,Jul 14 2026,,false
SKU-OO419,Wooden Pallet Std,MEDICAL,SUP-142,LOC-011,WH-K-BIN-59,435.0KG,0,13.82,20/06/2026,,false
SKU-OOO52,Pallet Jack Wheel,ELECTRONICS,SUP-030,LOC-012,WH-L-BIN-12,35.0kilogram,15,752.00,May 23 2026,,false
SKU-OO3O9,Dock Leveler Seal,MEDICAL,SUP-173,whse q,WH-Q-BIN-49,7.0,,73.17,27/06/2026,,false
SKU-OO318,Pallet Strap Tool,CLEANING,SUP-176,whse p,WH-P-BIN-38,112.0kilogram,40,623.53,Jun 02 2026,,false
SKU-OO167,Shrink Wrap Film Roll,PPE,SUP-073,LOC-018,WH-R-BIN-47,268.0 KG,15,409.40,Mar 24 2026,,false
SKU-OOO63,Epoxy Resin 1L,FOOD_DRY,SUP-118,LOC-011,WH-K-BIN-23,7.0 KG,30,759.92,2026-05-23,Jan 09 2027,false
SKU-OO362,Spill Kit 20L,ELECTRONICS,SUP-135,WH-C,WH-C-BIN-22,328.0,,743.98,30/03/2026,,false
SKU-OO323,Industrial Solvent 5L,FOOD_DRY,SUP-003,Warehouse Q,WH-Q-BIN-43,105.0,20,424.47,Jul 29 2026,,false
SKU-OOO3O,,RAW_MATERIALS,SUP-009,LOC-013,WH-M-BIN-10,88.0,40,780.49,14/07/2026,,false
SKU-OO232,Load Cell 500kg,ELECTRONICS,SUP-101,LOC-014,WH-N-BIN-32,447.0,20,248.51,2026-05-12,,false
SKU-OO333,Dock Bumpers Pair,FOOD_DRY,SUP-107,Warehouse Q,WH-Q-BIN-73,409.0,15,621.01,13/03/2026,,false
SKU-OO443,Epoxy Resin 1L,FOOD_DRY,SUP-087,wh-k,WH-K-BIN-23,41.0KG,,582.89,2026-02-22,Apr 03 2027,false
SKU-OO214,Floor Marking Paint,FOOD_COLD,SUP-060,LOC-006,WH-F-BIN-34,14.0 KG,20,659.00,13/04/2026,,false
SKU-OOOO2,Hydraulic Hose 2in,ELECTRONICS,SUP-176,LOC-011,WH-K-BIN-42,35.0KG,40,377.59,16/05/2026,,false
SKU-OO451,,CHEMICALS,SUP-105,Warehouse M,WH-M-BIN-71,176.0 KG,30,384.40,22/03/2026,Apr 05 2027,false
SKU-OO363,,FOOD_DRY,SUP-105,wh_h,WH-H-BIN-43,94.0kilogram,10,629.64,27/06/2026,,false
SKU-OO489,Dock Leveler Seal,MEDICAL,SUP-161,LOC-006,WH-F-BIN-49,346.0,20,639.90,20/07/2026,Nov 25 2026,false
SKU-OO18O,Wheel Chock Rubber,RAW_MATERIALS,SUP-042,whse c,WH-C-BIN-80,14.0,15,282.40,May 04 2026,Jul 19 2027,false
SKU-OOO55,PVC Pipe 50mm,PACKAGING,SUP-177,LOC-007,WH-G-BIN-55,270.0 KG,40,636.73,May 21 2026,,false
SKU-OO1O3,,FOOD_DRY,SUP-063,Warehouse K,WH-K-BIN-43,217.0 KG,25,757.56,2026-06-02,,false
SKU-OO234,Floor Marking Paint,FOOD_COLD,SUP-117,LOC-003,WH-C-BIN-34,211.0 KG,25,223.31,06/07/2026,,false
SKU-OO261,Hand Truck,CHEMICALS,SUP-193,wh-l,WH-L-BIN-21,104.0KG,15,184.28,Jun 27 2026,,true
SKU-OO261,Steel Bolt M8,CHEMICALS,SUP-084,LOC-004,WH-D-BIN-41,380.0,20,752.74,2026-07-28,,true
SKU-OO212,Load Cell 500kg,ELECTRONICS,SUP-112,whse l,WH-L-BIN-32,263.0,15,91.57,13/07/2026,,false
SKU-OO345,Temperature Logger,PACKAGING,SUP-069,WH-J,WH-J-BIN-65,205.0 KG,0,660.82,2026-05-02,,false
SKU-OO18O,,RAW_MATERIALS,SUP-114,LOC-019,WH-S-BIN-20,51.0 KG,,221.24,May 13 2026,2027-03-11,false
SKU-OO135,,PACKAGING,SUP-140,WH-M,WH-M-BIN-15,89.0KG,10,494.34,30/06/2026,,false
SKU-OO21O,Racking Beam 2.4m,RAW_MATERIALS,SUP-198,LOC-015,WH-O-BIN-70,253.0KG,15,540.21,Jul 18 2026,,false
SKU-OO498,Pallet Strap Tool,CLEANING,SUP-018,wh-g,WH-G-BIN-38,294.0 KG,30,799.63,Jun 15 2026,,false
SKU-OO147,Welding Rod 3.2mm,PPE,SUP-188,LOC-006,WH-F-BIN-67,6.0kilogram,20,794.46,2026-06-06,,false
SKU-OO354,Floor Marking Paint,FOOD_COLD,SUP-041,whse b,WH-B-BIN-74,488.0 KG,30,518.52,16/02/2026,30/05/2027,false
SKU-OO215,PVC Pipe 50mm,PACKAGING,SUP-097,LOC-018,WH-R-BIN-55,444.0KG,10,550.35,2026-06-19,,false
SKU-OO31O,LED Warehouse Light,RAW_MATERIALS,SUP-139,LOC-012,WH-L-BIN-10,401.0KG,0,130.93,2026-07-13,15/03/2027,false
SKU-OO163,Industrial Solvent 5L,FOOD_DRY,SUP-174,LOC-001,WH-A-BIN-43,459.0KG,0,37.70,31/05/2026,,false
SKU-OO479,Coolant Concentrate,MEDICAL,SUP-067,LOC-011,WH-K-BIN-79,314.0KG,30,398.12,2026-02-19,14/06/2027,false
SKU-OO141,,CHEMICALS,SUP-048,wh_n,WH-N-BIN-01,65.0KG,30,353.41,2026-04-08,,false
SKU-OO189,First Aid Refill,MEDICAL,SUP-026,LOC-016,WH-P-BIN-29,172.0KG,,259.46,Jun 05 2026,,false
SKU-OOO52,Load Cell 500kg,ELECTRONICS,SUP-156,LOC-018,WH-R-BIN-32,364.0kilogram,0,391.55,Jun 11 2026,Nov 08 2026,false
SKU-OO14O,Wheel Chock Rubber,RAW_MATERIALS,SUP-170,LOC-017,WH-Q-BIN-40,261.0,20,427.38,Jul 19 2026,,false
SKU-OOO24,Forklift Battery 24V,FOOD_COLD,SUP-083,wh-j,WH-J-BIN-04,407.0 KG,30,571.50,25/03/2026,Sep 01 2027,false
SKU-OO352,Load Cell 500kg,ELECTRONICS,SUP-012,wh_f,WH-F-BIN-32,90.0kilogram,,215.73,2026-04-04,,false
SKU-OO437,Humidity Sensor Probe,PPE,SUP-172,LOC-020,WH-T-BIN-37,215.0KG,0,533.77,25/07/2026,,false
SKU-OO479,Coolant Concentrate,MEDICAL,SUP-164,Warehouse P,WH-P-BIN-39,34.0kilogram,40,216.29,Mar 12 2026,,false
SKU-OO272,Load Cell 500kg,ELECTRONICS,SUP-011,LOC-019,WH-S-BIN-32,160.0,40,661.36,2026-05-22,,false
SKU-OOO34,,FOOD_COLD,SUP-089,LOC-010,WH-J-BIN-74,324.0,0,47.07,21/05/2026,2026-12-08,false
SKU-OO491,Stretch Hood Film,CHEMICALS,SUP-112,LOC-010,WH-J-BIN-31,196.0KG,0,352.31,Apr 26 2026,,true
