sku,sku_name,category,supplier_id,location_id,storage_bin,quantity_kg,reorder_level_kg,unit_cost_myr,last_restocked,expiry_date,is_hazardous
SKU-90001,Industrial Solvent 5L,CHEMICALS,SUP-001,LOC-001,WH-A-SEED-01,2.0,15.0,110.16,2026-05-13,,false
SKU-90002,Shrink Wrap Film Roll,ELECTRONICS,SUP-002,LOC-001,WH-A-SEED-02,5.0,20.0,91.44,2026-05-16,,false
SKU-90003,Nitrile Gloves Box,FOOD_DRY,SUP-003,LOC-001,WH-A-SEED-03,1.0,12.0,107.06,2026-05-10,,false
SKU-90004,Dust Mask N95 Pack,FOOD_COLD,SUP-004,LOC-001,WH-A-SEED-04,4.0,25.0,168.71,2026-05-19,,false
SKU-90005,Spill Kit 20L,PACKAGING,SUP-005,LOC-001,WH-A-SEED-05,1.0,8.0,243.79,2026-06-17,,false
SKU-90006,First Aid Refill,MACHINERY_PARTS,SUP-006,LOC-001,WH-A-SEED-06,6.0,18.0,238.58,2026-05-18,,false
SKU-90007,Stretch Hood Film,PPE,SUP-007,LOC-001,WH-A-SEED-07,7.0,30.0,129.30,2026-05-20,,false
SKU-90008,Humidity Sensor Probe,CLEANING,SUP-008,LOC-001,WH-A-SEED-08,2.0,10.0,140.77,2026-05-28,,false
SKU-00009,Dock Leveler Seal,MEDICAL,SUP-012,LOC-016,WH-P-BIN-09,218.0,40.0,277.15,2026-01-08,2026-08-29,false
SKU-00010,LED Warehouse Light,RAW_MATERIALS,SUP-198,LOC-004,WH-D-BIN-10,396.0,30.0,272.16,2026-01-12,,false
SKU-00011,Nitrile Gloves Box,CHEMICALS,SUP-200,Warehouse F,WH-F-BIN-11,257.0,40.0,52.35,2026-02-28,2026-10-03,true
SKU-00012,Pallet Jack Wheel,ELECTRONICS,SUP-012,LOC-007,WH-G-BIN-12,122.0,0.0,319.78,2026-02-06,,false
SKU-00013,,FOOD_DRY,SUP-065,LOC-016,WH-P-BIN-13,405.0,10.0,40.15,2026-01-09,,false
SKU-00014,Fire Extinguisher 4kg,FOOD_COLD,SUP-070,LOC-011,WH-K-BIN-14,429.0,10.0,715.92,2026-03-19,,false
SKU-00015,PVC Pipe 50mm,PACKAGING,SUP-048,LOC-011,WH-K-BIN-15,374.0,25.0,641.32,2026-03-09,,false
SKU-00016,Rubber Gasket Set,MACHINERY_PARTS,SUP-111,LOC-003,WH-C-BIN-16,10.0,30.0,237.92,2026-03-03,2027-06-29,false
SKU-00017,Cable Tie Assorted,PPE,SUP-184,LOC-020,WH-T-BIN-17,105.0,25.0,492.65,2026-03-06,2027-01-22,false
SKU-00018,Dust Mask N95 Pack,CLEANING,SUP-164,LOC-009,WH-I-BIN-18,7.0,21.0,129.67,2026-06-18,,false
SKU-00019,Wooden Pallet Std,MEDICAL,SUP-156,LOC-005,WH-E-BIN-19,420.0,40.0,294.33,2026-03-19,2027-06-21,false
SKU-00020,,RAW_MATERIALS,SUP-009,LOC-019,WH-S-BIN-20,98.0,30.0,610.94,2026-01-30,,false
SKU-00021,Hand Truck,CHEMICALS,SUP-136,LOC-005,WH-E-BIN-21,223.0,20.0,22.68,2026-05-09,,false
SKU-00022,Spill Kit 20L,ELECTRONICS,SUP-144,LOC-013,WH-M-BIN-22,154.0,10.0,229.89,2026-02-20,2027-06-04,false
SKU-00023,Epoxy Resin 1L,FOOD_DRY,SUP-032,LOC-007,WH-G-BIN-23,3.0,15.0,72.06,2026-01-02,,false
SKU-00024,Chain Block 1T,FOOD_COLD,SUP-171,LOC-011,WH-K-BIN-24,18.0,20.0,127.69,2025-12-28,,false
SKU-00025,,PACKAGING,SUP-093,LOC-006,WH-F-BIN-25,7.0,30.0,22.97,2026-02-04,2027-04-04,false
SKU-00026,Anti-Slip Tape Roll,MACHINERY_PARTS,SUP-095,LOC-019,WH-S-BIN-26,431.0,0,54.47,2026-03-16,,false
SKU-00027,Welding Rod 3.2mm,PPE,SUP-135,LOC-016,WH-P-BIN-27,413.0,25.0,514.59,2026-03-02,2027-01-04,false
SKU-00028,Compressed Air Hose,CLEANING,SUP-175,LOC-015,WH-O-BIN-28,27.0,30.0,147.21,2026-05-23,,false
SKU-00029,First Aid Refill,MEDICAL,SUP-129,LOC-014,WH-N-BIN-29,48.0,0.0,131.25,2026-04-29,,false
SKU-00030,Racking Beam 2.4m,RAW_MATERIALS,SUP-133,LOC-012,WH-L-BIN-30,7.0,20.0,101.89,2026-04-09,,false
SKU-00031,Stretch Hood Film,CHEMICALS,SUP-137,LOC-020,WH-T-BIN-31,277.0,10.0,138.62,2026-01-17,,false
SKU-00032,Load Cell 500kg,ELECTRONICS,SUP-087,LOC-020,WH-T-BIN-32,493.0,0.0,758.94,2026-01-29,2026-08-18,false
SKU-00033,Dock Bumpers Pair,FOOD_DRY,SUP-167,LOC-009,WH-I-BIN-33,412.0,0,437.37,2026-01-12,2027-06-12,false
SKU-00034,Floor Marking Paint,FOOD_COLD,SUP-124,LOC-010,WH-J-BIN-34,432.0,15.0,551.51,2026-05-16,,false
SKU-00035,Battery Charger 24V,PACKAGING,SUP-107,LOC-015,WH-O-BIN-35,257.0,25.0,575.25,2026-03-29,,false
SKU-00036,Mesh Security Cage,MACHINERY_PARTS,SUP-034,LOC-013,WH-M-BIN-36,209.0,0.0,215.44,2026-04-23,2026-09-26,false
SKU-00037,Humidity Sensor Probe,PPE,SUP-025,LOC-005,WH-E-BIN-37,168.0,10.0,770.22,2026-05-16,,false
SKU-00038,Pallet Strap Tool,CLEANING,SUP-148,LOC-011,WH-K-BIN-38,11.0,0,400.01,2026-04-08,,false
SKU-00039,Coolant Concentrate,MEDICAL,SUP-006,LOC-016,WH-P-BIN-39,221.0,10.0,40.83,2026-04-14,2027-01-22,false
SKU-00040,,RAW_MATERIALS,SUP-153,LOC-016,WH-P-BIN-40,354.0,0.0,345.88,2026-04-19,2026-09-19,false
SKU-00041,Steel Bolt M8,CHEMICALS,SUP-196,Warehouse L,WH-L-BIN-41,2.0,0,232.30,2026-03-19,2027-05-05,false
SKU-00042,,ELECTRONICS,SUP-072,LOC-018,WH-R-BIN-42,339.0,0.0,316.34,2026-03-31,,false
SKU-00043,Industrial Solvent 5L,FOOD_DRY,SUP-094,LOC-018,WH-R-BIN-43,7.0,26.0,111.36,2026-04-01,2026-06-21,false
SKU-00044,Forklift Battery 24V,FOOD_COLD,SUP-133,LOC-016,WH-P-BIN-44,96.0,25.0,491.23,2026-05-15,,false
SKU-00045,,PACKAGING,SUP-158,LOC-013,WH-M-BIN-45,451.0,40.0,426.81,2026-02-01,,false
SKU-00046,Conveyor Belt Patch,MACHINERY_PARTS,SUP-122,LOC-010,WH-J-BIN-46,28.0,0.0,467.79,2025-12-31,,false
SKU-00047,Shrink Wrap Film Roll,PPE,SUP-153,LOC-001,WH-A-BIN-47,155.0,25.0,467.65,2026-05-13,,false
SKU-00048,Label Printer Ribbon,CLEANING,SUP-162,LOC-017,WH-Q-BIN-48,337.0,40.0,195.27,2026-01-30,,false
SKU-00049,Dock Leveler Seal,MEDICAL,SUP-049,Warehouse D,WH-D-BIN-49,245.0,10.0,329.48,2026-01-20,,false
SKU-00050,LED Warehouse Light,RAW_MATERIALS,SUP-189,LOC-016,WH-P-BIN-50,51.0,40.0,798.50,2026-02-23,,false
SKU-00051,Nitrile Gloves Box,CHEMICALS,SUP-097,LOC-017,WH-Q-BIN-51,108.0,20.0,541.34,2026-01-02,,false
SKU-00052,,ELECTRONICS,SUP-157,LOC-009,WH-I-BIN-52,118.0,25.0,753.31,2026-04-10,,false
SKU-00053,Barcode Scanner,FOOD_DRY,SUP-181,LOC-010,WH-J-BIN-53,373.0,15.0,747.09,2026-04-16,,false
SKU-00054,Fire Extinguisher 4kg,FOOD_COLD,SUP-032,LOC-010,WH-J-BIN-54,366.0,30.0,277.42,2026-05-19,,false
SKU-00055,,PACKAGING,SUP-011,LOC-010,WH-J-BIN-55,15.0,20.0,172.76,2026-02-08,,false
SKU-00056,,MACHINERY_PARTS,SUP-144,LOC-009,WH-I-BIN-56,38.0,40.0,182.09,2026-04-27,2027-04-23,false
SKU-00057,Cable Tie Assorted,PPE,SUP-026,LOC-002,WH-B-BIN-57,189.0,25.0,6.13,2026-02-05,,false
SKU-00058,,CLEANING,SUP-105,LOC-006,WH-F-BIN-58,498.0,40.0,605.22,2026-04-13,,false
SKU-00059,Wooden Pallet Std,MEDICAL,SUP-074,LOC-011,WH-K-BIN-59,50.0,40.0,429.05,2026-06-16,,false
SKU-00060,Steel Shelving Unit,RAW_MATERIALS,SUP-107,LOC-006,WH-F-BIN-60,110.0,0.0,318.80,2026-02-19,2026-03-10,false
SKU-00061,Hand Truck,CHEMICALS,SUP-192,LOC-006,WH-F-BIN-61,494.0,0,455.23,2026-05-29,2026-05-18,false
SKU-00062,Spill Kit 20L,ELECTRONICS,SUP-073,LOC-011,WH-K-BIN-62,348.0,0,681.15,2026-02-26,,false
SKU-00063,Epoxy Resin 1L,FOOD_DRY,SUP-050,LOC-009,WH-I-BIN-63,77.0,0,575.44,2026-06-22,,false
SKU-00064,Chain Block 1T,FOOD_COLD,SUP-076,LOC-011,WH-K-BIN-64,365.0,30.0,717.84,2026-03-08,,false
SKU-00065,Temperature Logger,PACKAGING,SUP-084,LOC-017,WH-Q-BIN-65,225.0,0,748.79,2026-06-24,2027-01-07,false
SKU-00066,Anti-Slip Tape Roll,MACHINERY_PARTS,SUP-099,LOC-009,WH-I-BIN-66,248.0,15.0,578.86,2026-06-23,,false
SKU-00067,Welding Rod 3.2mm,PPE,SUP-168,LOC-009,WH-I-BIN-67,374.0,20.0,129.45,2026-01-01,,false
SKU-00068,Compressed Air Hose,CLEANING,SUP-181,LOC-017,WH-Q-BIN-68,179.0,0.0,295.30,2026-04-30,,false
SKU-00069,First Aid Refill,MEDICAL,SUP-035,LOC-008,WH-H-BIN-69,98.0,25.0,562.15,2026-02-25,,false
SKU-00070,Racking Beam 2.4m,RAW_MATERIALS,SUP-171,LOC-018,WH-R-BIN-70,131.0,0,630.32,2026-02-11,,false
SKU-00071,Stretch Hood Film,CHEMICALS,SUP-136,LOC-015,WH-O-BIN-71,37.0,40.0,722.50,2026-05-05,,false
SKU-00072,,ELECTRONICS,SUP-043,LOC-005,WH-E-BIN-72,457.0,20.0,392.08,2026-02-15,2027-05-20,false
SKU-00073,Dock Bumpers Pair,FOOD_DRY,SUP-015,LOC-015,WH-O-BIN-73,87.0,0,538.87,2026-04-08,2027-03-19,false
SKU-00074,Floor Marking Paint,FOOD_COLD,SUP-102,LOC-001,WH-A-BIN-74,438.0,20.0,560.91,2026-02-07,2027-01-18,false
SKU-00075,Battery Charger 24V,PACKAGING,SUP-018,LOC-002,WH-B-BIN-75,36.0,25.0,782.71,2026-01-11,2027-06-19,false
SKU-00076,,MACHINERY_PARTS,SUP-096,LOC-014,WH-N-BIN-76,249.0,25.0,546.82,2026-01-07,,false
SKU-00077,,PPE,SUP-035,LOC-018,WH-R-BIN-77,460.0,0,424.02,2026-04-29,,false
SKU-00078,Pallet Strap Tool,CLEANING,SUP-194,LOC-001,WH-A-BIN-78,172.0,10.0,185.27,2026-02-28,,false
SKU-00079,Coolant Concentrate,MEDICAL,SUP-040,LOC-012,WH-L-BIN-79,116.0,20.0,336.55,2026-06-21,2027-06-29,false
SKU-00080,Wheel Chock Rubber,RAW_MATERIALS,SUP-053,LOC-008,WH-H-BIN-80,71.0,10.0,698.03,2026-04-24,,false
SKU-00081,Steel Bolt M8,CHEMICALS,SUP-103,LOC-002,WH-B-BIN-01,139.0,25.0,113.83,2026-04-12,,true
SKU-00082,Hydraulic Hose 2in,ELECTRONICS,SUP-082,LOC-019,WH-S-BIN-02,326.0,30.0,788.59,2026-02-12,2026-10-07,false
SKU-00083,Industrial Solvent 5L,FOOD_DRY,SUP-106,LOC-008,WH-H-BIN-03,19.0,20.0,501.54,2026-03-08,,false
SKU-00084,Forklift Battery 24V,FOOD_COLD,SUP-127,LOC-018,WH-R-BIN-04,196.0,10.0,256.35,2026-03-11,,false
SKU-00085,Safety Gloves L,PACKAGING,SUP-039,LOC-014,WH-N-BIN-05,18.0,0,241.99,2026-05-20,,false
SKU-00086,Conveyor Belt Patch,MACHINERY_PARTS,SUP-015,LOC-015,WH-O-BIN-06,231.0,30.0,205.49,2026-04-02,2026-11-27,false
SKU-00087,Shrink Wrap Film Roll,PPE,SUP-116,LOC-003,WH-C-BIN-07,4.0,0,483.13,2026-06-07,,false
SKU-00088,Label Printer Ribbon,CLEANING,SUP-195,LOC-007,WH-G-BIN-08,390.0,30.0,243.94,2026-06-22,2027-01-12,false
SKU-00089,Dock Leveler Seal,MEDICAL,SUP-049,LOC-007,WH-G-BIN-09,80.0,40.0,557.11,2026-05-04,,false
SKU-00090,LED Warehouse Light,RAW_MATERIALS,SUP-062,LOC-013,WH-M-BIN-10,184.0,30.0,288.69,2026-04-20,,false
SKU-00091,Nitrile Gloves Box,CHEMICALS,SUP-132,LOC-012,WH-L-BIN-11,24.0,25.0,731.64,2026-03-23,,true
SKU-00092,,ELECTRONICS,SUP-145,LOC-002,WH-B-BIN-12,133.0,0.0,747.94,2026-01-28,2026-04-16,false
SKU-00093,Barcode Scanner,FOOD_DRY,SUP-076,LOC-014,WH-N-BIN-13,120.0,15.0,400.44,2026-01-09,,false
SKU-00094,Fire Extinguisher 4kg,FOOD_COLD,SUP-066,LOC-011,WH-K-BIN-14,440.0,0.0,369.74,2026-03-27,,false
SKU-00095,PVC Pipe 50mm,PACKAGING,SUP-036,LOC-006,WH-F-BIN-15,299.0,40.0,514.16,2026-06-10,,false
SKU-00096,,MACHINERY_PARTS,SUP-009,LOC-017,WH-Q-BIN-16,1.0,10.0,186.68,2026-05-18,,false
SKU-00097,Cable Tie Assorted,PPE,SUP-056,LOC-001,WH-A-BIN-17,253.0,30.0,730.38,2026-01-08,,false
SKU-00098,Dust Mask N95 Pack,CLEANING,SUP-005,LOC-016,WH-P-BIN-18,292.0,10.0,578.31,2026-02-08,2026-04-19,false
SKU-00099,Wooden Pallet Std,MEDICAL,SUP-005,LOC-010,WH-J-BIN-19,436.0,30.0,145.05,2026-06-01,,false
SKU-00100,Steel Shelving Unit,RAW_MATERIALS,SUP-039,LOC-017,WH-Q-BIN-20,118.0,15.0,636.36,2026-06-05,,false
SKU-00101,Hand Truck,CHEMICALS,SUP-104,Warehouse L,WH-L-BIN-21,309.0,0,662.79,2026-06-05,,false
SKU-00102,Spill Kit 20L,ELECTRONICS,SUP-024,LOC-002,WH-B-BIN-22,214.0,25.0,562.87,2026-06-04,,false
SKU-00103,Epoxy Resin 1L,FOOD_DRY,SUP-112,LOC-016,WH-P-BIN-23,421.0,40.0,716.04,2026-06-15,,false
SKU-00104,Chain Block 1T,FOOD_COLD,SUP-055,Warehouse H,WH-H-BIN-24,374.0,0.0,548.17,2026-04-15,2026-09-02,false
SKU-00105,Temperature Logger,PACKAGING,SUP-145,LOC-018,WH-R-BIN-25,21.0,40.0,470.45,2026-03-16,2026-05-30,false
SKU-00106,,MACHINERY_PARTS,SUP-077,LOC-003,WH-C-BIN-26,308.0,15.0,717.43,2026-04-02,,false
SKU-00107,Welding Rod 3.2mm,PPE,SUP-194,LOC-013,WH-M-BIN-27,91.0,0,44.85,2026-03-06,2027-01-19,false
SKU-00108,Compressed Air Hose,CLEANING,SUP-020,Warehouse H,WH-H-BIN-28,329.0,20.0,619.30,2026-06-18,,false
SKU-00109,First Aid Refill,MEDICAL,SUP-116,LOC-009,WH-I-BIN-29,136.0,25.0,544.40,2026-01-07,,false
SKU-00110,Racking Beam 2.4m,RAW_MATERIALS,SUP-022,LOC-013,WH-M-BIN-30,336.0,0.0,125.07,2026-01-14,2026-12-10,false
SKU-00111,Stretch Hood Film,CHEMICALS,SUP-190,LOC-005,WH-E-BIN-31,182.0,25.0,356.90,2026-04-17,,true
SKU-00112,Load Cell 500kg,ELECTRONICS,SUP-048,LOC-003,WH-C-BIN-32,249.0,25.0,284.42,2026-06-02,2026-09-09,false
SKU-00113,Dock Bumpers Pair,FOOD_DRY,SUP-154,LOC-020,WH-T-BIN-33,186.0,0.0,311.46,2026-06-04,2026-05-04,false
SKU-00114,Floor Marking Paint,FOOD_COLD,SUP-063,LOC-018,WH-R-BIN-34,13.0,30.0,216.19,2026-05-19,,false
SKU-00115,Battery Charger 24V,PACKAGING,SUP-043,LOC-003,WH-C-BIN-35,161.0,25.0,755.49,2026-01-16,2026-12-01,false
SKU-00116,Mesh Security Cage,MACHINERY_PARTS,SUP-153,LOC-016,WH-P-BIN-36,120.0,30.0,267.11,2026-01-18,2027-02-13,false
SKU-00117,Humidity Sensor Probe,PPE,SUP-085,LOC-013,WH-M-BIN-37,191.0,0,476.33,2026-04-10,,false
SKU-00118,Pallet Strap Tool,CLEANING,SUP-155,LOC-011,WH-K-BIN-38,122.0,0,256.67,2025-12-30,,false
SKU-00119,Coolant Concentrate,MEDICAL,SUP-148,LOC-016,WH-P-BIN-39,144.0,0.0,293.28,2026-02-01,,false
SKU-00120,Wheel Chock Rubber,RAW_MATERIALS,SUP-152,LOC-007,WH-G-BIN-40,112.0,30.0,370.37,2026-05-03,,false
SKU-00121,,CHEMICALS,SUP-075,Warehouse O,WH-O-BIN-41,7.0,25.0,203.64,2026-05-17,,false
SKU-00122,Hydraulic Hose 2in,ELECTRONICS,SUP-019,LOC-013,WH-M-BIN-42,326.0,25.0,736.47,2025-12-30,,false
SKU-00123,Industrial Solvent 5L,FOOD_DRY,SUP-140,LOC-014,WH-N-BIN-43,424.0,10.0,475.87,2026-06-04,,false
SKU-00124,Forklift Battery 24V,FOOD_COLD,SUP-197,LOC-004,WH-D-BIN-44,356.0,15.0,451.45,2026-01-11,,false
SKU-00125,Safety Gloves L,PACKAGING,SUP-193,LOC-013,WH-M-BIN-45,427.0,20.0,179.16,2026-02-13,2026-05-23,false
SKU-00126,Conveyor Belt Patch,MACHINERY_PARTS,SUP-149,LOC-018,WH-R-BIN-46,314.0,40.0,544.29,2025-12-31,,false
SKU-00127,Shrink Wrap Film Roll,PPE,SUP-039,LOC-017,WH-Q-BIN-47,32.0,0,70.51,2026-05-20,,false
SKU-00128,Label Printer Ribbon,CLEANING,SUP-080,LOC-012,WH-L-BIN-48,253.0,20.0,79.90,2025-12-29,,false
SKU-00129,Dock Leveler Seal,MEDICAL,SUP-082,LOC-015,WH-O-BIN-49,2.0,10.0,519.08,2026-01-03,2026-05-13,false
SKU-00130,,RAW_MATERIALS,SUP-190,LOC-006,WH-F-BIN-50,3.0,15.0,370.72,2026-03-14,,false
SKU-00131,,CHEMICALS,SUP-048,LOC-006,WH-F-BIN-51,356.0,40.0,706.71,2026-03-02,2026-04-08,false
SKU-00132,Pallet Jack Wheel,ELECTRONICS,SUP-002,Warehouse M,WH-M-BIN-52,129.0,40.0,51.93,2026-05-30,,false
SKU-00133,Barcode Scanner,FOOD_DRY,SUP-048,LOC-018,WH-R-BIN-53,4.0,20.0,423.12,2026-01-13,,false
SKU-00134,Fire Extinguisher 4kg,FOOD_COLD,SUP-153,LOC-011,WH-K-BIN-54,332.0,25.0,367.37,2026-05-12,,false
SKU-00135,PVC Pipe 50mm,PACKAGING,SUP-158,LOC-010,WH-J-BIN-55,63.0,30.0,148.07,2025-12-30,2026-09-23,false
SKU-00136,Rubber Gasket Set,MACHINERY_PARTS,SUP-131,LOC-005,WH-E-BIN-56,234.0,25.0,390.36,2026-02-08,,false
SKU-00137,Cable Tie Assorted,PPE,SUP-143,LOC-006,WH-F-BIN-57,270.0,15.0,496.29,2026-03-26,,false
SKU-00138,Dust Mask N95 Pack,CLEANING,SUP-125,LOC-001,WH-A-BIN-58,119.0,15.0,548.39,2026-03-11,,false
SKU-00139,Wooden Pallet Std,MEDICAL,SUP-126,wh_o,WH-O-BIN-59,62.0,15.0,221.33,2026-02-08,2026-08-11,false
SKU-00140,Steel Shelving Unit,RAW_MATERIALS,SUP-044,LOC-010,WH-J-BIN-60,254.0,0.0,409.62,2026-01-30,,false
SKU-00141,Hand Truck,CHEMICALS,SUP-069,LOC-004,WH-D-BIN-61,298.0,0.0,35.21,2026-03-05,,false
SKU-00142,,ELECTRONICS,SUP-027,LOC-014,WH-N-BIN-62,444.0,40.0,27.72,2026-04-19,,false
SKU-00143,Epoxy Resin 1L,FOOD_DRY,SUP-023,LOC-012,WH-L-BIN-63,463.0,0,551.93,2026-01-20,2027-05-23,false
SKU-00144,Chain Block 1T,FOOD_COLD,SUP-043,LOC-014,WH-N-BIN-64,91.0,30.0,456.92,2026-02-09,,false
SKU-00145,Temperature Logger,PACKAGING,SUP-153,Warehouse I,WH-I-BIN-65,106.0,30.0,215.34,2026-02-14,,false
SKU-00146,Anti-Slip Tape Roll,MACHINERY_PARTS,SUP-035,LOC-004,WH-D-BIN-66,422.0,0.0,693.90,2026-05-24,2026-05-21,false
SKU-00147,Welding Rod 3.2mm,PPE,SUP-064,LOC-005,WH-E-BIN-67,384.0,15.0,315.38,2026-05-20,,false
SKU-00148,,CLEANING,SUP-162,LOC-019,WH-S-BIN-68,341.0,20.0,704.34,2026-06-02,,false
SKU-00149,First Aid Refill,MEDICAL,SUP-132,LOC-013,WH-M-BIN-69,162.0,40.0,391.46,2026-01-28,,false
SKU-00150,,RAW_MATERIALS,SUP-199,LOC-001,WH-A-BIN-70,395.0,0.0,508.60,2025-12-29,,false
SKU-00151,Stretch Hood Film,CHEMICALS,SUP-017,LOC-012,WH-L-BIN-71,293.0,0.0,396.78,2026-04-04,,false
SKU-00152,Load Cell 500kg,ELECTRONICS,SUP-141,LOC-011,WH-K-BIN-72,86.0,30.0,546.68,2026-06-13,,false
SKU-00153,Dock Bumpers Pair,FOOD_DRY,SUP-026,LOC-002,WH-B-BIN-73,421.0,40.0,686.41,2026-03-05,2026-02-27,false
SKU-00154,,FOOD_COLD,SUP-001,LOC-015,WH-O-BIN-74,123.0,0,242.89,2026-04-16,,false
SKU-00155,Battery Charger 24V,PACKAGING,SUP-168,LOC-003,WH-C-BIN-75,6.0,20.0,245.80,2025-12-28,2026-04-06,false
SKU-00156,Mesh Security Cage,MACHINERY_PARTS,SUP-110,LOC-008,WH-H-BIN-76,66.0,40.0,64.20,2026-01-25,2026-04-25,false
SKU-00157,Humidity Sensor Probe,PPE,SUP-133,LOC-008,WH-H-BIN-77,22.0,40.0,339.01,2026-05-23,,false
SKU-00158,Pallet Strap Tool,CLEANING,SUP-019,LOC-016,WH-P-BIN-78,13.0,0,705.03,2026-05-21,,false
SKU-00159,,MEDICAL,SUP-199,LOC-013,WH-M-BIN-79,405.0,0.0,56.59,2026-02-01,,false
SKU-00160,,RAW_MATERIALS,SUP-157,LOC-001,WH-A-BIN-80,104.0,40.0,493.63,2026-03-04,2027-02-21,false
SKU-00161,Steel Bolt M8,CHEMICALS,SUP-023,LOC-007,WH-G-BIN-01,91.0,10.0,770.67,2026-04-06,,false
SKU-00162,Hydraulic Hose 2in,ELECTRONICS,SUP-071,LOC-008,WH-H-BIN-02,63.0,40.0,229.37,2025-12-31,,false
SKU-00163,Industrial Solvent 5L,FOOD_DRY,SUP-169,LOC-001,WH-A-BIN-03,125.0,20.0,517.64,2026-04-25,,false
SKU-00164,,FOOD_COLD,SUP-099,LOC-016,WH-P-BIN-04,143.0,10.0,782.20,2026-03-25,,false
SKU-00165,Safety Gloves L,PACKAGING,SUP-034,LOC-011,WH-K-BIN-05,460.0,25.0,139.87,2026-02-25,,false
SKU-00166,Conveyor Belt Patch,MACHINERY_PARTS,SUP-005,LOC-003,WH-C-BIN-06,7.0,30.0,759.05,2026-03-16,2026-06-18,false
SKU-00167,Shrink Wrap Film Roll,PPE,SUP-074,LOC-017,WH-Q-BIN-07,384.0,40.0,67.78,2026-02-08,,false
SKU-00168,Label Printer Ribbon,CLEANING,SUP-158,LOC-018,WH-R-BIN-08,2.0,15.0,430.04,2026-03-17,2026-10-13,false
SKU-00169,,MEDICAL,SUP-163,LOC-019,WH-S-BIN-09,447.0,0.0,351.11,2026-04-25,,false
SKU-00170,LED Warehouse Light,RAW_MATERIALS,SUP-063,LOC-002,WH-B-BIN-10,493.0,0,248.81,2026-01-08,,false
SKU-00171,Nitrile Gloves Box,CHEMICALS,SUP-031,LOC-006,WH-F-BIN-11,1.0,10.0,419.36,2026-04-20,,true
SKU-00172,,ELECTRONICS,SUP-192,LOC-005,WH-E-BIN-12,467.0,0.0,25.43,2026-03-08,,false
SKU-00173,,FOOD_DRY,SUP-135,LOC-009,WH-I-BIN-13,154.0,10.0,409.60,2026-06-11,2027-03-16,false
SKU-00174,Fire Extinguisher 4kg,FOOD_COLD,SUP-146,LOC-016,WH-P-BIN-14,13.0,15.0,578.78,2026-04-28,,false
SKU-00175,PVC Pipe 50mm,PACKAGING,SUP-001,LOC-017,WH-Q-BIN-15,459.0,10.0,307.62,2026-05-18,,false
SKU-00176,Rubber Gasket Set,MACHINERY_PARTS,SUP-010,LOC-006,WH-F-BIN-16,431.0,30.0,258.80,2026-03-11,,false
SKU-00177,Cable Tie Assorted,PPE,SUP-070,LOC-011,WH-K-BIN-17,59.0,0.0,44.03,2026-04-29,,false
SKU-00178,Dust Mask N95 Pack,CLEANING,SUP-012,LOC-017,WH-Q-BIN-18,55.0,25.0,249.94,2026-06-03,,false
SKU-00179,Wooden Pallet Std,MEDICAL,SUP-117,LOC-018,WH-R-BIN-19,208.0,10.0,498.93,2026-02-27,,false
SKU-00180,Steel Shelving Unit,RAW_MATERIALS,SUP-152,LOC-012,WH-L-BIN-20,415.0,0,637.19,2026-05-18,,false
SKU-00181,Hand Truck,CHEMICALS,SUP-105,LOC-001,WH-A-BIN-21,139.0,10.0,760.89,2026-06-25,,false
SKU-00182,Spill Kit 20L,ELECTRONICS,SUP-189,LOC-013,WH-M-BIN-22,34.0,40.0,769.03,2026-05-20,,false
SKU-00183,Epoxy Resin 1L,FOOD_DRY,SUP-024,LOC-009,WH-I-BIN-23,491.0,10.0,716.67,2026-02-28,,false
SKU-00184,Chain Block 1T,FOOD_COLD,SUP-149,LOC-003,WH-C-BIN-24,7.0,10.0,51.70,2026-01-07,2026-04-14,false
SKU-00185,Temperature Logger,PACKAGING,SUP-061,Warehouse E,WH-E-BIN-25,153.0,20.0,665.86,2026-04-03,,false
SKU-00186,,MACHINERY_PARTS,SUP-116,LOC-011,WH-K-BIN-26,7.0,0,88.96,2026-05-29,,false
SKU-00187,Welding Rod 3.2mm,PPE,SUP-116,LOC-006,WH-F-BIN-27,180.0,25.0,167.69,2026-04-08,,false
SKU-00188,Compressed Air Hose,CLEANING,SUP-068,LOC-015,WH-O-BIN-28,5.0,29.0,685.55,2026-05-19,2026-03-11,false
SKU-00189,First Aid Refill,MEDICAL,SUP-183,LOC-003,WH-C-BIN-29,202.0,15.0,209.61,2026-05-12,2026-05-18,false
SKU-00190,Racking Beam 2.4m,RAW_MATERIALS,SUP-104,LOC-001,WH-A-BIN-30,251.0,0,77.59,2026-05-30,,false
SKU-00191,,CHEMICALS,SUP-032,LOC-005,WH-E-BIN-31,51.0,10.0,299.05,2026-01-15,2027-02-16,false
SKU-00192,Load Cell 500kg,ELECTRONICS,SUP-150,LOC-003,WH-C-BIN-32,152.0,30.0,159.80,2026-01-11,2026-06-17,false
SKU-00193,Dock Bumpers Pair,FOOD_DRY,SUP-033,LOC-015,WH-O-BIN-33,483.0,10.0,42.41,2026-01-30,2027-03-19,false
SKU-00194,,FOOD_COLD,SUP-186,LOC-014,WH-N-BIN-34,22.0,25.0,726.83,2026-04-16,,false
SKU-00195,Battery Charger 24V,PACKAGING,SUP-115,LOC-009,WH-I-BIN-35,37.0,15.0,400.12,2026-02-05,,false
SKU-00196,Mesh Security Cage,MACHINERY_PARTS,SUP-016,LOC-016,WH-P-BIN-36,163.0,10.0,638.16,2026-04-23,,false
SKU-00197,Humidity Sensor Probe,PPE,SUP-005,Warehouse R,WH-R-BIN-37,420.0,25.0,276.54,2026-02-01,,false
SKU-00198,Pallet Strap Tool,CLEANING,SUP-083,LOC-017,WH-Q-BIN-38,11.0,25.0,48.76,2026-02-25,2026-12-16,false
SKU-00199,Coolant Concentrate,MEDICAL,SUP-092,LOC-017,WH-Q-BIN-39,319.0,0.0,194.44,2026-02-09,2027-06-27,false
SKU-00200,Wheel Chock Rubber,RAW_MATERIALS,SUP-196,LOC-002,WH-B-BIN-40,314.0,15.0,671.70,2026-05-12,,false
SKU-00201,,CHEMICALS,SUP-061,LOC-006,WH-F-BIN-41,182.0,30.0,24.51,2025-12-28,,true
SKU-00202,,ELECTRONICS,SUP-145,LOC-019,WH-S-BIN-42,308.0,15.0,776.37,2026-02-07,,false
SKU-00203,Industrial Solvent 5L,FOOD_DRY,SUP-045,LOC-010,WH-J-BIN-43,8.0,25.0,2.55,2026-01-19,2027-03-27,false
SKU-00204,Forklift Battery 24V,FOOD_COLD,SUP-034,LOC-007,WH-G-BIN-44,11.0,20.0,470.11,2026-05-20,2026-06-07,false
SKU-00205,,PACKAGING,SUP-135,LOC-004,WH-D-BIN-45,206.0,0.0,317.69,2026-05-31,,false
SKU-00206,Conveyor Belt Patch,MACHINERY_PARTS,SUP-078,LOC-011,WH-K-BIN-46,89.0,0,512.13,2026-02-21,,false
SKU-00207,Shrink Wrap Film Roll,PPE,SUP-045,LOC-011,WH-K-BIN-47,307.0,0,180.14,2026-01-26,,false
SKU-00208,Label Printer Ribbon,CLEANING,SUP-097,LOC-006,WH-F-BIN-48,395.0,20.0,759.13,2026-01-30,,false
SKU-00209,,MEDICAL,SUP-198,LOC-013,WH-M-BIN-49,11.0,0,178.27,2026-02-01,,false
SKU-00210,LED Warehouse Light,RAW_MATERIALS,SUP-128,LOC-004,WH-D-BIN-50,189.0,15.0,135.97,2026-06-03,,false
SKU-00211,Nitrile Gloves Box,CHEMICALS,SUP-115,Warehouse K,WH-K-BIN-51,155.0,10.0,630.04,2026-06-25,,true
SKU-00212,Pallet Jack Wheel,ELECTRONICS,SUP-188,LOC-015,WH-O-BIN-52,105.0,0,437.73,2026-05-31,,false
SKU-00213,Barcode Scanner,FOOD_DRY,SUP-148,LOC-016,WH-P-BIN-53,408.0,40.0,237.34,2026-04-05,2026-08-12,false
SKU-00214,Fire Extinguisher 4kg,FOOD_COLD,SUP-027,LOC-009,WH-I-BIN-54,7.0,10.0,271.68,2026-01-19,2026-09-11,false
SKU-00215,PVC Pipe 50mm,PACKAGING,SUP-181,LOC-016,WH-P-BIN-55,240.0,0,127.37,2026-05-31,,false
SKU-00216,Rubber Gasket Set,MACHINERY_PARTS,SUP-053,LOC-011,WH-K-BIN-56,229.0,15.0,213.68,2026-04-14,,false
SKU-00217,,PPE,SUP-061,LOC-010,WH-J-BIN-57,45.0,10.0,45.49,2026-06-25,,false
SKU-00218,Dust Mask N95 Pack,CLEANING,SUP-023,LOC-014,WH-N-BIN-58,441.0,20.0,167.15,2026-01-13,2026-08-08,false
SKU-00219,,MEDICAL,SUP-021,LOC-010,WH-J-BIN-59,13.0,25.0,213.47,2026-01-12,,false
SKU-00220,Steel Shelving Unit,RAW_MATERIALS,SUP-100,LOC-018,WH-R-BIN-60,209.0,15.0,212.11,2026-02-26,,false
SKU-00221,Hand Truck,CHEMICALS,SUP-058,LOC-009,WH-I-BIN-61,157.0,0.0,79.17,2026-01-05,,true
SKU-00222,Spill Kit 20L,ELECTRONICS,SUP-106,LOC-018,WH-R-BIN-62,321.0,0.0,655.09,2026-03-10,2026-05-07,false
SKU-00223,Epoxy Resin 1L,FOOD_DRY,SUP-176,LOC-018,WH-R-BIN-63,499.0,0.0,65.01,2026-06-17,,false
SKU-00224,Chain Block 1T,FOOD_COLD,SUP-147,LOC-017,WH-Q-BIN-64,429.0,30.0,139.96,2026-05-14,2027-03-12,false
SKU-00225,Temperature Logger,PACKAGING,SUP-050,LOC-007,WH-G-BIN-65,41.0,15.0,797.82,2026-01-16,,false
SKU-00226,Anti-Slip Tape Roll,MACHINERY_PARTS,SUP-153,LOC-005,WH-E-BIN-66,183.0,0,445.98,2026-02-04,2027-02-09,false
SKU-00227,,PPE,SUP-071,LOC-011,WH-K-BIN-67,254.0,30.0,499.20,2026-02-12,2026-03-28,false
SKU-00228,Compressed Air Hose,CLEANING,SUP-029,LOC-014,WH-N-BIN-68,19.0,25.0,81.96,2026-05-29,,false
SKU-00229,First Aid Refill,MEDICAL,SUP-200,LOC-019,WH-S-BIN-69,422.0,10.0,329.89,2026-03-19,,false
SKU-00230,Racking Beam 2.4m,RAW_MATERIALS,SUP-147,LOC-016,WH-P-BIN-70,9.0,30.0,545.29,2026-03-15,,false
SKU-00231,Stretch Hood Film,CHEMICALS,SUP-102,LOC-002,WH-B-BIN-71,373.0,20.0,717.83,2026-06-20,,true
SKU-00232,,ELECTRONICS,SUP-080,LOC-010,WH-J-BIN-72,451.0,20.0,109.24,2026-03-04,2026-11-19,false
SKU-00233,Dock Bumpers Pair,FOOD_DRY,SUP-069,LOC-011,WH-K-BIN-73,233.0,40.0,730.92,2026-03-13,,false
SKU-00234,Floor Marking Paint,FOOD_COLD,SUP-195,LOC-016,WH-P-BIN-74,464.0,30.0,128.86,2026-04-07,2026-03-16,false
SKU-00235,Battery Charger 24V,PACKAGING,SUP-104,LOC-017,WH-Q-BIN-75,419.0,15.0,700.39,2026-05-05,2026-11-01,false
SKU-00236,Mesh Security Cage,MACHINERY_PARTS,SUP-064,LOC-002,WH-B-BIN-76,6.0,0,659.16,2026-02-16,,false
SKU-00237,Humidity Sensor Probe,PPE,SUP-163,Warehouse M,WH-M-BIN-77,6.0,10.0,768.50,2026-02-24,,false
SKU-00238,Pallet Strap Tool,CLEANING,SUP-142,LOC-019,WH-S-BIN-78,9.0,20.0,229.49,2026-03-19,,false
SKU-00239,Coolant Concentrate,MEDICAL,SUP-042,LOC-002,WH-B-BIN-79,312.0,0.0,542.80,2026-04-18,2026-11-18,false
SKU-00240,Wheel Chock Rubber,RAW_MATERIALS,SUP-132,Warehouse N,WH-N-BIN-80,462.0,10.0,518.60,2026-01-23,2026-10-01,false
SKU-00241,Steel Bolt M8,CHEMICALS,SUP-058,LOC-001,WH-A-BIN-01,331.0,20.0,221.75,2026-03-21,,false
SKU-00242,Hydraulic Hose 2in,ELECTRONICS,SUP-065,LOC-015,WH-O-BIN-02,258.0,15.0,468.42,2026-06-24,,false
SKU-00243,Industrial Solvent 5L,FOOD_DRY,SUP-170,LOC-017,WH-Q-BIN-03,449.0,0.0,240.18,2026-05-29,,false
SKU-00244,Forklift Battery 24V,FOOD_COLD,SUP-017,LOC-016,WH-P-BIN-04,161.0,20.0,569.45,2026-01-10,,false
SKU-00245,Safety Gloves L,PACKAGING,SUP-049,LOC-010,WH-J-BIN-05,284.0,15.0,642.29,2026-01-23,,false
SKU-00246,Conveyor Belt Patch,MACHINERY_PARTS,SUP-170,LOC-013,WH-M-BIN-06,1.0,20.0,209.02,2026-03-10,,false
SKU-00247,Shrink Wrap Film Roll,PPE,SUP-100,LOC-013,WH-M-BIN-07,38.0,40.0,275.85,2026-04-30,,false
SKU-00248,,CLEANING,SUP-164,LOC-018,WH-R-BIN-08,263.0,0.0,676.64,2026-01-08,,false
SKU-00249,Dock Leveler Seal,MEDICAL,SUP-047,Warehouse R,WH-R-BIN-09,69.0,0,448.11,2026-05-10,,false
SKU-00250,LED Warehouse Light,RAW_MATERIALS,SUP-168,LOC-011,WH-K-BIN-10,133.0,0,630.90,2026-04-02,,false
SKU-00251,Nitrile Gloves Box,CHEMICALS,SUP-067,LOC-012,WH-L-BIN-11,170.0,30.0,467.69,2026-01-18,2027-06-15,true
SKU-00252,Pallet Jack Wheel,ELECTRONICS,SUP-129,LOC-007,WH-G-BIN-12,464.0,10.0,696.94,2026-05-18,,false
SKU-00253,Barcode Scanner,FOOD_DRY,SUP-052,LOC-005,WH-E-BIN-13,229.0,20.0,116.29,2026-05-10,,false
SKU-00254,Fire Extinguisher 4kg,FOOD_COLD,SUP-125,LOC-003,WH-C-BIN-14,343.0,20.0,220.28,2026-05-13,2027-03-14,false
SKU-00255,PVC Pipe 50mm,PACKAGING,SUP-196,LOC-019,WH-S-BIN-15,270.0,15.0,507.52,2026-03-14,2027-03-05,false
SKU-00256,Rubber Gasket Set,MACHINERY_PARTS,SUP-123,LOC-014,WH-N-BIN-16,7.0,25.0,713.82,2026-02-10,,false
SKU-00257,Cable Tie Assorted,PPE,SUP-005,LOC-007,WH-G-BIN-17,22.0,40.0,276.79,2026-05-23,,false
SKU-00258,Dust Mask N95 Pack,CLEANING,SUP-099,LOC-004,WH-D-BIN-18,321.0,30.0,239.97,2026-04-12,2026-06-20,false
SKU-00259,Wooden Pallet Std,MEDICAL,SUP-187,LOC-015,WH-O-BIN-19,325.0,30.0,108.76,2026-02-20,,false
SKU-00260,Steel Shelving Unit,RAW_MATERIALS,SUP-193,LOC-012,WH-L-BIN-20,104.0,15.0,184.28,2026-05-23,,false
SKU-00261,Hand Truck,CHEMICALS,SUP-188,LOC-007,WH-G-BIN-21,321.0,0,634.12,2026-03-21,,false
SKU-00262,Spill Kit 20L,ELECTRONICS,SUP-198,LOC-009,WH-I-BIN-22,2.0,30.0,17.75,2025-12-31,,false
SKU-00263,Epoxy Resin 1L,FOOD_DRY,SUP-107,LOC-004,WH-D-BIN-23,9.0,25.0,549.22,2026-06-23,2027-07-16,false
SKU-00264,,FOOD_COLD,SUP-108,Warehouse J,WH-J-BIN-24,71.0,40.0,111.46,2026-05-30,,false
SKU-00265,Temperature Logger,PACKAGING,SUP-185,Warehouse Q,WH-Q-BIN-25,80.0,30.0,487.98,2026-04-19,,false
SKU-00266,Anti-Slip Tape Roll,MACHINERY_PARTS,SUP-052,LOC-017,WH-Q-BIN-26,380.0,20.0,728.46,2025-12-31,,false
SKU-00267,Welding Rod 3.2mm,PPE,SUP-085,LOC-016,WH-P-BIN-27,2.0,15.0,535.88,2026-05-18,,false
SKU-00268,Compressed Air Hose,CLEANING,SUP-200,LOC-003,WH-C-BIN-28,58.0,30.0,186.47,2026-04-11,,false
SKU-00269,First Aid Refill,MEDICAL,SUP-119,LOC-009,WH-I-BIN-29,71.0,10.0,289.45,2026-01-03,,false
SKU-00270,Racking Beam 2.4m,RAW_MATERIALS,SUP-110,LOC-011,WH-K-BIN-30,3.0,40.0,531.36,2026-05-13,2026-06-08,false
SKU-00271,Stretch Hood Film,CHEMICALS,SUP-092,LOC-011,WH-K-BIN-31,338.0,25.0,275.49,2026-05-27,,false
SKU-00272,Load Cell 500kg,ELECTRONICS,SUP-070,LOC-015,WH-O-BIN-32,217.0,0.0,709.13,2026-05-14,,false
SKU-00273,Dock Bumpers Pair,FOOD_DRY,SUP-034,LOC-004,WH-D-BIN-33,11.0,40.0,387.17,2026-01-31,,false
SKU-00274,,FOOD_COLD,SUP-047,LOC-015,WH-O-BIN-34,214.0,30.0,704.20,2026-05-23,,false
SKU-00275,Battery Charger 24V,PACKAGING,SUP-125,Warehouse P,WH-P-BIN-35,474.0,10.0,524.67,2026-06-22,2026-05-23,false
SKU-00276,Mesh Security Cage,MACHINERY_PARTS,SUP-197,LOC-017,WH-Q-BIN-36,315.0,40.0,698.77,2026-02-13,,false
SKU-00277,Humidity Sensor Probe,PPE,SUP-177,LOC-017,WH-Q-BIN-37,16.0,0,513.84,2026-05-18,,false
SKU-00278,Pallet Strap Tool,CLEANING,SUP-157,LOC-018,WH-R-BIN-38,25.0,10.0,681.79,2026-05-14,,false
SKU-00279,Coolant Concentrate,MEDICAL,SUP-193,LOC-003,WH-C-BIN-39,184.0,25.0,441.30,2026-03-21,2026-11-17,false
SKU-00280,,RAW_MATERIALS,SUP-061,LOC-013,WH-M-BIN-40,255.0,10.0,358.76,2026-05-26,2027-04-07,false
SKU-00281,Steel Bolt M8,CHEMICALS,SUP-191,LOC-016,WH-P-BIN-41,27.0,40.0,2.14,2026-06-02,2026-04-16,false
SKU-00282,Hydraulic Hose 2in,ELECTRONICS,SUP-164,LOC-020,WH-T-BIN-42,475.0,20.0,760.38,2026-03-24,,false
SKU-00283,Industrial Solvent 5L,FOOD_DRY,SUP-058,LOC-002,WH-B-BIN-43,252.0,0.0,573.89,2026-03-24,,false
SKU-00284,Forklift Battery 24V,FOOD_COLD,SUP-030,LOC-015,WH-O-BIN-44,408.0,10.0,664.25,2026-04-12,2026-05-11,false
SKU-00285,Safety Gloves L,PACKAGING,SUP-134,Warehouse R,WH-R-BIN-45,6.0,20.0,594.52,2026-03-13,,false
SKU-00286,Conveyor Belt Patch,MACHINERY_PARTS,SUP-066,LOC-004,WH-D-BIN-46,28.0,30.0,625.57,2026-03-31,,false
SKU-00287,,PPE,SUP-194,LOC-004,WH-D-BIN-47,43.0,25.0,618.17,2026-03-02,,false
SKU-00288,Label Printer Ribbon,CLEANING,SUP-169,LOC-015,WH-O-BIN-48,16.0,30.0,40.76,2026-03-07,2026-03-23,false
SKU-00289,Dock Leveler Seal,MEDICAL,SUP-124,LOC-019,WH-S-BIN-49,419.0,30.0,584.93,2026-05-24,,false
SKU-00290,LED Warehouse Light,RAW_MATERIALS,SUP-100,LOC-004,WH-D-BIN-50,327.0,40.0,336.09,2026-01-21,,false
SKU-00291,Nitrile Gloves Box,CHEMICALS,SUP-071,LOC-008,WH-H-BIN-51,195.0,25.0,482.81,2026-02-14,2027-02-22,true
SKU-00292,Pallet Jack Wheel,ELECTRONICS,SUP-081,LOC-018,WH-R-BIN-52,397.0,40.0,572.08,2026-01-01,2027-06-10,false
SKU-00293,,FOOD_DRY,SUP-173,LOC-012,WH-L-BIN-53,383.0,0,556.06,2026-04-04,,false
SKU-00294,Fire Extinguisher 4kg,FOOD_COLD,SUP-195,LOC-004,WH-D-BIN-54,307.0,20.0,335.15,2026-02-09,,false
SKU-00295,PVC Pipe 50mm,PACKAGING,SUP-109,LOC-010,WH-J-BIN-55,26.0,0.0,44.35,2026-06-11,2026-06-07,false
SKU-00296,Rubber Gasket Set,MACHINERY_PARTS,SUP-069,Warehouse G,WH-G-BIN-56,5.0,18.0,164.79,2026-02-07,2026-12-24,false
SKU-00297,Cable Tie Assorted,PPE,SUP-092,LOC-002,WH-B-BIN-57,4.0,30.0,231.54,2026-01-06,2027-07-17,false
SKU-00298,Dust Mask N95 Pack,CLEANING,SUP-098,LOC-002,WH-B-BIN-58,233.0,25.0,442.60,2026-06-22,,false
SKU-00299,Wooden Pallet Std,MEDICAL,SUP-052,LOC-009,WH-I-BIN-59,464.0,30.0,729.37,2026-01-11,,false
SKU-00300,Steel Shelving Unit,RAW_MATERIALS,SUP-194,LOC-012,WH-L-BIN-60,299.0,30.0,156.41,2026-03-03,,false
SKU-00301,Hand Truck,CHEMICALS,SUP-175,LOC-006,WH-F-BIN-61,115.0,10.0,343.95,2026-02-03,2026-08-15,true
SKU-00302,Spill Kit 20L,ELECTRONICS,SUP-150,Warehouse F,WH-F-BIN-62,8.0,0,259.46,2026-06-12,2026-02-27,false
SKU-00303,Epoxy Resin 1L,FOOD_DRY,SUP-170,LOC-020,WH-T-BIN-63,271.0,20.0,255.65,2026-04-30,2027-07-23,false
SKU-00304,Chain Block 1T,FOOD_COLD,SUP-134,LOC-006,WH-F-BIN-64,422.0,10.0,75.37,2026-04-30,,false
SKU-00305,Temperature Logger,PACKAGING,SUP-170,LOC-007,WH-G-BIN-65,189.0,0,425.34,2026-02-02,,false
SKU-00306,Anti-Slip Tape Roll,MACHINERY_PARTS,SUP-030,LOC-001,WH-A-BIN-66,197.0,40.0,767.20,2026-01-02,,false
SKU-00307,,PPE,SUP-098,LOC-011,WH-K-BIN-67,78.0,0,729.25,2026-03-22,,false
SKU-00308,,CLEANING,SUP-131,Warehouse Q,WH-Q-BIN-68,21.0,25.0,758.67,2026-05-14,,false
SKU-00309,First Aid Refill,MEDICAL,SUP-137,LOC-018,WH-R-BIN-69,4.0,0,84.93,2026-02-08,,false
SKU-00310,Racking Beam 2.4m,RAW_MATERIALS,SUP-166,LOC-014,WH-N-BIN-70,56.0,0.0,266.71,2026-06-03,,false
SKU-00311,Stretch Hood Film,CHEMICALS,SUP-014,LOC-003,WH-C-BIN-71,426.0,0,183.66,2026-04-20,2026-03-12,false
SKU-00312,Load Cell 500kg,ELECTRONICS,SUP-162,LOC-015,WH-O-BIN-72,241.0,25.0,513.86,2026-01-18,2026-07-29,false
SKU-00313,Dock Bumpers Pair,FOOD_DRY,SUP-194,LOC-003,WH-C-BIN-73,5.0,40.0,233.29,2026-01-01,,false
SKU-00314,,FOOD_COLD,SUP-156,LOC-010,WH-J-BIN-74,164.0,10.0,529.26,2026-02-24,,false
SKU-00315,,PACKAGING,SUP-137,LOC-006,WH-F-BIN-75,89.0,15.0,237.39,2026-01-14,,false
SKU-00316,Mesh Security Cage,MACHINERY_PARTS,SUP-077,LOC-005,WH-E-BIN-76,474.0,40.0,299.76,2026-06-23,,false
SKU-00317,Humidity Sensor Probe,PPE,SUP-143,LOC-018,WH-R-BIN-77,10.0,15.0,757.69,2026-04-08,,false
SKU-00318,Pallet Strap Tool,CLEANING,SUP-192,LOC-007,WH-G-BIN-78,482.0,40.0,681.46,2026-05-20,,false
SKU-00319,Coolant Concentrate,MEDICAL,SUP-048,LOC-006,WH-F-BIN-79,335.0,15.0,682.10,2026-02-05,2027-05-12,false
SKU-00320,Wheel Chock Rubber,RAW_MATERIALS,SUP-166,LOC-015,WH-O-BIN-80,57.0,30.0,159.54,2026-01-28,2026-06-13,false
SKU-00321,Steel Bolt M8,CHEMICALS,SUP-085,LOC-016,WH-P-BIN-01,85.0,20.0,57.71,2026-05-07,,true
SKU-00322,,ELECTRONICS,SUP-085,wh_o,WH-O-BIN-02,357.0,30.0,292.87,2026-04-06,,false
SKU-00323,Industrial Solvent 5L,FOOD_DRY,SUP-044,LOC-014,WH-N-BIN-03,180.0,10.0,350.03,2026-03-25,,false
SKU-00324,Forklift Battery 24V,FOOD_COLD,SUP-174,LOC-005,WH-E-BIN-04,189.0,40.0,245.77,2026-02-04,,false
SKU-00325,Safety Gloves L,PACKAGING,SUP-045,LOC-004,WH-D-BIN-05,18.0,40.0,158.75,2026-01-16,2027-04-27,false
SKU-00326,Conveyor Belt Patch,MACHINERY_PARTS,SUP-187,LOC-003,WH-C-BIN-06,9.0,10.0,463.96,2026-01-25,,false
SKU-00327,Shrink Wrap Film Roll,PPE,SUP-010,LOC-007,WH-G-BIN-07,153.0,30.0,620.61,2026-03-24,,false
SKU-00328,Label Printer Ribbon,CLEANING,SUP-058,LOC-013,WH-M-BIN-08,321.0,0.0,409.31,2026-03-16,,false
SKU-00329,Dock Leveler Seal,MEDICAL,SUP-129,LOC-012,WH-L-BIN-09,359.0,0,547.96,2026-02-14,,false
SKU-00330,LED Warehouse Light,RAW_MATERIALS,SUP-115,LOC-005,WH-E-BIN-10,111.0,15.0,118.67,2026-02-22,,false
SKU-00331,Nitrile Gloves Box,CHEMICALS,SUP-011,LOC-012,WH-L-BIN-11,409.0,15.0,188.75,2026-01-05,2026-05-09,true
SKU-00332,,ELECTRONICS,SUP-100,LOC-012,WH-L-BIN-12,489.0,25.0,260.61,2026-02-12,2026-04-03,false
SKU-00333,Barcode Scanner,FOOD_DRY,SUP-190,LOC-009,WH-I-BIN-13,316.0,20.0,293.51,2026-01-09,,false
SKU-00334,Fire Extinguisher 4kg,FOOD_COLD,SUP-133,LOC-003,WH-C-BIN-14,212.0,20.0,654.15,2026-03-29,,false
SKU-00335,PVC Pipe 50mm,PACKAGING,SUP-124,LOC-016,WH-P-BIN-15,23.0,30.0,412.60,2026-04-15,2026-09-03,false
SKU-00336,Rubber Gasket Set,MACHINERY_PARTS,SUP-039,LOC-007,WH-G-BIN-16,100.0,15.0,332.86,2026-04-02,2026-11-20,false
SKU-00337,Cable Tie Assorted,PPE,SUP-124,LOC-004,WH-D-BIN-17,265.0,40.0,329.90,2026-04-24,,false
SKU-00338,Dust Mask N95 Pack,CLEANING,SUP-033,LOC-002,WH-B-BIN-18,21.0,30.0,119.20,2026-05-14,,false
SKU-00339,Wooden Pallet Std,MEDICAL,SUP-047,LOC-009,WH-I-BIN-19,227.0,0,582.92,2026-04-14,2027-07-29,false
SKU-00340,Steel Shelving Unit,RAW_MATERIALS,SUP-056,Warehouse C,WH-C-BIN-20,330.0,25.0,481.47,2026-01-27,2027-02-21,false
SKU-00341,Hand Truck,CHEMICALS,SUP-160,LOC-006,WH-F-BIN-21,281.0,40.0,363.87,2026-01-25,,true
SKU-00342,Spill Kit 20L,ELECTRONICS,SUP-099,LOC-013,WH-M-BIN-22,9.0,15.0,337.00,2026-05-18,,false
SKU-00343,Epoxy Resin 1L,FOOD_DRY,SUP-025,LOC-020,WH-T-BIN-23,263.0,15.0,426.08,2026-05-26,,false
SKU-00344,Chain Block 1T,FOOD_COLD,SUP-124,LOC-003,WH-C-BIN-24,86.0,40.0,520.09,2026-02-12,2027-07-08,false
SKU-00345,Temperature Logger,PACKAGING,SUP-095,LOC-014,WH-N-BIN-25,42.0,0.0,386.73,2026-03-20,,false
SKU-00346,Anti-Slip Tape Roll,MACHINERY_PARTS,SUP-151,LOC-012,WH-L-BIN-26,399.0,0.0,341.54,2026-04-21,,false
SKU-00347,Welding Rod 3.2mm,PPE,SUP-197,LOC-016,WH-P-BIN-27,485.0,15.0,328.10,2026-05-08,,false
SKU-00348,Compressed Air Hose,CLEANING,SUP-182,LOC-001,WH-A-BIN-28,424.0,40.0,165.92,2026-04-06,2027-06-26,false
SKU-00349,First Aid Refill,MEDICAL,SUP-093,LOC-014,WH-N-BIN-29,99.0,10.0,429.81,2026-02-01,,false
SKU-00350,Racking Beam 2.4m,RAW_MATERIALS,SUP-157,LOC-012,WH-L-BIN-30,368.0,0,446.94,2026-05-11,,false
SKU-00351,Stretch Hood Film,CHEMICALS,SUP-144,LOC-012,WH-L-BIN-31,267.0,30.0,564.98,2026-05-21,,false
SKU-00352,Load Cell 500kg,ELECTRONICS,SUP-192,LOC-004,WH-D-BIN-32,248.0,15.0,321.65,2026-03-31,2027-04-12,false
SKU-00353,Dock Bumpers Pair,FOOD_DRY,SUP-158,Warehouse R,WH-R-BIN-33,370.0,40.0,6.22,2026-06-02,,false
SKU-00354,Floor Marking Paint,FOOD_COLD,SUP-121,Warehouse E,WH-E-BIN-34,9.0,30.0,580.15,2026-03-15,2026-08-14,false
SKU-00355,,PACKAGING,SUP-168,LOC-020,WH-T-BIN-35,166.0,0,656.54,2026-01-13,,false
SKU-00356,Mesh Security Cage,MACHINERY_PARTS,SUP-113,LOC-016,WH-P-BIN-36,123.0,10.0,157.41,2026-01-23,,false
SKU-00357,Humidity Sensor Probe,PPE,SUP-133,LOC-017,WH-Q-BIN-37,138.0,40.0,524.71,2026-05-16,,false
SKU-00358,Pallet Strap Tool,CLEANING,SUP-071,LOC-003,WH-C-BIN-38,224.0,0.0,415.16,2026-06-08,,false
SKU-00359,Coolant Concentrate,MEDICAL,SUP-141,LOC-003,WH-C-BIN-39,391.0,20.0,770.70,2026-04-16,,false
SKU-00360,,RAW_MATERIALS,SUP-156,LOC-008,WH-H-BIN-40,252.0,15.0,326.89,2026-05-29,,false
SKU-00361,Steel Bolt M8,CHEMICALS,SUP-019,LOC-018,WH-R-BIN-41,170.0,30.0,207.64,2026-02-08,,false
SKU-00362,Hydraulic Hose 2in,ELECTRONICS,SUP-065,Warehouse S,WH-S-BIN-42,246.0,0,606.46,2026-02-28,,false
SKU-00363,Industrial Solvent 5L,FOOD_DRY,SUP-151,LOC-015,WH-O-BIN-43,34.0,0.0,631.35,2026-04-30,,false
SKU-00364,Forklift Battery 24V,FOOD_COLD,SUP-081,LOC-008,WH-H-BIN-44,200.0,25.0,212.15,2026-04-13,2026-03-11,false
SKU-00365,Safety Gloves L,PACKAGING,SUP-103,LOC-003,WH-C-BIN-45,403.0,40.0,144.43,2026-04-06,2026-02-26,false
SKU-00366,Conveyor Belt Patch,MACHINERY_PARTS,SUP-056,LOC-012,WH-L-BIN-46,24.0,30.0,400.20,2026-05-05,,false
SKU-00367,Shrink Wrap Film Roll,PPE,SUP-189,LOC-008,WH-H-BIN-47,466.0,15.0,669.40,2026-03-26,,false
SKU-00368,Label Printer Ribbon,CLEANING,SUP-200,LOC-005,WH-E-BIN-48,81.0,10.0,491.83,2026-02-07,,false
SKU-00369,Dock Leveler Seal,MEDICAL,SUP-124,LOC-002,WH-B-BIN-49,337.0,20.0,460.47,2026-04-16,,false
SKU-00370,LED Warehouse Light,RAW_MATERIALS,SUP-047,LOC-016,WH-P-BIN-50,488.0,0,104.34,2026-02-11,,false
SKU-00371,Nitrile Gloves Box,CHEMICALS,SUP-123,LOC-014,WH-N-BIN-51,36.0,30.0,141.49,2026-05-26,,false
SKU-00372,Pallet Jack Wheel,ELECTRONICS,SUP-081,LOC-015,WH-O-BIN-52,14.0,40.0,491.00,2026-04-20,2027-01-27,false
SKU-00373,Barcode Scanner,FOOD_DRY,SUP-141,LOC-006,WH-F-BIN-53,141.0,20.0,148.76,2026-03-09,,false
SKU-00374,Fire Extinguisher 4kg,FOOD_COLD,SUP-108,LOC-007,WH-G-BIN-54,405.0,40.0,145.55,2026-05-23,,false
SKU-00375,PVC Pipe 50mm,PACKAGING,SUP-176,LOC-019,WH-S-BIN-55,5.0,15.0,685.33,2026-05-06,,false
SKU-00376,Rubber Gasket Set,MACHINERY_PARTS,SUP-190,LOC-005,WH-E-BIN-56,262.0,15.0,796.46,2026-01-15,,false
SKU-00377,Cable Tie Assorted,PPE,SUP-137,LOC-017,WH-Q-BIN-57,181.0,40.0,455.13,2026-03-16,,false
SKU-00378,,CLEANING,SUP-177,LOC-004,WH-D-BIN-58,50.0,15.0,78.85,2026-04-01,,false
SKU-00379,Wooden Pallet Std,MEDICAL,SUP-093,LOC-009,WH-I-BIN-59,306.0,20.0,330.59,2026-03-28,,false
SKU-00380,Steel Shelving Unit,RAW_MATERIALS,SUP-051,Warehouse T,WH-T-BIN-60,314.0,30.0,229.12,2026-04-03,,false
SKU-00381,Hand Truck,CHEMICALS,SUP-125,LOC-017,WH-Q-BIN-61,397.0,0.0,230.65,2026-01-15,2026-04-08,false
SKU-00382,Spill Kit 20L,ELECTRONICS,SUP-164,LOC-006,WH-F-BIN-62,495.0,0.0,679.42,2026-06-07,,false
SKU-00383,Epoxy Resin 1L,FOOD_DRY,SUP-042,LOC-003,WH-C-BIN-63,136.0,20.0,485.10,2026-03-16,,false
SKU-00384,,FOOD_COLD,SUP-114,LOC-009,WH-I-BIN-64,461.0,0.0,361.33,2026-05-14,,false
SKU-00385,Temperature Logger,PACKAGING,SUP-006,LOC-006,WH-F-BIN-65,392.0,15.0,600.29,2026-05-03,,false
SKU-00386,Anti-Slip Tape Roll,MACHINERY_PARTS,SUP-102,LOC-006,WH-F-BIN-66,8.0,10.0,420.14,2026-06-04,2027-02-14,false
SKU-00387,Welding Rod 3.2mm,PPE,SUP-068,LOC-004,WH-D-BIN-67,29.0,0,355.64,2026-05-24,2026-12-18,false
SKU-00388,Compressed Air Hose,CLEANING,SUP-135,LOC-005,WH-E-BIN-68,6.0,20.0,696.98,2026-04-17,,false
SKU-00389,First Aid Refill,MEDICAL,SUP-114,LOC-018,WH-R-BIN-69,377.0,15.0,599.63,2026-02-01,,false
SKU-00390,Racking Beam 2.4m,RAW_MATERIALS,SUP-135,LOC-014,WH-N-BIN-70,347.0,40.0,183.25,2026-06-03,,false
SKU-00391,Stretch Hood Film,CHEMICALS,SUP-079,Warehouse O,WH-O-BIN-71,231.0,20.0,276.42,2026-02-25,2026-10-03,false
SKU-00392,Load Cell 500kg,ELECTRONICS,SUP-194,LOC-016,WH-P-BIN-72,14.0,25.0,637.82,2026-02-05,,false
SKU-00393,Dock Bumpers Pair,FOOD_DRY,SUP-049,LOC-012,WH-L-BIN-73,471.0,25.0,313.00,2026-03-21,2027-06-21,false
SKU-00394,Floor Marking Paint,FOOD_COLD,SUP-068,LOC-008,WH-H-BIN-74,236.0,10.0,491.35,2025-12-30,,false
SKU-00395,,PACKAGING,SUP-073,LOC-009,WH-I-BIN-75,400.0,40.0,147.56,2026-04-12,2026-08-30,false
SKU-00396,Mesh Security Cage,MACHINERY_PARTS,SUP-164,LOC-004,WH-D-BIN-76,336.0,25.0,257.87,2026-05-18,,false
SKU-00397,,PPE,SUP-137,LOC-002,WH-B-BIN-77,115.0,10.0,582.23,2026-04-27,2027-03-07,false
SKU-00398,Pallet Strap Tool,CLEANING,SUP-039,LOC-003,WH-C-BIN-78,272.0,0,399.72,2026-03-22,,false
SKU-00399,,MEDICAL,SUP-179,LOC-015,WH-O-BIN-79,36.0,0,46.72,2026-03-17,,false
SKU-00400,,RAW_MATERIALS,SUP-140,LOC-003,WH-C-BIN-80,9.0,25.0,99.33,2026-04-23,,false
SKU-00401,Steel Bolt M8,CHEMICALS,SUP-198,LOC-013,WH-M-BIN-01,146.0,0,588.79,2026-06-01,2026-04-28,false
SKU-00402,Hydraulic Hose 2in,ELECTRONICS,SUP-122,LOC-007,WH-G-BIN-02,368.0,0,596.29,2026-02-05,2026-08-16,false
SKU-00403,Industrial Solvent 5L,FOOD_DRY,SUP-032,LOC-017,WH-Q-BIN-03,266.0,20.0,691.20,2026-05-01,,false
SKU-00404,Forklift Battery 24V,FOOD_COLD,SUP-061,LOC-004,WH-D-BIN-04,242.0,40.0,97.48,2026-04-24,,false
SKU-00405,Safety Gloves L,PACKAGING,SUP-011,LOC-001,WH-A-BIN-05,421.0,30.0,73.40,2026-05-16,,false
SKU-00406,Conveyor Belt Patch,MACHINERY_PARTS,SUP-024,LOC-016,WH-P-BIN-06,336.0,40.0,49.92,2026-03-26,,false
SKU-00407,Shrink Wrap Film Roll,PPE,SUP-180,LOC-005,WH-E-BIN-07,16.0,30.0,631.27,2026-03-29,,false
SKU-00408,Label Printer Ribbon,CLEANING,SUP-188,LOC-015,WH-O-BIN-08,30.0,15.0,389.27,2026-03-05,2026-08-15,false
SKU-00409,Dock Leveler Seal,MEDICAL,SUP-076,LOC-018,WH-R-BIN-09,376.0,30.0,260.30,2026-02-26,,false
SKU-00410,LED Warehouse Light,RAW_MATERIALS,SUP-154,LOC-009,WH-I-BIN-10,3.0,24.0,294.96,2026-06-25,,false
SKU-00411,Nitrile Gloves Box,CHEMICALS,SUP-098,LOC-017,WH-Q-BIN-11,114.0,40.0,496.92,2026-04-04,,false
SKU-00412,Pallet Jack Wheel,ELECTRONICS,SUP-100,LOC-018,WH-R-BIN-12,288.0,15.0,259.43,2026-01-12,2026-12-17,false
SKU-00413,Barcode Scanner,FOOD_DRY,SUP-029,LOC-011,WH-K-BIN-13,287.0,10.0,144.55,2026-06-17,2026-06-09,false
SKU-00414,Fire Extinguisher 4kg,FOOD_COLD,SUP-028,LOC-007,WH-G-BIN-14,19.0,25.0,392.95,2026-01-17,,false
SKU-00415,PVC Pipe 50mm,PACKAGING,SUP-066,LOC-019,WH-S-BIN-15,207.0,10.0,525.29,2026-06-05,2026-11-09,false
SKU-00416,,MACHINERY_PARTS,SUP-164,Warehouse O,WH-O-BIN-16,204.0,10.0,296.52,2026-06-11,,false
SKU-00417,Cable Tie Assorted,PPE,SUP-069,LOC-020,WH-T-BIN-17,40.0,30.0,768.55,2026-06-01,2026-11-13,false
SKU-00418,,CLEANING,SUP-186,LOC-004,WH-D-BIN-18,292.0,15.0,456.88,2026-05-11,,false
SKU-00419,Wooden Pallet Std,MEDICAL,SUP-192,LOC-018,WH-R-BIN-19,232.0,30.0,540.25,2025-12-28,,false
SKU-00420,,RAW_MATERIALS,SUP-027,LOC-014,WH-N-BIN-20,7.0,15.0,428.05,2026-01-23,,false
SKU-00421,,CHEMICALS,SUP-091,LOC-015,WH-O-BIN-21,301.0,20.0,611.82,2026-03-07,,false
SKU-00422,Spill Kit 20L,ELECTRONICS,SUP-156,LOC-011,WH-K-BIN-22,308.0,15.0,596.17,2026-03-25,,false
SKU-00423,Epoxy Resin 1L,FOOD_DRY,SUP-115,LOC-015,WH-O-BIN-23,20.0,25.0,415.05,2026-04-09,,false
SKU-00424,Chain Block 1T,FOOD_COLD,SUP-077,LOC-001,WH-A-BIN-24,129.0,15.0,658.23,2026-02-04,,false
SKU-00425,Temperature Logger,PACKAGING,SUP-143,LOC-017,WH-Q-BIN-25,494.0,30.0,126.57,2026-04-19,,false
SKU-00426,Anti-Slip Tape Roll,MACHINERY_PARTS,SUP-150,LOC-012,WH-L-BIN-26,139.0,15.0,456.11,2026-05-01,,false
SKU-00427,Welding Rod 3.2mm,PPE,SUP-186,LOC-003,WH-C-BIN-27,425.0,20.0,562.87,2026-06-01,,false
SKU-00428,Compressed Air Hose,CLEANING,SUP-165,LOC-020,WH-T-BIN-28,39.0,20.0,737.65,2026-04-01,2026-08-23,false
SKU-00429,First Aid Refill,MEDICAL,SUP-112,LOC-012,WH-L-BIN-29,496.0,25.0,679.88,2026-06-23,2027-06-25,false
SKU-00430,,RAW_MATERIALS,SUP-014,LOC-013,WH-M-BIN-30,18.0,20.0,558.82,2026-05-17,,false
SKU-00431,Stretch Hood Film,CHEMICALS,SUP-173,LOC-002,WH-B-BIN-31,221.0,40.0,73.89,2026-03-07,,true
SKU-00432,Load Cell 500kg,ELECTRONICS,SUP-038,Warehouse M,WH-M-BIN-32,10.0,15.0,211.52,2026-03-15,,false
SKU-00433,Dock Bumpers Pair,FOOD_DRY,SUP-112,LOC-017,WH-Q-BIN-33,3.0,25.0,522.49,2026-05-06,,false
SKU-00434,Floor Marking Paint,FOOD_COLD,SUP-158,LOC-018,WH-R-BIN-34,288.0,40.0,345.19,2026-01-01,2026-03-18,false
SKU-00435,Battery Charger 24V,PACKAGING,SUP-023,LOC-019,WH-S-BIN-35,363.0,10.0,475.91,2026-06-19,2027-01-18,false
SKU-00436,Mesh Security Cage,MACHINERY_PARTS,SUP-044,LOC-010,WH-J-BIN-36,335.0,20.0,353.49,2026-04-27,,false
SKU-00437,Humidity Sensor Probe,PPE,SUP-176,LOC-007,WH-G-BIN-37,99.0,20.0,195.95,2026-01-18,2026-08-22,false
SKU-00438,Pallet Strap Tool,CLEANING,SUP-074,LOC-005,WH-E-BIN-38,195.0,0,20.15,2026-05-03,,false
SKU-00439,Coolant Concentrate,MEDICAL,SUP-055,LOC-018,WH-R-BIN-39,299.0,15.0,584.48,2026-05-20,,false
SKU-00440,Wheel Chock Rubber,RAW_MATERIALS,SUP-097,LOC-001,WH-A-BIN-40,483.0,30.0,631.77,2026-01-18,2026-11-05,false
SKU-00441,Steel Bolt M8,CHEMICALS,SUP-014,LOC-009,WH-I-BIN-41,355.0,25.0,218.51,2026-01-08,2026-04-02,true
SKU-00442,Hydraulic Hose 2in,ELECTRONICS,SUP-005,LOC-004,WH-D-BIN-42,464.0,20.0,407.82,2026-05-31,,false
SKU-00443,Industrial Solvent 5L,FOOD_DRY,SUP-125,LOC-011,WH-K-BIN-43,325.0,0.0,367.47,2026-06-20,,false
SKU-00444,Forklift Battery 24V,FOOD_COLD,SUP-064,LOC-002,WH-B-BIN-44,176.0,30.0,548.08,2026-03-27,2027-01-19,false
SKU-00445,Safety Gloves L,PACKAGING,SUP-061,LOC-010,WH-J-BIN-45,161.0,30.0,712.54,2026-06-18,,false
SKU-00446,Conveyor Belt Patch,MACHINERY_PARTS,SUP-072,Warehouse R,WH-R-BIN-46,97.0,15.0,417.53,2026-01-03,2027-02-06,false
SKU-00447,,PPE,SUP-161,LOC-020,WH-T-BIN-47,136.0,40.0,251.28,2026-01-22,,false
SKU-00448,Label Printer Ribbon,CLEANING,SUP-115,LOC-011,WH-K-BIN-48,87.0,30.0,640.48,2026-05-21,,false
SKU-00449,Dock Leveler Seal,MEDICAL,SUP-177,LOC-010,WH-J-BIN-49,480.0,0,780.67,2026-05-19,,false
SKU-00450,,RAW_MATERIALS,SUP-041,LOC-019,WH-S-BIN-50,54.0,20.0,671.94,2026-05-19,2027-01-04,false
SKU-00451,Nitrile Gloves Box,CHEMICALS,SUP-196,LOC-001,WH-A-BIN-51,470.0,20.0,657.72,2026-01-13,,false
SKU-00452,Pallet Jack Wheel,ELECTRONICS,SUP-039,LOC-009,WH-I-BIN-52,3.0,0,214.96,2026-01-31,,false
SKU-00453,Barcode Scanner,FOOD_DRY,SUP-060,LOC-020,WH-T-BIN-53,138.0,30.0,551.14,2026-02-23,2026-06-15,false
SKU-00454,Fire Extinguisher 4kg,FOOD_COLD,SUP-129,LOC-005,WH-E-BIN-54,329.0,0.0,394.17,2026-05-21,2027-02-09,false
SKU-00455,PVC Pipe 50mm,PACKAGING,SUP-050,LOC-006,WH-F-BIN-55,36.0,15.0,760.26,2026-04-30,,false
SKU-00456,Rubber Gasket Set,MACHINERY_PARTS,SUP-194,LOC-007,WH-G-BIN-56,8.0,0,261.27,2026-02-28,,false
SKU-00457,Cable Tie Assorted,PPE,SUP-110,LOC-008,WH-H-BIN-57,24.0,25.0,316.53,2026-01-30,,false
SKU-00458,Dust Mask N95 Pack,CLEANING,SUP-138,LOC-020,WH-T-BIN-58,348.0,30.0,362.38,2026-06-15,,false
SKU-00459,,MEDICAL,SUP-133,LOC-008,WH-H-BIN-59,222.0,30.0,413.87,2026-01-15,2026-05-07,false
SKU-00460,Steel Shelving Unit,RAW_MATERIALS,SUP-049,LOC-002,WH-B-BIN-60,245.0,20.0,370.16,2026-03-09,,false
SKU-00461,Hand Truck,CHEMICALS,SUP-157,LOC-010,WH-J-BIN-61,373.0,0,362.46,2026-02-17,,true
SKU-00462,Spill Kit 20L,ELECTRONICS,SUP-179,LOC-019,WH-S-BIN-62,89.0,30.0,473.07,2026-05-05,2027-03-15,false
SKU-00463,Epoxy Resin 1L,FOOD_DRY,SUP-024,LOC-015,WH-O-BIN-63,185.0,20.0,575.26,2026-05-25,,false
SKU-00464,Chain Block 1T,FOOD_COLD,SUP-030,LOC-003,WH-C-BIN-64,250.0,40.0,582.05,2026-02-15,,false
SKU-00465,Temperature Logger,PACKAGING,SUP-041,LOC-020,WH-T-BIN-65,301.0,25.0,453.26,2026-01-08,,false
SKU-00466,Anti-Slip Tape Roll,MACHINERY_PARTS,SUP-042,Warehouse E,WH-E-BIN-66,1.0,23.0,768.85,2026-04-13,,false
SKU-00467,Welding Rod 3.2mm,PPE,SUP-031,LOC-006,WH-F-BIN-67,13.0,15.0,684.62,2026-02-06,,false
SKU-00468,Compressed Air Hose,CLEANING,SUP-156,LOC-001,WH-A-BIN-68,141.0,25.0,65.37,2026-01-23,,false
SKU-00469,First Aid Refill,MEDICAL,SUP-063,LOC-001,WH-A-BIN-69,162.0,30.0,120.31,2026-01-09,2026-10-28,false
SKU-00470,Racking Beam 2.4m,RAW_MATERIALS,SUP-010,LOC-012,WH-L-BIN-70,10.0,15.0,736.47,2026-06-13,,false
SKU-00471,,CHEMICALS,SUP-107,LOC-004,WH-D-BIN-71,102.0,15.0,476.79,2026-02-02,,true
SKU-00472,Load Cell 500kg,ELECTRONICS,SUP-192,LOC-015,WH-O-BIN-72,204.0,30.0,296.12,2026-03-20,,false
SKU-00473,,FOOD_DRY,SUP-195,LOC-003,WH-C-BIN-73,451.0,25.0,687.81,2026-04-02,2027-07-16,false
SKU-00474,,FOOD_COLD,SUP-106,LOC-017,WH-Q-BIN-74,127.0,30.0,424.10,2026-06-03,2027-06-13,false
SKU-00475,Battery Charger 24V,PACKAGING,SUP-186,LOC-016,WH-P-BIN-75,329.0,40.0,487.86,2026-04-05,,false
SKU-00476,Mesh Security Cage,MACHINERY_PARTS,SUP-135,Warehouse I,WH-I-BIN-76,339.0,30.0,416.73,2026-01-15,,false
SKU-00477,Humidity Sensor Probe,PPE,SUP-127,LOC-016,WH-P-BIN-77,112.0,0.0,156.46,2026-05-26,,false
SKU-00478,Pallet Strap Tool,CLEANING,SUP-120,LOC-001,WH-A-BIN-78,427.0,40.0,332.40,2026-04-01,,false
SKU-00479,Coolant Concentrate,MEDICAL,SUP-144,LOC-012,WH-L-BIN-79,346.0,0.0,205.03,2026-06-08,,false
SKU-00480,Wheel Chock Rubber,RAW_MATERIALS,SUP-077,LOC-010,WH-J-BIN-80,301.0,30.0,267.96,2026-03-16,2026-03-30,false
SKU-00481,Steel Bolt M8,CHEMICALS,SUP-158,LOC-019,WH-S-BIN-01,6.0,10.0,384.33,2026-02-24,,false
SKU-00482,Hydraulic Hose 2in,ELECTRONICS,SUP-124,LOC-005,WH-E-BIN-02,341.0,0,371.05,2026-03-12,,false
SKU-00483,Industrial Solvent 5L,FOOD_DRY,SUP-134,LOC-002,WH-B-BIN-03,309.0,20.0,168.19,2026-01-01,,false
SKU-00484,Forklift Battery 24V,FOOD_COLD,SUP-091,LOC-011,WH-K-BIN-04,96.0,0,501.96,2026-05-14,2026-05-08,false
SKU-00485,Safety Gloves L,PACKAGING,SUP-156,LOC-019,WH-S-BIN-05,115.0,25.0,564.80,2026-04-06,,false
SKU-00486,Conveyor Belt Patch,MACHINERY_PARTS,SUP-070,LOC-002,WH-B-BIN-06,64.0,25.0,760.68,2026-05-01,,false
SKU-00487,Shrink Wrap Film Roll,PPE,SUP-078,LOC-017,WH-Q-BIN-07,77.0,15.0,730.86,2026-03-04,2026-05-31,false
SKU-00488,Label Printer Ribbon,CLEANING,SUP-007,LOC-017,WH-Q-BIN-08,267.0,0.0,387.81,2026-02-11,,false
SKU-00489,Dock Leveler Seal,MEDICAL,SUP-199,LOC-010,WH-J-BIN-09,93.0,20.0,413.89,2026-05-23,,false
SKU-00490,LED Warehouse Light,RAW_MATERIALS,SUP-186,LOC-007,WH-G-BIN-10,255.0,10.0,746.01,2026-01-01,2027-01-01,false
SKU-00491,Nitrile Gloves Box,CHEMICALS,SUP-023,LOC-020,WH-T-BIN-11,259.0,20.0,596.95,2026-06-20,,false
SKU-00492,Pallet Jack Wheel,ELECTRONICS,SUP-164,LOC-010,WH-J-BIN-12,184.0,15.0,618.68,2026-01-05,,false
SKU-00493,Barcode Scanner,FOOD_DRY,SUP-070,LOC-004,WH-D-BIN-13,100.0,15.0,448.58,2026-05-30,2026-04-07,false
SKU-00494,Fire Extinguisher 4kg,FOOD_COLD,SUP-139,LOC-007,WH-G-BIN-14,301.0,20.0,228.05,2026-04-24,,false
SKU-00495,PVC Pipe 50mm,PACKAGING,SUP-019,LOC-006,WH-F-BIN-15,333.0,20.0,377.65,2026-01-04,2026-08-09,false
SKU-00496,Rubber Gasket Set,MACHINERY_PARTS,SUP-028,LOC-002,WH-B-BIN-16,13.0,25.0,475.02,2025-12-31,,false
SKU-00497,Cable Tie Assorted,PPE,SUP-158,LOC-015,WH-O-BIN-17,179.0,20.0,647.82,2026-06-05,,false
SKU-00498,Dust Mask N95 Pack,CLEANING,SUP-146,LOC-015,WH-O-BIN-18,67.0,15.0,365.56,2026-01-01,,false
SKU-00499,Wooden Pallet Std,MEDICAL,SUP-121,LOC-015,WH-O-BIN-19,10.0,15.0,148.32,2026-01-06,,false
SKU-00500,Steel Shelving Unit,RAW_MATERIALS,SUP-084,LOC-011,WH-K-BIN-20,16.0,25.0,676.92,2026-04-14,,false
SKU-00001,Hand Truck,CHEMICALS,SUP-155,LOC-012,WH-L-BIN-21,85.0,30.0,87.37,2026-02-03,,false
SKU-00002,,ELECTRONICS,SUP-137,LOC-010,WH-J-BIN-22,225.0,25.0,779.17,2026-03-19,2026-10-15,false
SKU-00003,Epoxy Resin 1L,FOOD_DRY,SUP-088,LOC-003,WH-C-BIN-23,436.0,15.0,454.63,2026-03-30,,false
SKU-00004,Chain Block 1T,FOOD_COLD,SUP-178,LOC-018,WH-R-BIN-24,108.0,15.0,570.10,2026-02-21,2026-02-26,false
SKU-00005,Temperature Logger,PACKAGING,SUP-152,LOC-004,WH-D-BIN-25,257.0,30.0,247.81,2026-03-14,,false
SKU-00006,Anti-Slip Tape Roll,MACHINERY_PARTS,SUP-154,LOC-003,WH-C-BIN-26,370.0,10.0,396.45,2026-01-07,,false
SKU-00007,Welding Rod 3.2mm,PPE,SUP-024,LOC-002,WH-B-BIN-27,10.0,15.0,2.15,2026-05-19,,false
SKU-00008,Compressed Air Hose,CLEANING,SUP-116,LOC-005,WH-E-BIN-28,169.0,30.0,702.19,2026-04-10,2027-07-09,false
SKU-00009,First Aid Refill,MEDICAL,SUP-174,LOC-019,WH-S-BIN-29,490.0,20.0,276.72,2026-06-03,,false
SKU-00010,,RAW_MATERIALS,SUP-003,LOC-019,WH-S-BIN-30,281.0,0,296.64,2026-02-05,,false
SKU-00011,Stretch Hood Film,CHEMICALS,SUP-001,LOC-002,WH-B-BIN-31,306.0,40.0,692.81,2026-04-26,,false
SKU-00012,Load Cell 500kg,ELECTRONICS,SUP-101,LOC-019,WH-S-BIN-32,182.0,40.0,170.55,2026-05-12,,false
SKU-00013,Dock Bumpers Pair,FOOD_DRY,SUP-036,LOC-016,WH-P-BIN-33,304.0,15.0,125.11,2026-01-05,,false
SKU-00014,Floor Marking Paint,FOOD_COLD,SUP-035,LOC-005,WH-E-BIN-34,56.0,10.0,527.03,2026-05-22,,false
SKU-00015,Battery Charger 24V,PACKAGING,SUP-036,LOC-003,WH-C-BIN-35,432.0,40.0,484.33,2026-03-09,,false
SKU-00016,Mesh Security Cage,MACHINERY_PARTS,SUP-047,LOC-020,WH-T-BIN-36,280.0,25.0,182.14,2026-03-09,,false
SKU-00017,Humidity Sensor Probe,PPE,SUP-002,LOC-020,WH-T-BIN-37,275.0,30.0,329.85,2026-02-06,,false
SKU-00018,Pallet Strap Tool,CLEANING,SUP-094,LOC-019,WH-S-BIN-38,39.0,10.0,769.47,2026-06-05,2027-03-29,false
SKU-00019,,MEDICAL,SUP-187,LOC-005,WH-E-BIN-39,289.0,40.0,373.02,2026-06-05,,false
SKU-00020,,RAW_MATERIALS,SUP-157,LOC-017,WH-Q-BIN-40,145.0,10.0,64.31,2026-01-14,,false
SKU-00021,Steel Bolt M8,CHEMICALS,SUP-149,LOC-018,WH-R-BIN-41,11.0,20.0,411.11,2026-02-25,2027-03-15,false
SKU-00022,,ELECTRONICS,SUP-108,LOC-011,WH-K-BIN-42,428.0,20.0,478.91,2026-04-09,,false
SKU-00023,Industrial Solvent 5L,FOOD_DRY,SUP-067,LOC-019,WH-S-BIN-43,342.0,10.0,647.50,2026-01-17,2026-12-22,false
SKU-00024,Forklift Battery 24V,FOOD_COLD,SUP-074,LOC-001,WH-A-BIN-44,62.0,0,107.77,2026-04-15,,false
SKU-00025,Safety Gloves L,PACKAGING,SUP-066,LOC-009,WH-I-BIN-45,3.0,10.0,528.01,2026-03-23,,false
SKU-00026,Conveyor Belt Patch,MACHINERY_PARTS,SUP-067,LOC-006,WH-F-BIN-46,378.0,0.0,28.41,2026-06-04,,false
SKU-00027,Shrink Wrap Film Roll,PPE,SUP-153,LOC-005,WH-E-BIN-47,98.0,0.0,307.77,2026-01-07,,false
SKU-00028,,CLEANING,SUP-186,LOC-015,WH-O-BIN-48,105.0,0,514.52,2026-05-27,,false
SKU-00029,Dock Leveler Seal,MEDICAL,SUP-043,LOC-002,WH-B-BIN-49,224.0,25.0,738.12,2026-04-27,,false
SKU-00030,LED Warehouse Light,RAW_MATERIALS,SUP-175,LOC-013,WH-M-BIN-50,219.0,0,11.47,2026-03-03,,false
SKU-00031,Nitrile Gloves Box,CHEMICALS,SUP-174,LOC-013,WH-M-BIN-51,291.0,20.0,425.97,2026-03-27,2026-02-28,false
SKU-00032,Pallet Jack Wheel,ELECTRONICS,SUP-157,LOC-014,WH-N-BIN-52,459.0,40.0,205.76,2026-01-27,,false
SKU-00033,Barcode Scanner,FOOD_DRY,SUP-119,LOC-013,WH-M-BIN-53,365.0,0.0,157.55,2026-03-31,,false
SKU-00034,,FOOD_COLD,SUP-081,Warehouse F,WH-F-BIN-54,25.0,30.0,421.16,2026-01-01,2026-09-14,false
SKU-00035,,PACKAGING,SUP-090,LOC-015,WH-O-BIN-55,391.0,15.0,47.39,2026-01-24,2026-09-11,false
SKU-00036,,MACHINERY_PARTS,SUP-154,LOC-007,WH-G-BIN-56,82.0,40.0,105.67,2026-01-08,,false
SKU-00037,Cable Tie Assorted,PPE,SUP-048,LOC-019,WH-S-BIN-57,5.0,10.0,511.75,2026-04-16,,false
SKU-00038,Dust Mask N95 Pack,CLEANING,SUP-178,LOC-014,WH-N-BIN-58,414.0,40.0,223.28,2026-06-10,,false
SKU-00039,Wooden Pallet Std,MEDICAL,SUP-100,LOC-013,WH-M-BIN-59,50.0,20.0,394.39,2026-05-05,2026-08-30,false
SKU-00040,Steel Shelving Unit,RAW_MATERIALS,SUP-101,LOC-020,WH-T-BIN-60,350.0,15.0,176.27,2026-01-12,,false
SKU-00041,Hand Truck,CHEMICALS,SUP-114,LOC-004,WH-D-BIN-61,5.0,0,201.98,2026-03-03,2026-03-24,true
SKU-00042,Spill Kit 20L,ELECTRONICS,SUP-039,LOC-016,WH-P-BIN-62,3.0,40.0,560.64,2026-03-17,,false
SKU-00043,,FOOD_DRY,SUP-001,LOC-019,WH-S-BIN-63,382.0,30.0,675.55,2026-06-08,,false
SKU-00044,Chain Block 1T,FOOD_COLD,SUP-058,LOC-018,WH-R-BIN-64,216.0,10.0,454.66,2026-03-26,,false
SKU-00045,Temperature Logger,PACKAGING,SUP-175,LOC-011,WH-K-BIN-65,3.0,0,273.37,2026-02-28,,false
SKU-00046,Anti-Slip Tape Roll,MACHINERY_PARTS,SUP-166,LOC-010,WH-J-BIN-66,110.0,15.0,240.50,2026-03-18,,false
SKU-00047,Welding Rod 3.2mm,PPE,SUP-162,LOC-004,WH-D-BIN-67,203.0,40.0,153.19,2026-06-16,,false
SKU-00048,Compressed Air Hose,CLEANING,SUP-007,LOC-007,WH-G-BIN-68,323.0,40.0,515.44,2026-02-18,,false
SKU-00049,First Aid Refill,MEDICAL,SUP-116,LOC-018,WH-R-BIN-69,38.0,10.0,325.60,2026-05-02,,false
SKU-00050,,RAW_MATERIALS,SUP-118,LOC-017,WH-Q-BIN-70,465.0,40.0,740.00,2026-06-16,,false
SKU-00051,Stretch Hood Film,CHEMICALS,SUP-126,LOC-005,WH-E-BIN-71,29.0,40.0,519.73,2026-06-22,2027-07-20,true
SKU-00052,Load Cell 500kg,ELECTRONICS,SUP-079,LOC-002,WH-B-BIN-72,3.0,28.0,86.85,2026-02-18,2026-03-13,false
SKU-00053,Dock Bumpers Pair,FOOD_DRY,SUP-158,LOC-020,WH-T-BIN-73,52.0,15.0,785.79,2026-01-03,,false
SKU-00054,Floor Marking Paint,FOOD_COLD,SUP-084,Warehouse M,WH-M-BIN-74,370.0,10.0,634.90,2026-06-14,,false
SKU-00055,Battery Charger 24V,PACKAGING,SUP-045,LOC-019,WH-S-BIN-75,5.0,20.0,443.62,2026-03-05,2027-01-31,false
SKU-00056,Mesh Security Cage,MACHINERY_PARTS,SUP-149,LOC-008,WH-H-BIN-76,7.0,10.0,66.42,2026-06-24,2027-04-01,false
SKU-00057,Humidity Sensor Probe,PPE,SUP-023,LOC-006,WH-F-BIN-77,353.0,40.0,634.21,2026-02-24,,false
SKU-00058,,CLEANING,SUP-053,LOC-005,WH-E-BIN-78,347.0,15.0,489.21,2026-06-16,2026-10-23,false
SKU-00059,,MEDICAL,SUP-047,LOC-020,WH-T-BIN-79,275.0,0,242.36,2026-03-10,,false
SKU-00060,Wheel Chock Rubber,RAW_MATERIALS,SUP-143,LOC-001,WH-A-BIN-80,118.0,15.0,690.46,2026-02-07,,false
SKU-00061,Steel Bolt M8,CHEMICALS,SUP-057,LOC-017,WH-Q-BIN-01,414.0,25.0,637.70,2026-01-01,2026-09-21,false
SKU-00062,Hydraulic Hose 2in,ELECTRONICS,SUP-128,LOC-016,WH-P-BIN-02,101.0,0,292.63,2026-05-03,2026-04-04,false
SKU-00063,Industrial Solvent 5L,FOOD_DRY,SUP-065,LOC-014,WH-N-BIN-03,335.0,20.0,740.04,2026-05-11,2026-08-21,false
SKU-00064,Forklift Battery 24V,FOOD_COLD,SUP-008,LOC-006,WH-F-BIN-04,8.0,25.0,262.13,2026-05-06,,false
SKU-00065,Safety Gloves L,PACKAGING,SUP-059,LOC-011,WH-K-BIN-05,76.0,0.0,696.17,2026-03-21,,false
SKU-00066,Conveyor Belt Patch,MACHINERY_PARTS,SUP-019,LOC-008,WH-H-BIN-06,319.0,25.0,365.08,2026-03-18,2027-06-03,false
SKU-00067,,PPE,SUP-035,LOC-012,WH-L-BIN-07,12.0,25.0,27.61,2026-01-31,2026-09-29,false
SKU-00068,Label Printer Ribbon,CLEANING,SUP-072,LOC-002,WH-B-BIN-08,76.0,15.0,177.44,2026-04-11,2027-01-17,false
SKU-00069,,MEDICAL,SUP-041,LOC-020,WH-T-BIN-09,426.0,0.0,684.29,2026-06-03,2027-05-05,false
SKU-00070,LED Warehouse Light,RAW_MATERIALS,SUP-134,LOC-014,WH-N-BIN-10,461.0,25.0,224.78,2026-03-08,,false
SKU-00071,Nitrile Gloves Box,CHEMICALS,SUP-064,LOC-008,WH-H-BIN-11,242.0,20.0,120.88,2026-01-30,,false
SKU-00072,Pallet Jack Wheel,ELECTRONICS,SUP-012,LOC-014,WH-N-BIN-12,260.0,10.0,316.67,2025-12-29,,false
SKU-00073,Barcode Scanner,FOOD_DRY,SUP-116,LOC-004,WH-D-BIN-13,1.0,25.0,175.97,2026-03-26,,false
SKU-00074,,FOOD_COLD,SUP-062,Warehouse J,WH-J-BIN-14,20.0,40.0,457.16,2026-01-27,,false
SKU-00075,,PACKAGING,SUP-117,LOC-001,WH-A-BIN-15,415.0,25.0,297.60,2026-02-27,,false
SKU-00076,,MACHINERY_PARTS,SUP-161,LOC-001,WH-A-BIN-16,217.0,10.0,602.80,2025-12-29,,false
SKU-00077,Cable Tie Assorted,PPE,SUP-139,LOC-020,WH-T-BIN-17,426.0,30.0,269.88,2026-06-11,,false
SKU-00078,,CLEANING,SUP-173,LOC-017,WH-Q-BIN-18,13.0,20.0,293.73,2026-05-12,,false
SKU-00079,Wooden Pallet Std,MEDICAL,SUP-181,LOC-018,WH-R-BIN-19,307.0,10.0,192.43,2026-05-27,,false
SKU-00080,Steel Shelving Unit,RAW_MATERIALS,SUP-189,LOC-016,WH-P-BIN-20,317.0,0.0,609.19,2026-04-04,,false
SKU-00081,Hand Truck,CHEMICALS,SUP-069,LOC-012,WH-L-BIN-21,368.0,30.0,277.49,2026-02-21,2026-05-09,false
SKU-00082,Spill Kit 20L,ELECTRONICS,SUP-121,LOC-004,WH-D-BIN-22,292.0,0,497.52,2026-01-04,,false
SKU-00083,Epoxy Resin 1L,FOOD_DRY,SUP-049,LOC-003,WH-C-BIN-23,6.0,0,89.27,2026-04-16,,false
SKU-00084,,FOOD_COLD,SUP-179,LOC-004,WH-D-BIN-24,4.0,15.0,235.95,2026-01-02,,false
SKU-00085,Temperature Logger,PACKAGING,SUP-034,LOC-018,WH-R-BIN-25,197.0,25.0,52.23,2026-04-27,2026-10-30,false
SKU-00086,Anti-Slip Tape Roll,MACHINERY_PARTS,SUP-166,LOC-017,WH-Q-BIN-26,230.0,20.0,389.95,2026-01-06,,false
SKU-00087,Welding Rod 3.2mm,PPE,SUP-141,Warehouse Q,WH-Q-BIN-27,254.0,0,139.05,2026-04-20,,false
SKU-00088,Compressed Air Hose,CLEANING,SUP-124,LOC-008,WH-H-BIN-28,167.0,0,228.94,2026-05-14,2026-05-11,false
SKU-00089,First Aid Refill,MEDICAL,SUP-042,LOC-020,WH-T-BIN-29,294.0,40.0,554.90,2026-01-06,,false
SKU-00090,,RAW_MATERIALS,SUP-042,LOC-005,WH-E-BIN-30,6.0,0,297.00,2026-05-04,,false
SKU-00091,Stretch Hood Film,CHEMICALS,SUP-182,Warehouse R,WH-R-BIN-31,360.0,10.0,432.81,2026-05-15,,false
SKU-00092,Load Cell 500kg,ELECTRONICS,SUP-007,LOC-004,WH-D-BIN-32,496.0,25.0,257.53,2026-06-24,,false
SKU-00093,Dock Bumpers Pair,FOOD_DRY,SUP-130,LOC-018,WH-R-BIN-33,351.0,20.0,755.32,2026-01-30,,false
SKU-00094,,FOOD_COLD,SUP-145,LOC-005,WH-E-BIN-34,484.0,40.0,720.34,2026-05-21,2027-03-28,false
SKU-00095,Battery Charger 24V,PACKAGING,SUP-030,LOC-018,WH-R-BIN-35,32.0,20.0,75.80,2026-06-11,,false
SKU-00096,Mesh Security Cage,MACHINERY_PARTS,SUP-165,LOC-020,WH-T-BIN-36,318.0,15.0,158.18,2026-06-04,,false
SKU-00097,Humidity Sensor Probe,PPE,SUP-115,LOC-018,WH-R-BIN-37,363.0,40.0,393.39,2026-01-22,,false
SKU-00098,Pallet Strap Tool,CLEANING,SUP-131,LOC-020,WH-T-BIN-38,485.0,10.0,343.26,2026-03-19,,false
SKU-00099,Coolant Concentrate,MEDICAL,SUP-004,LOC-012,WH-L-BIN-39,196.0,20.0,71.90,2026-03-04,,false
SKU-00100,Wheel Chock Rubber,RAW_MATERIALS,SUP-114,LOC-014,WH-N-BIN-40,103.0,20.0,717.35,2026-05-21,,false
SKU-00101,Steel Bolt M8,CHEMICALS,SUP-154,LOC-019,WH-S-BIN-41,93.0,0,789.34,2026-06-09,,false
SKU-00102,,ELECTRONICS,SUP-194,LOC-019,WH-S-BIN-42,21.0,25.0,445.54,2026-01-31,,false
SKU-00103,Industrial Solvent 5L,FOOD_DRY,SUP-052,LOC-005,WH-E-BIN-43,446.0,15.0,668.00,2026-04-09,2026-12-27,false
SKU-00104,Forklift Battery 24V,FOOD_COLD,SUP-144,LOC-016,WH-P-BIN-44,257.0,40.0,764.91,2026-01-14,2026-12-26,false
SKU-00105,Safety Gloves L,PACKAGING,SUP-032,LOC-016,WH-P-BIN-45,360.0,40.0,550.90,2026-04-24,,false
SKU-00106,Conveyor Belt Patch,MACHINERY_PARTS,SUP-031,LOC-001,WH-A-BIN-46,161.0,0,479.92,2026-03-25,,false
SKU-00107,Shrink Wrap Film Roll,PPE,SUP-124,LOC-019,WH-S-BIN-47,243.0,30.0,556.01,2026-05-26,,false
SKU-00108,Label Printer Ribbon,CLEANING,SUP-132,LOC-012,WH-L-BIN-48,17.0,0,369.91,2025-12-30,2027-01-05,false
SKU-00109,Dock Leveler Seal,MEDICAL,SUP-092,LOC-005,WH-E-BIN-49,47.0,15.0,286.08,2026-04-12,,false
SKU-00110,LED Warehouse Light,RAW_MATERIALS,SUP-136,LOC-010,WH-J-BIN-50,13.0,40.0,479.81,2026-05-14,2026-09-12,false
SKU-00111,Nitrile Gloves Box,CHEMICALS,SUP-083,LOC-018,WH-R-BIN-51,181.0,0.0,548.98,2025-12-31,,true
SKU-00112,Pallet Jack Wheel,ELECTRONICS,SUP-149,LOC-018,WH-R-BIN-52,5.0,20.0,388.95,2026-03-30,,false
SKU-00113,Barcode Scanner,FOOD_DRY,SUP-027,LOC-006,WH-F-BIN-53,99.0,0,447.81,2025-12-31,,false
SKU-00114,Fire Extinguisher 4kg,FOOD_COLD,SUP-137,LOC-017,WH-Q-BIN-54,302.0,40.0,732.99,2026-05-27,,false
SKU-00115,PVC Pipe 50mm,PACKAGING,SUP-005,LOC-005,WH-E-BIN-55,198.0,25.0,712.00,2026-01-24,,false
SKU-00116,Rubber Gasket Set,MACHINERY_PARTS,SUP-196,LOC-017,WH-Q-BIN-56,108.0,20.0,96.64,2026-05-24,2026-03-13,false
SKU-00117,Cable Tie Assorted,PPE,SUP-177,LOC-005,WH-E-BIN-57,3.0,15.0,610.89,2026-05-28,,false
SKU-00118,Dust Mask N95 Pack,CLEANING,SUP-005,LOC-003,WH-C-BIN-58,267.0,0.0,28.17,2026-01-08,2026-06-12,false
SKU-00119,Wooden Pallet Std,MEDICAL,SUP-152,Warehouse Q,WH-Q-BIN-59,5.0,10.0,534.73,2026-06-01,2026-05-18,false
SKU-00120,Steel Shelving Unit,RAW_MATERIALS,SUP-155,LOC-004,WH-D-BIN-60,320.0,15.0,74.44,2026-04-15,,false
SKU-00121,Hand Truck,CHEMICALS,SUP-090,LOC-019,WH-S-BIN-61,102.0,20.0,404.92,2026-06-08,,true
SKU-00122,Spill Kit 20L,ELECTRONICS,SUP-196,LOC-019,WH-S-BIN-62,290.0,0,721.52,2026-02-08,,false
SKU-00123,Epoxy Resin 1L,FOOD_DRY,SUP-186,LOC-001,WH-A-BIN-63,493.0,10.0,559.11,2026-05-09,,false
SKU-00124,Chain Block 1T,FOOD_COLD,SUP-173,whse o,WH-O-BIN-64,112.0,10.0,412.37,2026-03-13,,false
SKU-00125,Temperature Logger,PACKAGING,SUP-195,LOC-004,WH-D-BIN-65,83.0,20.0,290.28,2026-04-13,,false
SKU-00126,,MACHINERY_PARTS,SUP-185,LOC-018,WH-R-BIN-66,62.0,10.0,481.11,2026-04-07,,false
SKU-00127,Welding Rod 3.2mm,PPE,SUP-058,LOC-015,WH-O-BIN-67,228.0,30.0,716.01,2026-02-24,2026-08-30,false
SKU-00128,Compressed Air Hose,CLEANING,SUP-046,LOC-012,WH-L-BIN-68,365.0,10.0,527.52,2026-06-04,,false
SKU-00129,First Aid Refill,MEDICAL,SUP-037,Warehouse D,WH-D-BIN-69,225.0,25.0,714.16,2026-05-13,,false
SKU-00130,Racking Beam 2.4m,RAW_MATERIALS,SUP-094,LOC-003,WH-C-BIN-70,193.0,0,187.83,2026-03-09,,false
SKU-00131,Stretch Hood Film,CHEMICALS,SUP-072,LOC-016,WH-P-BIN-71,385.0,0.0,641.19,2026-03-15,,true
SKU-00132,Load Cell 500kg,ELECTRONICS,SUP-104,LOC-020,WH-T-BIN-72,281.0,25.0,392.49,2026-04-27,2026-12-01,false
SKU-00133,Dock Bumpers Pair,FOOD_DRY,SUP-008,LOC-005,WH-E-BIN-73,2.0,10.0,307.34,2026-01-03,2026-10-25,false
SKU-00134,Floor Marking Paint,FOOD_COLD,SUP-040,LOC-011,WH-K-BIN-74,338.0,20.0,416.92,2026-02-19,,false
SKU-00135,Battery Charger 24V,PACKAGING,SUP-052,LOC-015,WH-O-BIN-75,358.0,20.0,647.97,2026-02-07,,false
SKU-00136,Mesh Security Cage,MACHINERY_PARTS,SUP-005,LOC-018,WH-R-BIN-76,36.0,0.0,253.02,2026-03-21,2027-03-13,false
SKU-00137,Humidity Sensor Probe,PPE,SUP-118,LOC-015,WH-O-BIN-77,5.0,10.0,109.32,2026-03-18,2027-03-03,false
SKU-00138,Pallet Strap Tool,CLEANING,SUP-196,Warehouse P,WH-P-BIN-78,311.0,10.0,458.62,2026-02-24,,false
SKU-00139,Coolant Concentrate,MEDICAL,SUP-041,LOC-018,WH-R-BIN-79,48.0,30.0,494.32,2026-03-27,,false
SKU-00140,Wheel Chock Rubber,RAW_MATERIALS,SUP-083,LOC-010,WH-J-BIN-80,34.0,10.0,648.02,2026-01-27,,false
SKU-00141,Steel Bolt M8,CHEMICALS,SUP-196,LOC-001,WH-A-BIN-01,194.0,40.0,282.31,2026-01-07,,true
SKU-00142,Hydraulic Hose 2in,ELECTRONICS,SUP-166,LOC-008,WH-H-BIN-02,3.0,20.0,17.73,2026-04-03,2026-10-20,false
SKU-00143,,FOOD_DRY,SUP-118,LOC-002,WH-B-BIN-03,462.0,40.0,18.28,2026-02-25,,false
SKU-00144,Forklift Battery 24V,FOOD_COLD,SUP-006,LOC-019,WH-S-BIN-04,213.0,20.0,81.85,2026-01-04,2027-04-02,false
SKU-00145,Safety Gloves L,PACKAGING,SUP-087,LOC-007,WH-G-BIN-05,277.0,25.0,291.94,2026-03-06,2026-12-26,false
SKU-00146,Conveyor Belt Patch,MACHINERY_PARTS,SUP-128,LOC-007,WH-G-BIN-06,453.0,40.0,429.60,2026-04-13,2026-03-09,false
SKU-00147,Shrink Wrap Film Roll,PPE,SUP-013,LOC-009,WH-I-BIN-07,313.0,20.0,75.38,2026-01-28,,false
SKU-00148,Label Printer Ribbon,CLEANING,SUP-152,LOC-004,WH-D-BIN-08,17.0,0,521.93,2026-04-09,2026-09-03,false
SKU-00149,Dock Leveler Seal,MEDICAL,SUP-077,LOC-017,WH-Q-BIN-09,359.0,25.0,500.72,2026-03-01,,false
SKU-00150,LED Warehouse Light,RAW_MATERIALS,SUP-047,Warehouse R,WH-R-BIN-10,341.0,10.0,171.94,2026-02-26,,false
SKU-00151,Nitrile Gloves Box,CHEMICALS,SUP-164,LOC-009,WH-I-BIN-11,434.0,30.0,453.76,2026-01-16,,true
SKU-00152,Pallet Jack Wheel,ELECTRONICS,SUP-094,LOC-007,WH-G-BIN-12,95.0,25.0,675.61,2026-03-12,,false
SKU-00153,Barcode Scanner,FOOD_DRY,SUP-017,LOC-011,WH-K-BIN-13,124.0,40.0,130.15,2026-01-01,,false
SKU-00154,Fire Extinguisher 4kg,FOOD_COLD,SUP-061,LOC-020,WH-T-BIN-14,7.0,25.0,662.13,2026-02-27,2026-03-15,false
SKU-00155,PVC Pipe 50mm,PACKAGING,SUP-144,LOC-016,WH-P-BIN-15,236.0,0,219.62,2026-06-18,2026-06-05,false
SKU-00156,Rubber Gasket Set,MACHINERY_PARTS,SUP-072,LOC-009,WH-I-BIN-16,3.0,40.0,17.89,2026-06-04,,false
SKU-00157,Cable Tie Assorted,PPE,SUP-155,LOC-011,WH-K-BIN-17,14.0,0,708.80,2026-03-16,,false
SKU-00158,Dust Mask N95 Pack,CLEANING,SUP-061,LOC-005,WH-E-BIN-18,312.0,10.0,663.53,2026-02-11,,false
SKU-00159,Wooden Pallet Std,MEDICAL,SUP-128,LOC-009,WH-I-BIN-19,141.0,10.0,666.20,2026-03-18,,false
SKU-00160,Steel Shelving Unit,RAW_MATERIALS,SUP-109,LOC-008,WH-H-BIN-20,4.0,15.0,204.94,2026-01-26,,false
SKU-00161,Hand Truck,CHEMICALS,SUP-126,LOC-002,WH-B-BIN-21,211.0,30.0,380.93,2026-04-23,,false
SKU-00162,Spill Kit 20L,ELECTRONICS,SUP-093,LOC-005,WH-E-BIN-22,386.0,25.0,724.37,2026-06-17,,false
SKU-00163,Epoxy Resin 1L,FOOD_DRY,SUP-177,Warehouse B,WH-B-BIN-23,363.0,0,766.87,2026-03-25,,false
SKU-00164,Chain Block 1T,FOOD_COLD,SUP-137,LOC-004,WH-D-BIN-24,141.0,0.0,315.59,2026-04-21,,false
SKU-00165,Temperature Logger,PACKAGING,SUP-024,LOC-010,WH-J-BIN-25,407.0,0,732.88,2026-01-15,,false
SKU-00166,Anti-Slip Tape Roll,MACHINERY_PARTS,SUP-197,LOC-011,WH-K-BIN-26,228.0,40.0,377.93,2026-03-12,2027-04-03,false
SKU-00167,Welding Rod 3.2mm,PPE,SUP-184,Warehouse K,WH-K-BIN-27,468.0,25.0,406.05,2026-03-27,2026-12-06,false
SKU-00168,Compressed Air Hose,CLEANING,SUP-155,LOC-014,WH-N-BIN-28,436.0,40.0,610.06,2026-01-12,,false
SKU-00169,First Aid Refill,MEDICAL,SUP-162,Warehouse F,WH-F-BIN-29,425.0,25.0,503.38,2026-04-06,2026-05-31,false
SKU-00170,Racking Beam 2.4m,RAW_MATERIALS,SUP-022,Warehouse S,WH-S-BIN-30,100.0,10.0,520.05,2026-05-23,,false
SKU-00171,Stretch Hood Film,CHEMICALS,SUP-176,LOC-020,WH-T-BIN-31,425.0,25.0,108.54,2026-05-12,,false
SKU-00172,Load Cell 500kg,ELECTRONICS,SUP-073,LOC-011,WH-K-BIN-32,63.0,15.0,755.92,2026-01-30,,false
SKU-00173,Dock Bumpers Pair,FOOD_DRY,SUP-006,LOC-008,WH-H-BIN-33,492.0,10.0,779.35,2026-05-06,2026-09-09,false
SKU-00174,Floor Marking Paint,FOOD_COLD,SUP-180,LOC-009,WH-I-BIN-34,7.0,29.0,137.76,2026-01-31,2027-01-30,false
SKU-00175,Battery Charger 24V,PACKAGING,SUP-004,LOC-004,WH-D-BIN-35,289.0,40.0,539.54,2026-05-26,,false
SKU-00176,Mesh Security Cage,MACHINERY_PARTS,SUP-183,LOC-008,WH-H-BIN-36,117.0,15.0,597.66,2026-03-20,,false
SKU-00177,Humidity Sensor Probe,PPE,SUP-111,LOC-005,WH-E-BIN-37,125.0,0.0,542.40,2026-03-10,,false
SKU-00178,Pallet Strap Tool,CLEANING,SUP-105,LOC-006,WH-F-BIN-38,5.0,17.0,296.97,2026-01-01,,false
SKU-00179,Coolant Concentrate,MEDICAL,SUP-022,whse o,WH-O-BIN-39,6.0,10.0,171.35,2026-03-19,,false
SKU-00180,Wheel Chock Rubber,RAW_MATERIALS,SUP-189,LOC-014,WH-N-BIN-40,18.0,30.0,744.99,2026-02-25,2026-05-14,false
SKU-00181,Steel Bolt M8,CHEMICALS,SUP-156,LOC-012,WH-L-BIN-41,430.0,40.0,404.62,2026-03-20,2026-12-02,true
SKU-00182,Hydraulic Hose 2in,ELECTRONICS,SUP-172,LOC-013,WH-M-BIN-42,87.0,20.0,209.71,2026-02-17,,false
SKU-00183,Industrial Solvent 5L,FOOD_DRY,SUP-087,Warehouse P,WH-P-BIN-43,23.0,25.0,251.99,2026-05-24,2026-09-23,false
SKU-00184,Forklift Battery 24V,FOOD_COLD,SUP-072,Warehouse P,WH-P-BIN-44,204.0,40.0,491.12,2026-04-19,,false
SKU-00185,,PACKAGING,SUP-081,LOC-017,WH-Q-BIN-45,24.0,25.0,122.71,2026-01-08,,false
SKU-00186,Conveyor Belt Patch,MACHINERY_PARTS,SUP-014,LOC-015,WH-O-BIN-46,3.0,15.0,132.52,2026-02-26,2026-05-23,false
SKU-00187,,PPE,SUP-030,LOC-014,WH-N-BIN-47,40.0,0,367.29,2026-05-28,,false
SKU-00188,,CLEANING,SUP-032,LOC-005,WH-E-BIN-48,67.0,20.0,600.45,2026-04-17,,false
SKU-00189,,MEDICAL,SUP-170,LOC-019,WH-S-BIN-49,128.0,30.0,457.49,2026-03-11,,false
SKU-00190,LED Warehouse Light,RAW_MATERIALS,SUP-064,Warehouse C,WH-C-BIN-50,275.0,0.0,785.10,2026-05-25,2027-07-09,false
SKU-00191,Nitrile Gloves Box,CHEMICALS,SUP-096,LOC-013,WH-M-BIN-51,495.0,30.0,369.27,2026-01-08,2026-09-05,false
SKU-00192,Pallet Jack Wheel,ELECTRONICS,SUP-153,LOC-009,WH-I-BIN-52,22.0,40.0,760.81,2026-04-03,2026-04-07,false
SKU-00193,,FOOD_DRY,SUP-034,LOC-019,WH-S-BIN-53,11.0,15.0,595.55,2026-02-05,,false
SKU-00194,Fire Extinguisher 4kg,FOOD_COLD,SUP-098,LOC-020,WH-T-BIN-54,224.0,10.0,320.34,2026-06-20,,false
SKU-00195,PVC Pipe 50mm,PACKAGING,SUP-042,LOC-007,WH-G-BIN-55,419.0,25.0,125.00,2026-04-10,,false
SKU-00196,Rubber Gasket Set,MACHINERY_PARTS,SUP-111,LOC-016,WH-P-BIN-56,432.0,40.0,288.52,2026-06-01,,false
SKU-00197,Cable Tie Assorted,PPE,SUP-132,LOC-012,WH-L-BIN-57,270.0,0,481.07,2026-06-02,,false
SKU-00198,Dust Mask N95 Pack,CLEANING,SUP-095,LOC-014,WH-N-BIN-58,115.0,30.0,778.67,2026-01-03,2027-01-16,false
SKU-00199,Wooden Pallet Std,MEDICAL,SUP-166,LOC-008,WH-H-BIN-59,32.0,40.0,69.01,2026-02-26,,false
SKU-00200,Steel Shelving Unit,RAW_MATERIALS,SUP-021,LOC-014,WH-N-BIN-60,264.0,0,241.73,2026-04-23,,false
SKU-00201,Hand Truck,CHEMICALS,SUP-110,LOC-017,WH-Q-BIN-61,3.0,20.0,409.50,2026-03-12,,true
SKU-00202,Spill Kit 20L,ELECTRONICS,SUP-065,LOC-019,WH-S-BIN-62,150.0,20.0,371.38,2026-05-10,2027-06-29,false
SKU-00203,Epoxy Resin 1L,FOOD_DRY,SUP-012,LOC-013,WH-M-BIN-63,233.0,0,365.09,2026-01-05,,false
SKU-00204,,FOOD_COLD,SUP-160,LOC-015,WH-O-BIN-64,155.0,0.0,170.43,2026-06-05,,false
SKU-00205,Temperature Logger,PACKAGING,SUP-067,LOC-020,WH-T-BIN-65,1.0,10.0,382.74,2025-12-30,2027-06-26,false
SKU-00206,Anti-Slip Tape Roll,MACHINERY_PARTS,SUP-169,LOC-013,WH-M-BIN-66,328.0,40.0,494.16,2025-12-31,,false
SKU-00207,,PPE,SUP-078,LOC-013,WH-M-BIN-67,4.0,10.0,687.49,2026-05-03,2026-10-30,false
SKU-00208,,CLEANING,SUP-167,LOC-016,WH-P-BIN-68,352.0,0,431.79,2026-06-03,,false
SKU-00209,First Aid Refill,MEDICAL,SUP-198,LOC-010,WH-J-BIN-69,95.0,25.0,722.13,2025-12-28,2026-06-04,false
SKU-00210,Racking Beam 2.4m,RAW_MATERIALS,SUP-125,LOC-015,WH-O-BIN-70,30.0,25.0,663.90,2026-03-17,2027-05-13,false
SKU-00211,Stretch Hood Film,CHEMICALS,SUP-086,LOC-002,WH-B-BIN-71,72.0,10.0,679.20,2026-01-28,,false
SKU-00212,Load Cell 500kg,ELECTRONICS,SUP-075,LOC-018,WH-R-BIN-72,269.0,0,748.35,2026-02-21,,false
SKU-00213,Dock Bumpers Pair,FOOD_DRY,SUP-183,LOC-008,WH-H-BIN-73,6.0,10.0,519.34,2026-02-24,,false
SKU-00214,Floor Marking Paint,FOOD_COLD,SUP-127,LOC-004,WH-D-BIN-74,500.0,30.0,130.74,2026-05-07,,false
SKU-00215,Battery Charger 24V,PACKAGING,SUP-089,LOC-016,WH-P-BIN-75,138.0,25.0,737.55,2026-01-08,,false
SKU-00216,Mesh Security Cage,MACHINERY_PARTS,SUP-034,LOC-015,WH-O-BIN-76,390.0,20.0,539.14,2026-03-25,,false
SKU-00217,Humidity Sensor Probe,PPE,SUP-042,LOC-016,WH-P-BIN-77,126.0,30.0,105.02,2026-05-05,,false
SKU-00218,,CLEANING,SUP-156,LOC-006,WH-F-BIN-78,71.0,25.0,189.31,2026-02-03,,false
SKU-00219,,MEDICAL,SUP-005,LOC-002,WH-B-BIN-79,471.0,20.0,27.51,2026-06-09,2027-04-09,false
SKU-00220,Wheel Chock Rubber,RAW_MATERIALS,SUP-111,LOC-011,WH-K-BIN-80,336.0,10.0,794.94,2026-03-27,,false
SKU-00221,Steel Bolt M8,CHEMICALS,SUP-198,LOC-002,WH-B-BIN-01,156.0,30.0,484.22,2026-05-30,,false
SKU-00222,Hydraulic Hose 2in,ELECTRONICS,SUP-118,LOC-015,WH-O-BIN-02,2.0,29.0,83.29,2026-02-02,,false
SKU-00223,Industrial Solvent 5L,FOOD_DRY,SUP-130,LOC-002,WH-B-BIN-03,105.0,10.0,127.31,2026-04-12,,false
SKU-00224,Forklift Battery 24V,FOOD_COLD,SUP-196,LOC-015,WH-O-BIN-04,275.0,30.0,269.02,2026-05-21,,false
SKU-00225,Safety Gloves L,PACKAGING,SUP-052,LOC-004,WH-D-BIN-05,232.0,25.0,647.70,2026-03-30,2026-03-11,false
SKU-00226,Conveyor Belt Patch,MACHINERY_PARTS,SUP-130,LOC-010,WH-J-BIN-06,63.0,15.0,504.29,2026-04-24,,false
SKU-00227,,PPE,SUP-193,LOC-005,WH-E-BIN-07,291.0,0.0,331.90,2026-03-13,,false
SKU-00228,Label Printer Ribbon,CLEANING,SUP-133,whse o,WH-O-BIN-08,369.0,0.0,616.58,2026-02-13,2026-06-07,false
SKU-00229,Dock Leveler Seal,MEDICAL,SUP-022,LOC-003,WH-C-BIN-09,181.0,20.0,315.83,2026-06-16,,false
SKU-00230,LED Warehouse Light,RAW_MATERIALS,SUP-148,LOC-005,WH-E-BIN-10,343.0,10.0,778.18,2026-03-10,,false
SKU-00231,Nitrile Gloves Box,CHEMICALS,SUP-175,LOC-013,WH-M-BIN-11,303.0,40.0,276.64,2026-04-15,,false
SKU-00232,Pallet Jack Wheel,ELECTRONICS,SUP-038,LOC-020,WH-T-BIN-12,226.0,0,631.10,2026-01-10,,false
SKU-00233,Barcode Scanner,FOOD_DRY,SUP-179,LOC-015,WH-O-BIN-13,474.0,20.0,705.02,2026-06-04,,false
SKU-00234,Fire Extinguisher 4kg,FOOD_COLD,SUP-138,LOC-002,WH-B-BIN-14,219.0,20.0,228.57,2026-06-02,2027-04-28,false
SKU-00235,,PACKAGING,SUP-142,LOC-017,WH-Q-BIN-15,286.0,20.0,474.82,2026-04-25,2027-04-28,false
SKU-00236,,MACHINERY_PARTS,SUP-186,LOC-010,WH-J-BIN-16,2.0,25.0,406.98,2026-05-25,,false
SKU-00237,Cable Tie Assorted,PPE,SUP-194,LOC-002,WH-B-BIN-17,83.0,40.0,786.39,2026-01-28,2027-01-15,false
SKU-00238,Dust Mask N95 Pack,CLEANING,SUP-183,LOC-019,WH-S-BIN-18,360.0,40.0,229.06,2026-01-30,,false
SKU-00239,Wooden Pallet Std,MEDICAL,SUP-183,LOC-005,WH-E-BIN-19,286.0,25.0,155.66,2026-03-25,,false
SKU-00240,,RAW_MATERIALS,SUP-026,LOC-015,WH-O-BIN-20,384.0,15.0,711.03,2026-02-24,2027-02-28,false
SKU-00241,Hand Truck,CHEMICALS,SUP-115,LOC-007,WH-G-BIN-21,209.0,0,623.50,2026-04-19,,false
SKU-00242,Spill Kit 20L,ELECTRONICS,SUP-113,LOC-014,WH-N-BIN-22,496.0,0,131.95,2026-02-16,,false
SKU-00243,Epoxy Resin 1L,FOOD_DRY,SUP-125,LOC-005,WH-E-BIN-23,33.0,0,365.44,2026-06-17,2026-11-11,false
SKU-00244,Chain Block 1T,FOOD_COLD,SUP-144,LOC-006,WH-F-BIN-24,491.0,0,98.45,2026-01-30,,false
SKU-00245,Temperature Logger,PACKAGING,SUP-011,LOC-010,WH-J-BIN-25,10.0,30.0,389.77,2026-05-20,,false
SKU-00246,Anti-Slip Tape Roll,MACHINERY_PARTS,SUP-151,LOC-005,WH-E-BIN-26,44.0,25.0,148.10,2026-02-20,,false
SKU-00247,Welding Rod 3.2mm,PPE,SUP-032,LOC-001,WH-A-BIN-27,198.0,0,453.48,2026-03-31,,false
SKU-00248,Compressed Air Hose,CLEANING,SUP-122,LOC-013,WH-M-BIN-28,388.0,0.0,369.83,2026-03-02,2027-06-16,false
SKU-00249,First Aid Refill,MEDICAL,SUP-039,LOC-015,WH-O-BIN-29,392.0,0.0,328.88,2026-04-27,,false
SKU-00250,Racking Beam 2.4m,RAW_MATERIALS,SUP-087,Warehouse M,WH-M-BIN-30,43.0,30.0,517.44,2026-05-14,,false
SKU-00251,Stretch Hood Film,CHEMICALS,SUP-147,LOC-001,WH-A-BIN-31,427.0,40.0,69.95,2026-01-18,2027-05-08,false
SKU-00252,Load Cell 500kg,ELECTRONICS,SUP-146,LOC-002,WH-B-BIN-32,116.0,30.0,749.07,2026-05-10,2027-06-28,false
SKU-00253,,FOOD_DRY,SUP-071,LOC-001,WH-A-BIN-33,125.0,0.0,710.35,2026-03-04,,false
SKU-00254,Floor Marking Paint,FOOD_COLD,SUP-137,LOC-003,WH-C-BIN-34,184.0,30.0,747.21,2026-03-30,2026-03-07,false
SKU-00255,Battery Charger 24V,PACKAGING,SUP-047,LOC-014,WH-N-BIN-35,32.0,0,93.49,2026-05-31,,false
SKU-00256,Mesh Security Cage,MACHINERY_PARTS,SUP-044,LOC-018,WH-R-BIN-36,3.0,20.0,543.53,2026-06-10,,false
SKU-00257,Humidity Sensor Probe,PPE,SUP-084,LOC-020,WH-T-BIN-37,33.0,0,331.43,2026-04-04,2026-10-06,false
SKU-00258,Pallet Strap Tool,CLEANING,SUP-097,LOC-009,WH-I-BIN-38,4.0,17.0,395.40,2026-02-16,,false
SKU-00259,Coolant Concentrate,MEDICAL,SUP-030,LOC-013,WH-M-BIN-39,51.0,20.0,327.18,2026-04-27,2026-08-09,false
SKU-00260,Wheel Chock Rubber,RAW_MATERIALS,SUP-069,LOC-001,WH-A-BIN-40,320.0,30.0,102.21,2026-01-31,,false
SKU-00261,Steel Bolt M8,CHEMICALS,SUP-115,Warehouse N,WH-N-BIN-41,453.0,10.0,299.90,2026-05-13,,false
SKU-00262,Hydraulic Hose 2in,ELECTRONICS,SUP-109,LOC-018,WH-R-BIN-42,27.0,30.0,232.82,2026-05-14,,false
SKU-00263,,FOOD_DRY,SUP-016,Warehouse A,WH-A-BIN-43,159.0,25.0,506.50,2026-01-27,,false
SKU-00264,Forklift Battery 24V,FOOD_COLD,SUP-073,LOC-017,WH-Q-BIN-44,102.0,10.0,317.45,2026-05-25,,false
SKU-00265,Safety Gloves L,PACKAGING,SUP-186,LOC-005,WH-E-BIN-45,163.0,30.0,642.04,2026-01-02,,false
SKU-00266,,MACHINERY_PARTS,SUP-163,LOC-011,WH-K-BIN-46,405.0,20.0,258.67,2026-05-03,,false
SKU-00267,Shrink Wrap Film Roll,PPE,SUP-154,LOC-015,WH-O-BIN-47,28.0,20.0,487.81,2026-06-24,,false
SKU-00268,Label Printer Ribbon,CLEANING,SUP-173,LOC-001,WH-A-BIN-48,231.0,15.0,431.43,2026-01-10,,false
SKU-00269,Dock Leveler Seal,MEDICAL,SUP-138,LOC-003,WH-C-BIN-49,476.0,10.0,283.69,2026-03-21,,false
SKU-00270,LED Warehouse Light,RAW_MATERIALS,SUP-092,LOC-020,WH-T-BIN-50,110.0,25.0,101.56,2026-03-23,,false
SKU-00271,,CHEMICALS,SUP-114,LOC-007,WH-G-BIN-51,133.0,10.0,567.94,2026-05-07,,true
SKU-00272,,ELECTRONICS,SUP-161,LOC-020,WH-T-BIN-52,433.0,20.0,291.67,2026-04-15,,false
SKU-00273,Barcode Scanner,FOOD_DRY,SUP-181,LOC-016,WH-P-BIN-53,330.0,40.0,318.08,2026-04-15,,false
SKU-00274,Fire Extinguisher 4kg,FOOD_COLD,SUP-129,LOC-019,WH-S-BIN-54,107.0,25.0,546.54,2026-02-01,,false
SKU-00275,PVC Pipe 50mm,PACKAGING,SUP-017,Warehouse F,WH-F-BIN-55,85.0,30.0,684.67,2026-02-12,,false
SKU-00276,Rubber Gasket Set,MACHINERY_PARTS,SUP-050,LOC-009,WH-I-BIN-56,5.0,27.0,513.49,2026-01-10,2027-03-01,false
SKU-00277,Cable Tie Assorted,PPE,SUP-083,LOC-002,WH-B-BIN-57,452.0,25.0,374.34,2026-03-25,,false
SKU-00278,Dust Mask N95 Pack,CLEANING,SUP-195,LOC-017,WH-Q-BIN-58,472.0,10.0,337.21,2026-03-03,2026-02-28,false
SKU-00279,Wooden Pallet Std,MEDICAL,SUP-002,LOC-011,WH-K-BIN-59,119.0,25.0,792.23,2026-04-29,,false
SKU-00280,Steel Shelving Unit,RAW_MATERIALS,SUP-020,Warehouse N,WH-N-BIN-60,5.0,15.0,79.19,2026-02-23,2026-04-06,false
SKU-00281,Hand Truck,CHEMICALS,SUP-007,LOC-014,WH-N-BIN-61,428.0,30.0,88.06,2026-04-25,,false
SKU-00282,,ELECTRONICS,SUP-086,LOC-002,WH-B-BIN-62,426.0,30.0,496.41,2026-06-01,2026-04-10,false
SKU-00283,Epoxy Resin 1L,FOOD_DRY,SUP-149,LOC-015,WH-O-BIN-63,63.0,10.0,712.29,2025-12-30,,false
SKU-00284,,FOOD_COLD,SUP-033,LOC-003,WH-C-BIN-64,490.0,10.0,501.70,2026-06-09,2026-04-08,false
SKU-00285,Temperature Logger,PACKAGING,SUP-174,LOC-004,WH-D-BIN-65,7.0,10.0,330.06,2026-01-23,,false
SKU-00286,Anti-Slip Tape Roll,MACHINERY_PARTS,SUP-003,LOC-020,WH-T-BIN-66,216.0,25.0,82.82,2026-01-10,,false
SKU-00287,Welding Rod 3.2mm,PPE,SUP-117,LOC-001,WH-A-BIN-67,188.0,30.0,55.90,2026-05-07,,false
SKU-00288,Compressed Air Hose,CLEANING,SUP-033,LOC-019,WH-S-BIN-68,280.0,40.0,356.81,2026-04-24,,false
SKU-00289,First Aid Refill,MEDICAL,SUP-012,LOC-005,WH-E-BIN-69,85.0,10.0,603.99,2026-04-07,,false
SKU-00290,Racking Beam 2.4m,RAW_MATERIALS,SUP-139,LOC-019,WH-S-BIN-70,5.0,0,8.45,2026-01-26,,false
SKU-00291,Stretch Hood Film,CHEMICALS,SUP-015,LOC-005,WH-E-BIN-71,279.0,15.0,157.93,2026-05-05,2027-01-18,false
SKU-00292,Load Cell 500kg,ELECTRONICS,SUP-018,LOC-007,WH-G-BIN-72,116.0,20.0,480.61,2026-04-02,,false
SKU-00293,Dock Bumpers Pair,FOOD_DRY,SUP-145,LOC-019,WH-S-BIN-73,335.0,20.0,397.75,2026-06-25,2026-08-16,false
SKU-00294,Floor Marking Paint,FOOD_COLD,SUP-178,LOC-008,WH-H-BIN-74,258.0,15.0,762.17,2026-04-02,,false
SKU-00295,Battery Charger 24V,PACKAGING,SUP-053,Warehouse M,WH-M-BIN-75,114.0,25.0,60.84,2026-06-18,2026-06-24,false
SKU-00296,Mesh Security Cage,MACHINERY_PARTS,SUP-030,LOC-018,WH-R-BIN-76,168.0,15.0,289.21,2026-06-18,,false
SKU-00297,,PPE,SUP-051,LOC-007,WH-G-BIN-77,109.0,20.0,198.28,2026-05-06,2027-05-05,false
SKU-00298,Pallet Strap Tool,CLEANING,SUP-046,LOC-001,WH-A-BIN-78,154.0,0.0,111.52,2026-01-09,2027-07-07,false
SKU-00299,Coolant Concentrate,MEDICAL,SUP-087,LOC-004,WH-D-BIN-79,176.0,15.0,138.75,2026-02-11,,false
SKU-00300,Wheel Chock Rubber,RAW_MATERIALS,SUP-112,LOC-020,WH-T-BIN-80,9.0,40.0,556.09,2026-04-05,2027-02-04,false
SKU-00301,,CHEMICALS,SUP-110,LOC-020,WH-T-BIN-01,145.0,40.0,683.84,2026-04-11,,false
SKU-00302,Hydraulic Hose 2in,ELECTRONICS,SUP-064,LOC-011,WH-K-BIN-02,342.0,10.0,774.77,2026-02-20,,false
SKU-00303,,FOOD_DRY,SUP-187,Warehouse G,WH-G-BIN-03,421.0,10.0,311.72,2026-01-11,2027-04-12,false
SKU-00304,Forklift Battery 24V,FOOD_COLD,SUP-096,LOC-017,WH-Q-BIN-04,285.0,25.0,556.22,2026-02-19,,false
SKU-00305,Safety Gloves L,PACKAGING,SUP-069,LOC-016,WH-P-BIN-05,225.0,30.0,167.35,2026-05-05,,false
SKU-00306,Conveyor Belt Patch,MACHINERY_PARTS,SUP-061,LOC-015,WH-O-BIN-06,131.0,25.0,748.53,2026-03-22,,false
SKU-00307,Shrink Wrap Film Roll,PPE,SUP-141,LOC-009,WH-I-BIN-07,88.0,10.0,185.68,2026-06-15,,false
SKU-00308,Label Printer Ribbon,CLEANING,SUP-132,whse o,WH-O-BIN-08,192.0,30.0,643.99,2026-04-05,,false
SKU-00309,,MEDICAL,SUP-098,LOC-009,WH-I-BIN-09,111.0,10.0,237.03,2026-02-17,2026-09-06,false
SKU-00310,,RAW_MATERIALS,SUP-140,Warehouse Q,WH-Q-BIN-10,60.0,40.0,289.47,2026-02-06,2026-08-31,false
SKU-00311,Nitrile Gloves Box,CHEMICALS,SUP-086,Warehouse G,WH-G-BIN-11,365.0,0,547.46,2026-04-16,,true
SKU-00312,Pallet Jack Wheel,ELECTRONICS,SUP-036,LOC-020,WH-T-BIN-12,405.0,0.0,616.52,2026-04-14,,false
SKU-00313,Barcode Scanner,FOOD_DRY,SUP-104,LOC-012,WH-L-BIN-13,440.0,25.0,411.09,2026-05-18,,false
SKU-00314,Fire Extinguisher 4kg,FOOD_COLD,SUP-059,LOC-013,WH-M-BIN-14,390.0,15.0,629.21,2026-02-26,,false
SKU-00315,PVC Pipe 50mm,PACKAGING,SUP-088,wh_o,WH-O-BIN-15,63.0,0.0,558.96,2026-05-03,,false
SKU-00316,Rubber Gasket Set,MACHINERY_PARTS,SUP-116,LOC-015,WH-O-BIN-16,3.0,28.0,590.77,2026-02-18,,false
SKU-00317,Cable Tie Assorted,PPE,SUP-087,LOC-012,WH-L-BIN-17,234.0,15.0,553.03,2026-04-10,,false
SKU-00318,,CLEANING,SUP-151,LOC-011,WH-K-BIN-18,310.0,10.0,455.42,2026-01-22,2027-01-11,false
SKU-00319,,MEDICAL,SUP-147,LOC-020,WH-T-BIN-19,220.0,0.0,428.52,2026-05-08,,false
SKU-00320,Steel Shelving Unit,RAW_MATERIALS,SUP-028,LOC-016,WH-P-BIN-20,311.0,0,138.80,2026-01-04,,false
SKU-00321,Hand Truck,CHEMICALS,SUP-046,LOC-018,WH-R-BIN-21,443.0,10.0,729.25,2026-03-19,2026-08-30,true
SKU-00322,Spill Kit 20L,ELECTRONICS,SUP-075,LOC-008,WH-H-BIN-22,4.0,40.0,688.05,2026-03-12,2027-01-09,false
SKU-00323,Epoxy Resin 1L,FOOD_DRY,SUP-041,LOC-013,WH-M-BIN-23,86.0,10.0,105.69,2026-05-04,2026-11-08,false
SKU-00324,,FOOD_COLD,SUP-111,LOC-010,WH-J-BIN-24,383.0,0.0,249.63,2026-05-05,,false
SKU-00325,Temperature Logger,PACKAGING,SUP-184,LOC-017,WH-Q-BIN-25,254.0,40.0,357.69,2026-03-15,2026-06-07,false
SKU-00326,,MACHINERY_PARTS,SUP-064,LOC-020,WH-T-BIN-26,188.0,30.0,461.75,2026-06-02,,false
SKU-00327,Welding Rod 3.2mm,PPE,SUP-166,LOC-010,WH-J-BIN-27,197.0,25.0,491.20,2026-05-12,,false
SKU-00328,Compressed Air Hose,CLEANING,SUP-064,LOC-014,WH-N-BIN-28,480.0,15.0,527.95,2025-12-29,,false
SKU-00329,First Aid Refill,MEDICAL,SUP-025,LOC-019,WH-S-BIN-29,377.0,0,220.47,2026-01-16,,false
SKU-00330,Racking Beam 2.4m,RAW_MATERIALS,SUP-075,LOC-018,WH-R-BIN-30,14.0,40.0,609.96,2026-05-25,,false
SKU-00331,,CHEMICALS,SUP-020,LOC-012,WH-L-BIN-31,73.0,0.0,133.54,2026-05-03,,false
SKU-00332,Load Cell 500kg,ELECTRONICS,SUP-007,LOC-015,WH-O-BIN-32,347.0,10.0,597.27,2026-05-07,,false
SKU-00333,Dock Bumpers Pair,FOOD_DRY,SUP-010,Warehouse M,WH-M-BIN-33,3.0,0,388.84,2026-06-08,,false
SKU-00334,Floor Marking Paint,FOOD_COLD,SUP-141,LOC-003,WH-C-BIN-34,144.0,40.0,224.76,2026-05-15,,false
SKU-00335,Battery Charger 24V,PACKAGING,SUP-005,LOC-006,WH-F-BIN-35,4.0,30.0,63.91,2026-06-23,,false
SKU-00336,Mesh Security Cage,MACHINERY_PARTS,SUP-040,LOC-009,WH-I-BIN-36,23.0,0,426.77,2026-03-04,2026-03-31,false
SKU-00337,Humidity Sensor Probe,PPE,SUP-163,LOC-002,WH-B-BIN-37,287.0,0.0,313.71,2026-04-08,,false
SKU-00338,Pallet Strap Tool,CLEANING,SUP-014,whse o,WH-O-BIN-38,13.0,30.0,300.97,2026-04-25,,false
SKU-00339,Coolant Concentrate,MEDICAL,SUP-024,LOC-007,WH-G-BIN-39,1.0,10.0,52.41,2026-06-01,2027-07-03,false
SKU-00340,Wheel Chock Rubber,RAW_MATERIALS,SUP-186,LOC-006,WH-F-BIN-40,42.0,15.0,450.52,2026-05-08,,false
SKU-00341,Steel Bolt M8,CHEMICALS,SUP-054,LOC-020,WH-T-BIN-41,222.0,30.0,260.05,2026-06-22,2027-01-24,false
SKU-00342,Hydraulic Hose 2in,ELECTRONICS,SUP-004,LOC-011,WH-K-BIN-42,128.0,25.0,224.21,2026-01-17,2026-03-13,false
SKU-00343,,FOOD_DRY,SUP-012,LOC-012,WH-L-BIN-43,473.0,10.0,786.52,2026-05-30,,false
SKU-00344,Forklift Battery 24V,FOOD_COLD,SUP-146,LOC-018,WH-R-BIN-44,148.0,15.0,557.66,2026-01-03,,false
SKU-00345,Safety Gloves L,PACKAGING,SUP-086,LOC-005,WH-E-BIN-45,345.0,15.0,533.76,2026-06-08,,false
SKU-00346,Conveyor Belt Patch,MACHINERY_PARTS,SUP-005,LOC-011,WH-K-BIN-46,486.0,30.0,187.48,2026-01-26,,false
SKU-00347,Shrink Wrap Film Roll,PPE,SUP-060,LOC-001,WH-A-BIN-47,335.0,10.0,606.28,2026-01-18,,false
SKU-00348,Label Printer Ribbon,CLEANING,SUP-016,LOC-003,WH-C-BIN-48,211.0,0,514.35,2026-04-26,,false
SKU-00349,Dock Leveler Seal,MEDICAL,SUP-114,Warehouse T,WH-T-BIN-49,469.0,40.0,608.87,2026-02-12,,false
SKU-00350,LED Warehouse Light,RAW_MATERIALS,SUP-166,LOC-014,WH-N-BIN-50,167.0,0.0,275.50,2026-05-04,,false
SKU-00351,Nitrile Gloves Box,CHEMICALS,SUP-014,LOC-018,WH-R-BIN-51,147.0,40.0,418.13,2026-05-10,2027-02-06,false
SKU-00352,,ELECTRONICS,SUP-017,Warehouse A,WH-A-BIN-52,271.0,0.0,43.58,2026-05-20,2026-06-01,false
SKU-00353,Barcode Scanner,FOOD_DRY,SUP-033,LOC-007,WH-G-BIN-53,108.0,10.0,190.58,2026-06-05,,false
SKU-00354,Fire Extinguisher 4kg,FOOD_COLD,SUP-186,LOC-014,WH-N-BIN-54,7.0,0,243.87,2026-01-29,2026-11-30,false
SKU-00355,PVC Pipe 50mm,PACKAGING,SUP-163,LOC-015,WH-O-BIN-55,159.0,15.0,288.95,2026-03-21,,false
SKU-00356,Rubber Gasket Set,MACHINERY_PARTS,SUP-121,LOC-006,WH-F-BIN-56,236.0,25.0,656.04,2026-02-22,,false
SKU-00357,Cable Tie Assorted,PPE,SUP-196,LOC-001,WH-A-BIN-57,238.0,25.0,207.32,2026-02-27,2026-10-23,false
SKU-00358,Dust Mask N95 Pack,CLEANING,SUP-117,LOC-010,WH-J-BIN-58,212.0,0,572.46,2026-05-06,,false
SKU-00359,Wooden Pallet Std,MEDICAL,SUP-049,LOC-005,WH-E-BIN-59,26.0,10.0,324.84,2026-03-11,,false
SKU-00360,,RAW_MATERIALS,SUP-191,LOC-013,WH-M-BIN-60,216.0,20.0,328.21,2026-06-16,,false
SKU-00361,,CHEMICALS,SUP-099,LOC-004,WH-D-BIN-61,14.0,30.0,601.76,2026-03-28,,false
SKU-00362,Spill Kit 20L,ELECTRONICS,SUP-163,LOC-016,WH-P-BIN-62,208.0,0,589.06,2026-04-24,,false
SKU-00363,Epoxy Resin 1L,FOOD_DRY,SUP-009,LOC-016,WH-P-BIN-63,205.0,0.0,516.98,2026-04-20,,false
SKU-00364,Chain Block 1T,FOOD_COLD,SUP-117,LOC-020,WH-T-BIN-64,95.0,40.0,673.53,2026-06-22,,false
SKU-00365,Temperature Logger,PACKAGING,SUP-198,LOC-004,WH-D-BIN-65,349.0,10.0,779.37,2026-06-05,,false
SKU-00366,,MACHINERY_PARTS,SUP-049,LOC-017,WH-Q-BIN-66,104.0,25.0,774.21,2026-01-08,,false
SKU-00367,Welding Rod 3.2mm,PPE,SUP-151,LOC-013,WH-M-BIN-67,395.0,20.0,72.92,2026-01-14,,false
SKU-00368,Compressed Air Hose,CLEANING,SUP-199,LOC-019,WH-S-BIN-68,196.0,0.0,559.81,2026-06-24,2027-02-14,false
SKU-00369,First Aid Refill,MEDICAL,SUP-126,LOC-006,WH-F-BIN-69,7.0,10.0,586.97,2026-05-13,,false
SKU-00370,Racking Beam 2.4m,RAW_MATERIALS,SUP-096,LOC-006,WH-F-BIN-70,8.0,15.0,361.63,2026-05-02,,false
SKU-00371,Stretch Hood Film,CHEMICALS,SUP-052,LOC-006,WH-F-BIN-71,4.0,10.0,328.22,2026-01-16,,false
SKU-00372,Load Cell 500kg,ELECTRONICS,SUP-163,LOC-004,WH-D-BIN-72,60.0,0,275.04,2026-01-27,,false
SKU-00373,Dock Bumpers Pair,FOOD_DRY,SUP-123,LOC-008,WH-H-BIN-73,364.0,25.0,601.94,2026-06-24,2026-05-22,false
SKU-00374,Floor Marking Paint,FOOD_COLD,SUP-011,LOC-019,WH-S-BIN-74,128.0,10.0,417.02,2026-04-18,2026-04-09,false
SKU-00375,,PACKAGING,SUP-122,LOC-016,WH-P-BIN-75,192.0,0.0,275.78,2026-04-06,,false
SKU-00376,Mesh Security Cage,MACHINERY_PARTS,SUP-093,LOC-008,WH-H-BIN-76,224.0,40.0,698.72,2026-05-31,2026-05-11,false
SKU-00377,Humidity Sensor Probe,PPE,SUP-117,LOC-001,WH-A-BIN-77,377.0,0.0,740.18,2026-06-19,,false
SKU-00378,Pallet Strap Tool,CLEANING,SUP-032,LOC-020,WH-T-BIN-78,291.0,0.0,296.01,2026-01-18,,false
SKU-00379,Coolant Concentrate,MEDICAL,SUP-132,LOC-016,WH-P-BIN-79,21.0,25.0,15.27,2026-03-25,,false
SKU-00380,Wheel Chock Rubber,RAW_MATERIALS,SUP-189,LOC-002,WH-B-BIN-80,367.0,20.0,490.85,2026-06-05,,false
SKU-00381,Steel Bolt M8,CHEMICALS,SUP-110,LOC-012,WH-L-BIN-01,357.0,0,236.50,2026-05-07,,false
SKU-00382,,ELECTRONICS,SUP-147,LOC-017,WH-Q-BIN-02,458.0,0.0,637.86,2026-04-09,2026-04-23,false
SKU-00383,Industrial Solvent 5L,FOOD_DRY,SUP-120,LOC-018,WH-R-BIN-03,478.0,15.0,194.24,2026-05-02,,false
SKU-00384,Forklift Battery 24V,FOOD_COLD,SUP-193,LOC-006,WH-F-BIN-04,28.0,0,722.31,2026-04-15,2027-01-09,false
SKU-00385,Safety Gloves L,PACKAGING,SUP-185,LOC-008,WH-H-BIN-05,360.0,0,738.34,2026-01-14,2026-10-03,false
SKU-00386,Conveyor Belt Patch,MACHINERY_PARTS,SUP-024,LOC-016,WH-P-BIN-06,374.0,0.0,739.23,2026-06-09,,false
SKU-00387,Shrink Wrap Film Roll,PPE,SUP-097,LOC-011,WH-K-BIN-07,400.0,40.0,450.40,2026-03-06,,false
SKU-00388,Label Printer Ribbon,CLEANING,SUP-058,LOC-008,WH-H-BIN-08,79.0,20.0,474.58,2026-05-08,,false
SKU-00389,Dock Leveler Seal,MEDICAL,SUP-147,LOC-004,WH-D-BIN-09,85.0,20.0,3.34,2026-06-10,,false
SKU-00390,LED Warehouse Light,RAW_MATERIALS,SUP-138,LOC-019,WH-S-BIN-10,453.0,15.0,638.42,2026-05-24,,false
SKU-00391,Nitrile Gloves Box,CHEMICALS,SUP-170,LOC-017,WH-Q-BIN-11,322.0,30.0,369.56,2026-05-19,,false
SKU-00392,,ELECTRONICS,SUP-057,LOC-010,WH-J-BIN-12,368.0,0,679.60,2025-12-28,2027-07-01,false
SKU-00393,Barcode Scanner,FOOD_DRY,SUP-154,LOC-002,WH-B-BIN-13,178.0,20.0,678.44,2026-01-30,,false
SKU-00394,Fire Extinguisher 4kg,FOOD_COLD,SUP-162,Warehouse P,WH-P-BIN-14,130.0,0.0,784.95,2026-04-01,,false
SKU-00395,,PACKAGING,SUP-184,LOC-005,WH-E-BIN-15,454.0,15.0,43.95,2026-05-11,,false
SKU-00396,,MACHINERY_PARTS,SUP-187,LOC-016,WH-P-BIN-16,173.0,0,792.87,2026-02-05,,false
SKU-00397,Cable Tie Assorted,PPE,SUP-087,LOC-013,WH-M-BIN-17,367.0,25.0,59.31,2026-04-14,,false
SKU-00398,Dust Mask N95 Pack,CLEANING,SUP-179,LOC-010,WH-J-BIN-18,378.0,0,692.95,2026-06-12,2027-05-19,false
SKU-00399,Wooden Pallet Std,MEDICAL,SUP-118,LOC-010,WH-J-BIN-19,103.0,40.0,717.98,2026-05-03,,false
SKU-00400,Steel Shelving Unit,RAW_MATERIALS,SUP-192,LOC-007,WH-G-BIN-20,396.0,15.0,83.35,2026-05-19,,false
SKU-00401,Hand Truck,CHEMICALS,SUP-110,LOC-013,WH-M-BIN-21,4.0,40.0,145.35,2026-06-12,,true
SKU-00402,Spill Kit 20L,ELECTRONICS,SUP-167,LOC-017,WH-Q-BIN-22,323.0,20.0,197.51,2026-05-26,,false
SKU-00403,Epoxy Resin 1L,FOOD_DRY,SUP-102,LOC-008,WH-H-BIN-23,174.0,25.0,301.55,2025-12-30,,false
SKU-00404,Chain Block 1T,FOOD_COLD,SUP-200,LOC-003,WH-C-BIN-24,462.0,25.0,357.20,2026-06-23,,false
SKU-00405,Temperature Logger,PACKAGING,SUP-030,LOC-004,WH-D-BIN-25,82.0,0,20.38,2026-01-30,,false
SKU-00406,Anti-Slip Tape Roll,MACHINERY_PARTS,SUP-123,LOC-019,WH-S-BIN-26,375.0,20.0,799.96,2025-12-28,2027-03-30,false
SKU-00407,Welding Rod 3.2mm,PPE,SUP-077,LOC-014,WH-N-BIN-27,3.0,30.0,430.93,2026-03-14,,false
SKU-00408,Compressed Air Hose,CLEANING,SUP-101,LOC-001,WH-A-BIN-28,438.0,30.0,468.61,2026-01-10,,false
SKU-00409,First Aid Refill,MEDICAL,SUP-193,LOC-004,WH-D-BIN-29,126.0,0.0,556.78,2026-06-24,2027-05-28,false
SKU-00410,,RAW_MATERIALS,SUP-115,LOC-018,WH-R-BIN-30,3.0,28.0,206.89,2026-06-17,2027-05-09,false
SKU-00411,Stretch Hood Film,CHEMICALS,SUP-032,LOC-003,WH-C-BIN-31,172.0,30.0,756.29,2026-06-25,,true
SKU-00412,Load Cell 500kg,ELECTRONICS,SUP-133,LOC-002,WH-B-BIN-32,170.0,0,556.69,2026-02-12,,false
SKU-00413,Dock Bumpers Pair,FOOD_DRY,SUP-156,LOC-012,WH-L-BIN-33,281.0,30.0,191.21,2026-05-08,,false
SKU-00414,Floor Marking Paint,FOOD_COLD,SUP-077,LOC-005,WH-E-BIN-34,446.0,0.0,474.24,2026-04-15,,false
SKU-00415,Battery Charger 24V,PACKAGING,SUP-187,LOC-005,WH-E-BIN-35,9.0,30.0,132.33,2026-03-01,,false
SKU-00416,Mesh Security Cage,MACHINERY_PARTS,SUP-066,LOC-003,WH-C-BIN-36,237.0,40.0,586.67,2026-01-14,2027-06-13,false
SKU-00417,Humidity Sensor Probe,PPE,SUP-183,LOC-007,WH-G-BIN-37,308.0,20.0,336.91,2026-05-17,,false
SKU-00418,Pallet Strap Tool,CLEANING,SUP-112,LOC-011,WH-K-BIN-38,33.0,25.0,426.11,2026-01-01,,false
SKU-00419,Coolant Concentrate,MEDICAL,SUP-105,LOC-018,WH-R-BIN-39,188.0,10.0,220.06,2026-04-29,,false
SKU-00420,,RAW_MATERIALS,SUP-003,LOC-009,WH-I-BIN-40,213.0,10.0,626.62,2026-05-25,,false
SKU-00421,,CHEMICALS,SUP-135,LOC-006,WH-F-BIN-41,468.0,40.0,424.11,2025-12-28,,false
SKU-00422,Hydraulic Hose 2in,ELECTRONICS,SUP-142,Warehouse J,WH-J-BIN-42,2.0,20.0,312.87,2026-03-29,,false
SKU-00423,Industrial Solvent 5L,FOOD_DRY,SUP-142,LOC-018,WH-R-BIN-43,471.0,30.0,549.95,2026-05-17,2026-07-30,false
SKU-00424,,FOOD_COLD,SUP-037,LOC-005,WH-E-BIN-44,310.0,25.0,512.08,2026-03-23,2026-03-25,false
SKU-00425,,PACKAGING,SUP-174,LOC-008,WH-H-BIN-45,234.0,30.0,639.18,2026-02-17,,false
SKU-00426,Conveyor Belt Patch,MACHINERY_PARTS,SUP-071,LOC-010,WH-J-BIN-46,286.0,0,245.54,2026-06-03,,false
SKU-00427,Shrink Wrap Film Roll,PPE,SUP-105,LOC-010,WH-J-BIN-47,180.0,0.0,756.00,2026-05-14,2026-11-25,false
SKU-00428,Label Printer Ribbon,CLEANING,SUP-015,Warehouse S,WH-S-BIN-48,400.0,10.0,10.53,2026-03-09,,false
SKU-00429,Dock Leveler Seal,MEDICAL,SUP-188,LOC-017,WH-Q-BIN-49,265.0,15.0,426.86,2026-05-25,,false
SKU-00430,LED Warehouse Light,RAW_MATERIALS,SUP-004,Warehouse M,WH-M-BIN-50,117.0,30.0,562.67,2026-03-29,,false
SKU-00431,Nitrile Gloves Box,CHEMICALS,SUP-190,LOC-008,WH-H-BIN-51,491.0,0,488.14,2026-01-21,,false
SKU-00432,Pallet Jack Wheel,ELECTRONICS,SUP-173,LOC-006,WH-F-BIN-52,288.0,0.0,108.39,2026-03-27,,false
SKU-00433,Barcode Scanner,FOOD_DRY,SUP-109,LOC-002,WH-B-BIN-53,4.0,0,665.72,2026-05-26,,false
SKU-00434,Fire Extinguisher 4kg,FOOD_COLD,SUP-077,LOC-010,WH-J-BIN-54,170.0,25.0,455.94,2026-05-01,2026-04-06,false
SKU-00435,PVC Pipe 50mm,PACKAGING,SUP-165,LOC-010,WH-J-BIN-55,442.0,30.0,678.98,2026-06-11,,false
SKU-00436,Rubber Gasket Set,MACHINERY_PARTS,SUP-002,LOC-012,WH-L-BIN-56,255.0,30.0,150.55,2026-03-27,2027-07-30,false
SKU-00437,Cable Tie Assorted,PPE,SUP-026,LOC-001,WH-A-BIN-57,271.0,25.0,730.66,2026-06-24,2026-09-27,false
SKU-00438,Dust Mask N95 Pack,CLEANING,SUP-197,LOC-005,WH-E-BIN-58,148.0,40.0,343.82,2026-05-10,,false
SKU-00439,,MEDICAL,SUP-069,LOC-018,WH-R-BIN-59,244.0,10.0,6.64,2026-05-06,2027-03-05,false
SKU-00440,Steel Shelving Unit,RAW_MATERIALS,SUP-049,Warehouse D,WH-D-BIN-60,14.0,20.0,129.93,2026-05-06,,false
SKU-00441,Hand Truck,CHEMICALS,SUP-171,LOC-016,WH-P-BIN-61,80.0,20.0,572.03,2026-04-03,,false
SKU-00442,Spill Kit 20L,ELECTRONICS,SUP-129,LOC-013,WH-M-BIN-62,492.0,0,634.58,2026-05-24,2026-09-19,false
SKU-00443,Epoxy Resin 1L,FOOD_DRY,SUP-089,LOC-005,WH-E-BIN-63,26.0,30.0,275.03,2026-01-24,,false
SKU-00444,,FOOD_COLD,SUP-112,Warehouse A,WH-A-BIN-64,168.0,25.0,583.94,2026-05-09,2026-10-12,false
SKU-00445,Temperature Logger,PACKAGING,SUP-072,LOC-008,WH-H-BIN-65,78.0,0.0,160.33,2026-05-30,2027-03-02,false
SKU-00446,Anti-Slip Tape Roll,MACHINERY_PARTS,SUP-157,LOC-017,WH-Q-BIN-66,116.0,15.0,185.05,2026-05-23,,false
SKU-00447,Welding Rod 3.2mm,PPE,SUP-010,LOC-013,WH-M-BIN-67,118.0,0,74.57,2026-06-12,,false
SKU-00448,Compressed Air Hose,CLEANING,SUP-105,LOC-013,WH-M-BIN-68,176.0,30.0,384.40,2026-02-15,2027-03-01,false
SKU-00449,First Aid Refill,MEDICAL,SUP-165,LOC-014,WH-N-BIN-69,6.0,10.0,335.62,2026-04-05,,false
SKU-00450,Racking Beam 2.4m,RAW_MATERIALS,SUP-047,LOC-002,WH-B-BIN-70,6.0,10.0,726.97,2026-05-31,,false
SKU-00451,Stretch Hood Film,CHEMICALS,SUP-048,LOC-014,WH-N-BIN-71,271.0,20.0,547.00,2026-05-23,2026-08-01,true
SKU-00452,Load Cell 500kg,ELECTRONICS,SUP-191,LOC-012,WH-L-BIN-72,321.0,0.0,169.61,2026-03-19,,false
SKU-00453,Dock Bumpers Pair,FOOD_DRY,SUP-028,LOC-003,WH-C-BIN-73,342.0,15.0,729.92,2026-01-09,,false
SKU-00454,Floor Marking Paint,FOOD_COLD,SUP-050,LOC-007,WH-G-BIN-74,248.0,40.0,495.97,2026-04-09,2026-04-17,false
SKU-00455,Battery Charger 24V,PACKAGING,SUP-195,LOC-016,WH-P-BIN-75,293.0,15.0,335.73,2026-04-22,2026-06-01,false
SKU-00456,,MACHINERY_PARTS,SUP-089,LOC-018,WH-R-BIN-76,249.0,0,387.29,2026-02-11,,false
SKU-00457,Humidity Sensor Probe,PPE,SUP-006,LOC-017,WH-Q-BIN-77,326.0,15.0,764.73,2026-06-10,,false
SKU-00458,Pallet Strap Tool,CLEANING,SUP-190,LOC-007,WH-G-BIN-78,223.0,0.0,61.84,2026-03-05,,false
SKU-00459,Coolant Concentrate,MEDICAL,SUP-099,LOC-017,WH-Q-BIN-79,419.0,30.0,129.68,2026-05-01,2026-07-27,false
SKU-00460,Wheel Chock Rubber,RAW_MATERIALS,SUP-179,LOC-019,WH-S-BIN-80,470.0,10.0,577.02,2026-04-20,,false
SKU-00461,,CHEMICALS,SUP-057,LOC-010,WH-J-BIN-01,382.0,20.0,192.10,2026-06-15,2027-04-25,false
SKU-00462,Hydraulic Hose 2in,ELECTRONICS,SUP-035,Warehouse I,WH-I-BIN-02,467.0,20.0,428.61,2026-06-25,2026-11-10,false
SKU-00463,Industrial Solvent 5L,FOOD_DRY,SUP-162,LOC-012,WH-L-BIN-03,208.0,30.0,212.70,2026-05-22,,false
SKU-00464,Forklift Battery 24V,FOOD_COLD,SUP-157,Warehouse N,WH-N-BIN-04,186.0,0,176.99,2026-04-15,2027-01-24,false
SKU-00465,Safety Gloves L,PACKAGING,SUP-066,LOC-006,WH-F-BIN-05,295.0,10.0,467.44,2025-12-31,,false
SKU-00466,,MACHINERY_PARTS,SUP-168,LOC-013,WH-M-BIN-06,465.0,20.0,178.07,2026-04-18,2027-03-09,false
SKU-00467,Shrink Wrap Film Roll,PPE,SUP-149,LOC-007,WH-G-BIN-07,433.0,40.0,584.39,2026-03-06,,false
SKU-00468,Label Printer Ribbon,CLEANING,SUP-038,LOC-012,WH-L-BIN-08,67.0,25.0,142.54,2026-01-31,,false
SKU-00469,Dock Leveler Seal,MEDICAL,SUP-187,LOC-016,WH-P-BIN-09,351.0,15.0,654.36,2026-01-01,,false
SKU-00470,LED Warehouse Light,RAW_MATERIALS,SUP-049,LOC-020,WH-T-BIN-10,4.0,10.0,323.20,2026-02-11,,false
SKU-00471,Nitrile Gloves Box,CHEMICALS,SUP-187,LOC-005,WH-E-BIN-11,2.0,22.0,611.23,2026-01-12,2026-08-01,false
SKU-00472,Pallet Jack Wheel,ELECTRONICS,SUP-064,LOC-005,WH-E-BIN-12,62.0,0.0,634.34,2026-06-23,,false
SKU-00473,Barcode Scanner,FOOD_DRY,SUP-139,LOC-004,WH-D-BIN-13,438.0,40.0,608.22,2026-03-04,2027-03-28,false
SKU-00474,Fire Extinguisher 4kg,FOOD_COLD,SUP-079,LOC-006,WH-F-BIN-14,2.0,20.0,435.80,2026-06-20,,false
SKU-00475,PVC Pipe 50mm,PACKAGING,SUP-027,LOC-002,WH-B-BIN-15,29.0,0,21.15,2026-03-08,2026-11-17,false
SKU-00476,Rubber Gasket Set,MACHINERY_PARTS,SUP-038,LOC-013,WH-M-BIN-16,355.0,0,550.04,2026-05-28,,false
SKU-00477,,PPE,SUP-044,LOC-016,WH-P-BIN-17,5.0,10.0,96.44,2026-06-04,,false
SKU-00478,Dust Mask N95 Pack,CLEANING,SUP-155,LOC-002,WH-B-BIN-18,111.0,15.0,121.88,2026-01-06,2027-02-28,false
SKU-00479,Wooden Pallet Std,MEDICAL,SUP-160,LOC-010,WH-J-BIN-19,166.0,0.0,530.06,2026-04-19,,false
SKU-00480,Steel Shelving Unit,RAW_MATERIALS,SUP-001,LOC-003,WH-C-BIN-20,497.0,0.0,313.70,2026-02-23,2026-10-09,false
SKU-00481,Hand Truck,CHEMICALS,SUP-029,LOC-003,WH-C-BIN-21,238.0,30.0,147.13,2026-03-19,2026-09-29,true
SKU-00482,Spill Kit 20L,ELECTRONICS,SUP-109,LOC-016,WH-P-BIN-22,375.0,25.0,112.30,2026-01-09,,false
SKU-00483,Epoxy Resin 1L,FOOD_DRY,SUP-099,LOC-008,WH-H-BIN-23,301.0,25.0,657.48,2026-03-19,,false
SKU-00484,Chain Block 1T,FOOD_COLD,SUP-149,LOC-003,WH-C-BIN-24,235.0,40.0,177.03,2026-06-03,,false
SKU-00485,Temperature Logger,PACKAGING,SUP-093,LOC-008,WH-H-BIN-25,124.0,10.0,380.19,2026-05-22,2026-04-15,false
SKU-00486,Anti-Slip Tape Roll,MACHINERY_PARTS,SUP-016,LOC-004,WH-D-BIN-26,204.0,20.0,237.17,2026-05-20,,false
SKU-00487,Welding Rod 3.2mm,PPE,SUP-108,LOC-018,WH-R-BIN-27,127.0,15.0,95.55,2025-12-29,2026-06-08,false
SKU-00488,Compressed Air Hose,CLEANING,SUP-097,Warehouse E,WH-E-BIN-28,33.0,0,530.87,2026-06-07,2026-09-18,false
SKU-00489,First Aid Refill,MEDICAL,SUP-153,LOC-016,WH-P-BIN-29,6.0,14.0,11.96,2026-03-11,2026-06-16,false
SKU-00490,Racking Beam 2.4m,RAW_MATERIALS,SUP-196,LOC-005,WH-E-BIN-30,260.0,15.0,241.01,2026-03-12,,false
SKU-00491,Stretch Hood Film,CHEMICALS,SUP-114,LOC-011,WH-K-BIN-31,350.0,0.0,27.63,2026-05-12,2027-06-19,false
SKU-00492,Load Cell 500kg,ELECTRONICS,SUP-102,LOC-001,WH-A-BIN-32,236.0,0.0,444.22,2026-04-20,,false
SKU-00493,Dock Bumpers Pair,FOOD_DRY,SUP-129,LOC-019,WH-S-BIN-33,383.0,20.0,75.37,2026-03-21,,false
SKU-00494,,FOOD_COLD,SUP-191,LOC-005,WH-E-BIN-34,225.0,0,484.86,2026-06-06,2027-05-08,false
SKU-00495,,PACKAGING,SUP-123,LOC-015,WH-O-BIN-35,354.0,20.0,518.02,2026-05-07,2027-02-01,false
SKU-00496,Mesh Security Cage,MACHINERY_PARTS,SUP-028,LOC-009,WH-I-BIN-36,59.0,10.0,193.14,2026-05-15,,false
SKU-00497,Humidity Sensor Probe,PPE,SUP-028,LOC-018,WH-R-BIN-37,128.0,10.0,442.25,2026-01-13,,false
SKU-00498,Pallet Strap Tool,CLEANING,SUP-062,LOC-002,WH-B-BIN-38,63.0,20.0,632.60,2026-06-14,,false
SKU-00499,Coolant Concentrate,MEDICAL,SUP-081,LOC-002,WH-B-BIN-39,6.0,10.0,401.17,2026-04-06,,false
SKU-00500,Wheel Chock Rubber,RAW_MATERIALS,SUP-186,LOC-013,WH-M-BIN-40,86.0,20.0,593.68,2026-05-31,,false
SKU-00001,Steel Bolt M8,CHEMICALS,SUP-199,Warehouse Q,WH-Q-BIN-41,32.0,15.0,681.92,2026-04-12,,true
SKU-00002,Hydraulic Hose 2in,ELECTRONICS,SUP-021,LOC-015,WH-O-BIN-42,67.0,40.0,524.07,2026-05-15,2027-07-09,false
SKU-00003,Industrial Solvent 5L,FOOD_DRY,SUP-133,LOC-017,WH-Q-BIN-43,331.0,40.0,628.71,2026-03-31,,false
SKU-00004,Forklift Battery 24V,FOOD_COLD,SUP-093,LOC-010,WH-J-BIN-44,458.0,0,619.79,2026-03-18,2026-03-26,false
SKU-00005,Safety Gloves L,PACKAGING,SUP-054,LOC-008,WH-H-BIN-45,5.0,30.0,79.73,2026-06-22,,false
SKU-00006,Conveyor Belt Patch,MACHINERY_PARTS,SUP-197,LOC-005,WH-E-BIN-46,178.0,0,71.56,2026-06-01,,false
SKU-00007,Shrink Wrap Film Roll,PPE,SUP-081,LOC-015,WH-O-BIN-47,498.0,15.0,291.94,2026-06-03,2026-04-13,false
SKU-00008,Label Printer Ribbon,CLEANING,SUP-046,LOC-003,WH-C-BIN-48,415.0,40.0,610.99,2026-03-04,,false
SKU-00009,Dock Leveler Seal,MEDICAL,SUP-032,Warehouse E,WH-E-BIN-49,28.0,30.0,496.51,2026-01-02,,false
SKU-00010,,RAW_MATERIALS,SUP-113,LOC-005,WH-E-BIN-50,282.0,20.0,546.40,2026-02-16,,false
SKU-00011,Nitrile Gloves Box,CHEMICALS,SUP-068,Warehouse O,WH-O-BIN-51,41.0,40.0,197.36,2026-02-02,,true
SKU-00012,Pallet Jack Wheel,ELECTRONICS,SUP-075,LOC-004,WH-D-BIN-52,101.0,25.0,535.98,2026-03-28,2027-03-19,false
SKU-00013,,FOOD_DRY,SUP-120,LOC-015,WH-O-BIN-53,293.0,40.0,734.13,2026-03-16,2026-09-19,false
SKU-00014,Fire Extinguisher 4kg,FOOD_COLD,SUP-052,Warehouse N,WH-N-BIN-54,11.0,25.0,562.43,2026-02-24,,false
SKU-00015,PVC Pipe 50mm,PACKAGING,SUP-072,LOC-004,WH-D-BIN-55,39.0,25.0,257.51,2026-06-17,2026-11-12,false
SKU-00016,Rubber Gasket Set,MACHINERY_PARTS,SUP-199,LOC-020,WH-T-BIN-56,51.0,25.0,379.78,2026-06-12,,false
SKU-00017,Cable Tie Assorted,PPE,SUP-006,LOC-007,WH-G-BIN-57,370.0,0.0,57.27,2026-03-14,2026-10-06,false
SKU-00018,Dust Mask N95 Pack,CLEANING,SUP-077,LOC-003,WH-C-BIN-58,384.0,0.0,148.89,2026-06-12,2026-12-05,false
SKU-00019,,MEDICAL,SUP-110,LOC-003,WH-C-BIN-59,405.0,20.0,386.34,2026-02-08,,false
SKU-00020,,RAW_MATERIALS,SUP-179,LOC-006,WH-F-BIN-60,201.0,25.0,449.60,2026-01-24,,false
SKU-00021,Hand Truck,CHEMICALS,SUP-020,LOC-007,WH-G-BIN-61,361.0,40.0,659.16,2026-04-05,,true
SKU-00022,Spill Kit 20L,ELECTRONICS,SUP-038,wh_o,WH-O-BIN-62,462.0,25.0,211.72,2026-06-25,,false
SKU-00023,Epoxy Resin 1L,FOOD_DRY,SUP-033,LOC-015,WH-O-BIN-63,250.0,40.0,337.30,2026-02-06,2026-10-30,false
SKU-00024,Chain Block 1T,FOOD_COLD,SUP-154,LOC-006,WH-F-BIN-64,130.0,25.0,462.32,2026-06-22,,false
SKU-00025,Temperature Logger,PACKAGING,SUP-094,LOC-012,WH-L-BIN-65,174.0,10.0,560.06,2026-01-10,,false
SKU-00026,Anti-Slip Tape Roll,MACHINERY_PARTS,SUP-106,LOC-015,WH-O-BIN-66,200.0,25.0,612.53,2026-05-27,,false
SKU-00027,,PPE,SUP-118,LOC-006,WH-F-BIN-67,20.0,25.0,229.45,2026-01-08,,false
SKU-00028,Compressed Air Hose,CLEANING,SUP-163,LOC-014,WH-N-BIN-68,379.0,20.0,796.30,2026-05-30,,false
SKU-00029,,MEDICAL,SUP-167,LOC-003,WH-C-BIN-69,335.0,0,499.81,2026-02-06,,false
SKU-00030,Racking Beam 2.4m,RAW_MATERIALS,SUP-163,LOC-004,WH-D-BIN-70,277.0,25.0,681.66,2026-05-02,2026-05-19,false
SKU-00031,,CHEMICALS,SUP-199,LOC-008,WH-H-BIN-71,302.0,25.0,101.30,2026-02-27,,false
SKU-00032,Load Cell 500kg,ELECTRONICS,SUP-002,LOC-013,WH-M-BIN-72,420.0,20.0,213.07,2026-03-11,,false
SKU-00033,,FOOD_DRY,SUP-002,LOC-008,WH-H-BIN-73,5.0,25.0,416.13,2026-01-23,,false
SKU-00034,Floor Marking Paint,FOOD_COLD,SUP-086,LOC-011,WH-K-BIN-74,312.0,15.0,155.74,2026-01-12,,false
SKU-00035,Battery Charger 24V,PACKAGING,SUP-014,LOC-013,WH-M-BIN-75,497.0,0.0,781.93,2026-05-12,,false
SKU-00036,,MACHINERY_PARTS,SUP-082,LOC-013,WH-M-BIN-76,101.0,0,404.40,2026-01-15,,false
SKU-00037,,PPE,SUP-101,LOC-019,WH-S-BIN-77,410.0,0,759.06,2026-05-04,,false
SKU-00038,,CLEANING,SUP-024,LOC-003,WH-C-BIN-78,3.0,10.0,435.85,2026-06-05,2026-03-27,false
SKU-00039,Coolant Concentrate,MEDICAL,SUP-098,LOC-019,WH-S-BIN-79,400.0,10.0,622.52,2026-05-09,,false
SKU-00040,Wheel Chock Rubber,RAW_MATERIALS,SUP-168,Warehouse H,WH-H-BIN-80,14.0,15.0,629.27,2026-04-20,,false
SKU-00041,Steel Bolt M8,CHEMICALS,SUP-071,Warehouse B,WH-B-BIN-01,1.0,10.0,84.53,2026-02-28,,false
SKU-00042,Hydraulic Hose 2in,ELECTRONICS,SUP-028,LOC-004,WH-D-BIN-02,164.0,15.0,730.35,2026-05-03,2027-01-27,false
SKU-00043,Industrial Solvent 5L,FOOD_DRY,SUP-026,LOC-013,WH-M-BIN-03,3.0,25.0,169.82,2026-03-10,,false
SKU-00044,Forklift Battery 24V,FOOD_COLD,SUP-081,LOC-013,WH-M-BIN-04,485.0,40.0,723.10,2026-01-08,,false
SKU-00045,Safety Gloves L,PACKAGING,SUP-162,LOC-019,WH-S-BIN-05,11.0,30.0,491.98,2026-02-06,,false
SKU-00046,Conveyor Belt Patch,MACHINERY_PARTS,SUP-041,LOC-001,WH-A-BIN-06,399.0,30.0,415.36,2026-05-17,2026-08-06,false
SKU-00047,,PPE,SUP-094,LOC-007,WH-G-BIN-07,480.0,10.0,752.00,2026-04-18,2027-07-15,false
SKU-00048,Label Printer Ribbon,CLEANING,SUP-124,LOC-009,WH-I-BIN-08,67.0,15.0,596.67,2026-02-19,,false
SKU-00049,Dock Leveler Seal,MEDICAL,SUP-132,LOC-014,WH-N-BIN-09,6.0,25.0,574.48,2026-03-17,,false
SKU-00050,LED Warehouse Light,RAW_MATERIALS,SUP-150,LOC-004,WH-D-BIN-10,412.0,0.0,391.29,2026-03-03,2027-07-30,false
SKU-00051,,CHEMICALS,SUP-153,LOC-014,WH-N-BIN-11,159.0,40.0,344.59,2026-01-31,,true
SKU-00052,Pallet Jack Wheel,ELECTRONICS,SUP-116,LOC-003,WH-C-BIN-12,9.0,15.0,483.90,2026-01-11,,false
SKU-00053,Barcode Scanner,FOOD_DRY,SUP-091,LOC-017,WH-Q-BIN-13,11.0,0,59.97,2026-01-08,2026-11-28,false
SKU-00054,Fire Extinguisher 4kg,FOOD_COLD,SUP-096,LOC-012,WH-L-BIN-14,419.0,15.0,10.70,2026-04-02,2026-03-29,false
SKU-00055,PVC Pipe 50mm,PACKAGING,SUP-120,LOC-007,WH-G-BIN-15,427.0,0,482.24,2026-02-11,2026-12-18,false
SKU-00056,,MACHINERY_PARTS,SUP-027,LOC-007,WH-G-BIN-16,162.0,30.0,537.73,2026-01-30,,false
SKU-00057,Cable Tie Assorted,PPE,SUP-175,LOC-014,WH-N-BIN-17,242.0,0.0,399.92,2026-04-16,2027-04-04,false
SKU-00058,Dust Mask N95 Pack,CLEANING,SUP-031,LOC-014,WH-N-BIN-18,6.0,0,229.46,2026-01-12,2026-08-05,false
SKU-00059,Wooden Pallet Std,MEDICAL,SUP-002,LOC-019,WH-S-BIN-19,13.0,0,734.59,2026-06-15,2026-04-18,false
SKU-00060,,RAW_MATERIALS,SUP-166,LOC-011,WH-K-BIN-20,55.0,0,242.20,2026-04-05,,false
SKU-00061,Hand Truck,CHEMICALS,SUP-103,LOC-012,WH-L-BIN-21,304.0,10.0,557.77,2026-03-01,2026-12-25,false
SKU-00062,Spill Kit 20L,ELECTRONICS,SUP-096,LOC-004,WH-D-BIN-22,2.0,30.0,689.39,2026-03-06,2027-01-07,false
SKU-00063,Epoxy Resin 1L,FOOD_DRY,SUP-044,LOC-008,WH-H-BIN-23,117.0,0,430.97,2026-06-24,,false
SKU-00064,Chain Block 1T,FOOD_COLD,SUP-067,LOC-002,WH-B-BIN-24,5.0,12.0,633.72,2026-03-20,,false
SKU-00065,Temperature Logger,PACKAGING,SUP-179,LOC-009,WH-I-BIN-25,8.0,15.0,120.11,2026-01-27,,false
SKU-00066,Anti-Slip Tape Roll,MACHINERY_PARTS,SUP-164,LOC-014,WH-N-BIN-26,17.0,25.0,393.10,2026-04-15,,false
SKU-00067,Welding Rod 3.2mm,PPE,SUP-198,LOC-011,WH-K-BIN-27,267.0,40.0,68.07,2026-02-03,,false
SKU-00068,,CLEANING,SUP-169,LOC-008,WH-H-BIN-28,396.0,40.0,50.09,2026-06-22,2027-04-05,false
SKU-00069,First Aid Refill,MEDICAL,SUP-120,LOC-007,WH-G-BIN-29,2.0,20.0,423.06,2026-04-06,,false
SKU-00070,,RAW_MATERIALS,SUP-182,Warehouse J,WH-J-BIN-30,17.0,25.0,309.69,2026-03-02,2027-01-28,false
SKU-00071,Stretch Hood Film,CHEMICALS,SUP-132,LOC-020,WH-T-BIN-31,419.0,0,133.03,2026-04-08,2026-05-02,false
SKU-00072,Load Cell 500kg,ELECTRONICS,SUP-166,LOC-019,WH-S-BIN-32,95.0,10.0,715.49,2026-05-09,2026-08-03,false
SKU-00073,Dock Bumpers Pair,FOOD_DRY,SUP-008,LOC-009,WH-I-BIN-33,358.0,25.0,69.09,2026-03-07,2027-05-03,false
SKU-00074,Floor Marking Paint,FOOD_COLD,SUP-039,Warehouse G,WH-G-BIN-34,277.0,25.0,297.08,2026-06-13,,false
SKU-00075,Battery Charger 24V,PACKAGING,SUP-188,Warehouse M,WH-M-BIN-35,119.0,25.0,424.59,2026-02-19,,false
SKU-00076,Mesh Security Cage,MACHINERY_PARTS,SUP-111,LOC-017,WH-Q-BIN-36,4.0,10.0,716.26,2026-01-29,2026-08-22,false
SKU-00077,Humidity Sensor Probe,PPE,SUP-062,LOC-009,WH-I-BIN-37,4.0,10.0,324.84,2026-03-17,,false
SKU-00078,Pallet Strap Tool,CLEANING,SUP-057,LOC-004,WH-D-BIN-38,441.0,40.0,279.41,2026-04-13,2026-11-07,false
SKU-00079,,MEDICAL,SUP-074,LOC-020,WH-T-BIN-39,33.0,0,591.79,2025-12-31,,false
SKU-00080,Wheel Chock Rubber,RAW_MATERIALS,SUP-044,LOC-008,WH-H-BIN-40,6.0,20.0,769.87,2026-01-06,,false
SKU-00081,Steel Bolt M8,CHEMICALS,SUP-110,LOC-016,WH-P-BIN-41,9.0,20.0,476.02,2026-02-24,2026-07-30,false
SKU-00082,Hydraulic Hose 2in,ELECTRONICS,SUP-064,LOC-016,WH-P-BIN-42,1.0,25.0,668.62,2026-02-11,,false
SKU-00083,Industrial Solvent 5L,FOOD_DRY,SUP-043,LOC-017,WH-Q-BIN-43,95.0,0.0,269.87,2026-02-20,,false
SKU-00084,Forklift Battery 24V,FOOD_COLD,SUP-140,LOC-012,WH-L-BIN-44,359.0,20.0,242.30,2026-04-01,2027-01-22,false
SKU-00085,Safety Gloves L,PACKAGING,SUP-199,Warehouse Q,WH-Q-BIN-45,458.0,0,217.41,2026-02-13,,false
SKU-00086,Conveyor Belt Patch,MACHINERY_PARTS,SUP-038,LOC-001,WH-A-BIN-46,458.0,25.0,593.33,2026-03-07,2027-05-17,false
SKU-00087,Shrink Wrap Film Roll,PPE,SUP-053,LOC-012,WH-L-BIN-47,25.0,40.0,701.96,2026-01-03,,false
SKU-00088,Label Printer Ribbon,CLEANING,SUP-116,LOC-018,WH-R-BIN-48,109.0,30.0,314.04,2026-03-11,,false
SKU-00089,Dock Leveler Seal,MEDICAL,SUP-080,LOC-009,WH-I-BIN-49,41.0,15.0,100.12,2026-03-01,,false
SKU-00090,LED Warehouse Light,RAW_MATERIALS,SUP-089,LOC-019,WH-S-BIN-50,76.0,20.0,374.12,2026-05-18,,false
SKU-00091,Nitrile Gloves Box,CHEMICALS,SUP-075,LOC-017,WH-Q-BIN-51,305.0,0,640.23,2026-06-22,,false
SKU-00092,Pallet Jack Wheel,ELECTRONICS,SUP-073,LOC-007,WH-G-BIN-52,8.0,0,528.88,2026-06-25,2026-05-11,false
SKU-00093,Barcode Scanner,FOOD_DRY,SUP-065,LOC-002,WH-B-BIN-53,199.0,15.0,766.90,2026-02-02,,false
SKU-00094,Fire Extinguisher 4kg,FOOD_COLD,SUP-023,LOC-005,WH-E-BIN-54,13.0,40.0,234.06,2026-06-17,,false
SKU-00095,PVC Pipe 50mm,PACKAGING,SUP-091,LOC-016,WH-P-BIN-55,435.0,15.0,723.52,2026-04-20,,false
SKU-00096,Rubber Gasket Set,MACHINERY_PARTS,SUP-153,Warehouse J,WH-J-BIN-56,108.0,20.0,463.38,2026-01-02,,false
SKU-00097,,PPE,SUP-065,LOC-007,WH-G-BIN-57,233.0,0,741.84,2026-02-27,2027-05-12,false
SKU-00098,Dust Mask N95 Pack,CLEANING,SUP-047,LOC-018,WH-R-BIN-58,420.0,25.0,555.92,2026-02-17,2027-03-09,false
SKU-00099,,MEDICAL,SUP-120,LOC-012,WH-L-BIN-59,238.0,0,730.22,2026-06-19,,false
SKU-00100,,RAW_MATERIALS,SUP-023,LOC-014,WH-N-BIN-60,91.0,0.0,299.74,2026-01-18,2027-04-14,false
SKU-00101,,CHEMICALS,SUP-145,LOC-018,WH-R-BIN-61,47.0,0,6.75,2026-02-13,,false
SKU-00102,Spill Kit 20L,ELECTRONICS,SUP-022,LOC-002,WH-B-BIN-62,158.0,10.0,79.72,2026-04-12,,false
SKU-00103,Epoxy Resin 1L,FOOD_DRY,SUP-124,LOC-019,WH-S-BIN-63,189.0,40.0,409.64,2026-06-12,,false
SKU-00104,Chain Block 1T,FOOD_COLD,SUP-133,LOC-007,WH-G-BIN-64,307.0,15.0,512.46,2026-05-17,2027-07-06,false
SKU-00105,Temperature Logger,PACKAGING,SUP-161,LOC-010,WH-J-BIN-65,388.0,20.0,499.68,2026-05-05,2026-04-24,false
SKU-00106,,MACHINERY_PARTS,SUP-018,LOC-004,WH-D-BIN-66,98.0,10.0,84.68,2026-06-19,2026-11-07,false
SKU-00107,Welding Rod 3.2mm,PPE,SUP-114,LOC-017,WH-Q-BIN-67,48.0,25.0,148.87,2026-04-26,,false
SKU-00108,Compressed Air Hose,CLEANING,SUP-067,Warehouse R,WH-R-BIN-68,333.0,0.0,347.02,2026-01-14,,false
SKU-00109,First Aid Refill,MEDICAL,SUP-048,Warehouse A,WH-A-BIN-69,439.0,0,438.25,2026-02-24,,false
SKU-00110,Racking Beam 2.4m,RAW_MATERIALS,SUP-075,LOC-016,WH-P-BIN-70,19.0,20.0,314.17,2025-12-29,,false
SKU-00111,Stretch Hood Film,CHEMICALS,SUP-119,LOC-004,WH-D-BIN-71,436.0,25.0,97.86,2026-03-18,2026-04-28,true
SKU-00112,Load Cell 500kg,ELECTRONICS,SUP-009,LOC-010,WH-J-BIN-72,353.0,40.0,770.31,2026-02-26,2027-01-23,false
SKU-00113,Dock Bumpers Pair,FOOD_DRY,SUP-071,LOC-015,WH-O-BIN-73,101.0,10.0,280.37,2026-02-11,,false
SKU-00114,Floor Marking Paint,FOOD_COLD,SUP-132,LOC-013,WH-M-BIN-74,109.0,10.0,272.75,2026-05-21,,false
SKU-00115,Battery Charger 24V,PACKAGING,SUP-196,LOC-009,WH-I-BIN-75,175.0,40.0,516.82,2026-03-21,2026-03-10,false
SKU-00116,Mesh Security Cage,MACHINERY_PARTS,SUP-156,LOC-016,WH-P-BIN-76,112.0,40.0,421.30,2026-05-23,,false
SKU-00117,Humidity Sensor Probe,PPE,SUP-151,Warehouse K,WH-K-BIN-77,198.0,30.0,681.92,2026-05-16,2026-08-10,false
SKU-00118,Pallet Strap Tool,CLEANING,SUP-025,LOC-008,WH-H-BIN-78,74.0,40.0,186.76,2026-04-26,,false
SKU-00119,Coolant Concentrate,MEDICAL,SUP-045,LOC-004,WH-D-BIN-79,476.0,40.0,51.42,2026-04-22,,false
SKU-00120,Wheel Chock Rubber,RAW_MATERIALS,SUP-010,LOC-004,WH-D-BIN-80,6.0,29.0,258.29,2025-12-29,2026-10-23,false
SKU-00121,Steel Bolt M8,CHEMICALS,SUP-097,LOC-015,WH-O-BIN-01,346.0,15.0,351.14,2026-04-13,,true
SKU-00122,Hydraulic Hose 2in,ELECTRONICS,SUP-112,LOC-006,WH-F-BIN-02,290.0,0.0,504.03,2026-01-05,,false
SKU-00123,Industrial Solvent 5L,FOOD_DRY,SUP-053,LOC-004,WH-D-BIN-03,1.0,10.0,438.17,2026-06-07,,false
SKU-00124,Forklift Battery 24V,FOOD_COLD,SUP-048,LOC-011,WH-K-BIN-04,393.0,40.0,153.73,2026-05-03,,false
SKU-00125,Safety Gloves L,PACKAGING,SUP-122,LOC-019,WH-S-BIN-05,200.0,30.0,641.67,2026-03-05,,false
SKU-00126,Conveyor Belt Patch,MACHINERY_PARTS,SUP-161,LOC-014,WH-N-BIN-06,3.0,25.0,82.53,2026-02-18,,false
SKU-00127,Shrink Wrap Film Roll,PPE,SUP-014,LOC-008,WH-H-BIN-07,296.0,30.0,737.97,2026-04-22,,false
SKU-00128,Label Printer Ribbon,CLEANING,SUP-181,Warehouse M,WH-M-BIN-08,54.0,20.0,428.47,2026-04-25,,false
SKU-00129,Dock Leveler Seal,MEDICAL,SUP-157,LOC-017,WH-Q-BIN-09,179.0,30.0,713.66,2026-01-27,2026-03-28,false
SKU-00130,LED Warehouse Light,RAW_MATERIALS,SUP-068,Warehouse P,WH-P-BIN-10,27.0,40.0,612.26,2026-05-21,,false
SKU-00131,Nitrile Gloves Box,CHEMICALS,SUP-141,LOC-007,WH-G-BIN-11,395.0,0,51.74,2026-02-19,,true
SKU-00132,Pallet Jack Wheel,ELECTRONICS,SUP-157,LOC-019,WH-S-BIN-12,447.0,40.0,760.03,2026-01-23,2026-06-16,false
SKU-00133,Barcode Scanner,FOOD_DRY,SUP-021,LOC-020,WH-T-BIN-13,265.0,30.0,398.28,2026-04-29,2026-08-13,false
SKU-00134,Fire Extinguisher 4kg,FOOD_COLD,SUP-111,LOC-012,WH-L-BIN-14,175.0,25.0,23.03,2026-05-06,2026-08-23,false
SKU-00135,PVC Pipe 50mm,PACKAGING,SUP-156,LOC-018,WH-R-BIN-15,214.0,0.0,43.61,2026-03-21,,false
SKU-00136,Rubber Gasket Set,MACHINERY_PARTS,SUP-111,LOC-005,WH-E-BIN-16,238.0,40.0,786.06,2026-03-23,2027-06-06,false
SKU-00137,Cable Tie Assorted,PPE,SUP-050,LOC-012,WH-L-BIN-17,243.0,20.0,183.25,2026-02-08,2026-07-31,false
SKU-00138,,CLEANING,SUP-012,LOC-019,WH-S-BIN-18,27.0,0.0,103.12,2026-05-10,2026-08-24,false
SKU-00139,Wooden Pallet Std,MEDICAL,SUP-012,LOC-010,WH-J-BIN-19,199.0,20.0,105.51,2026-03-16,,false
SKU-00140,Steel Shelving Unit,RAW_MATERIALS,SUP-169,LOC-016,WH-P-BIN-20,5.0,10.0,588.70,2026-03-26,2027-07-22,false
SKU-00141,,CHEMICALS,SUP-114,LOC-008,WH-H-BIN-21,174.0,40.0,523.61,2026-02-11,,false
SKU-00142,Spill Kit 20L,ELECTRONICS,SUP-179,LOC-011,WH-K-BIN-22,12.0,30.0,498.25,2026-04-15,,false
SKU-00143,Epoxy Resin 1L,FOOD_DRY,SUP-053,LOC-003,WH-C-BIN-23,450.0,0,170.19,2026-03-22,,false
SKU-00144,,FOOD_COLD,SUP-010,Warehouse E,WH-E-BIN-24,377.0,15.0,18.99,2026-06-17,,false
SKU-00145,Temperature Logger,PACKAGING,SUP-072,LOC-009,WH-I-BIN-25,216.0,30.0,308.38,2026-06-21,2027-06-03,false
SKU-00146,,MACHINERY_PARTS,SUP-099,LOC-013,WH-M-BIN-26,42.0,0,426.93,2026-01-07,,false
SKU-00147,,PPE,SUP-009,LOC-010,WH-J-BIN-27,410.0,0,604.07,2026-03-31,2026-04-09,false
SKU-00148,Compressed Air Hose,CLEANING,SUP-193,LOC-009,WH-I-BIN-28,130.0,30.0,348.39,2026-03-08,,false
SKU-00149,First Aid Refill,MEDICAL,SUP-028,LOC-002,WH-B-BIN-29,218.0,30.0,792.73,2026-02-09,,false
SKU-00150,Racking Beam 2.4m,RAW_MATERIALS,SUP-109,Warehouse O,WH-O-BIN-30,388.0,30.0,374.93,2026-04-26,2027-02-06,false
SKU-00151,Stretch Hood Film,CHEMICALS,SUP-004,LOC-005,WH-E-BIN-31,429.0,20.0,617.53,2026-04-11,,true
SKU-00152,Load Cell 500kg,ELECTRONICS,SUP-010,LOC-013,WH-M-BIN-32,160.0,30.0,648.59,2026-01-21,,false
SKU-00153,Dock Bumpers Pair,FOOD_DRY,SUP-032,LOC-001,WH-A-BIN-33,311.0,20.0,15.78,2026-06-23,,false
SKU-00154,Floor Marking Paint,FOOD_COLD,SUP-010,wh_o,WH-O-BIN-34,265.0,20.0,464.50,2026-06-05,,false
SKU-00155,Battery Charger 24V,PACKAGING,SUP-157,LOC-009,WH-I-BIN-35,180.0,0,629.82,2026-04-20,,false
SKU-00156,Mesh Security Cage,MACHINERY_PARTS,SUP-033,Warehouse P,WH-P-BIN-36,14.0,15.0,524.37,2026-05-09,2026-09-22,false
SKU-00157,Humidity Sensor Probe,PPE,SUP-113,LOC-017,WH-Q-BIN-37,23.0,30.0,793.59,2026-04-21,,false
SKU-00158,Pallet Strap Tool,CLEANING,SUP-174,LOC-001,WH-A-BIN-38,459.0,0.0,37.70,2026-04-26,,false
SKU-00159,Coolant Concentrate,MEDICAL,SUP-028,LOC-012,WH-L-BIN-39,279.0,10.0,457.15,2026-01-02,2027-01-08,false
SKU-00160,Wheel Chock Rubber,RAW_MATERIALS,SUP-019,LOC-014,WH-N-BIN-40,238.0,40.0,630.96,2026-04-01,,false
SKU-00161,Steel Bolt M8,CHEMICALS,SUP-167,LOC-014,WH-N-BIN-41,260.0,20.0,37.60,2026-05-18,2027-01-30,false
SKU-00162,Hydraulic Hose 2in,ELECTRONICS,SUP-028,LOC-001,WH-A-BIN-42,128.0,30.0,627.21,2026-03-29,,false
SKU-00163,Industrial Solvent 5L,FOOD_DRY,SUP-097,LOC-007,WH-G-BIN-43,3.0,22.0,764.23,2026-04-29,,false
SKU-00164,Forklift Battery 24V,FOOD_COLD,SUP-129,LOC-019,WH-S-BIN-44,342.0,30.0,678.38,2026-02-10,,false
SKU-00165,Safety Gloves L,PACKAGING,SUP-156,LOC-002,WH-B-BIN-45,357.0,0,669.14,2026-04-11,,false
SKU-00166,Conveyor Belt Patch,MACHINERY_PARTS,SUP-085,LOC-008,WH-H-BIN-46,429.0,15.0,599.05,2026-05-27,,false
SKU-00167,Shrink Wrap Film Roll,PPE,SUP-114,LOC-008,WH-H-BIN-47,470.0,40.0,405.50,2026-03-25,2026-04-15,false
SKU-00168,Label Printer Ribbon,CLEANING,SUP-155,Warehouse P,WH-P-BIN-48,249.0,15.0,789.42,2026-02-08,,false
SKU-00169,Dock Leveler Seal,MEDICAL,SUP-199,LOC-008,WH-H-BIN-49,365.0,25.0,230.93,2026-04-06,,false
SKU-00170,LED Warehouse Light,RAW_MATERIALS,SUP-021,LOC-004,WH-D-BIN-50,235.0,25.0,705.39,2026-05-06,,false
SKU-00171,,CHEMICALS,SUP-117,LOC-006,WH-F-BIN-51,5.0,10.0,376.95,2026-05-31,,true
SKU-00172,Pallet Jack Wheel,ELECTRONICS,SUP-111,LOC-002,WH-B-BIN-52,2.0,10.0,735.06,2026-03-09,,false
SKU-00173,Barcode Scanner,FOOD_DRY,SUP-033,LOC-012,WH-L-BIN-53,376.0,0,474.00,2026-01-19,2027-01-14,false
SKU-00174,Fire Extinguisher 4kg,FOOD_COLD,SUP-185,LOC-004,WH-D-BIN-54,57.0,10.0,328.28,2026-03-02,,false
SKU-00175,PVC Pipe 50mm,PACKAGING,SUP-075,LOC-014,WH-N-BIN-55,264.0,0.0,472.47,2026-02-15,,false
SKU-00176,Rubber Gasket Set,MACHINERY_PARTS,SUP-039,LOC-003,WH-C-BIN-56,323.0,10.0,257.71,2026-05-11,,false
SKU-00177,Cable Tie Assorted,PPE,SUP-185,LOC-017,WH-Q-BIN-57,163.0,30.0,274.21,2026-02-01,,false
SKU-00178,,CLEANING,SUP-135,LOC-017,WH-Q-BIN-58,280.0,30.0,256.23,2026-05-11,,false
SKU-00179,,MEDICAL,SUP-011,LOC-005,WH-E-BIN-59,396.0,0.0,224.05,2026-01-19,,false
SKU-00180,,RAW_MATERIALS,SUP-026,LOC-011,WH-K-BIN-60,10.0,20.0,708.51,2026-04-13,,false
SKU-00181,Hand Truck,CHEMICALS,SUP-156,LOC-009,WH-I-BIN-61,74.0,0,442.63,2026-02-15,2026-11-08,false
SKU-00182,,ELECTRONICS,SUP-154,LOC-001,WH-A-BIN-62,476.0,10.0,658.27,2026-03-23,2026-03-11,false
SKU-00183,Epoxy Resin 1L,FOOD_DRY,SUP-073,LOC-007,WH-G-BIN-63,238.0,0,237.36,2026-05-28,,false
SKU-00184,Chain Block 1T,FOOD_COLD,SUP-114,LOC-004,WH-D-BIN-64,272.0,25.0,585.84,2026-05-27,,false
SKU-00185,Temperature Logger,PACKAGING,SUP-021,LOC-012,WH-L-BIN-65,426.0,40.0,406.63,2026-04-16,2026-06-05,false
SKU-00186,Anti-Slip Tape Roll,MACHINERY_PARTS,SUP-162,LOC-015,WH-O-BIN-66,282.0,40.0,253.22,2026-06-16,2026-03-29,false
SKU-00187,Welding Rod 3.2mm,PPE,SUP-026,LOC-014,WH-N-BIN-67,426.0,40.0,670.43,2026-01-16,,false
SKU-00188,Compressed Air Hose,CLEANING,SUP-163,LOC-002,WH-B-BIN-68,24.0,0,177.73,2026-05-06,,false
SKU-00189,First Aid Refill,MEDICAL,SUP-121,LOC-009,WH-I-BIN-69,268.0,0,160.46,2026-06-03,,false
SKU-00190,Racking Beam 2.4m,RAW_MATERIALS,SUP-186,LOC-017,WH-Q-BIN-70,5.0,40.0,568.57,2026-06-16,,false
SKU-00191,Stretch Hood Film,CHEMICALS,SUP-177,LOC-014,WH-N-BIN-71,334.0,20.0,388.42,2026-01-08,,false
SKU-00192,Load Cell 500kg,ELECTRONICS,SUP-060,LOC-010,WH-J-BIN-72,362.0,20.0,286.99,2026-02-22,,false
SKU-00193,Dock Bumpers Pair,FOOD_DRY,SUP-025,LOC-010,WH-J-BIN-73,77.0,15.0,336.84,2026-03-03,,false
SKU-00194,Floor Marking Paint,FOOD_COLD,SUP-064,Warehouse K,WH-K-BIN-74,30.0,0,279.37,2026-03-16,,false
SKU-00195,Battery Charger 24V,PACKAGING,SUP-199,LOC-005,WH-E-BIN-75,450.0,25.0,189.42,2026-04-12,,false
SKU-00196,Mesh Security Cage,MACHINERY_PARTS,SUP-130,LOC-009,WH-I-BIN-76,475.0,0,259.91,2026-01-04,,false
SKU-00197,Humidity Sensor Probe,PPE,SUP-106,LOC-011,WH-K-BIN-77,434.0,25.0,216.12,2026-04-30,,false
SKU-00198,Pallet Strap Tool,CLEANING,SUP-163,LOC-011,WH-K-BIN-78,43.0,0.0,134.90,2026-05-04,,false
SKU-00199,Coolant Concentrate,MEDICAL,SUP-158,LOC-004,WH-D-BIN-79,18.0,30.0,18.85,2026-03-20,2026-03-25,false
SKU-00200,Wheel Chock Rubber,RAW_MATERIALS,SUP-200,LOC-003,WH-C-BIN-80,190.0,40.0,524.64,2026-02-13,,false
SKU-00201,,CHEMICALS,SUP-093,LOC-007,WH-G-BIN-01,121.0,30.0,574.82,2026-04-12,,false
SKU-00202,Hydraulic Hose 2in,ELECTRONICS,SUP-085,LOC-012,WH-L-BIN-02,130.0,25.0,604.59,2026-02-11,2026-08-05,false
SKU-00203,Industrial Solvent 5L,FOOD_DRY,SUP-129,LOC-004,WH-D-BIN-03,425.0,0,185.54,2025-12-31,,false
SKU-00204,Forklift Battery 24V,FOOD_COLD,SUP-009,LOC-008,WH-H-BIN-04,13.0,0,689.86,2026-06-06,2026-12-11,false
SKU-00205,Safety Gloves L,PACKAGING,SUP-130,LOC-003,WH-C-BIN-05,380.0,40.0,484.69,2026-05-18,2027-04-29,false
SKU-00206,Conveyor Belt Patch,MACHINERY_PARTS,SUP-189,LOC-004,WH-D-BIN-06,425.0,30.0,628.25,2026-03-09,,false
SKU-00207,Shrink Wrap Film Roll,PPE,SUP-191,LOC-017,WH-Q-BIN-07,174.0,10.0,525.53,2026-02-25,,false
SKU-00208,Label Printer Ribbon,CLEANING,SUP-075,LOC-013,WH-M-BIN-08,67.0,25.0,228.97,2025-12-28,,false
SKU-00209,,MEDICAL,SUP-130,Warehouse R,WH-R-BIN-09,8.0,15.0,610.63,2026-05-29,,false
SKU-00210,LED Warehouse Light,RAW_MATERIALS,SUP-058,LOC-015,WH-O-BIN-10,32.0,30.0,451.40,2026-01-12,,false
SKU-00211,Nitrile Gloves Box,CHEMICALS,SUP-086,LOC-010,WH-J-BIN-11,434.0,15.0,167.73,2026-02-20,,false
SKU-00212,Pallet Jack Wheel,ELECTRONICS,SUP-037,LOC-003,WH-C-BIN-12,335.0,0,608.94,2026-06-10,,false
SKU-00213,Barcode Scanner,FOOD_DRY,SUP-065,LOC-016,WH-P-BIN-13,179.0,25.0,453.12,2026-03-13,2027-07-13,false
SKU-00214,Fire Extinguisher 4kg,FOOD_COLD,SUP-069,LOC-001,WH-A-BIN-14,127.0,40.0,522.30,2026-04-04,,false
SKU-00215,PVC Pipe 50mm,PACKAGING,SUP-182,LOC-015,WH-O-BIN-15,283.0,25.0,737.14,2026-03-09,,false
SKU-00216,Rubber Gasket Set,MACHINERY_PARTS,SUP-097,LOC-003,WH-C-BIN-16,9.0,0,696.06,2026-05-27,2027-03-07,false
SKU-00217,Cable Tie Assorted,PPE,SUP-109,LOC-002,WH-B-BIN-17,107.0,25.0,335.68,2026-06-23,2027-05-02,false
SKU-00218,Dust Mask N95 Pack,CLEANING,SUP-031,LOC-010,WH-J-BIN-18,170.0,25.0,259.26,2026-03-22,,false
SKU-00219,Wooden Pallet Std,MEDICAL,SUP-167,LOC-019,WH-S-BIN-19,92.0,15.0,761.69,2026-03-22,,false
SKU-00220,Steel Shelving Unit,RAW_MATERIALS,SUP-155,LOC-017,WH-Q-BIN-20,261.0,20.0,576.66,2026-05-22,,false
SKU-00221,Hand Truck,CHEMICALS,SUP-135,LOC-006,WH-F-BIN-21,444.0,40.0,55.50,2026-06-24,2027-03-23,true
SKU-00222,Spill Kit 20L,ELECTRONICS,SUP-052,LOC-007,WH-G-BIN-22,68.0,40.0,476.37,2026-06-08,2027-03-22,false
SKU-00223,Epoxy Resin 1L,FOOD_DRY,SUP-163,LOC-012,WH-L-BIN-23,472.0,30.0,221.12,2026-03-08,,false
SKU-00224,Chain Block 1T,FOOD_COLD,SUP-187,LOC-019,WH-S-BIN-24,208.0,20.0,433.73,2026-01-08,,false
SKU-00225,Temperature Logger,PACKAGING,SUP-020,LOC-007,WH-G-BIN-25,7.0,30.0,83.65,2026-02-12,,false
SKU-00226,Anti-Slip Tape Roll,MACHINERY_PARTS,SUP-166,LOC-019,WH-S-BIN-26,216.0,0.0,223.24,2026-01-19,,false
SKU-00227,Welding Rod 3.2mm,PPE,SUP-054,LOC-016,WH-P-BIN-27,21.0,0,118.90,2026-05-14,2027-06-05,false
SKU-00228,Compressed Air Hose,CLEANING,SUP-001,LOC-016,WH-P-BIN-28,59.0,20.0,646.17,2026-03-09,2026-04-21,false
SKU-00229,First Aid Refill,MEDICAL,SUP-084,LOC-016,WH-P-BIN-29,276.0,20.0,619.59,2026-02-24,,false
SKU-00230,Racking Beam 2.4m,RAW_MATERIALS,SUP-080,LOC-012,WH-L-BIN-30,287.0,0.0,674.07,2026-05-14,2026-04-09,false
SKU-00231,Stretch Hood Film,CHEMICALS,SUP-183,Warehouse I,WH-I-BIN-31,450.0,0,201.93,2026-05-26,,false
SKU-00232,Load Cell 500kg,ELECTRONICS,SUP-167,LOC-014,WH-N-BIN-32,12.0,20.0,278.10,2026-03-09,,false
SKU-00233,Dock Bumpers Pair,FOOD_DRY,SUP-158,LOC-007,WH-G-BIN-33,468.0,30.0,144.85,2026-06-23,,false
SKU-00234,Floor Marking Paint,FOOD_COLD,SUP-114,LOC-007,WH-G-BIN-34,19.0,20.0,732.81,2026-02-17,2027-01-30,false
SKU-00235,Battery Charger 24V,PACKAGING,SUP-156,LOC-001,WH-A-BIN-35,66.0,0,564.00,2026-04-16,2027-07-17,false
SKU-00236,Mesh Security Cage,MACHINERY_PARTS,SUP-147,LOC-002,WH-B-BIN-36,35.0,0.0,506.53,2026-02-20,,false
SKU-00237,Humidity Sensor Probe,PPE,SUP-122,LOC-006,WH-F-BIN-37,467.0,0,25.01,2026-05-17,2027-01-31,false
SKU-00238,Pallet Strap Tool,CLEANING,SUP-034,LOC-006,WH-F-BIN-38,234.0,10.0,569.05,2026-04-06,,false
SKU-00239,Coolant Concentrate,MEDICAL,SUP-140,Warehouse D,WH-D-BIN-39,1.0,20.0,719.93,2026-05-13,,false
SKU-00240,,RAW_MATERIALS,SUP-185,LOC-019,WH-S-BIN-40,13.0,20.0,51.06,2026-05-07,,false
SKU-00241,Steel Bolt M8,CHEMICALS,SUP-038,LOC-017,WH-Q-BIN-41,29.0,40.0,160.55,2026-02-16,2026-04-09,false
SKU-00242,Hydraulic Hose 2in,ELECTRONICS,SUP-080,LOC-001,WH-A-BIN-42,307.0,20.0,70.70,2026-02-27,,false
SKU-00243,Industrial Solvent 5L,FOOD_DRY,SUP-030,LOC-003,WH-C-BIN-43,113.0,0,772.68,2026-05-13,,false
SKU-00244,Forklift Battery 24V,FOOD_COLD,SUP-056,LOC-001,WH-A-BIN-44,211.0,40.0,754.24,2026-05-08,,false
SKU-00245,Safety Gloves L,PACKAGING,SUP-080,LOC-005,WH-E-BIN-45,214.0,0,332.36,2026-05-08,2027-01-03,false
SKU-00246,Conveyor Belt Patch,MACHINERY_PARTS,SUP-052,LOC-009,WH-I-BIN-46,171.0,15.0,463.80,2026-03-28,2027-01-23,false
SKU-00247,Shrink Wrap Film Roll,PPE,SUP-116,LOC-017,WH-Q-BIN-47,343.0,0.0,469.01,2026-05-17,,false
SKU-00248,Label Printer Ribbon,CLEANING,SUP-146,LOC-018,WH-R-BIN-48,379.0,0,232.37,2026-03-30,,false
SKU-00249,Dock Leveler Seal,MEDICAL,SUP-142,LOC-017,WH-Q-BIN-49,400.0,0.0,208.05,2026-02-26,,false
SKU-00250,,RAW_MATERIALS,SUP-009,Warehouse I,WH-I-BIN-50,284.0,10.0,259.75,2026-02-01,2027-05-22,false
SKU-00251,,CHEMICALS,SUP-169,LOC-013,WH-M-BIN-51,23.0,30.0,721.02,2026-05-16,,false
SKU-00252,Pallet Jack Wheel,ELECTRONICS,SUP-087,LOC-011,WH-K-BIN-52,23.0,40.0,150.56,2026-06-20,,false
SKU-00253,Barcode Scanner,FOOD_DRY,SUP-158,LOC-015,WH-O-BIN-53,323.0,25.0,667.61,2026-04-22,,false
SKU-00254,Fire Extinguisher 4kg,FOOD_COLD,SUP-154,LOC-012,WH-L-BIN-54,267.0,20.0,702.19,2026-02-16,,false
SKU-00255,PVC Pipe 50mm,PACKAGING,SUP-108,LOC-004,WH-D-BIN-55,416.0,25.0,132.89,2026-05-14,,false
SKU-00256,Rubber Gasket Set,MACHINERY_PARTS,SUP-153,LOC-010,WH-J-BIN-56,37.0,40.0,631.28,2026-06-12,2027-01-12,false
SKU-00257,Cable Tie Assorted,PPE,SUP-080,LOC-003,WH-C-BIN-57,6.0,24.0,527.57,2026-05-05,,false
SKU-00258,Dust Mask N95 Pack,CLEANING,SUP-078,LOC-006,WH-F-BIN-58,7.0,20.0,125.00,2026-02-03,,false
SKU-00259,Wooden Pallet Std,MEDICAL,SUP-002,LOC-012,WH-L-BIN-59,101.0,0,559.63,2026-02-25,,false
SKU-00260,Steel Shelving Unit,RAW_MATERIALS,SUP-119,Warehouse M,WH-M-BIN-60,144.0,40.0,321.11,2026-04-03,2026-10-02,false
SKU-00261,Hand Truck,CHEMICALS,SUP-173,LOC-010,WH-J-BIN-61,466.0,40.0,536.56,2026-01-26,2027-04-02,true
SKU-00262,Spill Kit 20L,ELECTRONICS,SUP-046,LOC-020,WH-T-BIN-62,140.0,0.0,489.23,2026-03-16,,false
SKU-00263,Epoxy Resin 1L,FOOD_DRY,SUP-166,LOC-003,WH-C-BIN-63,90.0,15.0,349.45,2026-03-31,2026-05-18,false
SKU-00264,,FOOD_COLD,SUP-168,LOC-013,WH-M-BIN-64,5.0,15.0,29.79,2026-03-10,,false
SKU-00265,Temperature Logger,PACKAGING,SUP-042,LOC-006,WH-F-BIN-65,369.0,25.0,278.34,2026-05-31,,false
SKU-00266,,MACHINERY_PARTS,SUP-004,LOC-013,WH-M-BIN-66,9.0,15.0,389.94,2026-01-05,,false
SKU-00267,Welding Rod 3.2mm,PPE,SUP-109,LOC-013,WH-M-BIN-67,47.0,0.0,483.70,2026-03-02,,false
SKU-00268,Compressed Air Hose,CLEANING,SUP-096,LOC-017,WH-Q-BIN-68,262.0,0,91.11,2026-05-11,,false
SKU-00269,First Aid Refill,MEDICAL,SUP-137,LOC-014,WH-N-BIN-69,216.0,0.0,472.94,2026-05-06,2027-07-23,false
SKU-00270,Racking Beam 2.4m,RAW_MATERIALS,SUP-158,LOC-017,WH-Q-BIN-70,466.0,40.0,33.80,2026-02-20,2026-05-20,false
SKU-00271,Stretch Hood Film,CHEMICALS,SUP-094,Warehouse O,WH-O-BIN-71,475.0,10.0,540.65,2026-06-19,,false
SKU-00272,,ELECTRONICS,SUP-076,LOC-006,WH-F-BIN-72,11.0,20.0,287.08,2026-06-16,2026-09-21,false
SKU-00273,Dock Bumpers Pair,FOOD_DRY,SUP-190,Warehouse R,WH-R-BIN-73,18.0,25.0,507.07,2026-03-07,,false
SKU-00274,Floor Marking Paint,FOOD_COLD,SUP-089,LOC-009,WH-I-BIN-74,372.0,25.0,745.95,2026-02-11,,false
SKU-00275,Battery Charger 24V,PACKAGING,SUP-118,LOC-019,WH-S-BIN-75,59.0,10.0,781.52,2026-01-13,2026-04-09,false
SKU-00276,Mesh Security Cage,MACHINERY_PARTS,SUP-098,Warehouse D,WH-D-BIN-76,21.0,30.0,19.86,2026-04-21,,false
SKU-00277,,PPE,SUP-111,LOC-003,WH-C-BIN-77,5.0,10.0,432.25,2026-04-24,,false
SKU-00278,Pallet Strap Tool,CLEANING,SUP-096,LOC-002,WH-B-BIN-78,262.0,30.0,551.71,2026-05-09,,false
SKU-00279,Coolant Concentrate,MEDICAL,SUP-129,LOC-009,WH-I-BIN-79,43.0,0,219.60,2026-03-13,,false
SKU-00280,Wheel Chock Rubber,RAW_MATERIALS,SUP-005,LOC-007,WH-G-BIN-80,232.0,0,632.63,2026-01-14,,false
SKU-00281,Steel Bolt M8,CHEMICALS,SUP-025,LOC-011,WH-K-BIN-01,6.0,15.0,583.07,2026-01-21,,false
SKU-00282,,ELECTRONICS,SUP-108,LOC-019,WH-S-BIN-02,324.0,40.0,12.03,2026-03-30,,false
SKU-00283,Industrial Solvent 5L,FOOD_DRY,SUP-089,LOC-011,WH-K-BIN-03,8.0,16.0,206.04,2026-06-17,2027-02-10,false
SKU-00284,Forklift Battery 24V,FOOD_COLD,SUP-021,LOC-019,WH-S-BIN-04,269.0,0,296.61,2026-04-12,2027-04-23,false
SKU-00285,Safety Gloves L,PACKAGING,SUP-116,LOC-011,WH-K-BIN-05,38.0,0,346.36,2026-06-20,,false
SKU-00286,Conveyor Belt Patch,MACHINERY_PARTS,SUP-143,LOC-010,WH-J-BIN-06,271.0,40.0,303.99,2026-05-25,,false
SKU-00287,Shrink Wrap Film Roll,PPE,SUP-102,LOC-004,WH-D-BIN-07,128.0,15.0,613.97,2026-03-15,2026-10-15,false
SKU-00288,,CLEANING,SUP-105,LOC-018,WH-R-BIN-08,404.0,20.0,616.86,2026-01-15,,false
SKU-00289,Dock Leveler Seal,MEDICAL,SUP-171,LOC-004,WH-D-BIN-09,344.0,40.0,314.95,2026-03-14,,false
SKU-00290,LED Warehouse Light,RAW_MATERIALS,SUP-194,LOC-016,WH-P-BIN-10,166.0,25.0,143.75,2026-04-13,,false
SKU-00291,Nitrile Gloves Box,CHEMICALS,SUP-137,LOC-001,WH-A-BIN-11,191.0,0.0,547.31,2026-05-31,,true
SKU-00292,Pallet Jack Wheel,ELECTRONICS,SUP-108,LOC-014,WH-N-BIN-12,116.0,25.0,403.68,2026-06-05,2027-06-08,false
SKU-00293,Barcode Scanner,FOOD_DRY,SUP-147,LOC-020,WH-T-BIN-13,229.0,40.0,501.15,2026-01-01,2027-05-13,false
SKU-00294,Fire Extinguisher 4kg,FOOD_COLD,SUP-095,LOC-003,WH-C-BIN-14,400.0,10.0,410.05,2026-05-07,,false
SKU-00295,PVC Pipe 50mm,PACKAGING,SUP-118,LOC-006,WH-F-BIN-15,390.0,20.0,737.27,2026-04-04,,false
SKU-00296,Rubber Gasket Set,MACHINERY_PARTS,SUP-076,LOC-005,WH-E-BIN-16,8.0,0,356.04,2026-04-25,,false
SKU-00297,Cable Tie Assorted,PPE,SUP-119,LOC-006,WH-F-BIN-17,20.0,30.0,727.29,2026-04-24,,false
SKU-00298,Dust Mask N95 Pack,CLEANING,SUP-185,LOC-015,WH-O-BIN-18,23.0,10.0,416.77,2026-02-25,,false
SKU-00299,Wooden Pallet Std,MEDICAL,SUP-019,LOC-013,WH-M-BIN-19,233.0,0,573.20,2026-01-21,,false
SKU-00300,Steel Shelving Unit,RAW_MATERIALS,SUP-183,LOC-018,WH-R-BIN-20,244.0,0,319.92,2026-06-15,,false
SKU-00301,Hand Truck,CHEMICALS,SUP-103,LOC-012,WH-L-BIN-21,494.0,40.0,101.00,2026-05-19,,false
SKU-00302,Spill Kit 20L,ELECTRONICS,SUP-193,LOC-019,WH-S-BIN-22,77.0,0.0,115.28,2026-04-24,,false
SKU-00303,Epoxy Resin 1L,FOOD_DRY,SUP-054,LOC-016,WH-P-BIN-23,69.0,20.0,567.85,2026-04-24,,false
SKU-00304,Chain Block 1T,FOOD_COLD,SUP-088,LOC-009,WH-I-BIN-24,372.0,20.0,455.45,2026-01-24,,false
SKU-00305,Temperature Logger,PACKAGING,SUP-195,LOC-002,WH-B-BIN-25,95.0,15.0,297.94,2026-03-25,2026-03-05,false
SKU-00306,Anti-Slip Tape Roll,MACHINERY_PARTS,SUP-079,LOC-010,WH-J-BIN-26,101.0,40.0,539.28,2026-05-17,,false
SKU-00307,Welding Rod 3.2mm,PPE,SUP-038,LOC-005,WH-E-BIN-27,169.0,30.0,467.42,2026-05-19,2026-11-11,false
SKU-00308,Compressed Air Hose,CLEANING,SUP-004,LOC-019,WH-S-BIN-28,206.0,20.0,325.86,2026-01-18,,false
SKU-00309,,MEDICAL,SUP-089,LOC-006,WH-F-BIN-29,99.0,40.0,303.63,2026-02-21,,false
SKU-00310,,RAW_MATERIALS,SUP-135,LOC-006,WH-F-BIN-30,109.0,25.0,53.67,2026-04-29,,false
SKU-00311,Stretch Hood Film,CHEMICALS,SUP-053,LOC-010,WH-J-BIN-31,96.0,15.0,520.70,2026-03-26,,false
SKU-00312,Load Cell 500kg,ELECTRONICS,SUP-164,LOC-019,WH-S-BIN-32,450.0,0,718.71,2026-05-05,,false
SKU-00313,Dock Bumpers Pair,FOOD_DRY,SUP-171,LOC-012,WH-L-BIN-33,224.0,10.0,218.64,2026-02-09,,false
SKU-00314,Floor Marking Paint,FOOD_COLD,SUP-021,LOC-018,WH-R-BIN-34,48.0,0.0,552.38,2026-01-10,2026-10-27,false
SKU-00315,Battery Charger 24V,PACKAGING,SUP-059,Warehouse H,WH-H-BIN-35,387.0,40.0,214.08,2026-04-15,2026-04-09,false
SKU-00316,Mesh Security Cage,MACHINERY_PARTS,SUP-191,LOC-003,WH-C-BIN-36,395.0,15.0,107.77,2026-04-09,2026-03-02,false
SKU-00317,Humidity Sensor Probe,PPE,SUP-054,LOC-002,WH-B-BIN-37,144.0,15.0,430.47,2026-06-12,,false
SKU-00318,Pallet Strap Tool,CLEANING,SUP-163,LOC-011,WH-K-BIN-38,120.0,10.0,81.70,2026-01-26,,false
SKU-00319,Coolant Concentrate,MEDICAL,SUP-154,LOC-007,WH-G-BIN-39,173.0,25.0,91.00,2026-03-04,,false
SKU-00320,Wheel Chock Rubber,RAW_MATERIALS,SUP-151,LOC-007,WH-G-BIN-40,345.0,0.0,481.88,2026-02-19,2027-02-19,false
SKU-00321,Steel Bolt M8,CHEMICALS,SUP-085,LOC-006,WH-F-BIN-41,267.0,30.0,694.07,2026-04-23,,true
SKU-00322,Hydraulic Hose 2in,ELECTRONICS,SUP-129,LOC-018,WH-R-BIN-42,340.0,20.0,391.09,2026-04-05,,false
SKU-00323,,FOOD_DRY,SUP-121,LOC-017,WH-Q-BIN-43,14.0,25.0,275.26,2026-01-01,2027-03-09,false
SKU-00324,Forklift Battery 24V,FOOD_COLD,SUP-047,LOC-018,WH-R-BIN-44,4.0,15.0,257.37,2026-02-10,,false
SKU-00325,,PACKAGING,SUP-027,LOC-016,WH-P-BIN-45,173.0,40.0,260.36,2026-05-07,,false
SKU-00326,Conveyor Belt Patch,MACHINERY_PARTS,SUP-044,LOC-013,WH-M-BIN-46,100.0,0.0,784.96,2026-01-09,,false
SKU-00327,,PPE,SUP-107,LOC-020,WH-T-BIN-47,391.0,0.0,685.28,2026-04-09,,false
SKU-00328,Label Printer Ribbon,CLEANING,SUP-038,LOC-012,WH-L-BIN-48,190.0,20.0,247.80,2026-02-01,,false
SKU-00329,Dock Leveler Seal,MEDICAL,SUP-196,LOC-013,WH-M-BIN-49,22.0,25.0,284.18,2026-05-21,,false
SKU-00330,LED Warehouse Light,RAW_MATERIALS,SUP-197,wh_o,WH-O-BIN-50,29.0,20.0,206.23,2026-03-22,,false
SKU-00331,Nitrile Gloves Box,CHEMICALS,SUP-083,LOC-001,WH-A-BIN-51,424.0,25.0,494.81,2026-03-05,2026-11-13,false
SKU-00332,Pallet Jack Wheel,ELECTRONICS,SUP-020,LOC-004,WH-D-BIN-52,102.0,15.0,376.96,2026-06-14,,false
SKU-00333,Barcode Scanner,FOOD_DRY,SUP-177,LOC-013,WH-M-BIN-53,269.0,40.0,49.33,2026-06-11,,false
SKU-00334,Fire Extinguisher 4kg,FOOD_COLD,SUP-071,LOC-011,WH-K-BIN-54,209.0,30.0,704.92,2026-06-07,,false
SKU-00335,,PACKAGING,SUP-199,LOC-011,WH-K-BIN-55,231.0,40.0,460.12,2026-02-02,,false
SKU-00336,Rubber Gasket Set,MACHINERY_PARTS,SUP-113,LOC-003,WH-C-BIN-56,187.0,15.0,425.76,2026-04-12,,false
SKU-00337,Cable Tie Assorted,PPE,SUP-036,LOC-001,WH-A-BIN-57,414.0,0.0,560.00,2026-04-06,2026-03-17,false
SKU-00338,,CLEANING,SUP-198,LOC-012,WH-L-BIN-58,402.0,25.0,369.72,2026-04-01,,false
SKU-00339,Wooden Pallet Std,MEDICAL,SUP-174,LOC-007,WH-G-BIN-59,152.0,40.0,514.51,2026-03-08,2026-09-25,false
SKU-00340,Steel Shelving Unit,RAW_MATERIALS,SUP-125,LOC-013,WH-M-BIN-60,44.0,0,300.03,2026-02-01,2026-04-21,false
SKU-00341,Hand Truck,CHEMICALS,SUP-009,LOC-014,WH-N-BIN-61,467.0,30.0,460.70,2026-01-14,,true
SKU-00342,Spill Kit 20L,ELECTRONICS,SUP-145,LOC-003,WH-C-BIN-62,305.0,10.0,677.35,2026-06-03,,false
SKU-00343,Epoxy Resin 1L,FOOD_DRY,SUP-120,LOC-019,WH-S-BIN-63,352.0,30.0,345.90,2026-04-16,,false
SKU-00344,Chain Block 1T,FOOD_COLD,SUP-116,LOC-015,WH-O-BIN-64,97.0,40.0,461.03,2026-03-01,2026-04-04,false
SKU-00345,,PACKAGING,SUP-200,LOC-017,WH-Q-BIN-65,398.0,40.0,236.46,2026-01-17,2027-05-16,false
SKU-00346,Anti-Slip Tape Roll,MACHINERY_PARTS,SUP-005,LOC-013,WH-M-BIN-66,135.0,10.0,468.33,2026-04-03,,false
SKU-00347,Welding Rod 3.2mm,PPE,SUP-118,LOC-018,WH-R-BIN-67,360.0,40.0,714.81,2026-01-29,,false
SKU-00348,Compressed Air Hose,CLEANING,SUP-049,LOC-005,WH-E-BIN-68,95.0,0.0,755.71,2026-06-15,2027-05-30,false
SKU-00349,First Aid Refill,MEDICAL,SUP-139,LOC-005,WH-E-BIN-69,55.0,20.0,162.96,2026-05-15,2026-11-09,false
SKU-00350,Racking Beam 2.4m,RAW_MATERIALS,SUP-070,LOC-014,WH-N-BIN-70,499.0,15.0,100.24,2026-03-21,2027-03-08,false
SKU-00351,Stretch Hood Film,CHEMICALS,SUP-114,LOC-001,WH-A-BIN-71,400.0,0.0,358.56,2026-03-15,2026-08-20,true
SKU-00352,Load Cell 500kg,ELECTRONICS,SUP-152,Warehouse M,WH-M-BIN-72,3.0,26.0,99.12,2026-05-03,,false
SKU-00353,Dock Bumpers Pair,FOOD_DRY,SUP-126,LOC-004,WH-D-BIN-73,329.0,40.0,169.84,2026-06-02,,false
SKU-00354,Floor Marking Paint,FOOD_COLD,SUP-093,LOC-017,WH-Q-BIN-74,150.0,25.0,643.12,2026-03-15,2027-02-05,false
SKU-00355,Battery Charger 24V,PACKAGING,SUP-091,Warehouse D,WH-D-BIN-75,178.0,0,241.95,2025-12-28,,false
SKU-00356,Mesh Security Cage,MACHINERY_PARTS,SUP-167,LOC-003,WH-C-BIN-76,434.0,40.0,221.22,2026-01-11,,false
SKU-00357,Humidity Sensor Probe,PPE,SUP-012,LOC-011,WH-K-BIN-77,453.0,15.0,113.90,2026-02-25,2026-10-13,false
SKU-00358,Pallet Strap Tool,CLEANING,SUP-016,LOC-002,WH-B-BIN-78,430.0,30.0,494.81,2026-05-16,,false
SKU-00359,Coolant Concentrate,MEDICAL,SUP-045,LOC-014,WH-N-BIN-79,499.0,15.0,535.60,2026-03-24,,false
SKU-00360,,RAW_MATERIALS,SUP-042,LOC-004,WH-D-BIN-80,274.0,0,673.46,2026-01-17,,false
SKU-00361,Steel Bolt M8,CHEMICALS,SUP-008,LOC-011,WH-K-BIN-01,33.0,0.0,731.03,2026-06-14,2026-10-07,false
SKU-00362,,ELECTRONICS,SUP-185,LOC-020,WH-T-BIN-02,1.0,30.0,790.58,2026-05-28,2027-02-25,false
SKU-00363,Industrial Solvent 5L,FOOD_DRY,SUP-119,LOC-016,WH-P-BIN-03,458.0,25.0,647.92,2026-06-25,,false
SKU-00364,,FOOD_COLD,SUP-122,LOC-010,WH-J-BIN-04,480.0,25.0,293.74,2026-01-19,,false
SKU-00365,,PACKAGING,SUP-123,LOC-004,WH-D-BIN-05,403.0,25.0,105.59,2026-05-20,2027-04-15,false
SKU-00366,Conveyor Belt Patch,MACHINERY_PARTS,SUP-169,LOC-008,WH-H-BIN-06,7.0,10.0,201.32,2026-04-22,,false
SKU-00367,Shrink Wrap Film Roll,PPE,SUP-187,LOC-006,WH-F-BIN-07,174.0,40.0,416.89,2026-01-29,,false
SKU-00368,Label Printer Ribbon,CLEANING,SUP-195,LOC-009,WH-I-BIN-08,187.0,15.0,747.83,2026-06-17,,false
SKU-00369,Dock Leveler Seal,MEDICAL,SUP-162,Warehouse M,WH-M-BIN-09,3.0,10.0,29.22,2026-04-26,2026-04-05,false
SKU-00370,,RAW_MATERIALS,SUP-102,LOC-006,WH-F-BIN-10,25.0,20.0,503.71,2026-01-29,,false
SKU-00371,Nitrile Gloves Box,CHEMICALS,SUP-116,LOC-013,WH-M-BIN-11,252.0,15.0,525.06,2026-02-14,2026-12-16,false
SKU-00372,,ELECTRONICS,SUP-048,LOC-011,WH-K-BIN-12,194.0,20.0,531.27,2026-01-05,,false
SKU-00373,Barcode Scanner,FOOD_DRY,SUP-196,LOC-011,WH-K-BIN-13,12.0,0,102.73,2026-04-28,2027-04-30,false
SKU-00374,Fire Extinguisher 4kg,FOOD_COLD,SUP-029,LOC-015,WH-O-BIN-14,301.0,10.0,363.15,2026-02-04,,false
SKU-00375,PVC Pipe 50mm,PACKAGING,SUP-130,LOC-003,WH-C-BIN-15,223.0,15.0,115.08,2026-01-02,,false
SKU-00376,Rubber Gasket Set,MACHINERY_PARTS,SUP-199,LOC-008,WH-H-BIN-16,121.0,10.0,123.11,2026-02-10,,false
SKU-00377,Cable Tie Assorted,PPE,SUP-013,LOC-017,WH-Q-BIN-17,292.0,0.0,425.63,2026-03-22,,false
SKU-00378,Dust Mask N95 Pack,CLEANING,SUP-026,Warehouse F,WH-F-BIN-18,104.0,40.0,123.34,2026-01-20,2027-07-27,false
SKU-00379,Wooden Pallet Std,MEDICAL,SUP-052,LOC-014,WH-N-BIN-19,45.0,20.0,720.96,2026-03-10,,false
SKU-00380,Steel Shelving Unit,RAW_MATERIALS,SUP-120,LOC-016,WH-P-BIN-20,89.0,0,445.49,2026-04-07,2027-07-23,false
SKU-00381,Hand Truck,CHEMICALS,SUP-188,LOC-007,WH-G-BIN-21,324.0,30.0,113.96,2026-02-22,2026-05-04,false
SKU-00382,Spill Kit 20L,ELECTRONICS,SUP-101,LOC-008,WH-H-BIN-22,101.0,0.0,58.28,2026-04-16,2027-01-21,false
SKU-00383,Epoxy Resin 1L,FOOD_DRY,SUP-103,LOC-005,WH-E-BIN-23,391.0,10.0,115.64,2026-04-16,2027-03-10,false
SKU-00384,Chain Block 1T,FOOD_COLD,SUP-003,LOC-011,WH-K-BIN-24,80.0,40.0,479.56,2026-04-27,,false
SKU-00385,Temperature Logger,PACKAGING,SUP-077,LOC-015,WH-O-BIN-25,83.0,0.0,274.42,2026-04-17,2027-07-29,false
SKU-00386,,MACHINERY_PARTS,SUP-098,LOC-002,WH-B-BIN-26,476.0,0.0,136.43,2025-12-30,,false
SKU-00387,Welding Rod 3.2mm,PPE,SUP-195,LOC-016,WH-P-BIN-27,135.0,20.0,767.87,2026-03-25,,false
SKU-00388,Compressed Air Hose,CLEANING,SUP-171,LOC-008,WH-H-BIN-28,448.0,25.0,692.40,2026-04-15,2026-09-17,false
SKU-00389,First Aid Refill,MEDICAL,SUP-065,LOC-009,WH-I-BIN-29,280.0,40.0,286.62,2026-06-22,,false
SKU-00390,,RAW_MATERIALS,SUP-183,LOC-004,WH-D-BIN-30,268.0,0,533.17,2026-05-30,,false
SKU-00391,Stretch Hood Film,CHEMICALS,SUP-144,LOC-016,WH-P-BIN-31,448.0,30.0,534.71,2026-06-15,,false
SKU-00392,,ELECTRONICS,SUP-165,LOC-019,WH-S-BIN-32,4.0,10.0,723.22,2026-03-10,,false
SKU-00393,Dock Bumpers Pair,FOOD_DRY,SUP-184,LOC-013,WH-M-BIN-33,40.0,40.0,459.53,2026-02-12,,false
SKU-00394,,FOOD_COLD,SUP-103,Warehouse B,WH-B-BIN-34,432.0,0.0,22.46,2026-01-31,,false
SKU-00395,Battery Charger 24V,PACKAGING,SUP-007,LOC-006,WH-F-BIN-35,27.0,40.0,679.85,2026-04-22,,false
SKU-00396,Mesh Security Cage,MACHINERY_PARTS,SUP-175,LOC-012,WH-L-BIN-36,200.0,20.0,40.14,2026-02-28,,false
SKU-00397,Humidity Sensor Probe,PPE,SUP-197,LOC-009,WH-I-BIN-37,102.0,0,258.86,2026-03-15,,false
SKU-00398,Pallet Strap Tool,CLEANING,SUP-200,LOC-012,WH-L-BIN-38,108.0,0.0,493.89,2026-04-28,,false
SKU-00399,Coolant Concentrate,MEDICAL,SUP-079,LOC-011,WH-K-BIN-39,488.0,0,398.76,2026-05-09,,false
SKU-00400,Wheel Chock Rubber,RAW_MATERIALS,SUP-052,LOC-013,WH-M-BIN-40,458.0,20.0,716.83,2026-05-16,,false
SKU-00401,,CHEMICALS,SUP-083,LOC-006,WH-F-BIN-41,5.0,10.0,449.27,2026-02-02,,false
SKU-00402,Hydraulic Hose 2in,ELECTRONICS,SUP-159,LOC-013,WH-M-BIN-42,6.0,40.0,531.23,2026-04-19,,false
SKU-00403,Industrial Solvent 5L,FOOD_DRY,SUP-184,LOC-005,WH-E-BIN-43,292.0,20.0,676.32,2026-04-11,,false
SKU-00404,Forklift Battery 24V,FOOD_COLD,SUP-146,LOC-020,WH-T-BIN-44,185.0,0,125.70,2026-04-16,2027-05-02,false
SKU-00405,Safety Gloves L,PACKAGING,SUP-127,LOC-001,WH-A-BIN-45,446.0,15.0,649.60,2026-05-19,2027-06-22,false
SKU-00406,Conveyor Belt Patch,MACHINERY_PARTS,SUP-076,LOC-001,WH-A-BIN-46,50.0,15.0,441.88,2026-01-31,,false
SKU-00407,Shrink Wrap Film Roll,PPE,SUP-106,LOC-007,WH-G-BIN-47,454.0,15.0,722.07,2026-03-18,,false
SKU-00408,Label Printer Ribbon,CLEANING,SUP-181,LOC-009,WH-I-BIN-48,206.0,0,720.24,2026-04-26,,false
SKU-00409,,MEDICAL,SUP-139,LOC-011,WH-K-BIN-49,59.0,20.0,789.03,2026-04-23,,false
SKU-00410,LED Warehouse Light,RAW_MATERIALS,SUP-149,LOC-018,WH-R-BIN-50,69.0,15.0,381.64,2026-04-06,,false
SKU-00411,Nitrile Gloves Box,CHEMICALS,SUP-155,LOC-004,WH-D-BIN-51,388.0,15.0,657.22,2026-04-29,,false
SKU-00412,Pallet Jack Wheel,ELECTRONICS,SUP-014,LOC-019,WH-S-BIN-52,336.0,25.0,19.65,2026-03-03,2026-10-21,false
SKU-00413,,FOOD_DRY,SUP-167,LOC-018,WH-R-BIN-53,478.0,10.0,284.82,2026-04-16,2027-07-10,false
SKU-00414,,FOOD_COLD,SUP-065,LOC-019,WH-S-BIN-54,34.0,40.0,754.31,2026-03-16,,false
SKU-00415,PVC Pipe 50mm,PACKAGING,SUP-170,LOC-007,WH-G-BIN-55,178.0,25.0,456.75,2026-02-15,,false
SKU-00416,Rubber Gasket Set,MACHINERY_PARTS,SUP-037,LOC-014,WH-N-BIN-56,296.0,0.0,776.77,2026-06-12,,false
SKU-00417,Cable Tie Assorted,PPE,SUP-151,LOC-012,WH-L-BIN-57,416.0,10.0,584.84,2026-05-07,,false
SKU-00418,Dust Mask N95 Pack,CLEANING,SUP-154,LOC-008,WH-H-BIN-58,408.0,0.0,583.48,2026-04-02,2027-04-05,false
SKU-00419,Wooden Pallet Std,MEDICAL,SUP-025,LOC-003,WH-C-BIN-59,313.0,25.0,306.27,2026-02-24,,false
SKU-00420,Steel Shelving Unit,RAW_MATERIALS,SUP-088,LOC-005,WH-E-BIN-60,69.0,15.0,203.11,2026-06-02,,false
SKU-00421,Hand Truck,CHEMICALS,SUP-067,LOC-006,WH-F-BIN-61,122.0,25.0,273.10,2026-06-01,,false
SKU-00422,Spill Kit 20L,ELECTRONICS,SUP-156,LOC-001,WH-A-BIN-62,305.0,10.0,12.04,2026-04-03,2027-04-22,false
SKU-00423,Epoxy Resin 1L,FOOD_DRY,SUP-079,LOC-013,WH-M-BIN-63,429.0,10.0,764.66,2026-05-08,,false
SKU-00424,Chain Block 1T,FOOD_COLD,SUP-128,LOC-020,WH-T-BIN-64,294.0,15.0,730.27,2026-01-23,,false
SKU-00425,Temperature Logger,PACKAGING,SUP-147,LOC-012,WH-L-BIN-65,476.0,15.0,406.85,2026-03-04,,false
SKU-00426,Anti-Slip Tape Roll,MACHINERY_PARTS,SUP-160,LOC-001,WH-A-BIN-66,498.0,0,234.56,2026-03-28,,false
SKU-00427,Welding Rod 3.2mm,PPE,SUP-152,LOC-006,WH-F-BIN-67,105.0,30.0,797.88,2026-03-31,,false
SKU-00428,Compressed Air Hose,CLEANING,SUP-169,LOC-015,WH-O-BIN-68,445.0,0,54.24,2026-04-23,2027-05-05,false
SKU-00429,,MEDICAL,SUP-037,LOC-012,WH-L-BIN-69,438.0,15.0,733.46,2026-02-23,2026-08-25,false
SKU-00430,Racking Beam 2.4m,RAW_MATERIALS,SUP-026,LOC-019,WH-S-BIN-70,6.0,26.0,418.29,2026-02-06,,false
SKU-00431,Stretch Hood Film,CHEMICALS,SUP-073,LOC-007,WH-G-BIN-71,89.0,20.0,342.20,2026-03-06,,true
SKU-00432,Load Cell 500kg,ELECTRONICS,SUP-007,LOC-016,WH-P-BIN-72,73.0,25.0,399.10,2026-04-13,,false
SKU-00433,Dock Bumpers Pair,FOOD_DRY,SUP-136,LOC-002,WH-B-BIN-73,2.0,19.0,457.88,2026-05-12,,false
SKU-00434,Floor Marking Paint,FOOD_COLD,SUP-190,LOC-011,WH-K-BIN-74,5.0,10.0,431.14,2026-01-01,,false
SKU-00435,,PACKAGING,SUP-190,LOC-014,WH-N-BIN-75,288.0,30.0,37.69,2026-05-02,,false
SKU-00436,,MACHINERY_PARTS,SUP-118,LOC-004,WH-D-BIN-76,476.0,15.0,397.23,2026-01-30,,false
SKU-00437,,PPE,SUP-004,LOC-020,WH-T-BIN-77,492.0,10.0,5.78,2026-04-25,2026-12-21,false
SKU-00438,Pallet Strap Tool,CLEANING,SUP-046,LOC-011,WH-K-BIN-78,443.0,25.0,126.43,2026-01-23,,false
SKU-00439,,MEDICAL,SUP-160,LOC-008,WH-H-BIN-79,152.0,40.0,691.27,2026-01-16,,false
SKU-00440,Wheel Chock Rubber,RAW_MATERIALS,SUP-053,LOC-010,WH-J-BIN-80,397.0,40.0,302.95,2026-05-08,2027-02-22,false
SKU-00441,Steel Bolt M8,CHEMICALS,SUP-065,LOC-016,WH-P-BIN-01,25.0,30.0,360.40,2026-01-07,,false
SKU-00442,,ELECTRONICS,SUP-164,LOC-003,WH-C-BIN-02,8.0,10.0,263.25,2026-04-21,2026-04-18,false
SKU-00443,Industrial Solvent 5L,FOOD_DRY,SUP-073,LOC-013,WH-M-BIN-03,166.0,30.0,317.14,2026-05-05,2026-09-25,false
SKU-00444,Forklift Battery 24V,FOOD_COLD,SUP-143,LOC-003,WH-C-BIN-04,274.0,0.0,89.26,2026-04-28,2027-03-28,false
SKU-00445,Safety Gloves L,PACKAGING,SUP-100,LOC-002,WH-B-BIN-05,62.0,15.0,297.98,2026-05-20,2027-06-06,false
SKU-00446,Conveyor Belt Patch,MACHINERY_PARTS,SUP-153,whse o,WH-O-BIN-06,41.0,0.0,615.30,2026-04-05,,false
SKU-00447,Shrink Wrap Film Roll,PPE,SUP-146,LOC-002,WH-B-BIN-07,98.0,10.0,281.39,2026-05-05,,false
SKU-00448,Label Printer Ribbon,CLEANING,SUP-101,LOC-002,WH-B-BIN-08,98.0,25.0,157.08,2026-01-08,2027-06-12,false
SKU-00449,Dock Leveler Seal,MEDICAL,SUP-007,LOC-015,WH-O-BIN-09,4.0,29.0,116.40,2026-04-05,,false
SKU-00450,LED Warehouse Light,RAW_MATERIALS,SUP-029,LOC-002,WH-B-BIN-10,53.0,40.0,137.59,2026-04-04,,false
SKU-00451,Nitrile Gloves Box,CHEMICALS,SUP-010,LOC-012,WH-L-BIN-11,4.0,0,451.04,2026-03-18,2026-06-25,false
SKU-00452,Pallet Jack Wheel,ELECTRONICS,SUP-058,LOC-004,WH-D-BIN-12,2.0,10.0,749.89,2026-01-11,,false
SKU-00453,Barcode Scanner,FOOD_DRY,SUP-073,LOC-013,WH-M-BIN-13,335.0,40.0,490.86,2026-03-29,2027-04-03,false
SKU-00454,Fire Extinguisher 4kg,FOOD_COLD,SUP-123,LOC-015,WH-O-BIN-14,252.0,15.0,585.32,2026-03-18,2027-06-17,false
SKU-00455,PVC Pipe 50mm,PACKAGING,SUP-042,LOC-009,WH-I-BIN-15,10.0,20.0,569.13,2026-02-07,,false
SKU-00456,Rubber Gasket Set,MACHINERY_PARTS,SUP-103,LOC-008,WH-H-BIN-16,450.0,15.0,707.13,2026-02-28,,false
SKU-00457,,PPE,SUP-114,LOC-015,WH-O-BIN-17,257.0,25.0,579.20,2026-05-04,,false
SKU-00458,Dust Mask N95 Pack,CLEANING,SUP-056,LOC-008,WH-H-BIN-18,117.0,40.0,627.73,2026-03-24,,false
SKU-00459,Wooden Pallet Std,MEDICAL,SUP-141,LOC-015,WH-O-BIN-19,411.0,0.0,315.48,2026-02-25,,false
SKU-00460,Steel Shelving Unit,RAW_MATERIALS,SUP-139,LOC-004,WH-D-BIN-20,251.0,40.0,499.63,2026-06-12,,false
SKU-00461,,CHEMICALS,SUP-056,LOC-007,WH-G-BIN-21,302.0,20.0,346.56,2026-03-04,,true
SKU-00462,,ELECTRONICS,SUP-099,LOC-007,WH-G-BIN-22,24.0,30.0,513.71,2026-01-29,,false
SKU-00463,Epoxy Resin 1L,FOOD_DRY,SUP-039,LOC-007,WH-G-BIN-23,182.0,25.0,254.34,2026-01-20,2027-04-01,false
SKU-00464,Chain Block 1T,FOOD_COLD,SUP-189,LOC-017,WH-Q-BIN-24,7.0,40.0,736.30,2026-06-12,2026-07-30,false
SKU-00465,Temperature Logger,PACKAGING,SUP-024,LOC-011,WH-K-BIN-25,496.0,20.0,247.43,2026-06-09,2026-11-12,false
SKU-00466,Anti-Slip Tape Roll,MACHINERY_PARTS,SUP-160,LOC-012,WH-L-BIN-26,318.0,20.0,141.82,2026-04-09,,false
SKU-00467,Welding Rod 3.2mm,PPE,SUP-144,LOC-004,WH-D-BIN-27,481.0,15.0,328.92,2026-02-02,2027-06-07,false
SKU-00468,Compressed Air Hose,CLEANING,SUP-161,LOC-018,WH-R-BIN-28,378.0,0,780.95,2026-01-07,,false
SKU-00469,First Aid Refill,MEDICAL,SUP-114,LOC-005,WH-E-BIN-29,7.0,10.0,614.18,2026-01-26,,false
SKU-00470,Racking Beam 2.4m,RAW_MATERIALS,SUP-113,LOC-012,WH-L-BIN-30,29.0,30.0,757.39,2026-01-31,2026-04-24,false
SKU-00471,Stretch Hood Film,CHEMICALS,SUP-087,LOC-012,WH-L-BIN-31,473.0,10.0,542.54,2026-05-18,,true
SKU-00472,Load Cell 500kg,ELECTRONICS,SUP-163,LOC-007,WH-G-BIN-32,169.0,20.0,786.89,2026-02-19,2027-05-30,false
SKU-00473,,FOOD_DRY,SUP-160,LOC-001,WH-A-BIN-33,233.0,30.0,785.67,2026-06-19,2026-12-16,false
SKU-00474,Floor Marking Paint,FOOD_COLD,SUP-082,LOC-016,WH-P-BIN-34,46.0,15.0,796.93,2026-03-31,,false
SKU-00475,Battery Charger 24V,PACKAGING,SUP-070,LOC-002,WH-B-BIN-35,408.0,40.0,27.04,2026-01-17,,false
SKU-00476,Mesh Security Cage,MACHINERY_PARTS,SUP-189,LOC-001,WH-A-BIN-36,47.0,30.0,30.71,2026-01-04,,false
SKU-00477,Humidity Sensor Probe,PPE,SUP-179,LOC-009,WH-I-BIN-37,191.0,25.0,340.76,2026-03-30,,false
SKU-00478,Pallet Strap Tool,CLEANING,SUP-089,LOC-005,WH-E-BIN-38,153.0,40.0,730.86,2026-01-05,,false
SKU-00479,Coolant Concentrate,MEDICAL,SUP-171,LOC-003,WH-C-BIN-39,461.0,20.0,645.37,2026-05-29,,false
SKU-00480,,RAW_MATERIALS,SUP-020,LOC-008,WH-H-BIN-40,10.0,15.0,691.22,2026-06-23,,false
SKU-00481,Steel Bolt M8,CHEMICALS,SUP-189,LOC-001,WH-A-BIN-41,194.0,0.0,126.68,2026-01-16,,false
SKU-00482,,ELECTRONICS,SUP-162,LOC-015,WH-O-BIN-42,189.0,0.0,112.69,2026-06-05,2027-07-21,false
SKU-00483,Industrial Solvent 5L,FOOD_DRY,SUP-024,LOC-006,WH-F-BIN-43,15.0,40.0,310.75,2026-01-16,,false
SKU-00484,Forklift Battery 24V,FOOD_COLD,SUP-050,Warehouse Q,WH-Q-BIN-44,16.0,25.0,585.79,2026-01-25,2026-12-20,false
SKU-00485,Safety Gloves L,PACKAGING,SUP-114,LOC-002,WH-B-BIN-45,3.0,15.0,702.78,2026-01-29,,false
SKU-00486,Conveyor Belt Patch,MACHINERY_PARTS,SUP-180,LOC-007,WH-G-BIN-46,379.0,10.0,605.52,2026-04-28,,false
SKU-00487,Shrink Wrap Film Roll,PPE,SUP-102,LOC-006,WH-F-BIN-47,448.0,40.0,229.75,2026-03-08,,false
SKU-00488,,CLEANING,SUP-089,LOC-009,WH-I-BIN-48,143.0,40.0,202.83,2026-05-15,,false
SKU-00489,Dock Leveler Seal,MEDICAL,SUP-016,LOC-003,WH-C-BIN-49,272.0,10.0,654.53,2026-06-05,,false
SKU-00490,,RAW_MATERIALS,SUP-004,LOC-015,WH-O-BIN-50,38.0,40.0,559.06,2026-01-21,,false
SKU-00491,Nitrile Gloves Box,CHEMICALS,SUP-146,LOC-003,WH-C-BIN-51,392.0,20.0,385.40,2026-02-18,,true
SKU-00492,Pallet Jack Wheel,ELECTRONICS,SUP-081,LOC-016,WH-P-BIN-52,19.0,30.0,328.97,2026-02-27,,false
SKU-00493,Barcode Scanner,FOOD_DRY,SUP-104,LOC-011,WH-K-BIN-53,464.0,0,336.84,2026-06-19,2027-02-08,false
SKU-00494,,FOOD_COLD,SUP-082,LOC-005,WH-E-BIN-54,465.0,0,724.48,2026-05-18,2027-06-29,false
SKU-00495,PVC Pipe 50mm,PACKAGING,SUP-048,LOC-019,WH-S-BIN-55,8.0,15.0,19.30,2026-03-17,,false
SKU-00496,Rubber Gasket Set,MACHINERY_PARTS,SUP-078,Warehouse F,WH-F-BIN-56,457.0,0.0,579.54,2026-03-07,,false
SKU-00497,,PPE,SUP-041,LOC-014,WH-N-BIN-57,4.0,25.0,565.41,2026-01-21,2026-05-15,false
SKU-00498,Dust Mask N95 Pack,CLEANING,SUP-037,LOC-010,WH-J-BIN-58,285.0,0,12.35,2026-04-08,,false
SKU-00499,Wooden Pallet Std,MEDICAL,SUP-087,LOC-006,WH-F-BIN-59,179.0,0,424.65,2026-03-30,2026-09-30,false
SKU-00500,Steel Shelving Unit,RAW_MATERIALS,SUP-177,LOC-012,WH-L-BIN-60,85.0,0.0,297.27,2026-04-23,2027-03-11,false
SKU-00001,Hand Truck,CHEMICALS,SUP-084,LOC-007,WH-G-BIN-61,139.0,40.0,721.67,2026-02-24,,false
SKU-00002,Spill Kit 20L,ELECTRONICS,SUP-088,LOC-018,WH-R-BIN-62,426.0,30.0,625.71,2026-01-30,2027-01-06,false
SKU-00003,,FOOD_DRY,SUP-182,Warehouse H,WH-H-BIN-63,332.0,30.0,376.86,2026-06-21,,false
SKU-00004,Chain Block 1T,FOOD_COLD,SUP-131,LOC-011,WH-K-BIN-64,216.0,10.0,371.23,2026-04-18,2027-04-03,false
SKU-00005,Temperature Logger,PACKAGING,SUP-116,LOC-003,WH-C-BIN-65,9.0,25.0,622.65,2026-02-24,,false
SKU-00006,Anti-Slip Tape Roll,MACHINERY_PARTS,SUP-058,LOC-008,WH-H-BIN-66,21.0,40.0,118.60,2026-04-17,,false
SKU-00007,Welding Rod 3.2mm,PPE,SUP-125,LOC-011,WH-K-BIN-67,329.0,20.0,152.18,2026-01-24,,false
SKU-00008,,CLEANING,SUP-031,LOC-020,WH-T-BIN-68,7.0,20.0,200.08,2026-03-21,,false
SKU-00009,First Aid Refill,MEDICAL,SUP-180,LOC-014,WH-N-BIN-69,5.0,16.0,515.90,2026-03-10,2027-06-24,false
SKU-00010,Racking Beam 2.4m,RAW_MATERIALS,SUP-095,LOC-003,WH-C-BIN-70,417.0,25.0,445.10,2026-01-24,,false
SKU-00011,Stretch Hood Film,CHEMICALS,SUP-195,LOC-015,WH-O-BIN-71,75.0,20.0,363.76,2026-05-15,2027-06-01,false
SKU-00012,Load Cell 500kg,ELECTRONICS,SUP-005,LOC-011,WH-K-BIN-72,46.0,10.0,253.58,2026-03-21,,false
SKU-00013,Dock Bumpers Pair,FOOD_DRY,SUP-007,LOC-018,WH-R-BIN-73,242.0,40.0,669.19,2026-06-17,,false
SKU-00014,Floor Marking Paint,FOOD_COLD,SUP-083,LOC-010,WH-J-BIN-74,407.0,30.0,571.50,2026-02-18,2027-07-28,false
SKU-00015,,PACKAGING,SUP-018,LOC-003,WH-C-BIN-75,3.0,15.0,777.91,2026-03-31,2027-01-26,false
SKU-00016,Mesh Security Cage,MACHINERY_PARTS,SUP-106,LOC-003,WH-C-BIN-76,13.0,20.0,514.17,2026-03-16,,false
SKU-00017,Humidity Sensor Probe,PPE,SUP-141,LOC-005,WH-E-BIN-77,65.0,0.0,183.46,2026-06-11,2026-12-06,false
SKU-00018,Pallet Strap Tool,CLEANING,SUP-007,LOC-018,WH-R-BIN-78,349.0,10.0,607.31,2026-05-17,2026-11-15,false
SKU-00019,Coolant Concentrate,MEDICAL,SUP-129,LOC-005,WH-E-BIN-79,185.0,20.0,409.18,2026-04-12,,false
SKU-00020,Wheel Chock Rubber,RAW_MATERIALS,SUP-007,LOC-016,WH-P-BIN-80,385.0,40.0,30.73,2026-04-28,2027-05-23,false
SKU-00021,Steel Bolt M8,CHEMICALS,SUP-126,LOC-019,WH-S-BIN-01,198.0,10.0,719.07,2026-05-14,,true
SKU-00022,Hydraulic Hose 2in,ELECTRONICS,SUP-138,LOC-005,WH-E-BIN-02,488.0,10.0,300.69,2026-03-18,,false
SKU-00023,,FOOD_DRY,SUP-052,LOC-006,WH-F-BIN-03,331.0,0.0,315.32,2026-01-10,,false
SKU-00024,Forklift Battery 24V,FOOD_COLD,SUP-116,LOC-010,WH-J-BIN-04,248.0,10.0,325.74,2026-05-09,,false
SKU-00025,Safety Gloves L,PACKAGING,SUP-011,LOC-004,WH-D-BIN-05,7.0,25.0,598.32,2025-12-31,,false
SKU-00026,Conveyor Belt Patch,MACHINERY_PARTS,SUP-152,LOC-007,WH-G-BIN-06,175.0,0.0,185.39,2026-04-22,2026-04-06,false
SKU-00027,Shrink Wrap Film Roll,PPE,SUP-131,Warehouse G,WH-G-BIN-07,3.0,0,312.08,2026-04-03,2027-07-29,false
SKU-00028,,CLEANING,SUP-101,LOC-015,WH-O-BIN-08,16.0,30.0,636.41,2026-01-06,,false
SKU-00029,,MEDICAL,SUP-020,LOC-008,WH-H-BIN-09,74.0,0,686.02,2026-04-16,,false
SKU-00030,LED Warehouse Light,RAW_MATERIALS,SUP-078,LOC-001,WH-A-BIN-10,215.0,25.0,517.33,2026-03-09,,false
SKU-00031,Nitrile Gloves Box,CHEMICALS,SUP-020,LOC-012,WH-L-BIN-11,233.0,20.0,243.04,2026-04-19,2026-09-25,false
SKU-00032,Pallet Jack Wheel,ELECTRONICS,SUP-031,LOC-007,WH-G-BIN-12,401.0,0,745.77,2026-05-12,,false
SKU-00033,Barcode Scanner,FOOD_DRY,SUP-029,LOC-001,WH-A-BIN-13,391.0,10.0,20.00,2026-02-01,,false
SKU-00034,Fire Extinguisher 4kg,FOOD_COLD,SUP-017,LOC-016,WH-P-BIN-14,5.0,0,31.65,2026-03-07,,false
SKU-00035,PVC Pipe 50mm,PACKAGING,SUP-106,wh_o,WH-O-BIN-15,26.0,15.0,767.62,2026-04-15,2026-06-17,false
SKU-00036,Rubber Gasket Set,MACHINERY_PARTS,SUP-185,LOC-010,WH-J-BIN-16,123.0,25.0,770.63,2026-05-08,2026-05-22,false
SKU-00037,Cable Tie Assorted,PPE,SUP-177,LOC-008,WH-H-BIN-17,21.0,25.0,668.64,2026-03-06,2026-04-14,false
SKU-00038,Dust Mask N95 Pack,CLEANING,SUP-180,LOC-018,WH-R-BIN-18,425.0,25.0,72.56,2026-03-23,2027-01-28,false
SKU-00039,Wooden Pallet Std,MEDICAL,SUP-121,LOC-015,WH-O-BIN-19,103.0,30.0,433.53,2026-04-04,,false
SKU-00040,Steel Shelving Unit,RAW_MATERIALS,SUP-105,LOC-012,WH-L-BIN-20,317.0,15.0,235.37,2026-01-04,,false
SKU-00041,Hand Truck,CHEMICALS,SUP-173,LOC-016,WH-P-BIN-21,228.0,30.0,708.05,2026-04-01,,false
SKU-00042,,ELECTRONICS,SUP-116,LOC-015,WH-O-BIN-22,296.0,0,734.80,2026-01-16,2027-04-11,false
SKU-00043,Epoxy Resin 1L,FOOD_DRY,SUP-154,LOC-005,WH-E-BIN-23,296.0,20.0,459.81,2026-05-04,,false
SKU-00044,Chain Block 1T,FOOD_COLD,SUP-021,LOC-013,WH-M-BIN-24,234.0,0.0,416.62,2026-01-29,,false
SKU-00045,Temperature Logger,PACKAGING,SUP-066,LOC-001,WH-A-BIN-25,360.0,30.0,392.37,2026-04-03,,false
SKU-00046,Anti-Slip Tape Roll,MACHINERY_PARTS,SUP-141,LOC-012,WH-L-BIN-26,287.0,25.0,600.36,2025-12-31,,false
SKU-00047,Welding Rod 3.2mm,PPE,SUP-058,LOC-004,WH-D-BIN-27,349.0,40.0,152.29,2026-06-25,,false
SKU-00048,Compressed Air Hose,CLEANING,SUP-028,LOC-017,WH-Q-BIN-28,93.0,25.0,605.13,2026-04-09,,false
SKU-00049,First Aid Refill,MEDICAL,SUP-139,LOC-007,WH-G-BIN-29,69.0,40.0,98.62,2026-05-09,2026-12-24,false
SKU-00050,Racking Beam 2.4m,RAW_MATERIALS,SUP-018,LOC-003,WH-C-BIN-30,251.0,20.0,323.59,2025-12-29,,false
SKU-00051,Stretch Hood Film,CHEMICALS,SUP-077,LOC-020,WH-T-BIN-31,218.0,20.0,735.81,2026-01-14,,false
SKU-00052,Load Cell 500kg,ELECTRONICS,SUP-174,LOC-002,WH-B-BIN-32,36.0,25.0,379.93,2026-03-19,,false
SKU-00053,Dock Bumpers Pair,FOOD_DRY,SUP-198,LOC-018,WH-R-BIN-33,236.0,10.0,777.15,2026-02-20,,false
SKU-00054,Floor Marking Paint,FOOD_COLD,SUP-098,LOC-001,WH-A-BIN-34,269.0,10.0,68.21,2026-01-15,,false
SKU-00055,Battery Charger 24V,PACKAGING,SUP-117,LOC-004,WH-D-BIN-35,403.0,25.0,259.65,2026-02-04,,false
SKU-00056,Mesh Security Cage,MACHINERY_PARTS,SUP-056,LOC-015,WH-O-BIN-36,22.0,30.0,625.11,2026-02-16,,false
SKU-00057,Humidity Sensor Probe,PPE,SUP-018,LOC-015,WH-O-BIN-37,112.0,30.0,740.13,2026-01-09,,false
SKU-00058,Pallet Strap Tool,CLEANING,SUP-065,LOC-002,WH-B-BIN-38,80.0,30.0,236.12,2026-05-15,,false
SKU-00059,Coolant Concentrate,MEDICAL,SUP-075,LOC-002,WH-B-BIN-39,189.0,30.0,63.30,2026-02-22,,false
SKU-00060,Wheel Chock Rubber,RAW_MATERIALS,SUP-064,Warehouse P,WH-P-BIN-40,218.0,10.0,618.43,2026-06-14,,false
SKU-00061,Steel Bolt M8,CHEMICALS,SUP-047,LOC-010,WH-J-BIN-41,194.0,15.0,571.63,2025-12-28,,false
SKU-00062,Hydraulic Hose 2in,ELECTRONICS,SUP-026,LOC-004,WH-D-BIN-42,10.0,15.0,294.61,2025-12-29,,false
SKU-00063,,FOOD_DRY,SUP-006,LOC-014,WH-N-BIN-43,288.0,40.0,336.06,2026-06-17,,false
SKU-00064,Forklift Battery 24V,FOOD_COLD,SUP-112,LOC-009,WH-I-BIN-44,379.0,30.0,702.47,2026-01-06,2026-05-23,false
SKU-00065,Safety Gloves L,PACKAGING,SUP-122,LOC-012,WH-L-BIN-45,279.0,25.0,98.57,2026-05-15,,false
SKU-00066,Conveyor Belt Patch,MACHINERY_PARTS,SUP-147,LOC-003,WH-C-BIN-46,11.0,15.0,211.88,2026-06-08,,false
SKU-00067,Shrink Wrap Film Roll,PPE,SUP-150,LOC-006,WH-F-BIN-47,79.0,25.0,597.82,2026-03-17,2026-10-02,false
SKU-00068,,CLEANING,SUP-096,LOC-001,WH-A-BIN-48,281.0,10.0,425.35,2026-04-09,,false
SKU-00069,Dock Leveler Seal,MEDICAL,SUP-082,LOC-005,WH-E-BIN-49,460.0,15.0,383.66,2026-05-02,,false
SKU-00070,,RAW_MATERIALS,SUP-045,LOC-004,WH-D-BIN-50,303.0,25.0,118.60,2026-05-24,,false
SKU-00071,Nitrile Gloves Box,CHEMICALS,SUP-038,LOC-017,WH-Q-BIN-51,2.0,28.0,331.98,2026-01-16,,true
SKU-00072,Pallet Jack Wheel,ELECTRONICS,SUP-068,LOC-008,WH-H-BIN-52,50.0,25.0,624.94,2026-06-18,2026-05-15,false
SKU-00073,Barcode Scanner,FOOD_DRY,SUP-172,LOC-007,WH-G-BIN-53,496.0,40.0,181.33,2026-05-24,,false
SKU-00074,Fire Extinguisher 4kg,FOOD_COLD,SUP-158,Warehouse P,WH-P-BIN-54,280.0,0.0,127.51,2026-01-23,,false
SKU-00075,PVC Pipe 50mm,PACKAGING,SUP-074,LOC-017,WH-Q-BIN-55,20.0,25.0,450.23,2026-05-19,2026-06-17,false
SKU-00076,Rubber Gasket Set,MACHINERY_PARTS,SUP-095,LOC-002,WH-B-BIN-56,221.0,20.0,274.50,2026-02-08,,false
SKU-00077,Cable Tie Assorted,PPE,SUP-084,Warehouse T,WH-T-BIN-57,457.0,20.0,697.18,2025-12-31,,false
SKU-00078,,CLEANING,SUP-178,LOC-019,WH-S-BIN-58,492.0,30.0,111.54,2026-03-31,,false
SKU-00079,,MEDICAL,SUP-178,LOC-003,WH-C-BIN-59,195.0,25.0,216.03,2026-04-17,2027-06-13,false
SKU-00080,Steel Shelving Unit,RAW_MATERIALS,SUP-153,LOC-010,WH-J-BIN-60,136.0,0,453.68,2026-03-28,,false
SKU-00081,Hand Truck,CHEMICALS,SUP-050,LOC-010,WH-J-BIN-61,191.0,0.0,340.23,2026-01-08,,true
SKU-00082,Spill Kit 20L,ELECTRONICS,SUP-036,LOC-020,WH-T-BIN-62,414.0,0.0,570.67,2026-02-04,,false
SKU-00083,Epoxy Resin 1L,FOOD_DRY,SUP-053,LOC-011,WH-K-BIN-63,256.0,0.0,701.16,2026-01-13,,false
SKU-00084,Chain Block 1T,FOOD_COLD,SUP-053,LOC-008,WH-H-BIN-64,424.0,30.0,648.04,2026-03-22,,false
SKU-00085,Temperature Logger,PACKAGING,SUP-101,LOC-008,WH-H-BIN-65,387.0,25.0,118.78,2026-01-21,,false
SKU-00086,Anti-Slip Tape Roll,MACHINERY_PARTS,SUP-065,LOC-003,WH-C-BIN-66,212.0,10.0,649.97,2026-04-21,2026-10-30,false
SKU-00087,Welding Rod 3.2mm,PPE,SUP-117,LOC-016,WH-P-BIN-67,318.0,30.0,214.03,2026-03-08,,false
SKU-00088,Compressed Air Hose,CLEANING,SUP-153,LOC-016,WH-P-BIN-68,263.0,10.0,290.35,2026-06-12,2026-09-26,false
SKU-00089,First Aid Refill,MEDICAL,SUP-018,LOC-002,WH-B-BIN-69,75.0,20.0,740.75,2026-01-01,,false
SKU-00090,Racking Beam 2.4m,RAW_MATERIALS,SUP-053,LOC-014,WH-N-BIN-70,476.0,10.0,271.41,2026-01-17,2026-06-11,false
SKU-00091,Stretch Hood Film,CHEMICALS,SUP-073,LOC-009,WH-I-BIN-71,143.0,25.0,214.86,2026-02-04,,true
SKU-00092,Load Cell 500kg,ELECTRONICS,SUP-039,LOC-008,WH-H-BIN-72,303.0,10.0,164.11,2026-01-19,2027-02-07,false
SKU-00093,Dock Bumpers Pair,FOOD_DRY,SUP-042,LOC-001,WH-A-BIN-73,312.0,10.0,676.62,2026-04-30,2026-11-29,false
SKU-00094,Floor Marking Paint,FOOD_COLD,SUP-118,LOC-008,WH-H-BIN-74,104.0,0,4.53,2026-01-05,,false
SKU-00095,,PACKAGING,SUP-112,LOC-010,WH-J-BIN-75,460.0,30.0,678.13,2026-03-13,2026-09-15,false
SKU-00096,Mesh Security Cage,MACHINERY_PARTS,SUP-114,LOC-015,WH-O-BIN-76,398.0,15.0,20.38,2026-04-17,,false
SKU-00097,,PPE,SUP-173,LOC-007,WH-G-BIN-77,243.0,25.0,400.23,2026-01-19,,false
SKU-00098,Pallet Strap Tool,CLEANING,SUP-114,LOC-013,WH-M-BIN-78,125.0,30.0,559.75,2026-03-21,,false
SKU-00099,Coolant Concentrate,MEDICAL,SUP-104,LOC-006,WH-F-BIN-79,131.0,15.0,718.97,2026-03-20,2026-12-21,false
SKU-00100,Wheel Chock Rubber,RAW_MATERIALS,SUP-121,LOC-020,WH-T-BIN-80,371.0,10.0,362.89,2026-06-20,,false
SKU-00101,Steel Bolt M8,CHEMICALS,SUP-147,LOC-013,WH-M-BIN-01,204.0,20.0,727.53,2026-06-03,,false
SKU-00102,Hydraulic Hose 2in,ELECTRONICS,SUP-059,LOC-012,WH-L-BIN-02,207.0,20.0,683.21,2026-01-11,2026-11-15,false
SKU-00103,Industrial Solvent 5L,FOOD_DRY,SUP-154,LOC-017,WH-Q-BIN-03,2.0,30.0,609.05,2026-06-02,,false
SKU-00104,Forklift Battery 24V,FOOD_COLD,SUP-024,LOC-006,WH-F-BIN-04,376.0,30.0,205.61,2026-05-18,,false
SKU-00105,,PACKAGING,SUP-037,LOC-010,WH-J-BIN-05,243.0,0,134.97,2026-06-08,2027-01-01,false
SKU-00106,,MACHINERY_PARTS,SUP-024,LOC-008,WH-H-BIN-06,46.0,30.0,693.71,2026-05-11,,false
SKU-00107,Shrink Wrap Film Roll,PPE,SUP-141,LOC-010,WH-J-BIN-07,236.0,25.0,157.92,2026-06-06,,false
SKU-00108,Label Printer Ribbon,CLEANING,SUP-198,LOC-003,WH-C-BIN-08,157.0,10.0,443.64,2026-03-23,2027-03-19,false
SKU-00109,Dock Leveler Seal,MEDICAL,SUP-040,LOC-006,WH-F-BIN-09,26.0,30.0,139.09,2026-04-17,2026-03-08,false
SKU-00110,,RAW_MATERIALS,SUP-006,LOC-017,WH-Q-BIN-10,278.0,30.0,126.42,2026-05-23,2027-03-23,false
SKU-00111,Nitrile Gloves Box,CHEMICALS,SUP-156,LOC-008,WH-H-BIN-11,208.0,0.0,568.75,2026-04-23,2026-10-23,true
SKU-00112,Pallet Jack Wheel,ELECTRONICS,SUP-194,Warehouse T,WH-T-BIN-12,54.0,10.0,424.06,2026-02-20,,false
SKU-00113,Barcode Scanner,FOOD_DRY,SUP-141,LOC-013,WH-M-BIN-13,391.0,30.0,754.74,2026-03-27,,false
SKU-00114,Fire Extinguisher 4kg,FOOD_COLD,SUP-148,LOC-020,WH-T-BIN-14,448.0,40.0,327.33,2026-02-17,,false
SKU-00115,PVC Pipe 50mm,PACKAGING,SUP-033,LOC-016,WH-P-BIN-15,38.0,0.0,240.16,2026-01-22,,false
SKU-00116,Rubber Gasket Set,MACHINERY_PARTS,SUP-098,LOC-014,WH-N-BIN-16,173.0,25.0,174.03,2026-01-13,2026-08-03,false
SKU-00117,Cable Tie Assorted,PPE,SUP-116,LOC-005,WH-E-BIN-17,322.0,0.0,242.97,2026-04-24,,false
SKU-00118,Dust Mask N95 Pack,CLEANING,SUP-005,LOC-005,WH-E-BIN-18,482.0,15.0,373.23,2026-05-04,,false
SKU-00119,Wooden Pallet Std,MEDICAL,SUP-034,LOC-015,WH-O-BIN-19,46.0,25.0,82.83,2026-03-22,,false
SKU-00120,Steel Shelving Unit,RAW_MATERIALS,SUP-090,LOC-002,WH-B-BIN-20,485.0,25.0,479.39,2026-03-27,,false
SKU-00121,Hand Truck,CHEMICALS,SUP-142,LOC-017,WH-Q-BIN-21,40.0,25.0,283.28,2026-05-07,,true
SKU-00122,Spill Kit 20L,ELECTRONICS,SUP-043,LOC-017,WH-Q-BIN-22,9.0,10.0,505.28,2026-03-22,2026-11-14,false
SKU-00123,Epoxy Resin 1L,FOOD_DRY,SUP-115,LOC-001,WH-A-BIN-23,191.0,25.0,295.64,2026-02-13,,false
SKU-00124,Chain Block 1T,FOOD_COLD,SUP-032,LOC-019,WH-S-BIN-24,408.0,25.0,583.47,2026-02-01,2027-05-02,false
SKU-00125,,PACKAGING,SUP-018,LOC-017,WH-Q-BIN-25,497.0,15.0,585.70,2026-01-14,,false
SKU-00126,Anti-Slip Tape Roll,MACHINERY_PARTS,SUP-037,LOC-009,WH-I-BIN-26,410.0,15.0,316.73,2026-06-15,,false
SKU-00127,Welding Rod 3.2mm,PPE,SUP-078,LOC-002,WH-B-BIN-27,4.0,10.0,123.01,2026-02-05,,false
SKU-00128,Compressed Air Hose,CLEANING,SUP-066,LOC-019,WH-S-BIN-28,20.0,15.0,630.04,2026-04-30,2027-03-30,false
SKU-00129,First Aid Refill,MEDICAL,SUP-043,LOC-015,WH-O-BIN-29,30.0,40.0,582.88,2026-03-22,,false
SKU-00130,Racking Beam 2.4m,RAW_MATERIALS,SUP-067,LOC-016,WH-P-BIN-30,305.0,30.0,505.96,2026-04-03,,false
SKU-00131,Stretch Hood Film,CHEMICALS,SUP-040,LOC-017,WH-Q-BIN-31,369.0,40.0,645.34,2026-04-24,,true
SKU-00132,Load Cell 500kg,ELECTRONICS,SUP-112,LOC-001,WH-A-BIN-32,159.0,25.0,793.07,2026-06-12,,false
SKU-00133,Dock Bumpers Pair,FOOD_DRY,SUP-077,LOC-019,WH-S-BIN-33,461.0,0.0,675.90,2026-04-30,,false
SKU-00134,Floor Marking Paint,FOOD_COLD,SUP-119,LOC-008,WH-H-BIN-34,9.0,15.0,321.08,2026-01-31,,false
SKU-00135,Battery Charger 24V,PACKAGING,SUP-077,LOC-011,WH-K-BIN-35,8.0,10.0,620.42,2026-06-11,,false
SKU-00136,,MACHINERY_PARTS,SUP-104,Warehouse N,WH-N-BIN-36,8.0,0,247.79,2026-02-21,,false
SKU-00137,Humidity Sensor Probe,PPE,SUP-102,LOC-016,WH-P-BIN-37,129.0,30.0,489.24,2026-05-14,,false
SKU-00138,Pallet Strap Tool,CLEANING,SUP-041,LOC-011,WH-K-BIN-38,187.0,30.0,637.36,2026-06-23,2026-09-06,false
SKU-00139,Coolant Concentrate,MEDICAL,SUP-139,LOC-005,WH-E-BIN-39,272.0,25.0,558.51,2026-05-18,,false
SKU-00140,Wheel Chock Rubber,RAW_MATERIALS,SUP-001,LOC-002,WH-B-BIN-40,10.0,25.0,549.16,2025-12-28,,false
SKU-00141,Steel Bolt M8,CHEMICALS,SUP-171,LOC-012,WH-L-BIN-41,29.0,30.0,67.71,2026-06-15,2027-05-20,false
SKU-00142,,ELECTRONICS,SUP-044,LOC-007,WH-G-BIN-42,441.0,0,493.12,2026-02-11,,false
SKU-00143,Industrial Solvent 5L,FOOD_DRY,SUP-157,LOC-003,WH-C-BIN-43,9.0,20.0,412.88,2026-02-18,,false
SKU-00144,Forklift Battery 24V,FOOD_COLD,SUP-058,LOC-020,WH-T-BIN-44,22.0,0,648.60,2026-03-26,,false
SKU-00145,Safety Gloves L,PACKAGING,SUP-079,LOC-017,WH-Q-BIN-45,354.0,20.0,189.63,2026-04-07,,false
SKU-00146,Conveyor Belt Patch,MACHINERY_PARTS,SUP-054,LOC-011,WH-K-BIN-46,3.0,15.0,470.97,2026-05-26,2026-06-18,false
SKU-00147,Shrink Wrap Film Roll,PPE,SUP-028,LOC-005,WH-E-BIN-47,3.0,0,257.32,2026-04-25,,false
SKU-00148,,CLEANING,SUP-112,LOC-016,WH-P-BIN-48,82.0,25.0,584.05,2026-04-09,,false
SKU-00149,Dock Leveler Seal,MEDICAL,SUP-122,LOC-007,WH-G-BIN-49,37.0,40.0,41.03,2026-04-22,,false
SKU-00150,LED Warehouse Light,RAW_MATERIALS,SUP-048,LOC-013,WH-M-BIN-50,274.0,0.0,690.33,2026-03-02,,false
SKU-00151,Nitrile Gloves Box,CHEMICALS,SUP-084,LOC-005,WH-E-BIN-51,382.0,40.0,454.12,2025-12-28,,true
SKU-00152,Pallet Jack Wheel,ELECTRONICS,SUP-065,LOC-006,WH-F-BIN-52,67.0,25.0,193.54,2026-01-22,2026-10-05,false
SKU-00153,Barcode Scanner,FOOD_DRY,SUP-072,LOC-016,WH-P-BIN-53,1.0,15.0,569.67,2026-01-19,,false
SKU-00154,Fire Extinguisher 4kg,FOOD_COLD,SUP-087,LOC-012,WH-L-BIN-54,73.0,10.0,170.43,2026-04-01,,false
SKU-00155,,PACKAGING,SUP-071,LOC-017,WH-Q-BIN-55,220.0,30.0,490.56,2026-03-06,,false
SKU-00156,Rubber Gasket Set,MACHINERY_PARTS,SUP-117,LOC-002,WH-B-BIN-56,322.0,40.0,37.52,2026-04-01,,false
SKU-00157,,PPE,SUP-105,LOC-001,WH-A-BIN-57,341.0,30.0,743.38,2026-01-21,,false
SKU-00158,Dust Mask N95 Pack,CLEANING,SUP-060,LOC-019,WH-S-BIN-58,447.0,20.0,522.34,2026-06-16,,false
SKU-00159,,MEDICAL,SUP-172,LOC-008,WH-H-BIN-59,150.0,30.0,34.35,2026-03-02,2026-05-27,false
SKU-00160,Steel Shelving Unit,RAW_MATERIALS,SUP-102,LOC-008,WH-H-BIN-60,2.0,10.0,651.91,2026-02-06,,false
SKU-00161,Hand Truck,CHEMICALS,SUP-005,LOC-014,WH-N-BIN-61,464.0,0,246.35,2026-01-23,,false
SKU-00162,Spill Kit 20L,ELECTRONICS,SUP-149,LOC-016,WH-P-BIN-62,293.0,15.0,740.65,2026-03-18,2026-11-23,false
SKU-00163,Epoxy Resin 1L,FOOD_DRY,SUP-186,LOC-018,WH-R-BIN-63,110.0,20.0,65.58,2026-01-11,,false
SKU-00164,Chain Block 1T,FOOD_COLD,SUP-123,LOC-008,WH-H-BIN-64,5.0,10.0,207.16,2026-05-15,,false
SKU-00165,Temperature Logger,PACKAGING,SUP-053,LOC-014,WH-N-BIN-65,103.0,40.0,798.31,2025-12-30,,false
SKU-00166,Anti-Slip Tape Roll,MACHINERY_PARTS,SUP-164,LOC-018,WH-R-BIN-66,59.0,10.0,4.66,2026-04-25,,false
SKU-00167,Welding Rod 3.2mm,PPE,SUP-200,Warehouse C,WH-C-BIN-67,426.0,0.0,271.35,2026-02-17,2027-03-14,false
SKU-00168,Compressed Air Hose,CLEANING,SUP-120,LOC-018,WH-R-BIN-68,82.0,30.0,286.29,2026-06-02,,false
SKU-00169,First Aid Refill,MEDICAL,SUP-046,LOC-012,WH-L-BIN-69,9.0,0,497.03,2026-06-03,,false
SKU-00170,Racking Beam 2.4m,RAW_MATERIALS,SUP-042,LOC-003,WH-C-BIN-70,14.0,15.0,282.40,2026-03-30,2027-06-14,false
SKU-00171,Stretch Hood Film,CHEMICALS,SUP-194,LOC-013,WH-M-BIN-71,73.0,25.0,135.68,2026-01-18,,false
SKU-00172,,ELECTRONICS,SUP-192,LOC-019,WH-S-BIN-72,54.0,40.0,747.17,2026-02-19,,false
SKU-00173,Dock Bumpers Pair,FOOD_DRY,SUP-198,LOC-018,WH-R-BIN-73,218.0,25.0,31.03,2026-05-08,,false
SKU-00174,,FOOD_COLD,SUP-147,LOC-001,WH-A-BIN-74,48.0,20.0,670.34,2026-04-06,,false
SKU-00175,Battery Charger 24V,PACKAGING,SUP-022,LOC-015,WH-O-BIN-75,9.0,15.0,379.80,2026-02-04,2026-10-03,false
SKU-00176,Mesh Security Cage,MACHINERY_PARTS,SUP-186,LOC-018,WH-R-BIN-76,1.0,30.0,658.09,2026-04-11,,false
SKU-00177,Humidity Sensor Probe,PPE,SUP-028,LOC-002,WH-B-BIN-77,500.0,10.0,652.92,2026-05-17,2026-12-05,false
SKU-00178,Pallet Strap Tool,CLEANING,SUP-088,LOC-009,WH-I-BIN-78,230.0,0.0,399.63,2026-04-10,,false
SKU-00179,Coolant Concentrate,MEDICAL,SUP-006,LOC-014,WH-N-BIN-79,165.0,10.0,745.27,2026-01-22,,false
SKU-00180,Wheel Chock Rubber,RAW_MATERIALS,SUP-026,LOC-020,WH-T-BIN-80,9.0,20.0,100.73,2026-01-29,,false
SKU-00181,Steel Bolt M8,CHEMICALS,SUP-150,LOC-007,WH-G-BIN-01,60.0,0.0,441.07,2026-02-07,,false
SKU-00182,Hydraulic Hose 2in,ELECTRONICS,SUP-183,LOC-003,WH-C-BIN-02,498.0,30.0,442.79,2026-04-10,,false
SKU-00183,,FOOD_DRY,SUP-104,LOC-004,WH-D-BIN-03,7.0,0,43.54,2026-06-08,,false
SKU-00184,Forklift Battery 24V,FOOD_COLD,SUP-151,LOC-004,WH-D-BIN-04,74.0,10.0,290.18,2026-02-07,2026-03-14,false
SKU-00185,Safety Gloves L,PACKAGING,SUP-068,LOC-004,WH-D-BIN-05,322.0,15.0,136.37,2026-01-10,2027-01-13,false
SKU-00186,Conveyor Belt Patch,MACHINERY_PARTS,SUP-180,LOC-019,WH-S-BIN-06,73.0,0.0,583.54,2026-05-24,2026-05-29,false
SKU-00187,,PPE,SUP-189,LOC-006,WH-F-BIN-07,462.0,0.0,545.77,2026-04-17,,false
SKU-00188,Label Printer Ribbon,CLEANING,SUP-187,LOC-019,WH-S-BIN-08,4.0,11.0,311.98,2026-02-10,,false
SKU-00189,Dock Leveler Seal,MEDICAL,SUP-089,LOC-010,WH-J-BIN-09,227.0,15.0,216.95,2026-01-19,,false
SKU-00190,LED Warehouse Light,RAW_MATERIALS,SUP-181,LOC-004,WH-D-BIN-10,150.0,25.0,325.62,2026-05-08,,false
SKU-00191,Nitrile Gloves Box,CHEMICALS,SUP-177,LOC-009,WH-I-BIN-11,11.0,15.0,200.53,2026-06-15,,true
SKU-00192,Pallet Jack Wheel,ELECTRONICS,SUP-191,LOC-008,WH-H-BIN-12,7.0,10.0,460.51,2026-01-10,2026-09-21,false
SKU-00193,Barcode Scanner,FOOD_DRY,SUP-184,Warehouse G,WH-G-BIN-13,444.0,10.0,358.77,2026-05-19,,false
SKU-00194,,FOOD_COLD,SUP-095,LOC-004,WH-D-BIN-14,230.0,20.0,531.17,2026-01-14,,false
SKU-00195,PVC Pipe 50mm,PACKAGING,SUP-053,LOC-005,WH-E-BIN-15,22.0,25.0,392.95,2026-04-16,,false
SKU-00196,Rubber Gasket Set,MACHINERY_PARTS,SUP-013,Warehouse N,WH-N-BIN-16,21.0,20.0,667.28,2026-02-28,,false
SKU-00197,Cable Tie Assorted,PPE,SUP-075,LOC-017,WH-Q-BIN-17,5.0,15.0,342.07,2026-06-22,,false
SKU-00198,Dust Mask N95 Pack,CLEANING,SUP-196,LOC-016,WH-P-BIN-18,53.0,30.0,360.58,2025-12-31,,false
SKU-00199,Wooden Pallet Std,MEDICAL,SUP-123,LOC-009,WH-I-BIN-19,8.0,25.0,516.89,2026-03-19,2026-11-23,false
SKU-00200,Steel Shelving Unit,RAW_MATERIALS,SUP-142,Warehouse H,WH-H-BIN-20,348.0,30.0,418.58,2025-12-31,,false
SKU-00201,Hand Truck,CHEMICALS,SUP-070,LOC-004,WH-D-BIN-21,357.0,0.0,52.25,2026-05-29,,true
SKU-00202,Spill Kit 20L,ELECTRONICS,SUP-065,LOC-010,WH-J-BIN-22,145.0,0.0,491.65,2026-02-10,,false
SKU-00203,Epoxy Resin 1L,FOOD_DRY,SUP-161,LOC-006,WH-F-BIN-23,1.0,25.0,443.99,2026-01-31,,false
SKU-00204,Chain Block 1T,FOOD_COLD,SUP-001,LOC-011,WH-K-BIN-24,24.0,25.0,202.43,2026-04-17,,false
SKU-00205,,PACKAGING,SUP-052,Warehouse S,WH-S-BIN-25,225.0,40.0,286.80,2026-03-20,,false
SKU-00206,Anti-Slip Tape Roll,MACHINERY_PARTS,SUP-160,LOC-016,WH-P-BIN-26,475.0,15.0,286.79,2026-04-25,2026-05-13,false
SKU-00207,Welding Rod 3.2mm,PPE,SUP-086,LOC-018,WH-R-BIN-27,136.0,25.0,84.35,2026-05-21,,false
SKU-00208,,CLEANING,SUP-106,LOC-008,WH-H-BIN-28,42.0,0.0,59.94,2026-01-02,,false
SKU-00209,First Aid Refill,MEDICAL,SUP-113,LOC-018,WH-R-BIN-29,89.0,40.0,31.22,2026-06-23,,false
SKU-00210,Racking Beam 2.4m,RAW_MATERIALS,SUP-105,LOC-019,WH-S-BIN-30,163.0,10.0,76.60,2026-04-26,,false
SKU-00211,,CHEMICALS,SUP-031,LOC-020,WH-T-BIN-31,432.0,10.0,750.74,2026-04-25,,true
SKU-00212,Load Cell 500kg,ELECTRONICS,SUP-139,LOC-009,WH-I-BIN-32,356.0,0,392.66,2026-05-01,,false
SKU-00213,Dock Bumpers Pair,FOOD_DRY,SUP-085,LOC-014,WH-N-BIN-33,65.0,0,2.07,2025-12-29,,false
SKU-00214,Floor Marking Paint,FOOD_COLD,SUP-092,LOC-012,WH-L-BIN-34,251.0,0,784.60,2026-01-30,,false
SKU-00215,Battery Charger 24V,PACKAGING,SUP-171,LOC-001,WH-A-BIN-35,118.0,20.0,158.29,2026-05-03,2026-10-25,false
SKU-00216,Mesh Security Cage,MACHINERY_PARTS,SUP-034,LOC-007,WH-G-BIN-36,15.0,20.0,581.14,2026-05-04,2026-09-24,false
SKU-00217,,PPE,SUP-161,LOC-012,WH-L-BIN-37,470.0,0.0,550.96,2026-05-16,,false
SKU-00218,Pallet Strap Tool,CLEANING,SUP-097,LOC-016,WH-P-BIN-38,107.0,10.0,714.53,2026-05-29,,false
SKU-00219,,MEDICAL,SUP-196,LOC-003,WH-C-BIN-39,7.0,15.0,214.38,2026-02-12,2026-10-19,false
SKU-00220,Wheel Chock Rubber,RAW_MATERIALS,SUP-174,Warehouse R,WH-R-BIN-40,481.0,30.0,787.56,2026-03-02,,false
SKU-00221,Steel Bolt M8,CHEMICALS,SUP-153,LOC-006,WH-F-BIN-41,358.0,30.0,489.54,2026-03-04,,true
SKU-00222,Hydraulic Hose 2in,ELECTRONICS,SUP-156,LOC-009,WH-I-BIN-42,494.0,15.0,237.84,2026-02-08,2027-02-18,false
SKU-00223,Industrial Solvent 5L,FOOD_DRY,SUP-024,LOC-015,WH-O-BIN-43,3.0,11.0,759.75,2026-05-28,,false
SKU-00224,Forklift Battery 24V,FOOD_COLD,SUP-123,LOC-018,WH-R-BIN-44,485.0,25.0,44.16,2026-05-10,,false
SKU-00225,Safety Gloves L,PACKAGING,SUP-060,LOC-018,WH-R-BIN-45,84.0,0.0,486.31,2026-06-07,2026-03-08,false
SKU-00226,,MACHINERY_PARTS,SUP-138,LOC-008,WH-H-BIN-46,62.0,30.0,267.00,2026-05-22,,false
SKU-00227,Shrink Wrap Film Roll,PPE,SUP-012,LOC-006,WH-F-BIN-47,271.0,25.0,177.97,2026-01-14,,false
SKU-00228,Label Printer Ribbon,CLEANING,SUP-133,LOC-003,WH-C-BIN-48,339.0,15.0,65.97,2026-04-04,,false
SKU-00229,Dock Leveler Seal,MEDICAL,SUP-043,LOC-015,WH-O-BIN-49,161.0,40.0,624.48,2026-01-06,2026-07-31,false
SKU-00230,LED Warehouse Light,RAW_MATERIALS,SUP-186,LOC-001,WH-A-BIN-50,62.0,10.0,385.66,2026-05-31,2026-10-31,false
SKU-00231,Nitrile Gloves Box,CHEMICALS,SUP-138,LOC-015,WH-O-BIN-51,39.0,40.0,790.75,2026-04-06,2026-06-06,true
SKU-00232,Pallet Jack Wheel,ELECTRONICS,SUP-130,Warehouse D,WH-D-BIN-52,168.0,40.0,481.08,2026-01-29,2026-10-09,false
SKU-00233,Barcode Scanner,FOOD_DRY,SUP-123,LOC-018,WH-R-BIN-53,271.0,20.0,402.13,2026-06-15,2026-12-20,false
SKU-00234,Fire Extinguisher 4kg,FOOD_COLD,SUP-098,Warehouse K,WH-K-BIN-54,40.0,25.0,4.23,2026-04-20,2026-08-20,false
SKU-00235,PVC Pipe 50mm,PACKAGING,SUP-097,LOC-008,WH-H-BIN-55,345.0,20.0,424.97,2026-03-14,,false
SKU-00236,Rubber Gasket Set,MACHINERY_PARTS,SUP-145,LOC-013,WH-M-BIN-56,140.0,10.0,792.55,2026-03-23,,false
SKU-00237,Cable Tie Assorted,PPE,SUP-094,LOC-002,WH-B-BIN-57,19.0,20.0,33.42,2026-02-25,2027-07-26,false
SKU-00238,Dust Mask N95 Pack,CLEANING,SUP-105,LOC-002,WH-B-BIN-58,143.0,0,495.24,2026-06-21,,false
SKU-00239,Wooden Pallet Std,MEDICAL,SUP-200,LOC-020,WH-T-BIN-59,500.0,40.0,215.71,2026-06-13,2026-08-26,false
SKU-00240,Steel Shelving Unit,RAW_MATERIALS,SUP-101,LOC-004,WH-D-BIN-60,447.0,20.0,591.33,2026-04-20,,false
SKU-00241,,CHEMICALS,SUP-165,LOC-009,WH-I-BIN-61,300.0,15.0,413.50,2026-03-21,,false
SKU-00242,Spill Kit 20L,ELECTRONICS,SUP-136,LOC-007,WH-G-BIN-62,52.0,40.0,114.92,2026-03-15,,false
SKU-00243,Epoxy Resin 1L,FOOD_DRY,SUP-174,Warehouse T,WH-T-BIN-63,19.0,20.0,247.38,2026-04-10,,false
SKU-00244,Chain Block 1T,FOOD_COLD,SUP-006,LOC-006,WH-F-BIN-64,470.0,15.0,580.73,2026-02-10,,false
SKU-00245,Temperature Logger,PACKAGING,SUP-055,LOC-014,WH-N-BIN-65,178.0,10.0,34.54,2026-03-18,,false
SKU-00246,Anti-Slip Tape Roll,MACHINERY_PARTS,SUP-162,LOC-010,WH-J-BIN-66,100.0,25.0,693.29,2026-06-15,,false
SKU-00247,Welding Rod 3.2mm,PPE,SUP-104,LOC-006,WH-F-BIN-67,137.0,0.0,151.19,2026-05-07,,false
SKU-00248,Compressed Air Hose,CLEANING,SUP-172,LOC-001,WH-A-BIN-68,260.0,10.0,411.36,2026-02-10,,false
SKU-00249,First Aid Refill,MEDICAL,SUP-006,LOC-017,WH-Q-BIN-69,135.0,0.0,401.77,2026-05-11,,false
SKU-00250,Racking Beam 2.4m,RAW_MATERIALS,SUP-085,LOC-009,WH-I-BIN-70,88.0,40.0,273.26,2026-04-12,2027-07-13,false
SKU-00251,Stretch Hood Film,CHEMICALS,SUP-075,LOC-002,WH-B-BIN-71,124.0,15.0,285.34,2026-02-11,,true
SKU-00252,Load Cell 500kg,ELECTRONICS,SUP-182,LOC-011,WH-K-BIN-72,222.0,10.0,73.87,2026-01-23,,false
SKU-00253,Dock Bumpers Pair,FOOD_DRY,SUP-135,LOC-015,WH-O-BIN-73,389.0,0,194.39,2026-06-02,2026-11-04,false
SKU-00254,Floor Marking Paint,FOOD_COLD,SUP-127,LOC-007,WH-G-BIN-74,88.0,15.0,684.14,2026-06-06,2027-02-19,false
SKU-00255,Battery Charger 24V,PACKAGING,SUP-193,LOC-003,WH-C-BIN-75,409.0,30.0,312.69,2026-02-27,,false
SKU-00256,Mesh Security Cage,MACHINERY_PARTS,SUP-105,LOC-017,WH-Q-BIN-76,302.0,0.0,168.55,2026-06-19,2026-10-28,false
SKU-00257,Humidity Sensor Probe,PPE,SUP-151,Warehouse A,WH-A-BIN-77,191.0,10.0,420.05,2026-06-22,,false
SKU-00258,,CLEANING,SUP-177,LOC-008,WH-H-BIN-78,190.0,25.0,228.35,2026-01-24,,false
SKU-00259,Coolant Concentrate,MEDICAL,SUP-186,LOC-004,WH-D-BIN-79,20.0,25.0,488.57,2026-03-29,,false
SKU-00260,Wheel Chock Rubber,RAW_MATERIALS,SUP-015,LOC-005,WH-E-BIN-80,179.0,10.0,512.15,2026-01-29,,false
SKU-00261,,CHEMICALS,SUP-028,LOC-010,WH-J-BIN-01,169.0,30.0,670.78,2026-01-26,,true
SKU-00262,Hydraulic Hose 2in,ELECTRONICS,SUP-050,LOC-014,WH-N-BIN-02,437.0,15.0,405.67,2026-06-07,,false
SKU-00263,Industrial Solvent 5L,FOOD_DRY,SUP-116,LOC-008,WH-H-BIN-03,191.0,20.0,747.15,2025-12-29,2026-05-24,false
SKU-00264,Forklift Battery 24V,FOOD_COLD,SUP-034,LOC-010,WH-J-BIN-04,294.0,30.0,505.12,2026-03-31,,false
SKU-00265,Safety Gloves L,PACKAGING,SUP-127,LOC-008,WH-H-BIN-05,239.0,25.0,78.60,2026-05-24,2027-07-16,false
SKU-00266,Conveyor Belt Patch,MACHINERY_PARTS,SUP-200,LOC-014,WH-N-BIN-06,29.0,0.0,46.20,2026-05-04,,false
SKU-00267,Shrink Wrap Film Roll,PPE,SUP-100,Warehouse L,WH-L-BIN-07,472.0,25.0,310.25,2026-01-01,,false
SKU-00268,Label Printer Ribbon,CLEANING,SUP-019,whse o,WH-O-BIN-08,401.0,20.0,204.71,2026-03-30,,false
SKU-00269,Dock Leveler Seal,MEDICAL,SUP-014,LOC-012,WH-L-BIN-09,240.0,0,389.34,2026-02-21,,false
SKU-00270,LED Warehouse Light,RAW_MATERIALS,SUP-196,LOC-014,WH-N-BIN-10,349.0,30.0,665.45,2026-04-12,,false
SKU-00271,Nitrile Gloves Box,CHEMICALS,SUP-030,LOC-002,WH-B-BIN-11,175.0,15.0,788.15,2026-05-07,2026-04-19,true
SKU-00272,Pallet Jack Wheel,ELECTRONICS,SUP-123,LOC-008,WH-H-BIN-12,361.0,0.0,327.15,2026-05-02,,false
SKU-00273,Barcode Scanner,FOOD_DRY,SUP-166,LOC-008,WH-H-BIN-13,334.0,20.0,297.71,2025-12-31,2026-04-01,false
SKU-00274,Fire Extinguisher 4kg,FOOD_COLD,SUP-156,LOC-001,WH-A-BIN-14,44.0,0.0,465.51,2026-06-09,,false
SKU-00275,PVC Pipe 50mm,PACKAGING,SUP-074,Warehouse J,WH-J-BIN-15,113.0,30.0,205.68,2026-05-14,,false
SKU-00276,Rubber Gasket Set,MACHINERY_PARTS,SUP-194,LOC-013,WH-M-BIN-16,381.0,30.0,500.34,2026-03-21,,false
SKU-00277,Cable Tie Assorted,PPE,SUP-142,LOC-010,WH-J-BIN-17,329.0,40.0,609.35,2026-03-01,,false
SKU-00278,Dust Mask N95 Pack,CLEANING,SUP-134,LOC-003,WH-C-BIN-18,94.0,20.0,761.64,2026-04-23,,false
SKU-00279,Wooden Pallet Std,MEDICAL,SUP-085,LOC-005,WH-E-BIN-19,72.0,30.0,456.45,2026-05-07,,false
SKU-00280,Steel Shelving Unit,RAW_MATERIALS,SUP-049,LOC-006,WH-F-BIN-20,114.0,10.0,621.46,2026-03-07,2026-10-06,false
SKU-00281,Hand Truck,CHEMICALS,SUP-145,LOC-013,WH-M-BIN-21,20.0,30.0,379.44,2026-03-16,,false
SKU-00282,Spill Kit 20L,ELECTRONICS,SUP-196,LOC-015,WH-O-BIN-22,15.0,25.0,754.54,2026-04-28,2027-05-09,false
SKU-00283,Epoxy Resin 1L,FOOD_DRY,SUP-156,LOC-017,WH-Q-BIN-23,186.0,15.0,196.68,2026-02-12,,false
SKU-00284,Chain Block 1T,FOOD_COLD,SUP-169,LOC-005,WH-E-BIN-24,27.0,30.0,718.01,2026-03-13,,false
SKU-00285,Temperature Logger,PACKAGING,SUP-037,Warehouse D,WH-D-BIN-25,309.0,0,679.48,2026-05-19,,false
SKU-00286,Anti-Slip Tape Roll,MACHINERY_PARTS,SUP-152,LOC-013,WH-M-BIN-26,203.0,0.0,76.61,2026-02-05,,false
SKU-00287,Welding Rod 3.2mm,PPE,SUP-147,LOC-013,WH-M-BIN-27,196.0,25.0,174.87,2026-02-02,2026-03-11,false
SKU-00288,Compressed Air Hose,CLEANING,SUP-110,LOC-016,WH-P-BIN-28,364.0,10.0,646.17,2026-04-06,,false
SKU-00289,First Aid Refill,MEDICAL,SUP-087,LOC-019,WH-S-BIN-29,81.0,0.0,434.09,2026-04-25,,false
SKU-00290,Racking Beam 2.4m,RAW_MATERIALS,SUP-198,LOC-019,WH-S-BIN-30,455.0,20.0,666.36,2026-05-14,2026-08-10,false
SKU-00291,Stretch Hood Film,CHEMICALS,SUP-193,LOC-016,WH-P-BIN-31,14.0,15.0,726.06,2026-03-18,,true
SKU-00292,Load Cell 500kg,ELECTRONICS,SUP-030,LOC-002,WH-B-BIN-32,410.0,0.0,651.82,2026-04-01,2026-11-01,false
SKU-00293,Dock Bumpers Pair,FOOD_DRY,SUP-013,LOC-001,WH-A-BIN-33,212.0,10.0,486.01,2026-04-04,2027-06-13,false
SKU-00294,Floor Marking Paint,FOOD_COLD,SUP-117,LOC-002,WH-B-BIN-34,21.0,25.0,759.64,2026-01-12,,false
SKU-00295,Battery Charger 24V,PACKAGING,SUP-161,LOC-014,WH-N-BIN-35,45.0,0,15.42,2026-02-19,,false
SKU-00296,Mesh Security Cage,MACHINERY_PARTS,SUP-114,LOC-015,WH-O-BIN-36,164.0,0,708.58,2026-03-14,2026-04-29,false
SKU-00297,Humidity Sensor Probe,PPE,SUP-172,LOC-014,WH-N-BIN-37,1.0,15.0,580.54,2026-02-24,2027-04-03,false
SKU-00298,Pallet Strap Tool,CLEANING,SUP-013,LOC-013,WH-M-BIN-38,309.0,15.0,212.31,2026-03-16,,false
SKU-00299,Coolant Concentrate,MEDICAL,SUP-173,LOC-017,WH-Q-BIN-39,7.0,0,73.17,2026-05-23,,false
SKU-00300,Wheel Chock Rubber,RAW_MATERIALS,SUP-092,LOC-011,WH-K-BIN-40,23.0,0,374.82,2026-06-05,,false
SKU-00301,Steel Bolt M8,CHEMICALS,SUP-003,LOC-015,WH-O-BIN-41,454.0,15.0,64.72,2026-05-15,,true
SKU-00302,Hydraulic Hose 2in,ELECTRONICS,SUP-057,LOC-004,WH-D-BIN-42,236.0,0.0,107.62,2026-02-19,,false
SKU-00303,Industrial Solvent 5L,FOOD_DRY,SUP-147,LOC-018,WH-R-BIN-43,7.0,20.0,437.06,2026-04-08,,false
SKU-00304,Forklift Battery 24V,FOOD_COLD,SUP-152,LOC-009,WH-I-BIN-44,391.0,10.0,114.40,2026-03-16,,false
SKU-00305,Safety Gloves L,PACKAGING,SUP-131,LOC-010,WH-J-BIN-45,5.0,10.0,165.50,2026-04-22,2027-03-14,false
SKU-00306,,MACHINERY_PARTS,SUP-102,LOC-004,WH-D-BIN-46,5.0,25.0,400.73,2026-02-14,,false
SKU-00307,Shrink Wrap Film Roll,PPE,SUP-048,LOC-006,WH-F-BIN-47,27.0,10.0,715.62,2026-01-26,,false
SKU-00308,,CLEANING,SUP-047,LOC-018,WH-R-BIN-48,9.0,10.0,458.87,2026-03-30,,false
SKU-00309,Dock Leveler Seal,MEDICAL,SUP-188,LOC-016,WH-P-BIN-49,330.0,40.0,186.84,2026-02-07,,false
SKU-00310,LED Warehouse Light,RAW_MATERIALS,SUP-030,LOC-008,WH-H-BIN-50,6.0,0,458.80,2026-03-02,2026-05-27,false
SKU-00311,Nitrile Gloves Box,CHEMICALS,SUP-127,LOC-001,WH-A-BIN-51,379.0,0.0,344.09,2026-01-02,,false
SKU-00312,Pallet Jack Wheel,ELECTRONICS,SUP-117,LOC-004,WH-D-BIN-52,16.0,25.0,624.35,2026-05-19,,false
SKU-00313,Barcode Scanner,FOOD_DRY,SUP-094,LOC-001,WH-A-BIN-53,21.0,0.0,672.86,2026-05-10,2027-06-28,false
SKU-00314,Fire Extinguisher 4kg,FOOD_COLD,SUP-162,LOC-008,WH-H-BIN-54,187.0,20.0,699.01,2026-03-24,,false
SKU-00315,PVC Pipe 50mm,PACKAGING,SUP-199,LOC-001,WH-A-BIN-55,296.0,20.0,121.97,2026-06-07,,false
SKU-00316,Rubber Gasket Set,MACHINERY_PARTS,SUP-167,LOC-017,WH-Q-BIN-56,3.0,20.0,604.46,2026-06-15,,false
SKU-00317,Cable Tie Assorted,PPE,SUP-152,LOC-018,WH-R-BIN-57,415.0,30.0,434.40,2026-02-06,,false
SKU-00318,,CLEANING,SUP-041,LOC-001,WH-A-BIN-58,476.0,15.0,554.05,2026-04-28,,false
SKU-00319,Wooden Pallet Std,MEDICAL,SUP-111,LOC-018,WH-R-BIN-59,326.0,40.0,519.40,2026-04-10,,false
SKU-00320,Steel Shelving Unit,RAW_MATERIALS,SUP-087,LOC-020,WH-T-BIN-60,396.0,0.0,228.29,2026-03-02,2026-09-07,false
SKU-00321,Hand Truck,CHEMICALS,SUP-130,LOC-018,WH-R-BIN-61,434.0,25.0,354.24,2026-03-26,2026-04-03,false
SKU-00322,Spill Kit 20L,ELECTRONICS,SUP-140,LOC-008,WH-H-BIN-62,249.0,0,526.07,2026-06-19,,false
SKU-00323,Epoxy Resin 1L,FOOD_DRY,SUP-116,LOC-020,WH-T-BIN-63,214.0,20.0,531.63,2026-02-27,2027-06-12,false
SKU-00324,Chain Block 1T,FOOD_COLD,SUP-157,LOC-016,WH-P-BIN-64,272.0,30.0,732.42,2026-02-16,,false
SKU-00325,Temperature Logger,PACKAGING,SUP-184,LOC-016,WH-P-BIN-65,98.0,0.0,158.53,2026-06-16,,false
SKU-00326,Anti-Slip Tape Roll,MACHINERY_PARTS,SUP-082,LOC-018,WH-R-BIN-66,12.0,40.0,296.21,2025-12-29,,false
SKU-00327,,PPE,SUP-008,LOC-009,WH-I-BIN-67,478.0,40.0,582.70,2026-04-02,,false
SKU-00328,Compressed Air Hose,CLEANING,SUP-146,whse o,WH-O-BIN-68,35.0,10.0,142.37,2026-03-30,,false
SKU-00329,,MEDICAL,SUP-069,LOC-012,WH-L-BIN-69,113.0,0,158.49,2026-03-27,,false
SKU-00330,Racking Beam 2.4m,RAW_MATERIALS,SUP-076,LOC-020,WH-T-BIN-70,346.0,15.0,592.01,2026-04-18,,false
SKU-00331,Stretch Hood Film,CHEMICALS,SUP-057,LOC-013,WH-M-BIN-71,119.0,0,84.28,2026-03-14,,true
SKU-00332,Load Cell 500kg,ELECTRONICS,SUP-176,LOC-003,WH-C-BIN-72,488.0,40.0,791.53,2026-02-22,,false
SKU-00333,Dock Bumpers Pair,FOOD_DRY,SUP-088,LOC-006,WH-F-BIN-73,105.0,0,178.88,2025-12-30,,false
SKU-00334,Floor Marking Paint,FOOD_COLD,SUP-088,LOC-008,WH-H-BIN-74,331.0,30.0,86.76,2026-03-17,2027-04-10,false
SKU-00335,Battery Charger 24V,PACKAGING,SUP-094,LOC-012,WH-L-BIN-75,350.0,10.0,680.40,2026-04-03,,false
SKU-00336,Mesh Security Cage,MACHINERY_PARTS,SUP-157,LOC-001,WH-A-BIN-76,407.0,20.0,8.07,2026-04-08,,false
SKU-00337,Humidity Sensor Probe,PPE,SUP-031,LOC-020,WH-T-BIN-77,477.0,40.0,92.33,2026-02-22,,false
SKU-00338,Pallet Strap Tool,CLEANING,SUP-124,LOC-020,WH-T-BIN-78,14.0,15.0,216.77,2026-06-16,,false
SKU-00339,Coolant Concentrate,MEDICAL,SUP-094,LOC-003,WH-C-BIN-79,221.0,15.0,262.76,2026-04-03,,false
SKU-00340,Wheel Chock Rubber,RAW_MATERIALS,SUP-028,LOC-007,WH-G-BIN-80,10.0,15.0,381.73,2026-02-11,,false
SKU-00341,Steel Bolt M8,CHEMICALS,SUP-061,LOC-004,WH-D-BIN-01,238.0,0.0,214.07,2026-05-18,2027-06-08,false
SKU-00342,Hydraulic Hose 2in,ELECTRONICS,SUP-073,LOC-004,WH-D-BIN-02,6.0,15.0,758.48,2026-05-25,,false
SKU-00343,Industrial Solvent 5L,FOOD_DRY,SUP-135,LOC-019,WH-S-BIN-03,24.0,25.0,7.37,2026-03-25,,false
SKU-00344,Forklift Battery 24V,FOOD_COLD,SUP-061,LOC-005,WH-E-BIN-04,283.0,0.0,131.91,2026-05-21,,false
SKU-00345,Safety Gloves L,PACKAGING,SUP-143,Warehouse K,WH-K-BIN-05,487.0,0.0,691.50,2026-01-27,2027-01-08,false
SKU-00346,Conveyor Belt Patch,MACHINERY_PARTS,SUP-107,LOC-017,WH-Q-BIN-06,406.0,0.0,135.74,2026-02-19,,false
SKU-00347,Shrink Wrap Film Roll,PPE,SUP-131,LOC-011,WH-K-BIN-07,399.0,20.0,586.84,2026-03-09,,false
SKU-00348,Label Printer Ribbon,CLEANING,SUP-082,LOC-012,WH-L-BIN-08,384.0,0.0,245.02,2026-01-19,,false
SKU-00349,Dock Leveler Seal,MEDICAL,SUP-022,LOC-004,WH-D-BIN-09,374.0,0.0,706.23,2026-06-15,2026-07-29,false
SKU-00350,LED Warehouse Light,RAW_MATERIALS,SUP-079,LOC-005,WH-E-BIN-10,347.0,20.0,106.64,2026-05-27,2026-11-24,false
SKU-00351,Nitrile Gloves Box,CHEMICALS,SUP-082,LOC-011,WH-K-BIN-11,6.0,10.0,507.47,2026-03-09,,false
SKU-00352,Pallet Jack Wheel,ELECTRONICS,SUP-175,Warehouse F,WH-F-BIN-12,165.0,0,307.69,2026-01-26,,false
SKU-00353,Barcode Scanner,FOOD_DRY,SUP-184,LOC-020,WH-T-BIN-13,93.0,25.0,179.22,2026-03-03,,false
SKU-00354,Fire Extinguisher 4kg,FOOD_COLD,SUP-185,LOC-015,WH-O-BIN-14,349.0,20.0,787.86,2026-05-14,2027-04-15,false
SKU-00355,PVC Pipe 50mm,PACKAGING,SUP-074,LOC-012,WH-L-BIN-15,55.0,15.0,646.57,2026-05-29,2027-04-30,false
SKU-00356,Rubber Gasket Set,MACHINERY_PARTS,SUP-049,LOC-005,WH-E-BIN-16,3.0,30.0,500.01,2026-06-10,2026-05-17,false
SKU-00357,Cable Tie Assorted,PPE,SUP-190,LOC-013,WH-M-BIN-17,4.0,10.0,164.76,2026-02-04,,false
SKU-00358,Dust Mask N95 Pack,CLEANING,SUP-089,LOC-015,WH-O-BIN-18,8.0,10.0,532.80,2026-05-11,,false
SKU-00359,,MEDICAL,SUP-090,LOC-006,WH-F-BIN-19,257.0,25.0,502.93,2026-02-22,,false
SKU-00360,Steel Shelving Unit,RAW_MATERIALS,SUP-098,LOC-005,WH-E-BIN-20,461.0,0,495.65,2026-02-15,2026-06-07,false
SKU-00361,Hand Truck,CHEMICALS,SUP-098,LOC-015,WH-O-BIN-21,303.0,40.0,575.19,2026-05-26,2026-10-27,false
SKU-00362,Spill Kit 20L,ELECTRONICS,SUP-017,LOC-006,WH-F-BIN-22,371.0,25.0,175.38,2026-02-01,,false
SKU-00363,Epoxy Resin 1L,FOOD_DRY,SUP-048,LOC-019,WH-S-BIN-23,3.0,15.0,727.89,2026-05-02,,false
SKU-00364,Chain Block 1T,FOOD_COLD,SUP-044,LOC-014,WH-N-BIN-24,395.0,10.0,62.14,2026-04-09,,false
SKU-00365,Temperature Logger,PACKAGING,SUP-142,LOC-008,WH-H-BIN-25,93.0,0,562.57,2026-04-24,,false
SKU-00366,,MACHINERY_PARTS,SUP-139,LOC-019,WH-S-BIN-26,183.0,15.0,392.30,2026-01-11,,false
SKU-00367,Welding Rod 3.2mm,PPE,SUP-189,wh_o,WH-O-BIN-27,471.0,40.0,199.21,2026-06-20,,false
SKU-00368,Compressed Air Hose,CLEANING,SUP-086,LOC-019,WH-S-BIN-28,463.0,20.0,489.75,2026-05-27,,false
SKU-00369,First Aid Refill,MEDICAL,SUP-115,LOC-006,WH-F-BIN-29,442.0,30.0,141.12,2026-06-08,2027-05-14,false
SKU-00370,Racking Beam 2.4m,RAW_MATERIALS,SUP-015,LOC-006,WH-F-BIN-30,146.0,20.0,728.71,2026-05-28,,false
SKU-00371,Stretch Hood Film,CHEMICALS,SUP-126,LOC-007,WH-G-BIN-31,478.0,0,756.75,2026-02-13,,true
SKU-00372,Load Cell 500kg,ELECTRONICS,SUP-008,LOC-005,WH-E-BIN-32,365.0,0.0,318.91,2026-06-12,,false
SKU-00373,Dock Bumpers Pair,FOOD_DRY,SUP-049,LOC-018,WH-R-BIN-33,39.0,15.0,486.05,2026-01-01,,false
SKU-00374,Floor Marking Paint,FOOD_COLD,SUP-133,whse o,WH-O-BIN-34,279.0,30.0,555.27,2026-03-22,,false
SKU-00375,Battery Charger 24V,PACKAGING,SUP-092,LOC-017,WH-Q-BIN-35,141.0,15.0,163.19,2026-04-15,2026-08-15,false
SKU-00376,,MACHINERY_PARTS,SUP-061,LOC-010,WH-J-BIN-36,19.0,25.0,89.37,2026-06-08,,false
SKU-00377,Humidity Sensor Probe,PPE,SUP-042,LOC-012,WH-L-BIN-37,466.0,15.0,20.23,2026-05-18,,false
SKU-00378,Pallet Strap Tool,CLEANING,SUP-043,LOC-019,WH-S-BIN-38,494.0,0.0,21.18,2026-04-09,,false
SKU-00379,Coolant Concentrate,MEDICAL,SUP-123,LOC-007,WH-G-BIN-39,354.0,20.0,729.50,2026-01-29,2026-11-03,false
SKU-00380,,RAW_MATERIALS,SUP-121,LOC-014,WH-N-BIN-40,127.0,10.0,93.91,2026-03-16,,false
SKU-00381,,CHEMICALS,SUP-163,LOC-002,WH-B-BIN-41,4.0,15.0,739.34,2026-02-28,,false
SKU-00382,Hydraulic Hose 2in,ELECTRONICS,SUP-014,Warehouse E,WH-E-BIN-42,330.0,10.0,323.35,2026-05-23,2027-02-06,false
SKU-00383,,FOOD_DRY,SUP-011,LOC-006,WH-F-BIN-43,336.0,10.0,530.05,2026-02-10,,false
SKU-00384,Forklift Battery 24V,FOOD_COLD,SUP-064,LOC-015,WH-O-BIN-44,493.0,15.0,155.57,2026-03-20,2027-05-14,false
SKU-00385,,PACKAGING,SUP-054,Warehouse K,WH-K-BIN-45,26.0,30.0,649.38,2026-02-12,,false
SKU-00386,Conveyor Belt Patch,MACHINERY_PARTS,SUP-039,LOC-004,WH-D-BIN-46,421.0,0.0,632.29,2026-01-02,,false
SKU-00387,Shrink Wrap Film Roll,PPE,SUP-161,LOC-013,WH-M-BIN-47,91.0,30.0,262.66,2026-05-22,,false
SKU-00388,,CLEANING,SUP-153,LOC-005,WH-E-BIN-48,19.0,20.0,795.66,2026-03-28,,false
SKU-00389,Dock Leveler Seal,MEDICAL,SUP-017,LOC-013,WH-M-BIN-49,399.0,0.0,173.27,2026-01-06,2026-02-26,false
SKU-00390,LED Warehouse Light,RAW_MATERIALS,SUP-153,LOC-019,WH-S-BIN-50,85.0,20.0,621.54,2026-04-28,,false
SKU-00391,Nitrile Gloves Box,CHEMICALS,SUP-031,LOC-015,WH-O-BIN-51,6.0,15.0,311.12,2026-05-23,,true
SKU-00392,Pallet Jack Wheel,ELECTRONICS,SUP-067,LOC-001,WH-A-BIN-52,474.0,10.0,744.29,2026-03-09,2026-04-25,false
SKU-00393,,FOOD_DRY,SUP-093,LOC-004,WH-D-BIN-53,102.0,30.0,134.75,2026-01-18,,false
SKU-00394,,FOOD_COLD,SUP-114,LOC-002,WH-B-BIN-54,389.0,40.0,19.86,2026-04-28,,false
SKU-00395,PVC Pipe 50mm,PACKAGING,SUP-033,Warehouse E,WH-E-BIN-55,164.0,0.0,210.33,2026-05-16,2027-01-05,false
SKU-00396,Rubber Gasket Set,MACHINERY_PARTS,SUP-057,LOC-001,WH-A-BIN-56,383.0,40.0,291.82,2026-03-14,2027-06-06,false
SKU-00397,Cable Tie Assorted,PPE,SUP-145,LOC-016,WH-P-BIN-57,347.0,0.0,499.08,2026-03-23,,false
SKU-00398,Dust Mask N95 Pack,CLEANING,SUP-152,LOC-015,WH-O-BIN-58,418.0,40.0,139.64,2026-04-23,,false
SKU-00399,Wooden Pallet Std,MEDICAL,SUP-123,LOC-009,WH-I-BIN-59,5.0,0,49.40,2026-05-26,2027-05-06,false
SKU-00400,Steel Shelving Unit,RAW_MATERIALS,SUP-032,LOC-017,WH-Q-BIN-60,7.0,10.0,222.38,2026-06-02,2027-02-15,false
SKU-00401,Hand Truck,CHEMICALS,SUP-042,LOC-016,WH-P-BIN-61,1.0,25.0,536.82,2026-03-03,,true
SKU-00402,Spill Kit 20L,ELECTRONICS,SUP-008,LOC-019,WH-S-BIN-62,6.0,11.0,328.05,2026-05-30,2026-08-16,false
SKU-00403,Epoxy Resin 1L,FOOD_DRY,SUP-014,LOC-008,WH-H-BIN-63,384.0,0,650.77,2026-04-13,2026-06-19,false
SKU-00404,Chain Block 1T,FOOD_COLD,SUP-136,LOC-012,WH-L-BIN-64,271.0,20.0,158.85,2026-06-21,2027-07-21,false
SKU-00405,Temperature Logger,PACKAGING,SUP-112,LOC-019,WH-S-BIN-65,198.0,15.0,341.87,2026-03-08,,false
SKU-00406,Anti-Slip Tape Roll,MACHINERY_PARTS,SUP-065,LOC-020,WH-T-BIN-66,35.0,25.0,799.81,2026-05-05,,false
SKU-00407,Welding Rod 3.2mm,PPE,SUP-104,Warehouse T,WH-T-BIN-67,441.0,0,670.99,2026-03-17,,false
SKU-00408,Compressed Air Hose,CLEANING,SUP-039,Warehouse N,WH-N-BIN-68,200.0,10.0,560.18,2026-02-24,,false
SKU-00409,,MEDICAL,SUP-009,LOC-001,WH-A-BIN-69,156.0,10.0,502.22,2026-06-19,,false
SKU-00410,Racking Beam 2.4m,RAW_MATERIALS,SUP-030,LOC-003,WH-C-BIN-70,248.0,0,31.81,2026-01-09,2026-12-02,false
SKU-00411,Stretch Hood Film,CHEMICALS,SUP-150,Warehouse I,WH-I-BIN-71,298.0,15.0,451.21,2025-12-28,,false
SKU-00412,Load Cell 500kg,ELECTRONICS,SUP-147,LOC-009,WH-I-BIN-72,181.0,10.0,35.75,2026-01-20,2026-10-22,false
SKU-00413,Dock Bumpers Pair,FOOD_DRY,SUP-129,LOC-020,WH-T-BIN-73,433.0,10.0,398.53,2026-03-16,,false
SKU-00414,Floor Marking Paint,FOOD_COLD,SUP-136,LOC-020,WH-T-BIN-74,347.0,0,473.07,2026-01-01,2026-04-27,false
SKU-00415,Battery Charger 24V,PACKAGING,SUP-107,LOC-004,WH-D-BIN-75,328.0,25.0,306.84,2026-05-31,,false
SKU-00416,Mesh Security Cage,MACHINERY_PARTS,SUP-056,LOC-005,WH-E-BIN-76,166.0,25.0,200.10,2026-05-12,,false
SKU-00417,Humidity Sensor Probe,PPE,SUP-112,LOC-011,WH-K-BIN-77,127.0,15.0,476.91,2026-01-27,,false
SKU-00418,Pallet Strap Tool,CLEANING,SUP-030,LOC-019,WH-S-BIN-78,248.0,30.0,729.03,2026-05-14,2026-03-12,false
SKU-00419,Coolant Concentrate,MEDICAL,SUP-170,LOC-014,WH-N-BIN-79,33.0,15.0,656.21,2026-02-07,2026-04-28,false
SKU-00420,Wheel Chock Rubber,RAW_MATERIALS,SUP-028,LOC-006,WH-F-BIN-80,3.0,10.0,505.40,2026-01-07,,false
SKU-00421,Steel Bolt M8,CHEMICALS,SUP-025,LOC-009,WH-I-BIN-01,496.0,0,68.78,2026-03-23,,false
SKU-00422,,ELECTRONICS,SUP-147,LOC-020,WH-T-BIN-02,324.0,30.0,720.86,2026-05-28,,false
SKU-00423,Industrial Solvent 5L,FOOD_DRY,SUP-114,LOC-003,WH-C-BIN-03,394.0,10.0,233.23,2026-01-07,,false
SKU-00424,Forklift Battery 24V,FOOD_COLD,SUP-008,LOC-017,WH-Q-BIN-04,440.0,0.0,715.54,2026-04-09,,false
SKU-00425,Safety Gloves L,PACKAGING,SUP-036,LOC-018,WH-R-BIN-05,6.0,15.0,188.04,2026-03-05,,false
SKU-00426,Conveyor Belt Patch,MACHINERY_PARTS,SUP-096,Warehouse Q,WH-Q-BIN-06,6.0,25.0,209.08,2026-06-14,2026-06-22,false
SKU-00427,Shrink Wrap Film Roll,PPE,SUP-122,LOC-014,WH-N-BIN-07,262.0,20.0,305.44,2026-06-04,2026-10-30,false
SKU-00428,Label Printer Ribbon,CLEANING,SUP-153,LOC-010,WH-J-BIN-08,66.0,25.0,409.70,2026-02-18,,false
SKU-00429,Dock Leveler Seal,MEDICAL,SUP-070,LOC-019,WH-S-BIN-09,104.0,0.0,122.05,2026-03-17,,false
SKU-00430,LED Warehouse Light,RAW_MATERIALS,SUP-172,LOC-019,WH-S-BIN-10,264.0,0.0,471.90,2026-04-28,2026-06-20,false
SKU-00431,Nitrile Gloves Box,CHEMICALS,SUP-067,LOC-004,WH-D-BIN-11,65.0,0,37.13,2026-02-04,,false
SKU-00432,Pallet Jack Wheel,ELECTRONICS,SUP-125,LOC-006,WH-F-BIN-12,365.0,20.0,267.98,2026-03-21,,false
SKU-00433,Barcode Scanner,FOOD_DRY,SUP-028,LOC-012,WH-L-BIN-13,496.0,0,536.68,2026-03-16,,false
SKU-00434,Fire Extinguisher 4kg,FOOD_COLD,SUP-075,LOC-006,WH-F-BIN-14,43.0,40.0,227.87,2026-01-20,,false
SKU-00435,PVC Pipe 50mm,PACKAGING,SUP-099,LOC-013,WH-M-BIN-15,147.0,30.0,213.98,2026-02-15,,false
SKU-00436,Rubber Gasket Set,MACHINERY_PARTS,SUP-039,LOC-010,WH-J-BIN-16,9.0,10.0,129.53,2026-03-26,,false
SKU-00437,Cable Tie Assorted,PPE,SUP-195,LOC-019,WH-S-BIN-17,442.0,15.0,2.27,2026-01-30,,false
SKU-00438,Dust Mask N95 Pack,CLEANING,SUP-069,Warehouse H,WH-H-BIN-18,224.0,30.0,704.51,2026-05-21,,false
SKU-00439,Wooden Pallet Std,MEDICAL,SUP-102,Warehouse I,WH-I-BIN-19,97.0,25.0,461.45,2026-03-09,,false
SKU-00440,Steel Shelving Unit,RAW_MATERIALS,SUP-160,LOC-001,WH-A-BIN-20,52.0,0.0,470.03,2026-04-23,2026-09-21,false
SKU-00441,Hand Truck,CHEMICALS,SUP-170,LOC-012,WH-L-BIN-21,327.0,0.0,165.25,2026-03-13,,true
SKU-00442,Spill Kit 20L,ELECTRONICS,SUP-122,LOC-007,WH-G-BIN-22,228.0,40.0,36.95,2026-04-21,,false
SKU-00443,Epoxy Resin 1L,FOOD_DRY,SUP-143,LOC-011,WH-K-BIN-23,68.0,30.0,728.19,2026-03-25,,false
SKU-00444,Chain Block 1T,FOOD_COLD,SUP-193,LOC-009,WH-I-BIN-24,4.0,0,520.93,2026-05-07,,false
SKU-00445,Temperature Logger,PACKAGING,SUP-071,LOC-010,WH-J-BIN-25,423.0,10.0,717.47,2026-06-09,2027-03-30,false
SKU-00446,Anti-Slip Tape Roll,MACHINERY_PARTS,SUP-033,LOC-017,WH-Q-BIN-26,152.0,40.0,35.38,2026-02-07,,false
SKU-00447,Welding Rod 3.2mm,PPE,SUP-103,LOC-001,WH-A-BIN-27,446.0,25.0,332.13,2026-05-30,,false
SKU-00448,Compressed Air Hose,CLEANING,SUP-084,LOC-008,WH-H-BIN-28,114.0,30.0,437.64,2026-01-19,,false
SKU-00449,First Aid Refill,MEDICAL,SUP-159,LOC-018,WH-R-BIN-29,488.0,0.0,495.60,2026-03-05,,false
SKU-00450,Racking Beam 2.4m,RAW_MATERIALS,SUP-130,LOC-010,WH-J-BIN-30,310.0,0,471.51,2026-04-06,2027-01-16,false
SKU-00451,Stretch Hood Film,CHEMICALS,SUP-029,LOC-002,WH-B-BIN-31,3.0,10.0,625.27,2026-03-25,2026-03-30,true
SKU-00452,Load Cell 500kg,ELECTRONICS,SUP-178,LOC-013,WH-M-BIN-32,8.0,10.0,583.10,2026-04-28,2026-03-30,false
SKU-00453,Dock Bumpers Pair,FOOD_DRY,SUP-138,LOC-020,WH-T-BIN-33,414.0,0.0,200.35,2026-01-11,,false
SKU-00454,Floor Marking Paint,FOOD_COLD,SUP-026,LOC-005,WH-E-BIN-34,316.0,30.0,8.13,2026-06-19,2027-03-31,false
SKU-00455,Battery Charger 24V,PACKAGING,SUP-168,LOC-020,WH-T-BIN-35,313.0,40.0,465.13,2026-05-11,,false
SKU-00456,Mesh Security Cage,MACHINERY_PARTS,SUP-076,LOC-002,WH-B-BIN-36,212.0,25.0,689.53,2026-01-19,,false
SKU-00457,Humidity Sensor Probe,PPE,SUP-111,LOC-014,WH-N-BIN-37,14.0,25.0,253.17,2026-03-24,2027-01-01,false
SKU-00458,Pallet Strap Tool,CLEANING,SUP-194,Warehouse P,WH-P-BIN-38,194.0,25.0,626.45,2026-04-08,2026-04-29,false
SKU-00459,Coolant Concentrate,MEDICAL,SUP-057,LOC-011,WH-K-BIN-39,420.0,15.0,195.53,2026-03-23,,false
SKU-00460,Wheel Chock Rubber,RAW_MATERIALS,SUP-104,LOC-009,WH-I-BIN-40,21.0,25.0,561.08,2026-06-12,,false
SKU-00461,Steel Bolt M8,CHEMICALS,SUP-102,LOC-004,WH-D-BIN-41,191.0,40.0,9.31,2026-01-04,,false
SKU-00462,Hydraulic Hose 2in,ELECTRONICS,SUP-031,LOC-006,WH-F-BIN-42,97.0,15.0,343.69,2026-02-23,,false
SKU-00463,Industrial Solvent 5L,FOOD_DRY,SUP-080,Warehouse P,WH-P-BIN-43,88.0,25.0,84.72,2026-05-11,,false
SKU-00464,Forklift Battery 24V,FOOD_COLD,SUP-182,LOC-009,WH-I-BIN-44,67.0,10.0,765.32,2026-02-09,,false
SKU-00465,Safety Gloves L,PACKAGING,SUP-164,LOC-017,WH-Q-BIN-45,18.0,25.0,471.87,2026-03-16,2026-04-26,false
SKU-00466,Conveyor Belt Patch,MACHINERY_PARTS,SUP-183,LOC-016,WH-P-BIN-46,3.0,25.0,753.53,2026-03-04,,false
SKU-00467,Shrink Wrap Film Roll,PPE,SUP-070,LOC-001,WH-A-BIN-47,89.0,25.0,511.60,2026-03-09,,false
SKU-00468,Label Printer Ribbon,CLEANING,SUP-038,LOC-003,WH-C-BIN-48,76.0,0,202.48,2026-02-23,2026-04-19,false
SKU-00469,,MEDICAL,SUP-059,LOC-011,WH-K-BIN-49,197.0,25.0,426.77,2026-02-27,,false
SKU-00470,LED Warehouse Light,RAW_MATERIALS,SUP-090,LOC-018,WH-R-BIN-50,5.0,26.0,446.88,2026-04-27,2027-07-04,false
SKU-00471,Nitrile Gloves Box,CHEMICALS,SUP-084,LOC-017,WH-Q-BIN-51,205.0,20.0,27.09,2026-03-08,,true
SKU-00472,Pallet Jack Wheel,ELECTRONICS,SUP-074,LOC-012,WH-L-BIN-52,259.0,40.0,90.90,2026-05-07,2026-09-03,false
SKU-00473,Barcode Scanner,FOOD_DRY,SUP-183,LOC-005,WH-E-BIN-53,166.0,25.0,781.77,2026-01-02,,false
SKU-00474,Fire Extinguisher 4kg,FOOD_COLD,SUP-188,LOC-020,WH-T-BIN-54,63.0,0.0,166.61,2026-01-06,,false
SKU-00475,,PACKAGING,SUP-166,LOC-010,WH-J-BIN-55,367.0,40.0,432.04,2026-01-01,2027-05-06,false
SKU-00476,Rubber Gasket Set,MACHINERY_PARTS,SUP-019,LOC-006,WH-F-BIN-56,201.0,25.0,486.18,2026-03-18,2026-08-29,false
SKU-00477,Cable Tie Assorted,PPE,SUP-011,LOC-008,WH-H-BIN-57,188.0,20.0,795.48,2026-04-28,,false
SKU-00478,Dust Mask N95 Pack,CLEANING,SUP-185,LOC-011,WH-K-BIN-58,277.0,30.0,266.16,2026-04-28,,false
SKU-00479,Wooden Pallet Std,MEDICAL,SUP-004,LOC-010,WH-J-BIN-59,459.0,10.0,84.86,2026-06-08,,false
SKU-00480,Steel Shelving Unit,RAW_MATERIALS,SUP-113,LOC-013,WH-M-BIN-60,278.0,25.0,277.58,2026-05-12,,false
SKU-00481,Hand Truck,CHEMICALS,SUP-066,LOC-009,WH-I-BIN-61,489.0,20.0,44.68,2026-02-09,,true
SKU-00482,,ELECTRONICS,SUP-093,LOC-018,WH-R-BIN-62,53.0,40.0,627.85,2026-05-29,,false
SKU-00483,Epoxy Resin 1L,FOOD_DRY,SUP-165,LOC-001,WH-A-BIN-63,353.0,40.0,100.42,2026-02-08,,false
SKU-00484,Chain Block 1T,FOOD_COLD,SUP-129,LOC-015,WH-O-BIN-64,358.0,30.0,498.43,2026-01-28,,false
SKU-00485,Temperature Logger,PACKAGING,SUP-151,LOC-014,WH-N-BIN-65,283.0,30.0,479.88,2026-04-08,,false
SKU-00486,Anti-Slip Tape Roll,MACHINERY_PARTS,SUP-124,LOC-011,WH-K-BIN-66,16.0,30.0,545.46,2026-04-22,,false
SKU-00487,Welding Rod 3.2mm,PPE,SUP-060,LOC-013,WH-M-BIN-67,9.0,10.0,203.60,2026-04-18,,false
SKU-00488,Compressed Air Hose,CLEANING,SUP-053,LOC-005,WH-E-BIN-68,305.0,0,192.14,2026-05-30,2026-11-23,false
SKU-00489,First Aid Refill,MEDICAL,SUP-029,LOC-005,WH-E-BIN-69,357.0,40.0,653.90,2026-01-31,2026-02-28,false
SKU-00490,Racking Beam 2.4m,RAW_MATERIALS,SUP-045,LOC-007,WH-G-BIN-70,463.0,30.0,446.52,2026-05-02,2026-04-13,false
SKU-00491,Stretch Hood Film,CHEMICALS,SUP-038,LOC-006,WH-F-BIN-71,42.0,10.0,142.23,2026-06-25,2026-05-27,true
SKU-00492,Load Cell 500kg,ELECTRONICS,SUP-099,LOC-017,WH-Q-BIN-72,242.0,25.0,407.32,2026-01-15,2026-06-22,false
SKU-00493,Dock Bumpers Pair,FOOD_DRY,SUP-172,Warehouse T,WH-T-BIN-73,305.0,0.0,99.12,2026-02-05,,false
SKU-00494,Floor Marking Paint,FOOD_COLD,SUP-076,LOC-003,WH-C-BIN-74,210.0,15.0,189.71,2026-02-04,2027-07-31,false
SKU-00495,Battery Charger 24V,PACKAGING,SUP-082,LOC-010,WH-J-BIN-75,144.0,40.0,39.80,2026-02-22,,false
SKU-00496,Mesh Security Cage,MACHINERY_PARTS,SUP-108,LOC-009,WH-I-BIN-76,404.0,0.0,248.85,2026-01-26,2027-01-03,false
SKU-00497,Humidity Sensor Probe,PPE,SUP-174,LOC-011,WH-K-BIN-77,4.0,10.0,732.97,2026-06-25,,false
SKU-00498,Pallet Strap Tool,CLEANING,SUP-072,LOC-012,WH-L-BIN-78,400.0,0,722.55,2026-06-14,2026-08-05,false
SKU-00499,Coolant Concentrate,MEDICAL,SUP-111,LOC-014,WH-N-BIN-79,219.0,40.0,315.60,2026-03-23,2027-06-22,false
SKU-00500,Wheel Chock Rubber,RAW_MATERIALS,SUP-023,LOC-010,WH-J-BIN-80,66.0,40.0,789.45,2026-06-25,,false
SKU-00001,Steel Bolt M8,CHEMICALS,SUP-139,LOC-015,WH-O-BIN-01,71.0,0,216.55,2026-01-18,,false
SKU-00002,Hydraulic Hose 2in,ELECTRONICS,SUP-158,Warehouse Q,WH-Q-BIN-02,208.0,10.0,439.49,2026-04-11,,false
SKU-00003,Industrial Solvent 5L,FOOD_DRY,SUP-037,LOC-018,WH-R-BIN-03,293.0,25.0,311.95,2026-02-28,,false
SKU-00004,Forklift Battery 24V,FOOD_COLD,SUP-136,LOC-001,WH-A-BIN-04,296.0,15.0,96.41,2026-02-10,,false
SKU-00005,Safety Gloves L,PACKAGING,SUP-158,LOC-016,WH-P-BIN-05,7.0,10.0,63.87,2026-03-01,,false
SKU-00006,Conveyor Belt Patch,MACHINERY_PARTS,SUP-006,LOC-013,WH-M-BIN-06,324.0,40.0,107.90,2025-12-28,2026-06-14,false
SKU-00007,Shrink Wrap Film Roll,PPE,SUP-117,LOC-012,WH-L-BIN-07,343.0,0.0,305.35,2026-04-09,,false
SKU-00008,Label Printer Ribbon,CLEANING,SUP-142,LOC-003,WH-C-BIN-08,22.0,0,747.75,2026-06-07,,false
SKU-00009,Dock Leveler Seal,MEDICAL,SUP-093,LOC-015,WH-O-BIN-09,281.0,20.0,366.62,2026-06-02,,false
SKU-00010,LED Warehouse Light,RAW_MATERIALS,SUP-125,LOC-005,WH-E-BIN-10,217.0,20.0,638.19,2026-01-11,2027-07-05,false
SKU-00011,Nitrile Gloves Box,CHEMICALS,SUP-038,LOC-018,WH-R-BIN-11,67.0,0,349.72,2026-05-11,,true
SKU-00012,Pallet Jack Wheel,ELECTRONICS,SUP-123,LOC-020,WH-T-BIN-12,282.0,20.0,705.55,2026-04-19,,false
SKU-00013,Barcode Scanner,FOOD_DRY,SUP-069,LOC-012,WH-L-BIN-13,73.0,15.0,389.91,2026-06-14,,false
SKU-00015,PVC Pipe 50mm,PACKAGING,SUP-033,LOC-017,WH-Q-BIN-15,452.0,10.0,398.56,2026-06-25,,false
SKU-00016,Rubber Gasket Set,MACHINERY_PARTS,SUP-005,LOC-019,WH-S-BIN-16,26.0,40.0,275.05,2026-04-16,,false
SKU-00017,Cable Tie Assorted,PPE,SUP-118,LOC-002,WH-B-BIN-17,128.0,15.0,793.52,2026-02-17,,false
SKU-00018,Dust Mask N95 Pack,CLEANING,SUP-144,LOC-006,WH-F-BIN-18,187.0,30.0,48.61,2026-02-21,,false
SKU-00019,,MEDICAL,SUP-167,LOC-017,WH-Q-BIN-19,5.0,24.0,59.85,2026-02-07,2027-02-25,false
SKU-00020,Steel Shelving Unit,RAW_MATERIALS,SUP-002,Warehouse L,WH-L-BIN-20,12.0,25.0,602.94,2026-06-10,,false
SKU-00021,Hand Truck,CHEMICALS,SUP-030,LOC-003,WH-C-BIN-21,210.0,0,708.96,2026-05-29,,false
SKU-00022,Spill Kit 20L,ELECTRONICS,SUP-081,LOC-003,WH-C-BIN-22,1.0,15.0,44.49,2026-01-31,2027-03-08,false
SKU-00023,Epoxy Resin 1L,FOOD_DRY,SUP-052,LOC-005,WH-E-BIN-23,36.0,10.0,545.03,2026-06-24,,false
SKU-00024,,FOOD_COLD,SUP-066,LOC-016,WH-P-BIN-24,444.0,40.0,628.60,2026-02-02,,false
SKU-00025,,PACKAGING,SUP-179,LOC-011,WH-K-BIN-25,136.0,20.0,375.72,2026-01-25,,false
SKU-00026,Anti-Slip Tape Roll,MACHINERY_PARTS,SUP-147,LOC-018,WH-R-BIN-26,462.0,15.0,224.66,2026-02-25,,false
SKU-00027,Welding Rod 3.2mm,PPE,SUP-106,LOC-004,WH-D-BIN-27,3.0,25.0,431.66,2026-05-02,,false
SKU-00028,Compressed Air Hose,CLEANING,SUP-010,LOC-003,WH-C-BIN-28,12.0,20.0,323.82,2026-01-01,,false
SKU-00029,First Aid Refill,MEDICAL,SUP-018,LOC-006,WH-F-BIN-29,476.0,25.0,583.24,2026-03-05,,false
SKU-00030,Racking Beam 2.4m,RAW_MATERIALS,SUP-135,LOC-009,WH-I-BIN-30,471.0,0.0,337.70,2026-06-10,,false
SKU-00031,Stretch Hood Film,CHEMICALS,SUP-070,LOC-013,WH-M-BIN-31,14.0,30.0,176.79,2026-04-22,,false
SKU-00032,Load Cell 500kg,ELECTRONICS,SUP-129,LOC-018,WH-R-BIN-32,300.0,15.0,307.33,2026-01-15,,false
SKU-00033,Dock Bumpers Pair,FOOD_DRY,SUP-104,LOC-010,WH-J-BIN-33,6.0,15.0,356.58,2026-04-16,2026-03-13,false
SKU-00034,Floor Marking Paint,FOOD_COLD,SUP-101,LOC-002,WH-B-BIN-34,249.0,20.0,318.86,2026-05-04,,false
SKU-00035,Battery Charger 24V,PACKAGING,SUP-047,LOC-019,WH-S-BIN-35,3.0,40.0,613.00,2026-05-29,,false
SKU-00036,,MACHINERY_PARTS,SUP-127,LOC-002,WH-B-BIN-36,378.0,40.0,83.17,2026-04-27,2026-04-10,false
SKU-00037,Humidity Sensor Probe,PPE,SUP-022,LOC-004,WH-D-BIN-37,256.0,10.0,17.24,2026-04-02,2027-07-12,false
SKU-00038,Pallet Strap Tool,CLEANING,SUP-181,LOC-010,WH-J-BIN-38,369.0,25.0,20.99,2026-01-18,2027-06-15,false
SKU-00039,Coolant Concentrate,MEDICAL,SUP-060,LOC-012,WH-L-BIN-39,438.0,20.0,546.71,2026-06-25,,false
SKU-00040,Wheel Chock Rubber,RAW_MATERIALS,SUP-171,LOC-003,WH-C-BIN-40,113.0,15.0,453.58,2026-06-10,,false
SKU-00041,Steel Bolt M8,CHEMICALS,SUP-041,LOC-001,WH-A-BIN-41,233.0,0.0,42.52,2026-04-05,,true
SKU-00042,,ELECTRONICS,SUP-185,LOC-007,WH-G-BIN-42,484.0,15.0,549.74,2026-04-20,,false
SKU-00043,Industrial Solvent 5L,FOOD_DRY,SUP-163,LOC-015,WH-O-BIN-43,10.0,30.0,394.87,2026-03-04,2026-03-11,false
SKU-00044,Forklift Battery 24V,FOOD_COLD,SUP-034,LOC-007,WH-G-BIN-44,324.0,0,472.73,2026-03-24,,false
SKU-00045,Safety Gloves L,PACKAGING,SUP-060,LOC-001,WH-A-BIN-45,404.0,40.0,231.70,2026-01-03,2026-05-06,false
SKU-00046,,MACHINERY_PARTS,SUP-056,LOC-020,WH-T-BIN-46,415.0,0,96.58,2026-04-15,,false
SKU-00047,Shrink Wrap Film Roll,PPE,SUP-033,LOC-012,WH-L-BIN-47,469.0,10.0,559.59,2026-04-14,2026-04-08,false
SKU-00048,Label Printer Ribbon,CLEANING,SUP-019,LOC-003,WH-C-BIN-48,173.0,30.0,792.41,2026-03-31,,false
SKU-00049,,MEDICAL,SUP-158,LOC-020,WH-T-BIN-49,299.0,15.0,549.45,2026-03-30,2027-02-02,false
SKU-00050,LED Warehouse Light,RAW_MATERIALS,SUP-012,LOC-005,WH-E-BIN-50,2.0,20.0,752.58,2026-06-22,,false
SKU-00051,Nitrile Gloves Box,CHEMICALS,SUP-102,LOC-001,WH-A-BIN-51,239.0,30.0,310.71,2026-03-05,2026-04-17,false
SKU-00052,Pallet Jack Wheel,ELECTRONICS,SUP-200,LOC-002,WH-B-BIN-52,478.0,40.0,544.81,2026-05-01,,false
SKU-00053,Barcode Scanner,FOOD_DRY,SUP-146,LOC-007,WH-G-BIN-53,167.0,0.0,689.79,2026-06-20,,false
SKU-00054,Fire Extinguisher 4kg,FOOD_COLD,SUP-101,LOC-001,WH-A-BIN-54,254.0,0,507.04,2026-06-23,2026-10-16,false
SKU-00055,PVC Pipe 50mm,PACKAGING,SUP-127,LOC-003,WH-C-BIN-55,214.0,15.0,230.12,2026-02-28,,false
SKU-00056,Rubber Gasket Set,MACHINERY_PARTS,SUP-066,Warehouse R,WH-R-BIN-56,3.0,15.0,623.72,2026-04-30,,false
SKU-00057,Cable Tie Assorted,PPE,SUP-079,LOC-008,WH-H-BIN-57,1.0,20.0,515.23,2026-03-10,2026-08-15,false
SKU-00058,Dust Mask N95 Pack,CLEANING,SUP-092,LOC-002,WH-B-BIN-58,22.0,15.0,332.38,2026-04-22,,false
SKU-00059,Wooden Pallet Std,MEDICAL,SUP-004,LOC-008,WH-H-BIN-59,473.0,15.0,177.52,2026-05-22,,false
SKU-00060,Steel Shelving Unit,RAW_MATERIALS,SUP-002,LOC-020,WH-T-BIN-60,478.0,20.0,366.32,2026-02-01,,false
SKU-00061,Hand Truck,CHEMICALS,SUP-140,LOC-018,WH-R-BIN-61,185.0,25.0,590.08,2026-03-09,2027-05-25,true
SKU-00062,,ELECTRONICS,SUP-012,LOC-013,WH-M-BIN-62,451.0,15.0,638.28,2025-12-30,,false
SKU-00063,,FOOD_DRY,SUP-118,LOC-005,WH-E-BIN-63,201.0,20.0,786.68,2026-06-19,2026-04-27,false
SKU-00064,,FOOD_COLD,SUP-033,LOC-020,WH-T-BIN-64,484.0,10.0,131.36,2026-02-05,,false
SKU-00065,Temperature Logger,PACKAGING,SUP-047,LOC-001,WH-A-BIN-65,240.0,15.0,580.99,2026-05-13,,false
SKU-00066,Anti-Slip Tape Roll,MACHINERY_PARTS,SUP-091,LOC-003,WH-C-BIN-66,19.0,30.0,549.74,2026-02-01,,false
SKU-00067,Welding Rod 3.2mm,PPE,SUP-112,LOC-004,WH-D-BIN-67,7.0,10.0,441.09,2026-06-05,,false
SKU-00068,Compressed Air Hose,CLEANING,SUP-081,LOC-019,WH-S-BIN-68,403.0,30.0,77.17,2026-02-03,2027-07-14,false
SKU-00069,First Aid Refill,MEDICAL,SUP-012,LOC-017,WH-Q-BIN-69,45.0,40.0,384.04,2025-12-28,,false
SKU-00070,Racking Beam 2.4m,RAW_MATERIALS,SUP-056,LOC-020,WH-T-BIN-70,300.0,10.0,384.71,2026-05-12,2027-05-19,false
SKU-00071,Stretch Hood Film,CHEMICALS,SUP-071,LOC-017,WH-Q-BIN-71,471.0,20.0,796.35,2026-05-21,2026-06-13,true
SKU-00072,Load Cell 500kg,ELECTRONICS,SUP-042,LOC-016,WH-P-BIN-72,4.0,10.0,500.97,2026-04-28,,false
SKU-00073,Dock Bumpers Pair,FOOD_DRY,SUP-170,LOC-005,WH-E-BIN-73,50.0,15.0,224.45,2026-05-02,,false
SKU-00074,Floor Marking Paint,FOOD_COLD,SUP-192,LOC-005,WH-E-BIN-74,288.0,0.0,462.66,2026-05-06,2026-05-10,false
SKU-00075,Battery Charger 24V,PACKAGING,SUP-173,LOC-001,WH-A-BIN-75,396.0,15.0,782.98,2026-04-16,,false
SKU-00076,,MACHINERY_PARTS,SUP-057,LOC-005,WH-E-BIN-76,8.0,25.0,556.97,2026-05-30,,false
SKU-00077,Humidity Sensor Probe,PPE,SUP-096,LOC-008,WH-H-BIN-77,9.0,40.0,709.30,2026-03-13,,false
SKU-00078,,CLEANING,SUP-102,LOC-009,WH-I-BIN-78,21.0,15.0,634.85,2026-04-27,,false
SKU-00079,Coolant Concentrate,MEDICAL,SUP-117,LOC-015,WH-O-BIN-79,202.0,25.0,180.95,2026-06-07,,false
SKU-00080,Wheel Chock Rubber,RAW_MATERIALS,SUP-167,LOC-001,WH-A-BIN-80,326.0,15.0,594.35,2026-02-25,,false
SKU-00081,Steel Bolt M8,CHEMICALS,SUP-097,LOC-010,WH-J-BIN-01,3.0,28.0,97.23,2026-06-18,,true
SKU-00082,Hydraulic Hose 2in,ELECTRONICS,SUP-071,LOC-018,WH-R-BIN-02,337.0,10.0,641.56,2026-05-05,,false
SKU-00083,,FOOD_DRY,SUP-108,LOC-004,WH-D-BIN-03,27.0,25.0,296.12,2026-03-11,,false
SKU-00084,Forklift Battery 24V,FOOD_COLD,SUP-118,LOC-013,WH-M-BIN-04,469.0,0.0,744.03,2026-06-04,,false
SKU-00085,Safety Gloves L,PACKAGING,SUP-132,LOC-019,WH-S-BIN-05,221.0,0,230.98,2026-04-21,2026-04-12,false
SKU-00086,Conveyor Belt Patch,MACHINERY_PARTS,SUP-168,LOC-010,WH-J-BIN-06,245.0,10.0,484.52,2026-05-08,2026-12-29,false
SKU-00087,Shrink Wrap Film Roll,PPE,SUP-146,LOC-008,WH-H-BIN-07,21.0,0,105.32,2026-05-13,2026-10-31,false
SKU-00088,Label Printer Ribbon,CLEANING,SUP-035,LOC-013,WH-M-BIN-08,471.0,25.0,206.07,2026-03-12,,false
SKU-00089,Dock Leveler Seal,MEDICAL,SUP-190,LOC-005,WH-E-BIN-09,355.0,20.0,82.93,2026-02-14,,false
SKU-00090,LED Warehouse Light,RAW_MATERIALS,SUP-163,LOC-017,WH-Q-BIN-10,293.0,0,550.42,2026-05-31,,false
SKU-00091,Nitrile Gloves Box,CHEMICALS,SUP-105,LOC-020,WH-T-BIN-11,347.0,15.0,69.54,2026-01-23,,false
SKU-00092,,ELECTRONICS,SUP-068,LOC-013,WH-M-BIN-12,122.0,15.0,576.69,2026-04-14,,false
SKU-00093,Barcode Scanner,FOOD_DRY,SUP-048,LOC-015,WH-O-BIN-13,18.0,0,759.59,2026-06-17,2026-11-06,false
SKU-00094,Fire Extinguisher 4kg,FOOD_COLD,SUP-020,LOC-008,WH-H-BIN-14,381.0,10.0,325.72,2026-03-22,,false
SKU-00095,PVC Pipe 50mm,PACKAGING,SUP-095,LOC-009,WH-I-BIN-15,259.0,0.0,540.76,2026-02-18,,false
SKU-00096,Rubber Gasket Set,MACHINERY_PARTS,SUP-117,LOC-011,WH-K-BIN-16,320.0,25.0,577.95,2026-01-14,,false
SKU-00097,Cable Tie Assorted,PPE,SUP-052,LOC-011,WH-K-BIN-17,142.0,20.0,218.14,2026-03-19,,false
SKU-00098,Dust Mask N95 Pack,CLEANING,SUP-199,LOC-020,WH-T-BIN-18,215.0,30.0,724.94,2026-05-24,2026-05-30,false
SKU-00099,Wooden Pallet Std,MEDICAL,SUP-046,LOC-003,WH-C-BIN-19,166.0,20.0,459.00,2026-01-18,,false
SKU-00100,Steel Shelving Unit,RAW_MATERIALS,SUP-131,LOC-010,WH-J-BIN-20,437.0,10.0,259.83,2026-03-22,,false
SKU-00101,Hand Truck,CHEMICALS,SUP-098,LOC-019,WH-S-BIN-21,174.0,25.0,193.14,2026-03-01,,false
SKU-00102,Spill Kit 20L,ELECTRONICS,SUP-035,LOC-009,WH-I-BIN-22,208.0,15.0,309.08,2026-04-13,2026-10-26,false
SKU-00103,Epoxy Resin 1L,FOOD_DRY,SUP-171,LOC-002,WH-B-BIN-23,353.0,0,127.62,2026-03-11,,false
SKU-00104,Chain Block 1T,FOOD_COLD,SUP-078,LOC-004,WH-D-BIN-24,182.0,0.0,363.34,2026-03-12,,false
SKU-00105,Temperature Logger,PACKAGING,SUP-169,LOC-008,WH-H-BIN-25,254.0,0.0,16.42,2026-02-09,,false
SKU-00106,,MACHINERY_PARTS,SUP-127,LOC-004,WH-D-BIN-26,440.0,0,65.36,2026-02-05,,false
SKU-00107,Welding Rod 3.2mm,PPE,SUP-024,LOC-015,WH-O-BIN-27,163.0,30.0,527.04,2026-05-11,,false
SKU-00108,Compressed Air Hose,CLEANING,SUP-130,LOC-014,WH-N-BIN-28,255.0,0.0,543.61,2026-06-13,,false
SKU-00109,First Aid Refill,MEDICAL,SUP-128,LOC-004,WH-D-BIN-29,349.0,15.0,542.01,2025-12-30,,false
SKU-00110,Racking Beam 2.4m,RAW_MATERIALS,SUP-106,LOC-017,WH-Q-BIN-30,194.0,0.0,371.31,2026-05-23,2027-03-10,false
SKU-00111,,CHEMICALS,SUP-111,LOC-019,WH-S-BIN-31,369.0,25.0,90.96,2026-06-10,,false
SKU-00112,Load Cell 500kg,ELECTRONICS,SUP-196,LOC-002,WH-B-BIN-32,378.0,0,430.53,2026-06-19,,false
SKU-00113,Dock Bumpers Pair,FOOD_DRY,SUP-084,LOC-012,WH-L-BIN-33,285.0,0,736.78,2026-02-22,2026-06-22,false
SKU-00114,Floor Marking Paint,FOOD_COLD,SUP-187,LOC-006,WH-F-BIN-34,53.0,15.0,756.40,2026-05-26,,false
SKU-00115,Battery Charger 24V,PACKAGING,SUP-007,LOC-014,WH-N-BIN-35,174.0,30.0,615.85,2026-05-01,,false
SKU-00116,Mesh Security Cage,MACHINERY_PARTS,SUP-136,LOC-013,WH-M-BIN-36,341.0,0.0,160.37,2026-05-06,2026-08-12,false
SKU-00118,,CLEANING,SUP-090,LOC-012,WH-L-BIN-38,98.0,40.0,23.38,2026-01-11,,false
SKU-00119,Coolant Concentrate,MEDICAL,SUP-148,LOC-006,WH-F-BIN-39,343.0,40.0,575.87,2026-01-19,,false
SKU-00120,Wheel Chock Rubber,RAW_MATERIALS,SUP-169,LOC-012,WH-L-BIN-40,129.0,0,617.14,2026-03-04,2027-07-15,false
SKU-00121,Steel Bolt M8,CHEMICALS,SUP-180,LOC-008,WH-H-BIN-41,117.0,30.0,292.15,2026-02-24,2026-12-20,false
SKU-00122,Hydraulic Hose 2in,ELECTRONICS,SUP-091,LOC-008,WH-H-BIN-42,86.0,15.0,777.65,2026-02-25,,false
SKU-00123,Industrial Solvent 5L,FOOD_DRY,SUP-024,LOC-013,WH-M-BIN-43,302.0,0,312.49,2026-02-18,2026-06-02,false
SKU-00125,,PACKAGING,SUP-041,LOC-017,WH-Q-BIN-45,1.0,13.0,126.46,2026-05-31,2026-06-10,false
SKU-00126,Conveyor Belt Patch,MACHINERY_PARTS,SUP-166,Warehouse L,WH-L-BIN-46,441.0,0.0,542.86,2026-01-15,,false
SKU-00127,Shrink Wrap Film Roll,PPE,SUP-181,LOC-006,WH-F-BIN-47,459.0,10.0,738.59,2026-04-19,,false
SKU-00128,Label Printer Ribbon,CLEANING,SUP-067,LOC-018,WH-R-BIN-48,226.0,0.0,106.56,2026-05-03,,false
SKU-00129,Dock Leveler Seal,MEDICAL,SUP-177,LOC-007,WH-G-BIN-49,92.0,15.0,508.52,2026-01-21,,false
SKU-00130,LED Warehouse Light,RAW_MATERIALS,SUP-065,LOC-010,WH-J-BIN-50,197.0,15.0,125.12,2026-01-06,,false
SKU-00132,Pallet Jack Wheel,ELECTRONICS,SUP-104,LOC-012,WH-L-BIN-52,6.0,10.0,720.37,2026-04-24,,false
SKU-00133,Barcode Scanner,FOOD_DRY,SUP-063,Warehouse P,WH-P-BIN-53,457.0,10.0,547.57,2026-02-20,,false
SKU-00134,Fire Extinguisher 4kg,FOOD_COLD,SUP-027,LOC-009,WH-I-BIN-54,6.0,17.0,618.19,2026-01-09,,false
SKU-00135,PVC Pipe 50mm,PACKAGING,SUP-083,LOC-018,WH-R-BIN-55,26.0,0,309.52,2026-03-15,2026-03-18,false
SKU-00136,Rubber Gasket Set,MACHINERY_PARTS,SUP-131,LOC-002,WH-B-BIN-56,166.0,0.0,379.87,2026-03-24,,false
SKU-00137,Cable Tie Assorted,PPE,SUP-017,LOC-013,WH-M-BIN-57,394.0,20.0,202.64,2026-06-07,,false
SKU-00138,Dust Mask N95 Pack,CLEANING,SUP-161,LOC-006,WH-F-BIN-58,54.0,40.0,59.47,2026-02-01,,false
SKU-00139,,MEDICAL,SUP-085,Warehouse K,WH-K-BIN-59,22.0,25.0,474.76,2026-05-02,,false
SKU-00140,Steel Shelving Unit,RAW_MATERIALS,SUP-083,LOC-019,WH-S-BIN-60,300.0,25.0,649.34,2026-06-21,2026-07-26,false
SKU-00141,Hand Truck,CHEMICALS,SUP-044,LOC-009,WH-I-BIN-61,101.0,25.0,522.32,2026-06-01,2026-03-07,true
SKU-00142,Spill Kit 20L,ELECTRONICS,SUP-039,LOC-003,WH-C-BIN-62,57.0,20.0,345.14,2026-01-18,,false
SKU-00143,Epoxy Resin 1L,FOOD_DRY,SUP-119,LOC-013,WH-M-BIN-63,310.0,30.0,419.53,2026-05-01,,false
SKU-00144,Chain Block 1T,FOOD_COLD,SUP-043,LOC-003,WH-C-BIN-64,271.0,25.0,788.10,2026-05-09,,false
SKU-00145,Temperature Logger,PACKAGING,SUP-113,LOC-005,WH-E-BIN-65,219.0,0,556.97,2026-02-10,2026-05-13,false
SKU-00146,Anti-Slip Tape Roll,MACHINERY_PARTS,SUP-160,LOC-018,WH-R-BIN-66,352.0,25.0,748.90,2026-01-15,,false
SKU-00147,Welding Rod 3.2mm,PPE,SUP-179,LOC-019,WH-S-BIN-67,178.0,40.0,307.02,2026-04-07,,false
SKU-00148,Compressed Air Hose,CLEANING,SUP-008,LOC-007,WH-G-BIN-68,364.0,30.0,188.07,2026-05-19,,false
SKU-00149,First Aid Refill,MEDICAL,SUP-041,LOC-002,WH-B-BIN-69,1.0,10.0,303.75,2026-04-14,,false
SKU-00150,Racking Beam 2.4m,RAW_MATERIALS,SUP-164,LOC-019,WH-S-BIN-70,429.0,25.0,2.95,2026-03-10,,false
SKU-00151,,CHEMICALS,SUP-119,LOC-018,WH-R-BIN-71,176.0,25.0,321.93,2026-01-30,,false
SKU-00152,Load Cell 500kg,ELECTRONICS,SUP-080,LOC-015,WH-O-BIN-72,234.0,10.0,553.12,2026-06-17,,false
SKU-00153,Dock Bumpers Pair,FOOD_DRY,SUP-085,LOC-009,WH-I-BIN-73,31.0,10.0,377.27,2026-06-16,,false
SKU-00154,,FOOD_COLD,SUP-190,LOC-019,WH-S-BIN-74,159.0,25.0,354.22,2026-05-28,,false
SKU-00155,Battery Charger 24V,PACKAGING,SUP-167,LOC-019,WH-S-BIN-75,90.0,20.0,41.54,2026-03-23,,false
SKU-00156,Mesh Security Cage,MACHINERY_PARTS,SUP-120,LOC-019,WH-S-BIN-76,23.0,40.0,371.21,2026-01-04,,false
SKU-00157,Humidity Sensor Probe,PPE,SUP-110,Warehouse G,WH-G-BIN-77,140.0,20.0,733.10,2026-01-18,,false
SKU-00158,Pallet Strap Tool,CLEANING,SUP-146,LOC-018,WH-R-BIN-78,191.0,0,526.65,2026-04-23,,false
SKU-00159,Coolant Concentrate,MEDICAL,SUP-085,LOC-010,WH-J-BIN-79,154.0,0.0,178.68,2026-04-21,,false
SKU-00160,,RAW_MATERIALS,SUP-079,LOC-003,WH-C-BIN-80,82.0,30.0,602.88,2026-04-24,,false
SKU-00161,Steel Bolt M8,CHEMICALS,SUP-071,LOC-009,WH-I-BIN-01,250.0,30.0,329.11,2026-06-21,,false
SKU-00162,Hydraulic Hose 2in,ELECTRONICS,SUP-044,LOC-018,WH-R-BIN-02,6.0,15.0,382.67,2026-05-01,2027-07-31,false
SKU-00163,,FOOD_DRY,SUP-172,LOC-019,WH-S-BIN-03,292.0,0.0,747.14,2026-05-31,,false
SKU-00164,Forklift Battery 24V,FOOD_COLD,SUP-041,LOC-008,WH-H-BIN-04,24.0,0,50.84,2026-05-12,,false
SKU-00165,Safety Gloves L,PACKAGING,SUP-123,LOC-004,WH-D-BIN-05,42.0,0.0,279.50,2026-04-13,,false
SKU-00166,Conveyor Belt Patch,MACHINERY_PARTS,SUP-095,LOC-014,WH-N-BIN-06,261.0,0,31.76,2026-06-23,,false
SKU-00167,Shrink Wrap Film Roll,PPE,SUP-078,LOC-002,WH-B-BIN-07,310.0,20.0,120.41,2026-01-20,,false
SKU-00168,,CLEANING,SUP-146,LOC-008,WH-H-BIN-08,6.0,10.0,164.82,2026-02-27,,false
SKU-00169,Dock Leveler Seal,MEDICAL,SUP-101,LOC-011,WH-K-BIN-09,202.0,0.0,271.23,2026-01-03,2027-05-20,false
SKU-00170,,RAW_MATERIALS,SUP-001,LOC-016,WH-P-BIN-10,240.0,30.0,488.37,2026-06-08,2026-04-13,false
SKU-00171,,CHEMICALS,SUP-181,LOC-009,WH-I-BIN-11,302.0,0,311.53,2026-06-04,,true
SKU-00172,Pallet Jack Wheel,ELECTRONICS,SUP-141,LOC-018,WH-R-BIN-12,44.0,20.0,127.74,2026-01-05,2027-02-19,false
SKU-00173,,FOOD_DRY,SUP-009,LOC-005,WH-E-BIN-13,8.0,19.0,525.51,2026-06-21,,false
SKU-00174,Fire Extinguisher 4kg,FOOD_COLD,SUP-060,LOC-010,WH-J-BIN-14,250.0,40.0,540.49,2026-01-08,,false
SKU-00175,PVC Pipe 50mm,PACKAGING,SUP-139,Warehouse M,WH-M-BIN-15,6.0,14.0,603.10,2026-06-13,,false
SKU-00176,,MACHINERY_PARTS,SUP-168,LOC-005,WH-E-BIN-16,351.0,0,53.40,2026-04-19,,false
SKU-00177,Cable Tie Assorted,PPE,SUP-010,LOC-007,WH-G-BIN-17,126.0,20.0,430.18,2026-03-24,2026-05-27,false
SKU-00178,Dust Mask N95 Pack,CLEANING,SUP-042,LOC-002,WH-B-BIN-18,437.0,0,272.00,2026-03-03,,false
SKU-00179,Wooden Pallet Std,MEDICAL,SUP-187,LOC-011,WH-K-BIN-19,405.0,0.0,795.22,2026-01-17,2027-04-18,false
SKU-00180,Steel Shelving Unit,RAW_MATERIALS,SUP-003,LOC-008,WH-H-BIN-20,7.0,15.0,702.50,2026-04-28,2026-11-07,false
SKU-00182,,ELECTRONICS,SUP-065,LOC-007,WH-G-BIN-22,259.0,25.0,627.08,2026-03-24,2027-03-02,false
SKU-00183,,FOOD_DRY,SUP-113,Warehouse A,WH-A-BIN-23,238.0,0.0,488.75,2026-04-06,,false
SKU-00184,,FOOD_COLD,SUP-192,LOC-008,WH-H-BIN-24,108.0,10.0,728.37,2026-01-28,2026-10-22,false
SKU-00185,,PACKAGING,SUP-198,LOC-018,WH-R-BIN-25,437.0,20.0,734.48,2026-05-23,2027-07-27,false
SKU-00186,Anti-Slip Tape Roll,MACHINERY_PARTS,SUP-033,LOC-002,WH-B-BIN-26,171.0,30.0,647.98,2026-06-21,,false
SKU-00187,Welding Rod 3.2mm,PPE,SUP-117,LOC-003,WH-C-BIN-27,103.0,40.0,705.10,2026-06-11,2026-08-21,false
SKU-00189,First Aid Refill,MEDICAL,SUP-067,LOC-014,WH-N-BIN-29,472.0,40.0,665.69,2026-02-24,,false
SKU-00190,Racking Beam 2.4m,RAW_MATERIALS,SUP-083,LOC-016,WH-P-BIN-30,153.0,0.0,748.70,2026-05-10,,false
SKU-00191,Stretch Hood Film,CHEMICALS,SUP-013,LOC-009,WH-I-BIN-31,204.0,0,353.68,2026-01-03,,false
SKU-00192,Load Cell 500kg,ELECTRONICS,SUP-087,LOC-005,WH-E-BIN-32,466.0,30.0,34.00,2026-01-27,,false
SKU-00193,Dock Bumpers Pair,FOOD_DRY,SUP-099,LOC-011,WH-K-BIN-33,408.0,25.0,580.32,2026-05-19,,false
SKU-00194,,FOOD_COLD,SUP-125,LOC-008,WH-H-BIN-34,10.0,15.0,81.58,2026-06-04,2026-10-29,false
SKU-00195,Battery Charger 24V,PACKAGING,SUP-013,Warehouse C,WH-C-BIN-35,291.0,10.0,786.05,2026-02-04,2027-01-19,false
SKU-00196,Mesh Security Cage,MACHINERY_PARTS,SUP-191,LOC-014,WH-N-BIN-36,45.0,30.0,364.62,2026-06-13,,false
SKU-00197,Humidity Sensor Probe,PPE,SUP-075,LOC-016,WH-P-BIN-37,38.0,40.0,283.31,2026-01-26,,false
SKU-00198,Pallet Strap Tool,CLEANING,SUP-159,LOC-020,WH-T-BIN-38,375.0,20.0,718.13,2026-05-28,,false
SKU-00199,Coolant Concentrate,MEDICAL,SUP-027,LOC-016,WH-P-BIN-39,8.0,0,201.32,2026-02-03,,false
SKU-00200,Wheel Chock Rubber,RAW_MATERIALS,SUP-047,wh_o,WH-O-BIN-40,30.0,15.0,142.57,2026-01-03,2027-02-03,false
SKU-00201,Steel Bolt M8,CHEMICALS,SUP-176,LOC-011,WH-K-BIN-41,153.0,0,155.50,2026-05-07,,false
SKU-00202,Hydraulic Hose 2in,ELECTRONICS,SUP-178,LOC-001,WH-A-BIN-42,438.0,30.0,724.07,2026-06-21,,false
SKU-00204,Forklift Battery 24V,FOOD_COLD,SUP-128,LOC-017,WH-Q-BIN-44,326.0,30.0,18.61,2026-05-14,,false
SKU-00205,Safety Gloves L,PACKAGING,SUP-096,LOC-001,WH-A-BIN-45,369.0,30.0,153.19,2026-01-02,2027-01-02,false
SKU-00206,Conveyor Belt Patch,MACHINERY_PARTS,SUP-128,LOC-015,WH-O-BIN-46,339.0,20.0,527.03,2026-05-16,,false
SKU-00207,Shrink Wrap Film Roll,PPE,SUP-190,LOC-020,WH-T-BIN-47,232.0,20.0,380.38,2026-05-13,,false
SKU-00209,Dock Leveler Seal,MEDICAL,SUP-040,LOC-019,WH-S-BIN-49,7.0,10.0,108.79,2026-01-09,2027-05-31,false
SKU-00210,LED Warehouse Light,RAW_MATERIALS,SUP-147,LOC-012,WH-L-BIN-50,38.0,40.0,176.26,2026-05-18,2027-02-21,false
SKU-00211,Nitrile Gloves Box,CHEMICALS,SUP-082,Warehouse S,WH-S-BIN-51,407.0,20.0,371.69,2026-05-17,2026-11-28,false
SKU-00212,Pallet Jack Wheel,ELECTRONICS,SUP-160,LOC-006,WH-F-BIN-52,171.0,40.0,62.65,2026-01-07,2027-02-04,false
SKU-00213,Barcode Scanner,FOOD_DRY,SUP-160,LOC-009,WH-I-BIN-53,33.0,30.0,579.63,2026-04-29,2026-11-07,false
SKU-00214,Fire Extinguisher 4kg,FOOD_COLD,SUP-195,LOC-018,WH-R-BIN-54,4.0,15.0,68.80,2026-05-18,2026-04-04,false
SKU-00215,PVC Pipe 50mm,PACKAGING,SUP-045,LOC-004,WH-D-BIN-55,59.0,0,706.98,2026-03-22,,false
SKU-00216,Rubber Gasket Set,MACHINERY_PARTS,SUP-040,LOC-018,WH-R-BIN-56,242.0,0.0,239.77,2026-06-23,,false
SKU-00217,Cable Tie Assorted,PPE,SUP-196,Warehouse D,WH-D-BIN-57,76.0,30.0,312.79,2026-04-08,,false
SKU-00218,Dust Mask N95 Pack,CLEANING,SUP-173,Warehouse E,WH-E-BIN-58,41.0,10.0,732.62,2026-02-18,,false
SKU-00219,Wooden Pallet Std,MEDICAL,SUP-164,LOC-015,WH-O-BIN-59,265.0,30.0,589.93,2026-03-18,,false
SKU-00220,Steel Shelving Unit,RAW_MATERIALS,SUP-073,Warehouse M,WH-M-BIN-60,224.0,0.0,579.93,2026-05-01,2027-03-05,false
SKU-00221,Hand Truck,CHEMICALS,SUP-169,LOC-010,WH-J-BIN-61,77.0,15.0,117.57,2026-06-06,,true
SKU-00222,Spill Kit 20L,ELECTRONICS,SUP-079,Warehouse A,WH-A-BIN-62,55.0,40.0,637.08,2026-05-28,,false
SKU-00223,,FOOD_DRY,SUP-188,LOC-010,WH-J-BIN-63,500.0,25.0,560.61,2026-05-28,,false
SKU-00224,Chain Block 1T,FOOD_COLD,SUP-121,Warehouse C,WH-C-BIN-64,334.0,0.0,488.31,2026-01-20,,false
SKU-00225,Temperature Logger,PACKAGING,SUP-148,LOC-009,WH-I-BIN-65,11.0,40.0,17.88,2026-04-30,2027-05-03,false
SKU-00226,Anti-Slip Tape Roll,MACHINERY_PARTS,SUP-109,LOC-014,WH-N-BIN-66,30.0,25.0,51.79,2026-03-28,,false
SKU-00227,Welding Rod 3.2mm,PPE,SUP-192,LOC-007,WH-G-BIN-67,296.0,15.0,5.07,2026-01-15,2026-09-13,false
SKU-00228,Compressed Air Hose,CLEANING,SUP-084,LOC-002,WH-B-BIN-68,111.0,0.0,440.77,2026-06-25,,false
SKU-00229,,MEDICAL,SUP-142,LOC-012,WH-L-BIN-69,102.0,40.0,528.67,2026-02-01,,false
SKU-00230,,RAW_MATERIALS,SUP-016,LOC-020,WH-T-BIN-70,250.0,10.0,605.52,2026-04-24,2027-03-17,false
SKU-00231,Stretch Hood Film,CHEMICALS,SUP-046,LOC-008,WH-H-BIN-71,304.0,0.0,488.31,2026-03-19,,false
SKU-00232,Load Cell 500kg,ELECTRONICS,SUP-055,LOC-007,WH-G-BIN-72,267.0,0.0,508.73,2026-01-15,,false
SKU-00233,Dock Bumpers Pair,FOOD_DRY,SUP-193,LOC-018,WH-R-BIN-73,413.0,0,442.62,2026-05-29,2027-03-05,false
SKU-00234,,FOOD_COLD,SUP-020,LOC-001,WH-A-BIN-74,99.0,15.0,123.58,2026-01-04,2027-06-02,false
SKU-00235,Battery Charger 24V,PACKAGING,SUP-131,LOC-018,WH-R-BIN-75,134.0,40.0,583.20,2026-06-09,,false
SKU-00236,,MACHINERY_PARTS,SUP-123,LOC-017,WH-Q-BIN-76,382.0,20.0,326.04,2026-02-22,,false
SKU-00237,Humidity Sensor Probe,PPE,SUP-099,LOC-016,WH-P-BIN-77,6.0,10.0,719.29,2026-02-08,2027-06-16,false
SKU-00238,Pallet Strap Tool,CLEANING,SUP-026,LOC-017,WH-Q-BIN-78,354.0,0.0,374.74,2026-03-04,2026-09-29,false
SKU-00239,,MEDICAL,SUP-030,LOC-014,WH-N-BIN-79,490.0,0,336.36,2026-02-09,,false
SKU-00240,Wheel Chock Rubber,RAW_MATERIALS,SUP-139,LOC-008,WH-H-BIN-80,173.0,40.0,15.28,2026-05-18,,false
SKU-00241,Steel Bolt M8,CHEMICALS,SUP-097,LOC-013,WH-M-BIN-01,376.0,20.0,138.31,2026-03-27,,false
SKU-00242,Hydraulic Hose 2in,ELECTRONICS,SUP-036,LOC-004,WH-D-BIN-02,249.0,20.0,713.11,2026-05-15,,false
SKU-00243,Industrial Solvent 5L,FOOD_DRY,SUP-084,LOC-011,WH-K-BIN-03,328.0,15.0,611.67,2026-04-10,,false
SKU-00244,Forklift Battery 24V,FOOD_COLD,SUP-149,LOC-005,WH-E-BIN-04,5.0,30.0,330.78,2026-01-25,,false
SKU-00246,Conveyor Belt Patch,MACHINERY_PARTS,SUP-147,LOC-015,WH-O-BIN-06,222.0,30.0,477.04,2026-04-08,,false
SKU-00247,,PPE,SUP-066,LOC-016,WH-P-BIN-07,200.0,30.0,222.09,2026-02-15,,false
SKU-00248,Label Printer Ribbon,CLEANING,SUP-156,LOC-007,WH-G-BIN-08,278.0,0.0,232.60,2026-02-28,,false
SKU-00249,Dock Leveler Seal,MEDICAL,SUP-162,LOC-017,WH-Q-BIN-09,125.0,20.0,87.24,2026-03-20,,false
SKU-00250,LED Warehouse Light,RAW_MATERIALS,SUP-199,LOC-010,WH-J-BIN-10,10.0,30.0,135.00,2026-01-13,,false
SKU-00251,Nitrile Gloves Box,CHEMICALS,SUP-101,LOC-017,WH-Q-BIN-11,187.0,10.0,27.06,2026-03-15,,true
SKU-00252,,ELECTRONICS,SUP-011,LOC-015,WH-O-BIN-12,224.0,25.0,144.95,2026-02-09,2027-04-30,false
SKU-00253,,FOOD_DRY,SUP-092,LOC-009,WH-I-BIN-13,73.0,30.0,432.62,2026-02-03,2026-03-05,false
SKU-00254,Fire Extinguisher 4kg,FOOD_COLD,SUP-171,LOC-007,WH-G-BIN-14,41.0,0.0,441.75,2026-01-18,,false
SKU-00255,PVC Pipe 50mm,PACKAGING,SUP-189,LOC-020,WH-T-BIN-15,154.0,25.0,333.96,2026-04-26,2027-01-19,false
SKU-00256,Rubber Gasket Set,MACHINERY_PARTS,SUP-039,LOC-001,WH-A-BIN-16,423.0,25.0,38.65,2026-03-29,2026-05-29,false
SKU-00257,Cable Tie Assorted,PPE,SUP-195,LOC-013,WH-M-BIN-17,39.0,40.0,311.15,2026-06-01,2027-01-25,false
SKU-00258,Dust Mask N95 Pack,CLEANING,SUP-067,LOC-018,WH-R-BIN-18,8.0,27.0,236.76,2026-03-03,,false
SKU-00259,Wooden Pallet Std,MEDICAL,SUP-014,Warehouse S,WH-S-BIN-19,409.0,30.0,425.59,2026-05-15,2026-09-24,false
SKU-00260,Steel Shelving Unit,RAW_MATERIALS,SUP-165,LOC-014,WH-N-BIN-20,4.0,0,39.99,2026-04-17,,false
SKU-00261,,CHEMICALS,SUP-078,LOC-010,WH-J-BIN-21,87.0,20.0,220.86,2026-03-30,,false
SKU-00262,Spill Kit 20L,ELECTRONICS,SUP-103,LOC-018,WH-R-BIN-22,489.0,0.0,630.34,2026-05-24,2026-10-06,false
SKU-00264,Chain Block 1T,FOOD_COLD,SUP-157,LOC-012,WH-L-BIN-24,243.0,30.0,614.96,2026-05-09,,false
SKU-00265,Temperature Logger,PACKAGING,SUP-032,LOC-006,WH-F-BIN-25,24.0,30.0,528.61,2026-03-05,,false
SKU-00266,Anti-Slip Tape Roll,MACHINERY_PARTS,SUP-067,LOC-001,WH-A-BIN-26,177.0,25.0,628.80,2026-03-22,,false
SKU-00267,Welding Rod 3.2mm,PPE,SUP-058,LOC-020,WH-T-BIN-27,243.0,30.0,186.94,2026-04-29,,false
SKU-00268,Compressed Air Hose,CLEANING,SUP-002,LOC-011,WH-K-BIN-28,5.0,25.0,176.09,2026-05-14,,false
SKU-00269,First Aid Refill,MEDICAL,SUP-015,LOC-020,WH-T-BIN-29,399.0,0,744.55,2026-06-08,2026-09-10,false
SKU-00270,Racking Beam 2.4m,RAW_MATERIALS,SUP-061,LOC-016,WH-P-BIN-30,8.0,25.0,429.79,2026-02-06,,false
SKU-00271,Stretch Hood Film,CHEMICALS,SUP-159,LOC-008,WH-H-BIN-31,304.0,20.0,138.43,2026-01-27,,false
SKU-00272,Load Cell 500kg,ELECTRONICS,SUP-175,LOC-006,WH-F-BIN-32,6.0,13.0,263.50,2026-03-23,,false
SKU-00273,Dock Bumpers Pair,FOOD_DRY,SUP-022,Warehouse T,WH-T-BIN-33,2.0,25.0,291.89,2026-01-23,,false
SKU-00274,Floor Marking Paint,FOOD_COLD,SUP-067,LOC-003,WH-C-BIN-34,252.0,25.0,511.63,2026-03-26,,false
SKU-00275,Battery Charger 24V,PACKAGING,SUP-077,LOC-005,WH-E-BIN-35,467.0,25.0,91.48,2026-02-27,,false
SKU-00276,Mesh Security Cage,MACHINERY_PARTS,SUP-092,Warehouse D,WH-D-BIN-36,173.0,0,209.45,2026-01-22,,false
SKU-00277,Humidity Sensor Probe,PPE,SUP-010,LOC-007,WH-G-BIN-37,138.0,20.0,424.82,2026-03-10,2026-09-27,false
SKU-00278,,CLEANING,SUP-018,LOC-003,WH-C-BIN-38,122.0,40.0,784.36,2026-03-08,,false
SKU-00279,Coolant Concentrate,MEDICAL,SUP-132,LOC-002,WH-B-BIN-39,279.0,25.0,56.52,2026-05-12,,false
SKU-00280,Wheel Chock Rubber,RAW_MATERIALS,SUP-140,LOC-016,WH-P-BIN-40,18.0,25.0,51.95,2026-05-10,,false
SKU-00281,,CHEMICALS,SUP-114,LOC-004,WH-D-BIN-41,176.0,40.0,583.69,2026-02-22,2027-01-09,false
SKU-00282,,ELECTRONICS,SUP-013,LOC-017,WH-Q-BIN-42,282.0,10.0,383.74,2026-04-12,,false
SKU-00283,Industrial Solvent 5L,FOOD_DRY,SUP-098,LOC-009,WH-I-BIN-43,64.0,25.0,131.74,2026-03-16,,false
SKU-00284,Forklift Battery 24V,FOOD_COLD,SUP-017,LOC-019,WH-S-BIN-44,134.0,20.0,461.32,2026-03-21,,false
SKU-00285,Safety Gloves L,PACKAGING,SUP-068,LOC-014,WH-N-BIN-45,46.0,20.0,552.22,2026-05-28,,false
SKU-00286,Conveyor Belt Patch,MACHINERY_PARTS,SUP-137,Warehouse B,WH-B-BIN-46,303.0,30.0,666.46,2026-01-01,2026-11-22,false
SKU-00287,Shrink Wrap Film Roll,PPE,SUP-042,LOC-011,WH-K-BIN-47,7.0,10.0,231.42,2026-01-10,,false
SKU-00288,Label Printer Ribbon,CLEANING,SUP-100,LOC-010,WH-J-BIN-48,396.0,20.0,601.36,2026-01-05,,false
SKU-00289,Dock Leveler Seal,MEDICAL,SUP-186,LOC-020,WH-T-BIN-49,318.0,25.0,298.01,2026-02-20,,false
SKU-00290,LED Warehouse Light,RAW_MATERIALS,SUP-163,LOC-011,WH-K-BIN-50,312.0,40.0,594.03,2026-01-25,,false
SKU-00291,Nitrile Gloves Box,CHEMICALS,SUP-046,LOC-002,WH-B-BIN-51,56.0,15.0,488.14,2026-01-07,,false
SKU-00292,Pallet Jack Wheel,ELECTRONICS,SUP-036,LOC-003,WH-C-BIN-52,290.0,20.0,362.58,2026-06-05,,false
SKU-00293,Barcode Scanner,FOOD_DRY,SUP-004,LOC-015,WH-O-BIN-53,404.0,20.0,740.50,2026-05-31,,false
SKU-00294,Fire Extinguisher 4kg,FOOD_COLD,SUP-053,LOC-009,WH-I-BIN-54,274.0,25.0,785.67,2026-05-30,,false
SKU-00295,PVC Pipe 50mm,PACKAGING,SUP-047,LOC-003,WH-C-BIN-55,131.0,40.0,602.08,2026-02-08,,false
SKU-00296,,MACHINERY_PARTS,SUP-199,LOC-004,WH-D-BIN-56,315.0,10.0,431.94,2026-04-16,,false
SKU-00297,Cable Tie Assorted,PPE,SUP-148,LOC-011,WH-K-BIN-57,474.0,10.0,733.70,2026-01-30,,false
SKU-00298,,CLEANING,SUP-027,LOC-006,WH-F-BIN-58,259.0,25.0,739.84,2026-01-27,2027-02-28,false
SKU-00299,Wooden Pallet Std,MEDICAL,SUP-057,LOC-007,WH-G-BIN-59,424.0,0.0,596.12,2026-02-08,,false
SKU-00300,Steel Shelving Unit,RAW_MATERIALS,SUP-194,LOC-001,WH-A-BIN-60,257.0,40.0,157.74,2026-01-04,,false
SKU-00301,Hand Truck,CHEMICALS,SUP-006,LOC-013,WH-M-BIN-61,37.0,40.0,10.33,2026-02-09,,true
SKU-00302,Spill Kit 20L,ELECTRONICS,SUP-122,LOC-019,WH-S-BIN-62,88.0,20.0,342.42,2026-01-30,2027-07-31,false
SKU-00303,Epoxy Resin 1L,FOOD_DRY,SUP-177,LOC-002,WH-B-BIN-63,187.0,0,574.31,2026-06-15,,false
SKU-00304,Chain Block 1T,FOOD_COLD,SUP-084,LOC-010,WH-J-BIN-64,4.0,0,724.81,2025-12-29,2026-08-30,false
SKU-00305,,PACKAGING,SUP-128,LOC-017,WH-Q-BIN-65,214.0,15.0,175.19,2026-03-28,,false
SKU-00306,Anti-Slip Tape Roll,MACHINERY_PARTS,SUP-185,LOC-017,WH-Q-BIN-66,225.0,30.0,50.16,2026-06-24,2027-06-07,false
SKU-00308,Compressed Air Hose,CLEANING,SUP-193,LOC-011,WH-K-BIN-68,5.0,24.0,688.90,2026-03-21,2027-01-13,false
SKU-00309,First Aid Refill,MEDICAL,SUP-150,LOC-008,WH-H-BIN-69,12.0,25.0,233.56,2026-03-17,2027-02-05,false
SKU-00310,Racking Beam 2.4m,RAW_MATERIALS,SUP-011,LOC-020,WH-T-BIN-70,88.0,40.0,147.01,2026-06-18,,false
SKU-00311,Stretch Hood Film,CHEMICALS,SUP-140,LOC-006,WH-F-BIN-71,235.0,0,275.81,2026-04-23,,true
SKU-00312,Load Cell 500kg,ELECTRONICS,SUP-022,LOC-017,WH-Q-BIN-72,433.0,25.0,547.00,2026-06-06,2026-03-27,false
SKU-00313,Dock Bumpers Pair,FOOD_DRY,SUP-027,LOC-002,WH-B-BIN-73,376.0,30.0,165.38,2026-02-08,,false
SKU-00315,Battery Charger 24V,PACKAGING,SUP-011,LOC-009,WH-I-BIN-75,18.0,20.0,8.60,2026-05-20,2026-11-12,false
SKU-00316,Mesh Security Cage,MACHINERY_PARTS,SUP-108,LOC-016,WH-P-BIN-76,14.0,15.0,208.81,2026-04-17,2027-06-15,false
SKU-00317,Humidity Sensor Probe,PPE,SUP-030,LOC-015,WH-O-BIN-77,406.0,30.0,741.40,2026-01-29,,false
SKU-00318,Pallet Strap Tool,CLEANING,SUP-148,LOC-014,WH-N-BIN-78,42.0,0.0,688.73,2026-01-08,,false
SKU-00319,Coolant Concentrate,MEDICAL,SUP-161,LOC-020,WH-T-BIN-79,12.0,0,686.84,2026-01-19,,false
SKU-00320,,RAW_MATERIALS,SUP-117,LOC-017,WH-Q-BIN-80,158.0,0.0,684.83,2026-04-26,,false
SKU-00321,,CHEMICALS,SUP-138,LOC-011,WH-K-BIN-01,477.0,40.0,710.84,2026-06-20,2026-12-09,false
SKU-00322,Hydraulic Hose 2in,ELECTRONICS,SUP-142,LOC-014,WH-N-BIN-02,81.0,30.0,656.97,2026-06-17,,false
SKU-00323,Industrial Solvent 5L,FOOD_DRY,SUP-079,LOC-007,WH-G-BIN-03,322.0,15.0,166.03,2026-02-25,2027-04-04,false
SKU-00324,Forklift Battery 24V,FOOD_COLD,SUP-167,LOC-015,WH-O-BIN-04,203.0,40.0,228.60,2026-02-24,2027-02-18,false
SKU-00325,Safety Gloves L,PACKAGING,SUP-004,LOC-015,WH-O-BIN-05,1.0,29.0,91.95,2026-03-28,2026-03-01,false
SKU-00326,Conveyor Belt Patch,MACHINERY_PARTS,SUP-132,LOC-007,WH-G-BIN-06,346.0,0.0,317.93,2026-03-28,2026-09-29,false
SKU-00327,,PPE,SUP-043,LOC-009,WH-I-BIN-07,493.0,10.0,715.76,2026-01-20,2026-11-22,false
SKU-00328,Label Printer Ribbon,CLEANING,SUP-186,LOC-002,WH-B-BIN-08,202.0,40.0,225.04,2026-06-20,,false
SKU-00329,Dock Leveler Seal,MEDICAL,SUP-182,LOC-002,WH-B-BIN-09,273.0,40.0,452.89,2026-05-16,,false
SKU-00330,LED Warehouse Light,RAW_MATERIALS,SUP-096,LOC-009,WH-I-BIN-10,142.0,0,572.24,2026-04-07,2027-03-30,false
SKU-00331,,CHEMICALS,SUP-163,LOC-004,WH-D-BIN-11,93.0,0,470.73,2026-02-03,,false
SKU-00332,Pallet Jack Wheel,ELECTRONICS,SUP-066,LOC-013,WH-M-BIN-12,497.0,0.0,793.50,2026-04-10,2026-09-04,false
SKU-00333,Barcode Scanner,FOOD_DRY,SUP-048,LOC-005,WH-E-BIN-13,27.0,20.0,172.76,2026-03-10,,false
SKU-00334,Fire Extinguisher 4kg,FOOD_COLD,SUP-028,LOC-004,WH-D-BIN-14,444.0,0,307.29,2026-03-07,2026-05-17,false
SKU-00335,PVC Pipe 50mm,PACKAGING,SUP-177,LOC-004,WH-D-BIN-15,1.0,25.0,556.18,2026-05-13,,false
SKU-00336,Rubber Gasket Set,MACHINERY_PARTS,SUP-039,LOC-002,WH-B-BIN-16,6.0,17.0,577.71,2026-06-08,,false
SKU-00337,,PPE,SUP-093,LOC-019,WH-S-BIN-17,229.0,15.0,381.69,2026-04-06,2027-03-21,false
SKU-00338,Dust Mask N95 Pack,CLEANING,SUP-016,LOC-001,WH-A-BIN-18,273.0,10.0,11.83,2026-02-27,,false
SKU-00339,Wooden Pallet Std,MEDICAL,SUP-158,LOC-007,WH-G-BIN-19,2.0,25.0,89.11,2026-02-07,2026-09-11,false
SKU-00340,Steel Shelving Unit,RAW_MATERIALS,SUP-145,LOC-013,WH-M-BIN-20,400.0,0,397.50,2026-05-09,,false
SKU-00341,Hand Truck,CHEMICALS,SUP-007,LOC-004,WH-D-BIN-21,441.0,0.0,224.90,2026-03-13,,false
SKU-00342,Spill Kit 20L,ELECTRONICS,SUP-029,LOC-016,WH-P-BIN-22,105.0,30.0,364.92,2026-04-08,2026-07-29,false
SKU-00343,Epoxy Resin 1L,FOOD_DRY,SUP-105,LOC-008,WH-H-BIN-23,94.0,0,629.64,2026-05-23,,false
SKU-00344,Chain Block 1T,FOOD_COLD,SUP-093,LOC-006,WH-F-BIN-24,67.0,15.0,146.50,2026-01-26,2026-05-13,false
SKU-00345,Temperature Logger,PACKAGING,SUP-194,LOC-009,WH-I-BIN-25,92.0,10.0,15.58,2026-04-17,,false
SKU-00346,Anti-Slip Tape Roll,MACHINERY_PARTS,SUP-190,LOC-010,WH-J-BIN-26,248.0,0,20.04,2026-01-04,2027-06-06,false
SKU-00347,Welding Rod 3.2mm,PPE,SUP-108,LOC-006,WH-F-BIN-27,340.0,40.0,377.32,2026-06-05,,false
SKU-00348,Compressed Air Hose,CLEANING,SUP-155,whse o,WH-O-BIN-28,173.0,0.0,108.88,2026-03-29,2026-03-31,false
SKU-00349,First Aid Refill,MEDICAL,SUP-150,LOC-012,WH-L-BIN-29,2.0,30.0,90.13,2026-02-08,2027-07-02,false
SKU-00350,Racking Beam 2.4m,RAW_MATERIALS,SUP-024,LOC-019,WH-S-BIN-30,432.0,15.0,563.09,2026-01-21,,false
SKU-00351,Stretch Hood Film,CHEMICALS,SUP-106,LOC-018,WH-R-BIN-31,265.0,20.0,411.93,2026-03-10,,true
SKU-00352,Load Cell 500kg,ELECTRONICS,SUP-098,LOC-015,WH-O-BIN-32,9.0,10.0,20.86,2026-04-27,,false
SKU-00353,Dock Bumpers Pair,FOOD_DRY,SUP-169,LOC-015,WH-O-BIN-33,65.0,30.0,496.53,2026-01-31,2026-12-22,false
SKU-00355,Battery Charger 24V,PACKAGING,SUP-077,LOC-014,WH-N-BIN-35,45.0,10.0,746.77,2026-05-05,,false
SKU-00356,Mesh Security Cage,MACHINERY_PARTS,SUP-156,LOC-013,WH-M-BIN-36,13.0,0,224.32,2026-04-18,,false
SKU-00358,Pallet Strap Tool,CLEANING,SUP-115,LOC-009,WH-I-BIN-38,4.0,10.0,256.21,2026-03-07,,false
SKU-00359,Coolant Concentrate,MEDICAL,SUP-038,LOC-006,WH-F-BIN-39,5.0,40.0,549.68,2026-05-19,2027-04-03,false
SKU-00360,Wheel Chock Rubber,RAW_MATERIALS,SUP-092,LOC-001,WH-A-BIN-40,38.0,20.0,16.50,2026-02-13,2026-06-23,false
SKU-00361,,CHEMICALS,SUP-064,LOC-013,WH-M-BIN-41,169.0,0.0,475.81,2026-01-20,,true
SKU-00362,Hydraulic Hose 2in,ELECTRONICS,SUP-134,LOC-017,WH-Q-BIN-42,413.0,30.0,326.14,2026-06-25,2026-09-24,false
SKU-00363,Industrial Solvent 5L,FOOD_DRY,SUP-149,Warehouse A,WH-A-BIN-43,455.0,0.0,593.62,2026-05-18,,false
SKU-00365,Safety Gloves L,PACKAGING,SUP-052,LOC-016,WH-P-BIN-45,399.0,25.0,462.58,2026-02-28,,false
SKU-00366,Conveyor Belt Patch,MACHINERY_PARTS,SUP-012,LOC-020,WH-T-BIN-46,24.0,0,791.22,2026-06-04,,false
SKU-00367,Shrink Wrap Film Roll,PPE,SUP-109,LOC-018,WH-R-BIN-47,152.0,25.0,737.24,2026-01-26,2026-06-23,false
SKU-00368,Label Printer Ribbon,CLEANING,SUP-071,LOC-017,WH-Q-BIN-48,132.0,40.0,762.57,2026-06-04,2026-11-28,false
SKU-00369,,MEDICAL,SUP-134,LOC-004,WH-D-BIN-49,9.0,10.0,265.12,2026-05-20,,false
SKU-00370,LED Warehouse Light,RAW_MATERIALS,SUP-080,LOC-019,WH-S-BIN-50,5.0,15.0,56.59,2026-05-04,,false
SKU-00371,Nitrile Gloves Box,CHEMICALS,SUP-196,Warehouse K,WH-K-BIN-51,162.0,0,301.30,2026-01-29,2026-05-15,false
SKU-00372,Pallet Jack Wheel,ELECTRONICS,SUP-073,LOC-009,WH-I-BIN-52,475.0,30.0,120.32,2026-06-12,,false
SKU-00373,Barcode Scanner,FOOD_DRY,SUP-015,LOC-004,WH-D-BIN-53,90.0,30.0,565.66,2026-02-07,2026-10-05,false
SKU-00374,Fire Extinguisher 4kg,FOOD_COLD,SUP-177,LOC-003,WH-C-BIN-54,97.0,30.0,477.98,2026-04-13,,false
SKU-00375,PVC Pipe 50mm,PACKAGING,SUP-039,LOC-001,WH-A-BIN-55,92.0,25.0,551.68,2026-05-22,2026-12-07,false
SKU-00376,Rubber Gasket Set,MACHINERY_PARTS,SUP-059,LOC-015,WH-O-BIN-56,487.0,0.0,129.50,2026-04-30,,false
SKU-00377,Cable Tie Assorted,PPE,SUP-117,LOC-012,WH-L-BIN-57,24.0,10.0,760.43,2026-02-04,2027-05-08,false
SKU-00378,,CLEANING,SUP-028,LOC-011,WH-K-BIN-58,79.0,30.0,629.47,2026-04-03,,false
SKU-00379,Wooden Pallet Std,MEDICAL,SUP-145,LOC-012,WH-L-BIN-59,166.0,10.0,50.54,2026-01-22,2026-08-11,false
SKU-00380,Steel Shelving Unit,RAW_MATERIALS,SUP-057,LOC-006,WH-F-BIN-60,155.0,10.0,103.97,2026-04-24,2026-06-15,false
SKU-00382,Spill Kit 20L,ELECTRONICS,SUP-023,LOC-015,WH-O-BIN-62,65.0,10.0,455.10,2026-01-16,2026-09-29,false
SKU-00383,Epoxy Resin 1L,FOOD_DRY,SUP-018,LOC-014,WH-N-BIN-63,9.0,20.0,11.20,2026-03-08,,false
SKU-00384,Chain Block 1T,FOOD_COLD,SUP-193,LOC-014,WH-N-BIN-64,134.0,20.0,778.90,2026-04-20,,false
SKU-00385,Temperature Logger,PACKAGING,SUP-098,LOC-010,WH-J-BIN-65,43.0,40.0,782.82,2026-03-10,2026-10-07,false
SKU-00386,Anti-Slip Tape Roll,MACHINERY_PARTS,SUP-163,LOC-008,WH-H-BIN-66,216.0,20.0,72.31,2026-04-26,2026-04-07,false
SKU-00387,Welding Rod 3.2mm,PPE,SUP-094,LOC-001,WH-A-BIN-67,388.0,25.0,248.68,2026-05-18,,false
SKU-00388,Compressed Air Hose,CLEANING,SUP-061,LOC-009,WH-I-BIN-68,305.0,20.0,428.74,2026-05-15,,false
SKU-00389,First Aid Refill,MEDICAL,SUP-194,Warehouse K,WH-K-BIN-69,403.0,10.0,148.25,2026-03-02,,false
SKU-00390,Racking Beam 2.4m,RAW_MATERIALS,SUP-131,LOC-001,WH-A-BIN-70,453.0,25.0,626.97,2026-05-17,,false
SKU-00391,Stretch Hood Film,CHEMICALS,SUP-071,LOC-005,WH-E-BIN-71,494.0,10.0,682.14,2026-03-04,,false
SKU-00392,,ELECTRONICS,SUP-160,LOC-009,WH-I-BIN-72,262.0,20.0,512.01,2026-03-25,2026-08-25,false
SKU-00393,Dock Bumpers Pair,FOOD_DRY,SUP-010,LOC-001,WH-A-BIN-73,497.0,25.0,794.75,2026-05-19,,false
SKU-00394,Floor Marking Paint,FOOD_COLD,SUP-061,LOC-005,WH-E-BIN-74,462.0,20.0,703.21,2026-03-21,2027-02-25,false
SKU-00395,,PACKAGING,SUP-040,LOC-018,WH-R-BIN-75,7.0,10.0,601.47,2026-05-15,,false
SKU-00396,,MACHINERY_PARTS,SUP-066,LOC-012,WH-L-BIN-76,13.0,30.0,227.88,2026-06-03,,false
SKU-00397,Humidity Sensor Probe,PPE,SUP-026,LOC-004,WH-D-BIN-77,383.0,40.0,66.09,2026-05-19,,false
SKU-00398,Pallet Strap Tool,CLEANING,SUP-064,LOC-015,WH-O-BIN-78,458.0,10.0,470.23,2026-04-13,2027-07-07,false
SKU-00399,,MEDICAL,SUP-129,LOC-017,WH-Q-BIN-79,111.0,0,641.49,2026-02-08,,false
SKU-00400,Wheel Chock Rubber,RAW_MATERIALS,SUP-104,LOC-001,WH-A-BIN-80,152.0,25.0,794.38,2026-05-10,2026-09-15,false
SKU-00401,Steel Bolt M8,CHEMICALS,SUP-042,LOC-003,WH-C-BIN-01,469.0,0.0,67.64,2026-05-09,,true
SKU-00402,Hydraulic Hose 2in,ELECTRONICS,SUP-031,LOC-001,WH-A-BIN-02,225.0,40.0,5.34,2026-04-25,,false
SKU-00403,Industrial Solvent 5L,FOOD_DRY,SUP-037,LOC-016,WH-P-BIN-03,385.0,0,789.99,2026-05-05,,false
SKU-00404,Forklift Battery 24V,FOOD_COLD,SUP-016,LOC-006,WH-F-BIN-04,29.0,40.0,484.30,2026-06-13,,false
SKU-00405,Safety Gloves L,PACKAGING,SUP-023,LOC-003,WH-C-BIN-05,1.0,16.0,651.01,2026-04-25,,false
SKU-00406,Conveyor Belt Patch,MACHINERY_PARTS,SUP-193,LOC-004,WH-D-BIN-06,274.0,40.0,522.48,2026-03-11,,false
SKU-00407,Shrink Wrap Film Roll,PPE,SUP-200,LOC-002,WH-B-BIN-07,73.0,40.0,126.16,2026-03-27,,false
SKU-00408,Label Printer Ribbon,CLEANING,SUP-193,LOC-020,WH-T-BIN-08,389.0,10.0,676.63,2026-01-14,,false
SKU-00409,Dock Leveler Seal,MEDICAL,SUP-135,LOC-015,WH-O-BIN-09,464.0,20.0,63.48,2026-03-05,2026-06-10,false
SKU-00410,LED Warehouse Light,RAW_MATERIALS,SUP-058,LOC-011,WH-K-BIN-10,4.0,20.0,134.84,2026-02-10,2026-02-27,false
SKU-00411,,CHEMICALS,SUP-134,LOC-015,WH-O-BIN-11,21.0,40.0,46.88,2026-04-28,,false
SKU-00412,Pallet Jack Wheel,ELECTRONICS,SUP-028,LOC-014,WH-N-BIN-12,34.0,25.0,377.05,2026-05-17,,false
SKU-00413,Barcode Scanner,FOOD_DRY,SUP-052,LOC-005,WH-E-BIN-13,325.0,40.0,202.55,2026-02-20,,false
SKU-00414,Fire Extinguisher 4kg,FOOD_COLD,SUP-138,LOC-004,WH-D-BIN-14,268.0,15.0,336.54,2026-05-29,,false
SKU-00415,PVC Pipe 50mm,PACKAGING,SUP-047,LOC-001,WH-A-BIN-15,166.0,0.0,573.62,2026-03-24,,false
SKU-00416,Rubber Gasket Set,MACHINERY_PARTS,SUP-120,LOC-012,WH-L-BIN-16,3.0,30.0,156.94,2026-05-22,,false
SKU-00417,Cable Tie Assorted,PPE,SUP-102,LOC-007,WH-G-BIN-17,103.0,15.0,631.89,2026-03-19,,false
SKU-00418,Dust Mask N95 Pack,CLEANING,SUP-172,LOC-020,WH-T-BIN-18,215.0,0.0,533.77,2026-06-20,,false
SKU-00419,Wooden Pallet Std,MEDICAL,SUP-114,LOC-013,WH-M-BIN-19,369.0,40.0,198.23,2026-03-24,,false
SKU-00420,Steel Shelving Unit,RAW_MATERIALS,SUP-023,Warehouse E,WH-E-BIN-20,48.0,20.0,659.11,2026-03-18,,false
SKU-00421,Hand Truck,CHEMICALS,SUP-002,Warehouse C,WH-C-BIN-21,7.0,25.0,764.08,2026-01-10,,false
SKU-00422,Spill Kit 20L,ELECTRONICS,SUP-041,LOC-009,WH-I-BIN-22,454.0,20.0,692.83,2026-01-29,2027-04-27,false
SKU-00423,Epoxy Resin 1L,FOOD_DRY,SUP-074,LOC-005,WH-E-BIN-23,457.0,30.0,10.15,2026-05-29,2026-06-22,false
SKU-00424,Chain Block 1T,FOOD_COLD,SUP-154,LOC-014,WH-N-BIN-24,1.0,20.0,295.90,2026-06-07,2026-09-15,false
SKU-00425,Temperature Logger,PACKAGING,SUP-122,LOC-013,WH-M-BIN-25,206.0,40.0,559.23,2026-03-14,,false
SKU-00426,Anti-Slip Tape Roll,MACHINERY_PARTS,SUP-060,LOC-008,WH-H-BIN-26,464.0,40.0,74.39,2026-06-25,2027-05-03,false
SKU-00427,Welding Rod 3.2mm,PPE,SUP-005,LOC-011,WH-K-BIN-27,80.0,0.0,209.14,2026-05-17,,false
SKU-00428,Compressed Air Hose,CLEANING,SUP-130,LOC-016,WH-P-BIN-28,433.0,0.0,257.41,2026-04-23,,false
SKU-00429,First Aid Refill,MEDICAL,SUP-087,LOC-018,WH-R-BIN-29,401.0,20.0,724.85,2026-02-19,2026-09-03,false
SKU-00430,Racking Beam 2.4m,RAW_MATERIALS,SUP-026,LOC-011,WH-K-BIN-30,139.0,15.0,80.57,2026-03-25,,false
SKU-00431,Stretch Hood Film,CHEMICALS,SUP-040,LOC-009,WH-I-BIN-31,457.0,25.0,650.05,2026-02-27,2026-04-01,true
SKU-00433,Dock Bumpers Pair,FOOD_DRY,SUP-076,LOC-005,WH-E-BIN-33,169.0,0.0,617.82,2026-03-09,,false
SKU-00434,Floor Marking Paint,FOOD_COLD,SUP-120,LOC-015,WH-O-BIN-34,38.0,15.0,50.79,2026-02-17,2026-11-07,false
SKU-00435,Battery Charger 24V,PACKAGING,SUP-032,LOC-015,WH-O-BIN-35,216.0,20.0,795.94,2026-04-28,,false
SKU-00436,Mesh Security Cage,MACHINERY_PARTS,SUP-171,LOC-016,WH-P-BIN-36,51.0,40.0,184.16,2026-06-21,,false
SKU-00437,,PPE,SUP-114,LOC-006,WH-F-BIN-37,10.0,20.0,368.30,2026-05-10,,false
SKU-00438,Pallet Strap Tool,CLEANING,SUP-013,LOC-013,WH-M-BIN-38,5.0,15.0,423.41,2026-05-19,,false
SKU-00439,Coolant Concentrate,MEDICAL,SUP-048,Warehouse O,WH-O-BIN-39,284.0,30.0,344.03,2026-05-22,,false
SKU-00441,Steel Bolt M8,CHEMICALS,SUP-175,LOC-013,WH-M-BIN-41,93.0,15.0,565.71,2026-03-31,2026-03-11,true
SKU-00442,Hydraulic Hose 2in,ELECTRONICS,SUP-103,LOC-018,WH-R-BIN-42,233.0,25.0,346.13,2026-02-16,2027-04-22,false
SKU-00443,Industrial Solvent 5L,FOOD_DRY,SUP-156,LOC-016,WH-P-BIN-43,228.0,10.0,414.58,2026-02-12,,false
SKU-00444,Forklift Battery 24V,FOOD_COLD,SUP-152,LOC-013,WH-M-BIN-44,22.0,40.0,209.25,2026-03-29,,false
SKU-00445,Safety Gloves L,PACKAGING,SUP-176,LOC-001,WH-A-BIN-45,447.0,30.0,594.28,2026-04-03,,false
SKU-00446,,MACHINERY_PARTS,SUP-116,LOC-020,WH-T-BIN-46,151.0,25.0,590.82,2026-03-12,,false
SKU-00447,Shrink Wrap Film Roll,PPE,SUP-015,LOC-015,WH-O-BIN-47,262.0,40.0,272.52,2026-04-21,,false
SKU-00448,Label Printer Ribbon,CLEANING,SUP-112,LOC-006,WH-F-BIN-48,59.0,0,209.22,2026-05-10,2027-04-21,false
SKU-00449,Dock Leveler Seal,MEDICAL,SUP-054,LOC-016,WH-P-BIN-49,226.0,0.0,145.85,2026-05-11,,false
SKU-00450,LED Warehouse Light,RAW_MATERIALS,SUP-165,LOC-006,WH-F-BIN-50,13.0,15.0,664.45,2026-01-10,2026-04-27,false
SKU-00451,Nitrile Gloves Box,CHEMICALS,SUP-110,Warehouse P,WH-P-BIN-51,81.0,30.0,127.78,2026-02-06,2026-12-23,true
SKU-00452,Pallet Jack Wheel,ELECTRONICS,SUP-069,LOC-010,WH-J-BIN-52,302.0,0.0,752.12,2026-03-09,2026-10-23,false
SKU-00453,Barcode Scanner,FOOD_DRY,SUP-003,LOC-019,WH-S-BIN-53,319.0,0,598.01,2026-01-31,2026-10-26,false
SKU-00454,Fire Extinguisher 4kg,FOOD_COLD,SUP-004,LOC-018,WH-R-BIN-54,475.0,10.0,663.40,2026-06-10,,false
SKU-00455,PVC Pipe 50mm,PACKAGING,SUP-140,LOC-014,WH-N-BIN-55,8.0,10.0,737.43,2026-06-05,,false
SKU-00456,Rubber Gasket Set,MACHINERY_PARTS,SUP-050,LOC-013,WH-M-BIN-56,474.0,25.0,753.21,2026-04-12,,false
SKU-00457,Cable Tie Assorted,PPE,SUP-051,LOC-019,WH-S-BIN-57,114.0,15.0,225.17,2026-01-29,,false
SKU-00458,Dust Mask N95 Pack,CLEANING,SUP-029,LOC-008,WH-H-BIN-58,433.0,0,347.72,2026-04-25,,false
SKU-00459,Wooden Pallet Std,MEDICAL,SUP-002,Warehouse R,WH-R-BIN-59,133.0,30.0,605.47,2026-04-03,2026-05-06,false
SKU-00460,Steel Shelving Unit,RAW_MATERIALS,SUP-016,LOC-009,WH-I-BIN-60,471.0,15.0,440.93,2026-05-29,,false
SKU-00461,Hand Truck,CHEMICALS,SUP-057,LOC-020,WH-T-BIN-61,329.0,40.0,145.79,2026-06-03,2027-04-04,true
SKU-00463,Epoxy Resin 1L,FOOD_DRY,SUP-057,LOC-013,WH-M-BIN-63,19.0,20.0,575.38,2026-03-02,2027-03-03,false
SKU-00464,Chain Block 1T,FOOD_COLD,SUP-166,LOC-013,WH-M-BIN-64,6.0,20.0,781.83,2026-01-26,,false
SKU-00465,Temperature Logger,PACKAGING,SUP-068,LOC-016,WH-P-BIN-65,403.0,30.0,2.46,2026-02-06,,false
SKU-00466,Anti-Slip Tape Roll,MACHINERY_PARTS,SUP-078,LOC-014,WH-N-BIN-66,21.0,0.0,331.40,2026-06-20,,false
SKU-00468,Compressed Air Hose,CLEANING,SUP-003,LOC-018,WH-R-BIN-68,386.0,40.0,139.06,2026-06-14,,false
SKU-00469,First Aid Refill,MEDICAL,SUP-048,LOC-006,WH-F-BIN-69,59.0,0.0,705.93,2026-04-26,,false
SKU-00470,Racking Beam 2.4m,RAW_MATERIALS,SUP-009,LOC-020,WH-T-BIN-70,152.0,20.0,140.34,2026-05-16,,false
SKU-00471,Stretch Hood Film,CHEMICALS,SUP-050,LOC-012,WH-L-BIN-71,3.0,15.0,648.05,2026-01-10,2026-10-12,false
SKU-00472,,ELECTRONICS,SUP-016,LOC-012,WH-L-BIN-72,336.0,10.0,264.19,2026-01-02,,false
SKU-00473,Dock Bumpers Pair,FOOD_DRY,SUP-058,LOC-002,WH-B-BIN-73,227.0,0.0,229.30,2026-05-03,,false
SKU-00474,Floor Marking Paint,FOOD_COLD,SUP-050,LOC-020,WH-T-BIN-74,417.0,0.0,198.54,2026-05-15,,false
SKU-00475,Battery Charger 24V,PACKAGING,SUP-110,LOC-019,WH-S-BIN-75,23.0,15.0,597.80,2026-02-08,2026-04-14,false
SKU-00476,Mesh Security Cage,MACHINERY_PARTS,SUP-032,LOC-008,WH-H-BIN-76,445.0,15.0,131.03,2026-01-28,,false
SKU-00477,Humidity Sensor Probe,PPE,SUP-114,LOC-002,WH-B-BIN-77,190.0,0.0,490.16,2026-01-19,,false
SKU-00478,Pallet Strap Tool,CLEANING,SUP-015,Warehouse E,WH-E-BIN-78,93.0,10.0,368.91,2026-01-26,2027-03-29,false
SKU-00480,Wheel Chock Rubber,RAW_MATERIALS,SUP-017,LOC-006,WH-F-BIN-80,5.0,10.0,721.55,2026-03-30,,false
SKU-00481,Steel Bolt M8,CHEMICALS,SUP-026,LOC-020,WH-T-BIN-01,15.0,30.0,81.70,2026-03-22,2026-05-27,true
SKU-00482,Hydraulic Hose 2in,ELECTRONICS,SUP-033,LOC-013,WH-M-BIN-02,457.0,25.0,504.39,2026-03-15,2027-04-12,false
SKU-00483,,FOOD_DRY,SUP-099,LOC-009,WH-I-BIN-03,479.0,10.0,341.73,2026-03-03,,false
SKU-00484,Forklift Battery 24V,FOOD_COLD,SUP-007,LOC-008,WH-H-BIN-04,312.0,10.0,722.10,2026-04-06,,false
SKU-00485,Safety Gloves L,PACKAGING,SUP-070,LOC-005,WH-E-BIN-05,2.0,10.0,185.76,2026-04-02,2026-03-29,false
SKU-00486,,MACHINERY_PARTS,SUP-003,LOC-012,WH-L-BIN-06,68.0,20.0,512.60,2026-04-10,2027-05-19,false
SKU-00487,Shrink Wrap Film Roll,PPE,SUP-171,LOC-008,WH-H-BIN-07,45.0,0.0,369.87,2026-05-21,,false
SKU-00488,Label Printer Ribbon,CLEANING,SUP-120,LOC-009,WH-I-BIN-08,84.0,30.0,124.35,2026-06-02,,false
SKU-00489,Dock Leveler Seal,MEDICAL,SUP-140,LOC-017,WH-Q-BIN-09,382.0,15.0,560.93,2026-02-07,,false
SKU-00490,LED Warehouse Light,RAW_MATERIALS,SUP-152,LOC-004,WH-D-BIN-10,396.0,15.0,435.10,2026-02-19,2026-03-19,false
SKU-00491,Nitrile Gloves Box,CHEMICALS,SUP-111,LOC-002,WH-B-BIN-11,344.0,25.0,704.74,2026-05-13,,false
SKU-00492,,ELECTRONICS,SUP-111,LOC-018,WH-R-BIN-12,68.0,20.0,374.88,2026-02-07,2027-01-16,false
SKU-00493,Barcode Scanner,FOOD_DRY,SUP-111,LOC-010,WH-J-BIN-13,49.0,20.0,627.94,2026-02-11,,false
SKU-00494,,FOOD_COLD,SUP-050,LOC-017,WH-Q-BIN-14,398.0,0.0,350.92,2026-02-23,,false
SKU-00495,PVC Pipe 50mm,PACKAGING,SUP-104,LOC-005,WH-E-BIN-15,5.0,22.0,623.58,2026-03-25,,false
SKU-00496,,MACHINERY_PARTS,SUP-056,LOC-010,WH-J-BIN-16,419.0,0.0,629.02,2026-03-17,,false
SKU-00497,Cable Tie Assorted,PPE,SUP-143,LOC-006,WH-F-BIN-17,6.0,15.0,427.56,2026-03-27,2026-06-12,false
SKU-00498,Dust Mask N95 Pack,CLEANING,SUP-044,Warehouse M,WH-M-BIN-18,472.0,0.0,152.58,2026-04-22,,false
SKU-00499,Wooden Pallet Std,MEDICAL,SUP-166,LOC-006,WH-F-BIN-19,66.0,10.0,71.58,2026-01-31,2026-12-13,false
SKU-00500,Steel Shelving Unit,RAW_MATERIALS,SUP-045,LOC-019,WH-S-BIN-20,25.0,0,316.75,2025-12-30,,false
SKU-00001,Hand Truck,CHEMICALS,SUP-011,LOC-015,WH-O-BIN-21,229.0,15.0,275.47,2026-06-12,,false
SKU-00002,Spill Kit 20L,ELECTRONICS,SUP-111,LOC-012,WH-L-BIN-22,14.0,15.0,186.82,2026-06-06,2027-07-28,false
SKU-00003,Epoxy Resin 1L,FOOD_DRY,SUP-189,LOC-002,WH-B-BIN-23,63.0,0.0,431.92,2026-05-11,,false
SKU-00004,,FOOD_COLD,SUP-042,LOC-005,WH-E-BIN-24,448.0,0,307.09,2026-06-24,,false
SKU-00005,Temperature Logger,PACKAGING,SUP-108,LOC-002,WH-B-BIN-25,497.0,10.0,257.66,2026-04-15,,false
SKU-00006,Anti-Slip Tape Roll,MACHINERY_PARTS,SUP-029,LOC-013,WH-M-BIN-26,403.0,0,349.87,2026-05-23,,false
SKU-00007,Welding Rod 3.2mm,PPE,SUP-073,LOC-013,WH-M-BIN-27,382.0,0,261.80,2026-02-27,2027-05-15,false
SKU-00008,Compressed Air Hose,CLEANING,SUP-052,LOC-006,WH-F-BIN-28,14.0,0,539.29,2026-05-04,,false
SKU-00009,First Aid Refill,MEDICAL,SUP-106,LOC-007,WH-G-BIN-29,26.0,10.0,570.62,2026-03-06,,false
SKU-00010,Racking Beam 2.4m,RAW_MATERIALS,SUP-036,LOC-010,WH-J-BIN-30,6.0,15.0,94.81,2026-05-06,,false
SKU-00011,,CHEMICALS,SUP-046,LOC-015,WH-O-BIN-31,260.0,0,760.92,2026-06-17,,false
SKU-00012,Load Cell 500kg,ELECTRONICS,SUP-065,LOC-007,WH-G-BIN-32,2.0,30.0,647.46,2026-02-24,,false
SKU-00013,,FOOD_DRY,SUP-088,LOC-011,WH-K-BIN-33,281.0,10.0,669.04,2026-02-19,2026-06-14,false
SKU-00014,Floor Marking Paint,FOOD_COLD,SUP-158,LOC-020,WH-T-BIN-34,23.0,30.0,231.05,2026-04-30,,false
SKU-00015,Battery Charger 24V,PACKAGING,SUP-079,LOC-015,WH-O-BIN-35,415.0,20.0,277.59,2026-04-01,2026-12-10,false
SKU-00016,Mesh Security Cage,MACHINERY_PARTS,SUP-129,LOC-007,WH-G-BIN-36,219.0,0.0,10.60,2026-03-26,,false
SKU-00017,Humidity Sensor Probe,PPE,SUP-198,LOC-010,WH-J-BIN-37,209.0,30.0,335.58,2026-01-31,,false
SKU-00018,Pallet Strap Tool,CLEANING,SUP-072,LOC-002,WH-B-BIN-38,34.0,40.0,52.45,2026-06-22,,false
SKU-00019,Coolant Concentrate,MEDICAL,SUP-153,LOC-001,WH-A-BIN-39,136.0,0,594.05,2026-04-18,,false
SKU-00020,Wheel Chock Rubber,RAW_MATERIALS,SUP-024,LOC-006,WH-F-BIN-40,391.0,25.0,14.77,2026-06-17,,false
SKU-00021,Steel Bolt M8,CHEMICALS,SUP-200,Warehouse S,WH-S-BIN-41,264.0,15.0,245.17,2026-01-11,,false
SKU-00022,Hydraulic Hose 2in,ELECTRONICS,SUP-076,LOC-004,WH-D-BIN-42,253.0,15.0,171.40,2026-06-12,,false
SKU-00023,Industrial Solvent 5L,FOOD_DRY,SUP-187,LOC-013,WH-M-BIN-43,62.0,25.0,685.20,2026-03-11,,false
SKU-00024,Forklift Battery 24V,FOOD_COLD,SUP-107,LOC-009,WH-I-BIN-44,7.0,17.0,721.26,2026-06-08,,false
SKU-00025,Safety Gloves L,PACKAGING,SUP-169,LOC-012,WH-L-BIN-45,471.0,20.0,597.74,2026-01-30,,false
SKU-00026,Conveyor Belt Patch,MACHINERY_PARTS,SUP-016,LOC-002,WH-B-BIN-46,251.0,15.0,89.78,2026-02-13,,false
SKU-00027,Shrink Wrap Film Roll,PPE,SUP-086,LOC-010,WH-J-BIN-47,377.0,10.0,18.31,2026-04-26,,false
SKU-00028,Label Printer Ribbon,CLEANING,SUP-106,LOC-012,WH-L-BIN-48,471.0,0.0,199.89,2026-04-18,2027-07-22,false
SKU-00029,,MEDICAL,SUP-152,LOC-014,WH-N-BIN-49,145.0,30.0,533.37,2026-06-20,,false
SKU-00031,Nitrile Gloves Box,CHEMICALS,SUP-141,LOC-004,WH-D-BIN-51,113.0,15.0,381.35,2026-01-29,,false
SKU-00032,Pallet Jack Wheel,ELECTRONICS,SUP-158,LOC-003,WH-C-BIN-52,414.0,10.0,264.62,2026-02-17,,false
SKU-00033,Barcode Scanner,FOOD_DRY,SUP-174,LOC-011,WH-K-BIN-53,433.0,30.0,458.97,2026-05-04,,false
SKU-00034,,FOOD_COLD,SUP-175,LOC-010,WH-J-BIN-54,106.0,0.0,403.96,2026-02-22,,false
SKU-00035,PVC Pipe 50mm,PACKAGING,SUP-007,LOC-013,WH-M-BIN-55,452.0,40.0,19.48,2026-01-05,,false
SKU-00036,Rubber Gasket Set,MACHINERY_PARTS,SUP-147,LOC-010,WH-J-BIN-56,91.0,15.0,685.45,2026-03-09,2027-06-22,false
SKU-00037,Cable Tie Assorted,PPE,SUP-140,LOC-003,WH-C-BIN-57,225.0,0,166.33,2026-06-10,,false
SKU-00038,Dust Mask N95 Pack,CLEANING,SUP-103,LOC-003,WH-C-BIN-58,103.0,0.0,13.83,2026-05-07,,false
SKU-00039,Wooden Pallet Std,MEDICAL,SUP-149,LOC-019,WH-S-BIN-59,412.0,15.0,653.49,2026-05-16,2027-05-12,false
SKU-00040,Steel Shelving Unit,RAW_MATERIALS,SUP-031,LOC-016,WH-P-BIN-60,98.0,30.0,164.85,2026-04-27,,false
SKU-00041,Hand Truck,CHEMICALS,SUP-024,LOC-015,WH-O-BIN-61,397.0,25.0,658.24,2026-04-08,2026-05-02,false
SKU-00042,Spill Kit 20L,ELECTRONICS,SUP-104,LOC-006,WH-F-BIN-62,7.0,30.0,550.20,2026-01-06,,false
SKU-00043,Epoxy Resin 1L,FOOD_DRY,SUP-023,LOC-008,WH-H-BIN-63,414.0,40.0,512.51,2025-12-30,,false
SKU-00044,Chain Block 1T,FOOD_COLD,SUP-029,LOC-001,WH-A-BIN-64,203.0,0,795.12,2026-01-23,,false
SKU-00045,Temperature Logger,PACKAGING,SUP-017,LOC-006,WH-F-BIN-65,194.0,30.0,796.99,2026-02-10,2026-12-05,false
SKU-00046,Anti-Slip Tape Roll,MACHINERY_PARTS,SUP-070,LOC-006,WH-F-BIN-66,307.0,15.0,629.51,2026-06-12,,false
SKU-00047,Welding Rod 3.2mm,PPE,SUP-178,LOC-005,WH-E-BIN-67,440.0,40.0,332.60,2026-02-17,,false
SKU-00048,Compressed Air Hose,CLEANING,SUP-099,LOC-001,WH-A-BIN-68,212.0,40.0,276.30,2026-01-11,,false
SKU-00049,First Aid Refill,MEDICAL,SUP-149,LOC-017,WH-Q-BIN-69,406.0,0.0,681.03,2026-01-28,2027-06-24,false
SKU-00050,Racking Beam 2.4m,RAW_MATERIALS,SUP-168,LOC-005,WH-E-BIN-70,67.0,30.0,39.01,2026-02-24,,false
SKU-00051,,CHEMICALS,SUP-154,LOC-002,WH-B-BIN-71,231.0,15.0,40.24,2026-06-18,2026-03-05,false
SKU-00052,Load Cell 500kg,ELECTRONICS,SUP-009,Warehouse R,WH-R-BIN-72,347.0,0,322.88,2026-02-10,2026-10-15,false
SKU-00053,Dock Bumpers Pair,FOOD_DRY,SUP-154,Warehouse F,WH-F-BIN-73,10.0,25.0,262.35,2026-06-18,,false
SKU-00054,Floor Marking Paint,FOOD_COLD,SUP-118,LOC-001,WH-A-BIN-74,284.0,0,148.71,2026-01-11,,false
SKU-00055,Battery Charger 24V,PACKAGING,SUP-162,Warehouse O,WH-O-BIN-75,18.0,20.0,474.68,2026-05-28,2026-02-26,false
SKU-00056,Mesh Security Cage,MACHINERY_PARTS,SUP-099,LOC-020,WH-T-BIN-76,8.0,22.0,425.25,2026-06-21,2026-08-11,false
SKU-00057,Humidity Sensor Probe,PPE,SUP-160,LOC-008,WH-H-BIN-77,3.0,10.0,538.67,2026-04-19,,false
SKU-00058,Pallet Strap Tool,CLEANING,SUP-069,LOC-009,WH-I-BIN-78,186.0,0,514.26,2026-04-01,,false
SKU-00059,Coolant Concentrate,MEDICAL,SUP-175,LOC-017,WH-Q-BIN-79,468.0,0.0,10.74,2026-04-11,2026-06-03,false
SKU-00060,Wheel Chock Rubber,RAW_MATERIALS,SUP-077,LOC-005,WH-E-BIN-80,356.0,15.0,469.28,2026-05-17,,false
SKU-00061,Steel Bolt M8,CHEMICALS,SUP-118,LOC-008,WH-H-BIN-01,18.0,20.0,325.25,2026-06-10,,true
SKU-00062,,ELECTRONICS,SUP-167,LOC-013,WH-M-BIN-02,5.0,17.0,248.05,2026-03-27,2027-07-14,false
SKU-00063,Industrial Solvent 5L,FOOD_DRY,SUP-057,LOC-012,WH-L-BIN-03,411.0,0,652.49,2026-03-23,2027-04-24,false
SKU-00064,Forklift Battery 24V,FOOD_COLD,SUP-174,LOC-009,WH-I-BIN-04,144.0,10.0,701.99,2026-02-15,,false
SKU-00065,Safety Gloves L,PACKAGING,SUP-038,LOC-018,WH-R-BIN-05,200.0,10.0,200.52,2026-03-23,,false
SKU-00066,Conveyor Belt Patch,MACHINERY_PARTS,SUP-183,LOC-009,WH-I-BIN-06,7.0,25.0,306.17,2026-02-27,2026-08-14,false
SKU-00067,Shrink Wrap Film Roll,PPE,SUP-199,LOC-020,WH-T-BIN-07,290.0,0,249.71,2026-02-21,2027-05-19,false
SKU-00068,Label Printer Ribbon,CLEANING,SUP-035,LOC-006,WH-F-BIN-08,45.0,40.0,149.25,2026-03-12,,false
SKU-00069,Dock Leveler Seal,MEDICAL,SUP-159,LOC-019,WH-S-BIN-09,25.0,15.0,759.00,2026-01-31,,false
SKU-00070,,RAW_MATERIALS,SUP-105,LOC-019,WH-S-BIN-10,116.0,0,727.13,2026-01-23,,false
SKU-00071,Nitrile Gloves Box,CHEMICALS,SUP-151,LOC-005,WH-E-BIN-11,328.0,40.0,601.69,2026-02-23,2027-01-06,false
SKU-00072,Pallet Jack Wheel,ELECTRONICS,SUP-143,LOC-013,WH-M-BIN-12,257.0,30.0,11.86,2026-05-25,2027-03-05,false
SKU-00073,Barcode Scanner,FOOD_DRY,SUP-066,Warehouse H,WH-H-BIN-13,28.0,30.0,650.85,2026-06-01,,false
SKU-00074,,FOOD_COLD,SUP-052,LOC-011,WH-K-BIN-14,290.0,30.0,125.50,2026-05-24,,false
SKU-00075,PVC Pipe 50mm,PACKAGING,SUP-003,LOC-013,WH-M-BIN-15,22.0,10.0,559.32,2026-03-15,2027-06-28,false
SKU-00076,Rubber Gasket Set,MACHINERY_PARTS,SUP-158,Warehouse E,WH-E-BIN-16,402.0,40.0,522.35,2026-04-28,,false
SKU-00077,Cable Tie Assorted,PPE,SUP-073,LOC-002,WH-B-BIN-17,499.0,40.0,414.24,2026-01-29,2026-11-07,false
SKU-00078,Dust Mask N95 Pack,CLEANING,SUP-083,LOC-016,WH-P-BIN-18,481.0,15.0,491.09,2026-03-06,2027-05-24,false
SKU-00079,Wooden Pallet Std,MEDICAL,SUP-172,LOC-011,WH-K-BIN-19,22.0,0,264.95,2026-01-10,2026-07-31,false
SKU-00080,Steel Shelving Unit,RAW_MATERIALS,SUP-015,LOC-005,WH-E-BIN-20,113.0,30.0,794.67,2026-03-08,2027-03-31,false
SKU-00081,Hand Truck,CHEMICALS,SUP-027,LOC-020,WH-T-BIN-21,153.0,30.0,752.25,2026-02-06,2027-05-13,false
SKU-00082,Spill Kit 20L,ELECTRONICS,SUP-167,LOC-002,WH-B-BIN-22,209.0,0.0,527.79,2026-04-24,2027-03-25,false
SKU-00083,Epoxy Resin 1L,FOOD_DRY,SUP-115,LOC-001,WH-A-BIN-23,229.0,30.0,385.27,2026-01-10,,false
SKU-00084,Chain Block 1T,FOOD_COLD,SUP-002,LOC-010,WH-J-BIN-24,146.0,0,569.24,2026-04-05,,false
SKU-00085,Temperature Logger,PACKAGING,SUP-019,LOC-008,WH-H-BIN-25,119.0,40.0,79.35,2026-06-12,,false
SKU-00086,Anti-Slip Tape Roll,MACHINERY_PARTS,SUP-126,LOC-016,WH-P-BIN-26,120.0,25.0,51.56,2026-03-10,2026-05-12,false
SKU-00087,Welding Rod 3.2mm,PPE,SUP-194,LOC-003,WH-C-BIN-27,410.0,30.0,666.99,2026-01-27,2027-01-12,false
SKU-00088,Compressed Air Hose,CLEANING,SUP-185,LOC-020,WH-T-BIN-28,8.0,10.0,153.52,2026-05-09,,false
SKU-00089,First Aid Refill,MEDICAL,SUP-080,LOC-010,WH-J-BIN-29,453.0,20.0,395.72,2026-06-19,2026-12-11,false
SKU-00090,Racking Beam 2.4m,RAW_MATERIALS,SUP-192,LOC-015,WH-O-BIN-30,232.0,30.0,54.42,2026-06-24,,false
SKU-00091,Stretch Hood Film,CHEMICALS,SUP-106,LOC-016,WH-P-BIN-31,59.0,20.0,504.64,2025-12-31,,false
SKU-00092,Load Cell 500kg,ELECTRONICS,SUP-023,LOC-012,WH-L-BIN-32,375.0,25.0,475.29,2026-06-05,,false
SKU-00093,Dock Bumpers Pair,FOOD_DRY,SUP-091,LOC-009,WH-I-BIN-33,118.0,25.0,60.55,2026-03-27,2026-03-13,false
SKU-00094,Floor Marking Paint,FOOD_COLD,SUP-001,LOC-017,WH-Q-BIN-34,197.0,20.0,646.59,2026-04-04,2026-03-23,false
SKU-00095,Battery Charger 24V,PACKAGING,SUP-067,LOC-015,WH-O-BIN-35,387.0,20.0,482.62,2026-05-27,,false
SKU-00096,,MACHINERY_PARTS,SUP-013,LOC-013,WH-M-BIN-36,271.0,40.0,11.02,2026-04-24,2026-05-20,false
SKU-00097,Humidity Sensor Probe,PPE,SUP-184,LOC-001,WH-A-BIN-37,183.0,20.0,795.58,2026-04-23,,false
SKU-00099,Coolant Concentrate,MEDICAL,SUP-039,LOC-018,WH-R-BIN-39,61.0,15.0,471.68,2026-03-17,2026-05-30,false
SKU-00100,Wheel Chock Rubber,RAW_MATERIALS,SUP-197,Warehouse F,WH-F-BIN-40,33.0,40.0,444.64,2026-01-01,,false
SKU-00101,Steel Bolt M8,CHEMICALS,SUP-161,LOC-009,WH-I-BIN-41,29.0,40.0,258.71,2026-01-21,2027-02-11,false
SKU-00102,Hydraulic Hose 2in,ELECTRONICS,SUP-098,LOC-003,WH-C-BIN-42,374.0,20.0,578.46,2026-03-30,,false
SKU-00103,Industrial Solvent 5L,FOOD_DRY,SUP-034,LOC-014,WH-N-BIN-43,48.0,15.0,212.39,2026-06-20,,false
SKU-00104,Forklift Battery 24V,FOOD_COLD,SUP-130,Warehouse Q,WH-Q-BIN-44,410.0,10.0,772.03,2026-02-03,2027-07-29,false
SKU-00106,Conveyor Belt Patch,MACHINERY_PARTS,SUP-044,LOC-020,WH-T-BIN-46,367.0,10.0,433.60,2025-12-30,,false
SKU-00107,Shrink Wrap Film Roll,PPE,SUP-057,LOC-010,WH-J-BIN-47,3.0,10.0,78.81,2026-02-08,,false
SKU-00108,,CLEANING,SUP-142,Warehouse I,WH-I-BIN-48,6.0,20.0,97.21,2026-01-24,2027-06-27,false
SKU-00109,Dock Leveler Seal,MEDICAL,SUP-009,LOC-013,WH-M-BIN-49,252.0,0,252.20,2026-01-23,2026-08-04,false
SKU-00110,LED Warehouse Light,RAW_MATERIALS,SUP-174,LOC-016,WH-P-BIN-50,263.0,10.0,238.42,2025-12-29,,false
SKU-00111,Nitrile Gloves Box,CHEMICALS,SUP-137,Warehouse B,WH-B-BIN-51,476.0,40.0,158.96,2026-03-04,,false
SKU-00112,Pallet Jack Wheel,ELECTRONICS,SUP-100,LOC-010,WH-J-BIN-52,57.0,0,462.11,2026-03-10,,false
SKU-00113,Barcode Scanner,FOOD_DRY,SUP-100,LOC-016,WH-P-BIN-53,87.0,25.0,607.64,2026-03-21,,false
SKU-00114,Fire Extinguisher 4kg,FOOD_COLD,SUP-094,LOC-001,WH-A-BIN-54,44.0,15.0,242.36,2026-05-23,2026-04-18,false
SKU-00115,PVC Pipe 50mm,PACKAGING,SUP-125,Warehouse L,WH-L-BIN-55,304.0,0.0,311.83,2026-03-15,2026-03-01,false
SKU-00116,Rubber Gasket Set,MACHINERY_PARTS,SUP-085,LOC-002,WH-B-BIN-56,46.0,0.0,192.49,2026-06-23,2026-05-06,false
SKU-00117,,PPE,SUP-012,LOC-012,WH-L-BIN-57,394.0,15.0,344.29,2026-06-23,,false
SKU-00118,Dust Mask N95 Pack,CLEANING,SUP-140,LOC-020,WH-T-BIN-58,7.0,30.0,790.77,2026-06-10,,false
SKU-00119,Wooden Pallet Std,MEDICAL,SUP-164,LOC-008,WH-H-BIN-59,93.0,10.0,272.50,2025-12-31,2026-05-23,false
SKU-00120,Steel Shelving Unit,RAW_MATERIALS,SUP-197,LOC-007,WH-G-BIN-60,407.0,25.0,186.55,2026-05-28,,false
SKU-00122,Spill Kit 20L,ELECTRONICS,SUP-101,LOC-006,WH-F-BIN-62,45.0,10.0,280.36,2026-02-19,2027-03-20,false
SKU-00123,Epoxy Resin 1L,FOOD_DRY,SUP-170,LOC-010,WH-J-BIN-63,151.0,20.0,111.38,2026-04-05,,false
SKU-00124,Chain Block 1T,FOOD_COLD,SUP-192,LOC-010,WH-J-BIN-64,329.0,30.0,412.01,2026-05-25,,false
SKU-00125,,PACKAGING,SUP-005,LOC-018,WH-R-BIN-65,36.0,40.0,281.61,2026-05-02,,false
SKU-00126,Anti-Slip Tape Roll,MACHINERY_PARTS,SUP-073,LOC-010,WH-J-BIN-66,189.0,0.0,478.50,2026-01-01,,false
SKU-00127,Welding Rod 3.2mm,PPE,SUP-039,LOC-012,WH-L-BIN-67,272.0,10.0,327.11,2026-06-22,2026-03-28,false
SKU-00128,Compressed Air Hose,CLEANING,SUP-105,LOC-008,WH-H-BIN-68,435.0,10.0,26.33,2026-06-23,,false
SKU-00129,First Aid Refill,MEDICAL,SUP-115,LOC-010,WH-J-BIN-69,7.0,22.0,283.95,2026-06-09,2026-05-31,false
SKU-00130,,RAW_MATERIALS,SUP-130,LOC-012,WH-L-BIN-70,7.0,20.0,544.15,2026-01-14,2026-11-20,false
SKU-00131,Stretch Hood Film,CHEMICALS,SUP-109,LOC-003,WH-C-BIN-71,14.0,25.0,353.15,2026-06-10,2026-04-19,true
SKU-00132,Load Cell 500kg,ELECTRONICS,SUP-066,LOC-006,WH-F-BIN-72,58.0,20.0,454.60,2026-06-11,,false
SKU-00133,Dock Bumpers Pair,FOOD_DRY,SUP-068,LOC-013,WH-M-BIN-73,401.0,0,556.13,2026-02-26,,false
SKU-00134,Floor Marking Paint,FOOD_COLD,SUP-014,Warehouse S,WH-S-BIN-74,390.0,20.0,607.26,2026-02-11,,false
SKU-00135,Battery Charger 24V,PACKAGING,SUP-137,LOC-019,WH-S-BIN-75,242.0,25.0,324.88,2026-05-02,,false
SKU-00136,Mesh Security Cage,MACHINERY_PARTS,SUP-085,LOC-014,WH-N-BIN-76,8.0,25.0,486.60,2026-04-19,,false
SKU-00137,,PPE,SUP-118,LOC-018,WH-R-BIN-77,300.0,0,618.05,2026-04-24,,false
SKU-00139,Coolant Concentrate,MEDICAL,SUP-139,LOC-003,WH-C-BIN-79,145.0,20.0,132.83,2026-01-22,2026-10-29,false
SKU-00140,Wheel Chock Rubber,RAW_MATERIALS,SUP-111,LOC-012,WH-L-BIN-80,143.0,25.0,483.76,2026-02-23,2027-07-22,false
SKU-00141,Steel Bolt M8,CHEMICALS,SUP-175,LOC-007,WH-G-BIN-01,127.0,15.0,33.85,2026-02-02,,false
SKU-00142,Hydraulic Hose 2in,ELECTRONICS,SUP-062,LOC-011,WH-K-BIN-02,103.0,0,369.23,2026-01-18,,false
SKU-00143,Industrial Solvent 5L,FOOD_DRY,SUP-168,LOC-019,WH-S-BIN-03,8.0,15.0,567.87,2026-04-29,,false
SKU-00144,,FOOD_COLD,SUP-087,LOC-018,WH-R-BIN-04,16.0,0,202.59,2026-06-25,2026-09-12,false
SKU-00145,Safety Gloves L,PACKAGING,SUP-109,LOC-003,WH-C-BIN-05,116.0,30.0,236.08,2026-05-02,,false
SKU-00146,Conveyor Belt Patch,MACHINERY_PARTS,SUP-127,LOC-010,WH-J-BIN-06,56.0,40.0,9.26,2026-01-04,,false
SKU-00147,Shrink Wrap Film Roll,PPE,SUP-085,LOC-016,WH-P-BIN-07,184.0,0.0,274.99,2026-03-18,,false
SKU-00148,Label Printer Ribbon,CLEANING,SUP-114,Warehouse B,WH-B-BIN-08,243.0,20.0,767.60,2026-05-25,2027-05-04,false
SKU-00149,Dock Leveler Seal,MEDICAL,SUP-001,LOC-001,WH-A-BIN-09,446.0,40.0,149.08,2026-03-07,2026-10-13,false
SKU-00150,LED Warehouse Light,RAW_MATERIALS,SUP-033,LOC-005,WH-E-BIN-10,250.0,25.0,332.51,2026-02-16,,false
SKU-00151,,CHEMICALS,SUP-102,LOC-002,WH-B-BIN-11,495.0,25.0,355.47,2026-05-03,,false
SKU-00152,Pallet Jack Wheel,ELECTRONICS,SUP-061,LOC-002,WH-B-BIN-12,20.0,25.0,637.33,2026-05-22,,false
SKU-00153,Barcode Scanner,FOOD_DRY,SUP-022,LOC-010,WH-J-BIN-13,31.0,40.0,44.81,2026-02-19,,false
SKU-00154,Fire Extinguisher 4kg,FOOD_COLD,SUP-005,LOC-009,WH-I-BIN-14,351.0,40.0,406.06,2026-03-08,,false
SKU-00155,PVC Pipe 50mm,PACKAGING,SUP-108,LOC-015,WH-O-BIN-15,210.0,15.0,344.90,2026-05-16,2026-02-27,false
SKU-00156,,MACHINERY_PARTS,SUP-011,LOC-001,WH-A-BIN-16,381.0,15.0,677.87,2026-03-14,,false
SKU-00157,Cable Tie Assorted,PPE,SUP-106,LOC-009,WH-I-BIN-17,56.0,40.0,389.59,2026-01-26,,false
SKU-00158,,CLEANING,SUP-027,LOC-007,WH-G-BIN-18,493.0,30.0,544.15,2026-01-29,,false
SKU-00159,,MEDICAL,SUP-182,LOC-018,WH-R-BIN-19,451.0,20.0,731.29,2026-02-16,,false
SKU-00160,Steel Shelving Unit,RAW_MATERIALS,SUP-009,LOC-014,WH-N-BIN-20,398.0,30.0,693.69,2026-01-24,,false
SKU-00161,Hand Truck,CHEMICALS,SUP-037,LOC-007,WH-G-BIN-21,233.0,0.0,596.75,2026-01-25,2026-10-01,true
SKU-00162,Spill Kit 20L,ELECTRONICS,SUP-026,LOC-013,WH-M-BIN-22,9.0,15.0,427.87,2026-01-10,,false
SKU-00163,Epoxy Resin 1L,FOOD_DRY,SUP-170,LOC-003,WH-C-BIN-23,5.0,27.0,5.26,2026-06-07,2026-08-03,false
SKU-00164,Chain Block 1T,FOOD_COLD,SUP-176,LOC-006,WH-F-BIN-24,243.0,25.0,111.70,2026-05-07,,false
SKU-00165,Temperature Logger,PACKAGING,SUP-136,LOC-019,WH-S-BIN-25,488.0,40.0,130.97,2026-03-16,2027-06-17,false
SKU-00166,Anti-Slip Tape Roll,MACHINERY_PARTS,SUP-192,LOC-015,WH-O-BIN-26,376.0,30.0,422.03,2026-05-24,,false
SKU-00167,,PPE,SUP-116,Warehouse G,WH-G-BIN-27,349.0,30.0,438.23,2026-04-12,,false
SKU-00168,Compressed Air Hose,CLEANING,SUP-100,LOC-003,WH-C-BIN-28,45.0,30.0,161.54,2026-04-21,2026-03-24,false
SKU-00169,First Aid Refill,MEDICAL,SUP-165,LOC-019,WH-S-BIN-29,225.0,20.0,430.11,2026-04-17,,false
SKU-00170,Racking Beam 2.4m,RAW_MATERIALS,SUP-007,LOC-013,WH-M-BIN-30,367.0,0.0,216.93,2026-03-18,,false
SKU-00171,,CHEMICALS,SUP-174,LOC-007,WH-G-BIN-31,143.0,0,356.93,2026-05-05,,true
SKU-00172,,ELECTRONICS,SUP-013,LOC-004,WH-D-BIN-32,3.0,23.0,7.91,2026-03-10,,false
SKU-00173,,FOOD_DRY,SUP-092,LOC-011,WH-K-BIN-33,395.0,20.0,265.77,2026-01-06,,false
SKU-00174,Floor Marking Paint,FOOD_COLD,SUP-103,LOC-017,WH-Q-BIN-34,187.0,0,81.70,2026-05-12,,false
SKU-00175,Battery Charger 24V,PACKAGING,SUP-121,LOC-009,WH-I-BIN-35,2.0,25.0,417.77,2026-03-11,,false
SKU-00176,Mesh Security Cage,MACHINERY_PARTS,SUP-034,LOC-017,WH-Q-BIN-36,3.0,20.0,261.43,2026-05-17,,false
SKU-00177,Humidity Sensor Probe,PPE,SUP-066,LOC-006,WH-F-BIN-37,174.0,0.0,378.90,2026-04-11,,false
SKU-00178,Pallet Strap Tool,CLEANING,SUP-037,LOC-001,WH-A-BIN-38,454.0,0.0,729.90,2026-03-08,2027-02-19,false
SKU-00179,,MEDICAL,SUP-132,LOC-001,WH-A-BIN-39,139.0,0.0,694.08,2026-06-09,,false
SKU-00180,,RAW_MATERIALS,SUP-006,LOC-015,WH-O-BIN-40,10.0,15.0,124.80,2026-05-02,,false
SKU-00181,Steel Bolt M8,CHEMICALS,SUP-165,LOC-017,WH-Q-BIN-41,23.0,25.0,589.24,2026-04-29,2027-06-04,true
SKU-00182,Hydraulic Hose 2in,ELECTRONICS,SUP-199,LOC-020,WH-T-BIN-42,162.0,0.0,11.67,2026-03-07,,false
SKU-00183,Industrial Solvent 5L,FOOD_DRY,SUP-156,LOC-003,WH-C-BIN-43,325.0,25.0,461.53,2026-02-21,,false
SKU-00184,Forklift Battery 24V,FOOD_COLD,SUP-070,LOC-005,WH-E-BIN-44,98.0,20.0,488.30,2026-02-11,,false
SKU-00185,Safety Gloves L,PACKAGING,SUP-077,LOC-001,WH-A-BIN-45,488.0,20.0,601.93,2026-02-20,,false
SKU-00186,Conveyor Belt Patch,MACHINERY_PARTS,SUP-131,LOC-010,WH-J-BIN-46,313.0,10.0,459.28,2026-01-03,,false
SKU-00187,Shrink Wrap Film Roll,PPE,SUP-087,LOC-001,WH-A-BIN-47,444.0,30.0,786.11,2026-06-25,2026-04-02,false
SKU-00188,Label Printer Ribbon,CLEANING,SUP-184,LOC-006,WH-F-BIN-48,148.0,30.0,37.35,2026-04-27,,false
SKU-00189,Dock Leveler Seal,MEDICAL,SUP-091,LOC-003,WH-C-BIN-49,327.0,30.0,489.20,2026-06-21,,false
SKU-00190,LED Warehouse Light,RAW_MATERIALS,SUP-049,LOC-015,WH-O-BIN-50,4.0,13.0,368.95,2026-04-13,,false
SKU-00191,,CHEMICALS,SUP-112,LOC-018,WH-R-BIN-51,205.0,25.0,55.22,2026-03-09,2026-12-31,false
SKU-00192,Pallet Jack Wheel,ELECTRONICS,SUP-185,LOC-017,WH-Q-BIN-52,9.0,15.0,257.36,2026-01-12,2027-06-01,false
SKU-00193,Barcode Scanner,FOOD_DRY,SUP-102,Warehouse Q,WH-Q-BIN-53,283.0,40.0,129.02,2026-01-11,,false
SKU-00194,Fire Extinguisher 4kg,FOOD_COLD,SUP-044,LOC-008,WH-H-BIN-54,35.0,0,573.71,2026-04-15,,false
SKU-00195,PVC Pipe 50mm,PACKAGING,SUP-118,LOC-006,WH-F-BIN-55,449.0,0,155.59,2026-06-25,2027-03-10,false
SKU-00196,Rubber Gasket Set,MACHINERY_PARTS,SUP-104,LOC-013,WH-M-BIN-56,451.0,15.0,545.74,2026-03-22,,false
SKU-00197,,PPE,SUP-136,LOC-003,WH-C-BIN-57,3.0,19.0,659.02,2026-03-30,,false
SKU-00198,Dust Mask N95 Pack,CLEANING,SUP-080,LOC-019,WH-S-BIN-58,338.0,25.0,742.43,2026-04-26,,false
SKU-00199,Wooden Pallet Std,MEDICAL,SUP-118,LOC-005,WH-E-BIN-59,93.0,40.0,403.06,2026-01-28,,false
SKU-00200,Steel Shelving Unit,RAW_MATERIALS,SUP-039,Warehouse A,WH-A-BIN-60,136.0,0,650.42,2026-03-08,2026-03-27,false
SKU-00201,Hand Truck,CHEMICALS,SUP-070,LOC-011,WH-K-BIN-61,429.0,0.0,537.54,2026-02-04,,true
SKU-00202,Spill Kit 20L,ELECTRONICS,SUP-115,LOC-015,WH-O-BIN-62,185.0,30.0,357.25,2026-02-18,2026-03-16,false
SKU-00203,Epoxy Resin 1L,FOOD_DRY,SUP-081,Warehouse K,WH-K-BIN-63,323.0,15.0,436.63,2026-01-17,,false
SKU-00204,Chain Block 1T,FOOD_COLD,SUP-116,LOC-002,WH-B-BIN-64,127.0,0,53.71,2026-02-19,2026-04-12,false
SKU-00206,Anti-Slip Tape Roll,MACHINERY_PARTS,SUP-149,LOC-018,WH-R-BIN-66,209.0,20.0,313.70,2026-03-14,,false
SKU-00207,Welding Rod 3.2mm,PPE,SUP-054,LOC-018,WH-R-BIN-67,154.0,30.0,689.27,2026-06-21,2026-08-06,false
SKU-00209,First Aid Refill,MEDICAL,SUP-039,LOC-003,WH-C-BIN-69,323.0,15.0,629.51,2026-01-22,2027-06-14,false
SKU-00210,Racking Beam 2.4m,RAW_MATERIALS,SUP-162,LOC-001,WH-A-BIN-70,190.0,0.0,646.21,2026-05-31,,false
SKU-00211,Stretch Hood Film,CHEMICALS,SUP-146,LOC-005,WH-E-BIN-71,424.0,40.0,627.74,2026-05-31,,false
SKU-00212,Load Cell 500kg,ELECTRONICS,SUP-007,LOC-005,WH-E-BIN-72,443.0,40.0,608.82,2026-01-24,,false
SKU-00213,Dock Bumpers Pair,FOOD_DRY,SUP-031,LOC-002,WH-B-BIN-73,252.0,10.0,472.40,2026-05-20,,false
SKU-00214,Floor Marking Paint,FOOD_COLD,SUP-142,LOC-013,WH-M-BIN-74,477.0,0,530.88,2026-03-06,,false
SKU-00215,,PACKAGING,SUP-156,LOC-010,WH-J-BIN-75,23.0,25.0,263.67,2026-02-15,,false
SKU-00216,Mesh Security Cage,MACHINERY_PARTS,SUP-106,LOC-020,WH-T-BIN-76,285.0,0.0,154.43,2026-03-27,,false
SKU-00217,Humidity Sensor Probe,PPE,SUP-004,LOC-015,WH-O-BIN-77,269.0,0.0,672.21,2026-01-08,,false
SKU-00218,Pallet Strap Tool,CLEANING,SUP-026,LOC-007,WH-G-BIN-78,188.0,20.0,614.57,2026-03-05,2026-03-09,false
SKU-00220,Wheel Chock Rubber,RAW_MATERIALS,SUP-165,LOC-005,WH-E-BIN-80,288.0,10.0,179.67,2026-04-16,,false
SKU-00221,Steel Bolt M8,CHEMICALS,SUP-068,LOC-009,WH-I-BIN-01,179.0,10.0,250.47,2026-04-08,2026-09-03,false
SKU-00222,,ELECTRONICS,SUP-167,LOC-002,WH-B-BIN-02,72.0,40.0,635.04,2026-06-13,,false
SKU-00223,,FOOD_DRY,SUP-103,LOC-007,WH-G-BIN-03,21.0,30.0,621.60,2026-01-22,,false
SKU-00224,Forklift Battery 24V,FOOD_COLD,SUP-191,LOC-003,WH-C-BIN-04,318.0,10.0,358.23,2026-06-12,,false
SKU-00225,Safety Gloves L,PACKAGING,SUP-060,LOC-005,WH-E-BIN-05,174.0,40.0,410.88,2026-04-19,,false
SKU-00226,Conveyor Belt Patch,MACHINERY_PARTS,SUP-122,LOC-014,WH-N-BIN-06,434.0,30.0,655.88,2026-03-09,,false
SKU-00227,,PPE,SUP-077,LOC-014,WH-N-BIN-07,4.0,14.0,607.19,2026-02-16,,false
SKU-00228,Label Printer Ribbon,CLEANING,SUP-031,LOC-007,WH-G-BIN-08,318.0,20.0,129.81,2026-01-05,,false
SKU-00229,,MEDICAL,SUP-170,LOC-005,WH-E-BIN-09,13.0,25.0,168.29,2026-06-16,,false
SKU-00231,Nitrile Gloves Box,CHEMICALS,SUP-085,LOC-003,WH-C-BIN-11,208.0,30.0,796.75,2026-04-28,,true
SKU-00232,Pallet Jack Wheel,ELECTRONICS,SUP-024,LOC-010,WH-J-BIN-12,457.0,25.0,502.21,2026-04-21,,false
SKU-00233,Barcode Scanner,FOOD_DRY,SUP-064,Warehouse R,WH-R-BIN-13,241.0,30.0,728.48,2026-04-10,2026-04-27,false
SKU-00234,Fire Extinguisher 4kg,FOOD_COLD,SUP-099,LOC-010,WH-J-BIN-14,261.0,0.0,277.61,2026-01-15,,false
SKU-00235,PVC Pipe 50mm,PACKAGING,SUP-092,Warehouse S,WH-S-BIN-15,165.0,30.0,593.10,2026-01-20,,false
SKU-00236,Rubber Gasket Set,MACHINERY_PARTS,SUP-109,LOC-004,WH-D-BIN-16,1.0,10.0,63.38,2026-01-06,,false
SKU-00237,,PPE,SUP-104,LOC-004,WH-D-BIN-17,27.0,30.0,80.91,2026-04-10,,false
SKU-00238,Dust Mask N95 Pack,CLEANING,SUP-171,LOC-009,WH-I-BIN-18,217.0,0,205.61,2026-02-02,2026-04-11,false
SKU-00239,Wooden Pallet Std,MEDICAL,SUP-178,LOC-007,WH-G-BIN-19,435.0,25.0,474.01,2026-05-24,2026-06-09,false
SKU-00240,Steel Shelving Unit,RAW_MATERIALS,SUP-104,LOC-018,WH-R-BIN-20,360.0,0,649.90,2026-03-09,2026-08-09,false
SKU-00241,Hand Truck,CHEMICALS,SUP-192,LOC-012,WH-L-BIN-21,314.0,10.0,151.36,2026-02-03,,false
SKU-00243,Epoxy Resin 1L,FOOD_DRY,SUP-118,LOC-015,WH-O-BIN-23,327.0,10.0,762.13,2026-06-25,,false
SKU-00244,Chain Block 1T,FOOD_COLD,SUP-081,LOC-005,WH-E-BIN-24,221.0,40.0,737.53,2026-05-22,,false
SKU-00245,Temperature Logger,PACKAGING,SUP-035,LOC-005,WH-E-BIN-25,377.0,40.0,33.62,2026-05-03,,false
SKU-00246,Anti-Slip Tape Roll,MACHINERY_PARTS,SUP-109,wh_o,WH-O-BIN-26,133.0,0,14.88,2026-02-24,,false
SKU-00247,Welding Rod 3.2mm,PPE,SUP-158,LOC-015,WH-O-BIN-27,5.0,10.0,220.93,2026-06-19,,false
SKU-00248,,CLEANING,SUP-043,LOC-020,WH-T-BIN-28,145.0,15.0,681.47,2026-03-25,,false
SKU-00249,First Aid Refill,MEDICAL,SUP-079,LOC-014,WH-N-BIN-29,464.0,15.0,198.57,2026-05-24,2027-02-07,false
SKU-00251,Stretch Hood Film,CHEMICALS,SUP-146,LOC-003,WH-C-BIN-31,420.0,30.0,715.12,2026-01-14,,true
SKU-00252,Load Cell 500kg,ELECTRONICS,SUP-195,LOC-019,WH-S-BIN-32,11.0,15.0,211.64,2026-06-02,,false
SKU-00253,Dock Bumpers Pair,FOOD_DRY,SUP-156,LOC-010,WH-J-BIN-33,33.0,10.0,651.85,2026-04-04,,false
SKU-00254,Floor Marking Paint,FOOD_COLD,SUP-046,LOC-001,WH-A-BIN-34,430.0,40.0,665.73,2026-04-17,,false
SKU-00255,Battery Charger 24V,PACKAGING,SUP-175,Warehouse J,WH-J-BIN-35,468.0,0,184.50,2026-06-25,2027-04-26,false
SKU-00256,Mesh Security Cage,MACHINERY_PARTS,SUP-121,LOC-010,WH-J-BIN-36,143.0,0.0,290.24,2026-03-21,2026-02-27,false
SKU-00257,Humidity Sensor Probe,PPE,SUP-096,LOC-003,WH-C-BIN-37,266.0,40.0,93.34,2025-12-29,2026-09-11,false
SKU-00258,Pallet Strap Tool,CLEANING,SUP-118,Warehouse S,WH-S-BIN-38,284.0,30.0,700.13,2026-06-23,2026-10-02,false
SKU-00259,,MEDICAL,SUP-004,LOC-010,WH-J-BIN-39,184.0,30.0,341.09,2026-02-14,,false
SKU-00260,Wheel Chock Rubber,RAW_MATERIALS,SUP-014,LOC-007,WH-G-BIN-40,290.0,40.0,557.97,2026-02-23,2027-07-31,false
SKU-00261,Steel Bolt M8,CHEMICALS,SUP-022,LOC-008,WH-H-BIN-41,125.0,20.0,201.64,2026-03-07,,false
SKU-00262,Hydraulic Hose 2in,ELECTRONICS,SUP-044,LOC-014,WH-N-BIN-42,73.0,0,439.71,2026-02-05,2026-03-15,false
SKU-00263,Industrial Solvent 5L,FOOD_DRY,SUP-025,LOC-015,WH-O-BIN-43,334.0,10.0,242.35,2026-04-02,,false
SKU-00264,,FOOD_COLD,SUP-014,LOC-015,WH-O-BIN-44,348.0,25.0,657.93,2026-01-08,2027-03-02,false
SKU-00265,,PACKAGING,SUP-063,Warehouse G,WH-G-BIN-45,5.0,15.0,28.53,2026-05-09,2027-02-17,false
SKU-00266,Conveyor Belt Patch,MACHINERY_PARTS,SUP-014,LOC-007,WH-G-BIN-46,277.0,0,754.02,2025-12-29,,false
SKU-00267,Shrink Wrap Film Roll,PPE,SUP-173,LOC-001,WH-A-BIN-47,488.0,20.0,631.03,2026-06-19,2026-12-21,false
SKU-00268,Label Printer Ribbon,CLEANING,SUP-105,LOC-013,WH-M-BIN-48,3.0,25.0,453.98,2026-06-21,,false
SKU-00269,Dock Leveler Seal,MEDICAL,SUP-103,LOC-004,WH-D-BIN-49,477.0,25.0,104.72,2026-05-22,,false
SKU-00270,LED Warehouse Light,RAW_MATERIALS,SUP-010,LOC-009,WH-I-BIN-50,183.0,10.0,142.53,2026-03-22,2027-07-01,false
SKU-00271,Nitrile Gloves Box,CHEMICALS,SUP-036,LOC-013,WH-M-BIN-51,3.0,40.0,206.31,2026-04-08,2026-11-09,true
SKU-00272,Pallet Jack Wheel,ELECTRONICS,SUP-026,LOC-019,WH-S-BIN-52,136.0,15.0,764.37,2026-05-27,,false
SKU-00273,Barcode Scanner,FOOD_DRY,SUP-041,LOC-007,WH-G-BIN-53,395.0,15.0,544.06,2026-04-01,,false
SKU-00274,,FOOD_COLD,SUP-056,LOC-005,WH-E-BIN-54,115.0,20.0,488.31,2026-03-08,,false
SKU-00275,PVC Pipe 50mm,PACKAGING,SUP-045,Warehouse A,WH-A-BIN-55,318.0,20.0,584.29,2026-01-27,2026-08-22,false
SKU-00276,Rubber Gasket Set,MACHINERY_PARTS,SUP-064,LOC-012,WH-L-BIN-56,404.0,0,693.84,2026-04-24,,false
SKU-00277,Cable Tie Assorted,PPE,SUP-170,LOC-009,WH-I-BIN-57,301.0,30.0,664.64,2026-03-26,,false
SKU-00278,Dust Mask N95 Pack,CLEANING,SUP-199,LOC-013,WH-M-BIN-58,191.0,10.0,324.62,2026-04-01,,false
SKU-00279,Wooden Pallet Std,MEDICAL,SUP-017,LOC-019,WH-S-BIN-59,269.0,20.0,698.13,2026-02-15,2026-11-29,false
SKU-00280,,RAW_MATERIALS,SUP-159,LOC-002,WH-B-BIN-60,233.0,25.0,296.84,2026-04-23,,false
SKU-00281,Hand Truck,CHEMICALS,SUP-149,LOC-013,WH-M-BIN-61,29.0,40.0,739.20,2026-03-17,,false
SKU-00282,Spill Kit 20L,ELECTRONICS,SUP-171,LOC-011,WH-K-BIN-62,193.0,15.0,740.89,2026-05-24,,false
SKU-00283,Epoxy Resin 1L,FOOD_DRY,SUP-142,LOC-019,WH-S-BIN-63,402.0,20.0,566.25,2026-03-18,,false
SKU-00284,Chain Block 1T,FOOD_COLD,SUP-152,LOC-016,WH-P-BIN-64,8.0,15.0,691.00,2025-12-29,,false
SKU-00285,Temperature Logger,PACKAGING,SUP-051,LOC-014,WH-N-BIN-65,340.0,40.0,752.27,2026-04-13,,false
SKU-00286,Anti-Slip Tape Roll,MACHINERY_PARTS,SUP-141,LOC-014,WH-N-BIN-66,276.0,20.0,331.54,2026-05-31,,false
SKU-00287,Welding Rod 3.2mm,PPE,SUP-188,LOC-013,WH-M-BIN-67,95.0,30.0,493.50,2026-02-06,,false
SKU-00288,Compressed Air Hose,CLEANING,SUP-107,LOC-003,WH-C-BIN-68,201.0,10.0,83.00,2026-02-14,,false
SKU-00289,First Aid Refill,MEDICAL,SUP-178,LOC-007,WH-G-BIN-69,1.0,25.0,304.87,2026-02-25,2026-09-30,false
SKU-00290,Racking Beam 2.4m,RAW_MATERIALS,SUP-199,LOC-006,WH-F-BIN-70,2.0,18.0,386.61,2026-02-04,,false
SKU-00291,Stretch Hood Film,CHEMICALS,SUP-143,LOC-001,WH-A-BIN-71,217.0,15.0,783.28,2026-03-16,2026-09-26,false
SKU-00292,,ELECTRONICS,SUP-197,LOC-019,WH-S-BIN-72,420.0,20.0,223.82,2026-05-20,,false
SKU-00294,Floor Marking Paint,FOOD_COLD,SUP-100,LOC-006,WH-F-BIN-74,379.0,0,479.08,2026-02-28,2026-10-31,false
SKU-00295,Battery Charger 24V,PACKAGING,SUP-192,LOC-005,WH-E-BIN-75,460.0,30.0,173.75,2026-01-30,,false
SKU-00296,Mesh Security Cage,MACHINERY_PARTS,SUP-130,LOC-009,WH-I-BIN-76,2.0,15.0,307.85,2026-04-12,,false
SKU-00297,Humidity Sensor Probe,PPE,SUP-118,LOC-019,WH-S-BIN-77,337.0,10.0,711.43,2026-04-29,2027-07-10,false
SKU-00298,Pallet Strap Tool,CLEANING,SUP-085,LOC-007,WH-G-BIN-78,2.0,15.0,628.64,2026-01-30,2027-01-21,false
SKU-00299,Coolant Concentrate,MEDICAL,SUP-030,LOC-001,WH-A-BIN-79,417.0,25.0,29.04,2026-06-05,,false
SKU-00300,Wheel Chock Rubber,RAW_MATERIALS,SUP-058,LOC-007,WH-G-BIN-80,159.0,15.0,336.57,2026-02-22,,false
SKU-00301,Steel Bolt M8,CHEMICALS,SUP-176,LOC-007,WH-G-BIN-01,293.0,0,437.31,2025-12-31,,true
SKU-00302,Hydraulic Hose 2in,ELECTRONICS,SUP-019,LOC-002,WH-B-BIN-02,242.0,0.0,727.15,2026-06-02,2026-12-01,false
SKU-00303,Industrial Solvent 5L,FOOD_DRY,SUP-103,LOC-004,WH-D-BIN-03,164.0,10.0,68.26,2026-06-19,,false
SKU-00304,Forklift Battery 24V,FOOD_COLD,SUP-080,LOC-002,WH-B-BIN-04,480.0,40.0,450.33,2026-03-11,2027-04-23,false
SKU-00305,,PACKAGING,SUP-031,LOC-014,WH-N-BIN-05,488.0,25.0,701.18,2026-01-22,2026-06-16,false
SKU-00306,Conveyor Belt Patch,MACHINERY_PARTS,SUP-064,LOC-002,WH-B-BIN-06,7.0,20.0,747.76,2026-04-09,,false
SKU-00307,,PPE,SUP-067,LOC-018,WH-R-BIN-07,50.0,15.0,556.90,2026-02-01,,false
SKU-00308,Label Printer Ribbon,CLEANING,SUP-125,Warehouse D,WH-D-BIN-08,500.0,0.0,306.96,2026-06-05,,false
SKU-00309,,MEDICAL,SUP-124,LOC-011,WH-K-BIN-09,457.0,0,164.22,2026-05-22,,false
SKU-00310,LED Warehouse Light,RAW_MATERIALS,SUP-150,LOC-004,WH-D-BIN-10,178.0,40.0,244.16,2026-02-27,,false
SKU-00311,Nitrile Gloves Box,CHEMICALS,SUP-042,LOC-001,WH-A-BIN-11,304.0,30.0,368.58,2026-01-15,2027-04-25,true
SKU-00312,Pallet Jack Wheel,ELECTRONICS,SUP-125,LOC-005,WH-E-BIN-12,58.0,40.0,382.20,2026-02-15,,false
SKU-00315,,PACKAGING,SUP-049,LOC-014,WH-N-BIN-15,56.0,30.0,400.45,2026-01-19,2027-06-17,false
SKU-00316,Rubber Gasket Set,MACHINERY_PARTS,SUP-169,LOC-004,WH-D-BIN-16,82.0,25.0,123.10,2026-03-28,2027-06-19,false
SKU-00317,Cable Tie Assorted,PPE,SUP-013,LOC-010,WH-J-BIN-17,383.0,10.0,329.95,2026-01-07,2026-08-21,false
SKU-00318,Dust Mask N95 Pack,CLEANING,SUP-170,LOC-014,WH-N-BIN-18,9.0,0,135.44,2026-04-04,,false
SKU-00319,Wooden Pallet Std,MEDICAL,SUP-194,LOC-006,WH-F-BIN-19,274.0,40.0,291.90,2026-02-21,2027-06-15,false
SKU-00320,Steel Shelving Unit,RAW_MATERIALS,SUP-182,LOC-003,WH-C-BIN-20,318.0,25.0,421.52,2026-03-26,,false
SKU-00321,Hand Truck,CHEMICALS,SUP-100,LOC-014,WH-N-BIN-21,164.0,30.0,784.97,2026-06-18,,true
SKU-00322,Spill Kit 20L,ELECTRONICS,SUP-161,LOC-019,WH-S-BIN-22,394.0,40.0,733.78,2026-05-03,,false
SKU-00323,Epoxy Resin 1L,FOOD_DRY,SUP-094,LOC-012,WH-L-BIN-23,278.0,0.0,359.71,2026-06-03,,false
SKU-00324,Chain Block 1T,FOOD_COLD,SUP-040,LOC-015,WH-O-BIN-24,21.0,0,208.67,2026-06-23,,false
SKU-00325,Temperature Logger,PACKAGING,SUP-006,LOC-016,WH-P-BIN-25,18.0,40.0,408.38,2026-03-10,2027-02-04,false
SKU-00326,Anti-Slip Tape Roll,MACHINERY_PARTS,SUP-067,LOC-006,WH-F-BIN-26,423.0,10.0,701.81,2026-06-25,,false
SKU-00327,Welding Rod 3.2mm,PPE,SUP-105,LOC-014,WH-N-BIN-27,9.0,0,82.03,2026-05-22,,false
SKU-00328,Compressed Air Hose,CLEANING,SUP-037,LOC-018,WH-R-BIN-28,261.0,10.0,99.13,2026-01-08,,false
SKU-00329,,MEDICAL,SUP-036,LOC-006,WH-F-BIN-29,93.0,15.0,228.56,2026-02-08,,false
SKU-00330,Racking Beam 2.4m,RAW_MATERIALS,SUP-121,LOC-009,WH-I-BIN-30,7.0,20.0,477.21,2026-06-17,,false
SKU-00331,Stretch Hood Film,CHEMICALS,SUP-070,LOC-001,WH-A-BIN-31,50.0,0,94.43,2026-03-22,,false
SKU-00332,,ELECTRONICS,SUP-181,LOC-004,WH-D-BIN-32,499.0,10.0,756.66,2026-04-06,,false
SKU-00333,Dock Bumpers Pair,FOOD_DRY,SUP-082,LOC-007,WH-G-BIN-33,246.0,0.0,474.45,2026-06-24,,false
SKU-00334,Floor Marking Paint,FOOD_COLD,SUP-075,LOC-014,WH-N-BIN-34,347.0,10.0,446.11,2026-06-15,,false
SKU-00335,Battery Charger 24V,PACKAGING,SUP-195,LOC-020,WH-T-BIN-35,288.0,0,681.49,2026-06-19,,false
SKU-00336,Mesh Security Cage,MACHINERY_PARTS,SUP-027,LOC-010,WH-J-BIN-36,167.0,0,242.42,2026-01-20,,false
SKU-00337,Humidity Sensor Probe,PPE,SUP-195,LOC-011,WH-K-BIN-37,422.0,15.0,211.58,2026-02-25,2027-06-26,false
SKU-00338,Pallet Strap Tool,CLEANING,SUP-105,LOC-018,WH-R-BIN-38,252.0,0.0,141.88,2026-01-12,2026-08-13,false
SKU-00339,Coolant Concentrate,MEDICAL,SUP-173,LOC-017,WH-Q-BIN-39,494.0,30.0,605.29,2026-02-18,2026-05-28,false
SKU-00340,Wheel Chock Rubber,RAW_MATERIALS,SUP-165,LOC-018,WH-R-BIN-40,32.0,40.0,618.94,2026-01-06,,false
SKU-00341,Steel Bolt M8,CHEMICALS,SUP-025,Warehouse E,WH-E-BIN-41,441.0,15.0,201.96,2026-04-25,,false
SKU-00342,Hydraulic Hose 2in,ELECTRONICS,SUP-153,LOC-013,WH-M-BIN-42,27.0,30.0,276.90,2026-02-19,,false
SKU-00344,Forklift Battery 24V,FOOD_COLD,SUP-079,LOC-019,WH-S-BIN-44,18.0,0,2.53,2026-03-10,,false
SKU-00345,Safety Gloves L,PACKAGING,SUP-111,LOC-020,WH-T-BIN-45,10.0,30.0,641.20,2026-03-08,2027-06-02,false
SKU-00346,Conveyor Belt Patch,MACHINERY_PARTS,SUP-097,LOC-001,WH-A-BIN-46,392.0,10.0,605.40,2026-03-22,2027-03-14,false
SKU-00347,Shrink Wrap Film Roll,PPE,SUP-012,LOC-015,WH-O-BIN-47,224.0,10.0,335.77,2026-02-02,2026-11-17,false
SKU-00349,,MEDICAL,SUP-142,LOC-019,WH-S-BIN-49,91.0,10.0,157.17,2026-03-15,,false
SKU-00350,LED Warehouse Light,RAW_MATERIALS,SUP-158,LOC-020,WH-T-BIN-50,347.0,15.0,368.95,2026-02-18,,false
SKU-00351,Nitrile Gloves Box,CHEMICALS,SUP-083,LOC-006,WH-F-BIN-51,468.0,0.0,193.83,2026-05-20,,false
SKU-00352,Pallet Jack Wheel,ELECTRONICS,SUP-055,LOC-006,WH-F-BIN-52,2.0,0,102.56,2026-05-28,,false
SKU-00353,Barcode Scanner,FOOD_DRY,SUP-088,LOC-011,WH-K-BIN-53,467.0,15.0,253.63,2026-04-14,,false
SKU-00354,Fire Extinguisher 4kg,FOOD_COLD,SUP-008,LOC-019,WH-S-BIN-54,109.0,25.0,131.40,2026-05-14,,false
SKU-00355,PVC Pipe 50mm,PACKAGING,SUP-116,LOC-012,WH-L-BIN-55,142.0,10.0,497.22,2026-03-31,,false
SKU-00356,,MACHINERY_PARTS,SUP-075,LOC-020,WH-T-BIN-56,112.0,20.0,431.18,2026-05-21,,false
SKU-00357,Cable Tie Assorted,PPE,SUP-100,LOC-017,WH-Q-BIN-57,43.0,15.0,315.06,2025-12-31,2027-03-05,false
SKU-00358,Dust Mask N95 Pack,CLEANING,SUP-154,LOC-020,WH-T-BIN-58,8.0,10.0,663.72,2026-06-19,2026-10-05,false
SKU-00359,Wooden Pallet Std,MEDICAL,SUP-023,LOC-010,WH-J-BIN-59,257.0,25.0,288.63,2026-04-25,,false
SKU-00360,Steel Shelving Unit,RAW_MATERIALS,SUP-046,LOC-019,WH-S-BIN-60,215.0,0,5.95,2026-04-30,,false
SKU-00361,Hand Truck,CHEMICALS,SUP-091,LOC-005,WH-E-BIN-61,36.0,0.0,401.09,2026-04-09,2026-10-14,false
SKU-00362,Spill Kit 20L,ELECTRONICS,SUP-002,LOC-012,WH-L-BIN-62,2.0,15.0,193.01,2026-04-24,2027-05-17,false
SKU-00363,Epoxy Resin 1L,FOOD_DRY,SUP-096,LOC-007,WH-G-BIN-63,135.0,30.0,3.65,2026-01-11,,false
SKU-00364,Chain Block 1T,FOOD_COLD,SUP-048,LOC-001,WH-A-BIN-64,317.0,0,302.51,2026-01-03,2027-01-16,false
SKU-00365,Temperature Logger,PACKAGING,SUP-180,LOC-009,WH-I-BIN-65,52.0,25.0,248.67,2026-03-02,,false
SKU-00366,Anti-Slip Tape Roll,MACHINERY_PARTS,SUP-160,LOC-019,WH-S-BIN-66,1.0,19.0,643.43,2026-05-01,,false
SKU-00367,Welding Rod 3.2mm,PPE,SUP-191,LOC-005,WH-E-BIN-67,62.0,15.0,733.01,2026-02-09,,false
SKU-00368,,CLEANING,SUP-073,LOC-003,WH-C-BIN-68,212.0,20.0,356.26,2026-05-26,,false
SKU-00369,First Aid Refill,MEDICAL,SUP-076,Warehouse T,WH-T-BIN-69,2.0,12.0,343.47,2026-03-10,,false
SKU-00370,Racking Beam 2.4m,RAW_MATERIALS,SUP-088,LOC-014,WH-N-BIN-70,8.0,10.0,55.38,2026-06-19,,false
SKU-00371,Stretch Hood Film,CHEMICALS,SUP-041,LOC-019,WH-S-BIN-71,64.0,30.0,45.85,2026-01-07,,true
SKU-00372,Load Cell 500kg,ELECTRONICS,SUP-016,LOC-020,WH-T-BIN-72,87.0,15.0,501.60,2026-01-02,,false
SKU-00373,Dock Bumpers Pair,FOOD_DRY,SUP-007,LOC-015,WH-O-BIN-73,342.0,25.0,110.12,2026-05-06,2026-11-28,false
SKU-00374,Floor Marking Paint,FOOD_COLD,SUP-032,LOC-016,WH-P-BIN-74,202.0,30.0,304.08,2026-01-14,2026-06-08,false
SKU-00375,Battery Charger 24V,PACKAGING,SUP-185,LOC-017,WH-Q-BIN-75,351.0,20.0,68.86,2026-04-13,,false
SKU-00376,Mesh Security Cage,MACHINERY_PARTS,SUP-156,LOC-005,WH-E-BIN-76,1.0,20.0,618.78,2026-04-24,2027-01-14,false
SKU-00377,Humidity Sensor Probe,PPE,SUP-193,LOC-019,WH-S-BIN-77,309.0,30.0,60.37,2026-05-20,2027-07-18,false
SKU-00378,Pallet Strap Tool,CLEANING,SUP-112,LOC-009,WH-I-BIN-78,326.0,20.0,490.86,2026-05-24,,false
SKU-00380,Wheel Chock Rubber,RAW_MATERIALS,SUP-183,LOC-018,WH-R-BIN-80,72.0,0,398.55,2026-03-30,,false
SKU-00381,,CHEMICALS,SUP-019,LOC-019,WH-S-BIN-01,478.0,20.0,623.60,2026-01-06,2026-09-14,false
SKU-00382,Hydraulic Hose 2in,ELECTRONICS,SUP-091,LOC-013,WH-M-BIN-02,378.0,15.0,692.91,2026-04-30,,false
SKU-00383,,FOOD_DRY,SUP-017,LOC-012,WH-L-BIN-03,93.0,0,277.65,2026-04-23,,false
SKU-00384,Forklift Battery 24V,FOOD_COLD,SUP-094,LOC-016,WH-P-BIN-04,220.0,40.0,781.99,2026-04-20,,false
SKU-00385,Safety Gloves L,PACKAGING,SUP-113,LOC-017,WH-Q-BIN-05,170.0,0,642.13,2026-04-13,,false
SKU-00386,Conveyor Belt Patch,MACHINERY_PARTS,SUP-031,Warehouse L,WH-L-BIN-06,177.0,10.0,463.72,2026-01-31,2027-02-22,false
SKU-00387,,PPE,SUP-084,LOC-014,WH-N-BIN-07,293.0,25.0,45.28,2026-03-10,2027-07-05,false
SKU-00388,Label Printer Ribbon,CLEANING,SUP-193,LOC-005,WH-E-BIN-08,468.0,25.0,186.67,2026-04-05,,false
SKU-00389,Dock Leveler Seal,MEDICAL,SUP-158,LOC-001,WH-A-BIN-09,319.0,0,112.51,2026-05-23,,false
SKU-00391,Nitrile Gloves Box,CHEMICALS,SUP-112,LOC-010,WH-J-BIN-11,420.0,0.0,235.58,2026-02-19,2026-11-03,false
SKU-00392,Pallet Jack Wheel,ELECTRONICS,SUP-074,LOC-001,WH-A-BIN-12,272.0,20.0,691.49,2026-04-12,2026-09-23,false
SKU-00394,,FOOD_COLD,SUP-053,LOC-001,WH-A-BIN-14,352.0,0,545.15,2026-05-20,,false
SKU-00395,,PACKAGING,SUP-050,LOC-008,WH-H-BIN-15,350.0,0,559.58,2026-04-17,2027-05-12,false
SKU-00396,Rubber Gasket Set,MACHINERY_PARTS,SUP-017,LOC-011,WH-K-BIN-16,492.0,0,11.38,2026-05-06,,false
SKU-00397,Cable Tie Assorted,PPE,SUP-162,LOC-014,WH-N-BIN-17,14.0,15.0,342.22,2026-06-24,,false
SKU-00398,Dust Mask N95 Pack,CLEANING,SUP-018,LOC-004,WH-D-BIN-18,472.0,0,673.13,2026-01-03,,false
SKU-00399,Wooden Pallet Std,MEDICAL,SUP-075,LOC-017,WH-Q-BIN-19,490.0,30.0,771.82,2026-02-06,,false
SKU-00401,Hand Truck,CHEMICALS,SUP-109,LOC-007,WH-G-BIN-21,251.0,0.0,408.59,2025-12-31,,false
SKU-00402,Spill Kit 20L,ELECTRONICS,SUP-128,LOC-013,WH-M-BIN-22,398.0,40.0,681.75,2026-01-13,,false
SKU-00403,Epoxy Resin 1L,FOOD_DRY,SUP-156,LOC-009,WH-I-BIN-23,476.0,20.0,788.33,2026-03-10,2027-05-09,false
SKU-00404,,FOOD_COLD,SUP-146,LOC-009,WH-I-BIN-24,13.0,40.0,611.35,2026-06-02,,false
SKU-00405,Temperature Logger,PACKAGING,SUP-056,LOC-019,WH-S-BIN-25,45.0,20.0,63.80,2026-04-02,,false
SKU-00406,Anti-Slip Tape Roll,MACHINERY_PARTS,SUP-101,LOC-010,WH-J-BIN-26,263.0,0,715.87,2026-01-12,,false
SKU-00407,Welding Rod 3.2mm,PPE,SUP-139,LOC-002,WH-B-BIN-27,130.0,10.0,606.35,2026-06-16,,false
SKU-00408,Compressed Air Hose,CLEANING,SUP-066,LOC-010,WH-J-BIN-28,4.0,40.0,309.20,2026-02-15,2027-02-18,false
SKU-00409,First Aid Refill,MEDICAL,SUP-020,LOC-011,WH-K-BIN-29,129.0,40.0,84.22,2026-02-14,,false
SKU-00410,Racking Beam 2.4m,RAW_MATERIALS,SUP-123,LOC-007,WH-G-BIN-30,254.0,20.0,512.05,2026-05-30,2027-06-10,false
SKU-00411,Stretch Hood Film,CHEMICALS,SUP-133,LOC-013,WH-M-BIN-31,215.0,20.0,361.74,2026-04-19,,true
SKU-00412,,ELECTRONICS,SUP-010,LOC-020,WH-T-BIN-32,474.0,15.0,422.64,2026-02-02,2027-06-01,false
SKU-00413,Dock Bumpers Pair,FOOD_DRY,SUP-124,LOC-007,WH-G-BIN-33,72.0,40.0,312.63,2026-02-13,,false
SKU-00414,Floor Marking Paint,FOOD_COLD,SUP-029,LOC-014,WH-N-BIN-34,311.0,10.0,286.29,2026-02-12,,false
SKU-00415,Battery Charger 24V,PACKAGING,SUP-170,LOC-007,WH-G-BIN-35,101.0,15.0,692.14,2026-04-01,2027-01-06,false
SKU-00416,,MACHINERY_PARTS,SUP-054,LOC-018,WH-R-BIN-36,117.0,20.0,338.74,2026-03-05,2027-01-20,false
SKU-00417,Humidity Sensor Probe,PPE,SUP-140,LOC-005,WH-E-BIN-37,146.0,20.0,475.43,2026-02-15,2027-06-26,false
SKU-00418,Pallet Strap Tool,CLEANING,SUP-073,LOC-006,WH-F-BIN-38,218.0,15.0,621.87,2026-02-22,,false
SKU-00419,Coolant Concentrate,MEDICAL,SUP-144,Warehouse K,WH-K-BIN-39,54.0,10.0,341.41,2026-02-05,,false
SKU-00420,,RAW_MATERIALS,SUP-155,LOC-016,WH-P-BIN-40,4.0,10.0,165.20,2026-02-27,,false
SKU-00422,Hydraulic Hose 2in,ELECTRONICS,SUP-111,LOC-013,WH-M-BIN-42,306.0,30.0,511.10,2026-06-10,,false
SKU-00423,,FOOD_DRY,SUP-082,LOC-006,WH-F-BIN-43,467.0,15.0,774.69,2026-06-24,,false
SKU-00424,Forklift Battery 24V,FOOD_COLD,SUP-120,Warehouse R,WH-R-BIN-44,117.0,0.0,452.31,2026-02-25,2026-02-28,false
SKU-00425,Safety Gloves L,PACKAGING,SUP-185,Warehouse E,WH-E-BIN-45,24.0,0.0,676.00,2026-02-22,2027-07-27,false
SKU-00426,Conveyor Belt Patch,MACHINERY_PARTS,SUP-121,LOC-016,WH-P-BIN-46,490.0,25.0,235.41,2026-04-05,2027-04-08,false
SKU-00427,,PPE,SUP-178,LOC-005,WH-E-BIN-47,266.0,40.0,51.06,2026-03-04,2027-05-30,false
SKU-00428,,CLEANING,SUP-038,LOC-003,WH-C-BIN-48,44.0,10.0,156.38,2026-01-04,,false
SKU-00429,Dock Leveler Seal,MEDICAL,SUP-126,LOC-010,WH-J-BIN-49,474.0,0,527.60,2025-12-30,2026-03-23,false
SKU-00430,LED Warehouse Light,RAW_MATERIALS,SUP-121,LOC-015,WH-O-BIN-50,407.0,10.0,342.90,2026-05-26,,false
SKU-00431,Nitrile Gloves Box,CHEMICALS,SUP-150,LOC-019,WH-S-BIN-51,24.0,40.0,617.96,2026-03-14,,false
SKU-00432,,ELECTRONICS,SUP-076,LOC-014,WH-N-BIN-52,330.0,10.0,189.15,2026-04-13,,false
SKU-00433,Barcode Scanner,FOOD_DRY,SUP-005,LOC-009,WH-I-BIN-53,334.0,0,672.02,2026-05-21,,false
SKU-00434,,FOOD_COLD,SUP-175,LOC-013,WH-M-BIN-54,30.0,40.0,147.47,2026-06-03,,false
SKU-00435,PVC Pipe 50mm,PACKAGING,SUP-020,LOC-019,WH-S-BIN-55,152.0,0.0,290.75,2026-04-14,2026-08-05,false
SKU-00436,Rubber Gasket Set,MACHINERY_PARTS,SUP-172,LOC-016,WH-P-BIN-56,2.0,15.0,470.22,2026-06-04,,false
SKU-00437,Cable Tie Assorted,PPE,SUP-010,LOC-011,WH-K-BIN-57,5.0,40.0,122.81,2026-06-23,,false
SKU-00438,Dust Mask N95 Pack,CLEANING,SUP-130,LOC-001,WH-A-BIN-58,88.0,10.0,676.07,2026-03-31,2026-12-06,false
SKU-00439,Wooden Pallet Std,MEDICAL,SUP-117,LOC-020,WH-T-BIN-59,304.0,0.0,407.06,2026-05-04,,false
SKU-00440,Steel Shelving Unit,RAW_MATERIALS,SUP-126,LOC-012,WH-L-BIN-60,5.0,0,74.85,2026-04-22,,false
SKU-00441,Hand Truck,CHEMICALS,SUP-063,Warehouse M,WH-M-BIN-61,278.0,0,228.34,2026-04-25,,false
SKU-00442,Spill Kit 20L,ELECTRONICS,SUP-054,Warehouse A,WH-A-BIN-62,273.0,10.0,623.39,2026-05-20,,false
SKU-00443,Epoxy Resin 1L,FOOD_DRY,SUP-101,LOC-010,WH-J-BIN-63,190.0,0,790.82,2026-02-18,,false
SKU-00444,,FOOD_COLD,SUP-075,LOC-005,WH-E-BIN-64,40.0,10.0,526.95,2026-06-20,,false
SKU-00445,,PACKAGING,SUP-101,LOC-018,WH-R-BIN-65,25.0,40.0,472.20,2026-02-02,,false
SKU-00446,Anti-Slip Tape Roll,MACHINERY_PARTS,SUP-072,LOC-011,WH-K-BIN-66,2.0,15.0,584.25,2026-01-11,,false
SKU-00447,Welding Rod 3.2mm,PPE,SUP-061,LOC-007,WH-G-BIN-67,480.0,0,570.79,2026-05-05,2027-05-28,false
SKU-00448,Compressed Air Hose,CLEANING,SUP-023,Warehouse A,WH-A-BIN-68,52.0,10.0,476.96,2026-04-26,2026-03-12,false
SKU-00449,First Aid Refill,MEDICAL,SUP-142,LOC-003,WH-C-BIN-69,1.0,25.0,659.51,2026-06-14,,false
SKU-00450,Racking Beam 2.4m,RAW_MATERIALS,SUP-135,LOC-006,WH-F-BIN-70,138.0,40.0,704.86,2026-01-23,2027-04-30,false
SKU-00451,Stretch Hood Film,CHEMICALS,SUP-160,LOC-006,WH-F-BIN-71,45.0,40.0,565.61,2026-01-14,,false
SKU-00452,Load Cell 500kg,ELECTRONICS,SUP-023,LOC-014,WH-N-BIN-72,414.0,0,21.74,2026-06-04,,false
SKU-00453,Dock Bumpers Pair,FOOD_DRY,SUP-036,LOC-005,WH-E-BIN-73,345.0,40.0,787.35,2026-01-30,2026-03-08,false
SKU-00454,Floor Marking Paint,FOOD_COLD,SUP-200,LOC-010,WH-J-BIN-74,477.0,25.0,4.99,2026-03-29,,false
SKU-00455,,PACKAGING,SUP-019,LOC-008,WH-H-BIN-75,461.0,0.0,545.34,2026-05-02,2026-05-12,false
SKU-00456,Mesh Security Cage,MACHINERY_PARTS,SUP-003,LOC-008,WH-H-BIN-76,333.0,0.0,495.75,2026-04-12,,false
SKU-00457,Humidity Sensor Probe,PPE,SUP-025,LOC-005,WH-E-BIN-77,319.0,30.0,485.91,2026-02-24,2027-02-27,false
SKU-00458,Pallet Strap Tool,CLEANING,SUP-188,LOC-014,WH-N-BIN-78,202.0,0.0,342.86,2025-12-31,2027-03-31,false
SKU-00459,Coolant Concentrate,MEDICAL,SUP-131,LOC-004,WH-D-BIN-79,265.0,25.0,435.07,2026-05-01,,false
SKU-00460,Wheel Chock Rubber,RAW_MATERIALS,SUP-061,LOC-014,WH-N-BIN-80,298.0,25.0,72.05,2026-01-09,,false
SKU-00461,,CHEMICALS,SUP-199,LOC-013,WH-M-BIN-01,7.0,15.0,349.12,2026-02-14,2027-03-04,false
SKU-00462,Hydraulic Hose 2in,ELECTRONICS,SUP-003,LOC-017,WH-Q-BIN-02,378.0,30.0,759.78,2026-04-03,,false
SKU-00463,Industrial Solvent 5L,FOOD_DRY,SUP-048,LOC-006,WH-F-BIN-03,489.0,0,774.03,2026-06-25,,false
SKU-00464,Forklift Battery 24V,FOOD_COLD,SUP-075,wh_o,WH-O-BIN-04,318.0,30.0,110.19,2026-03-30,,false
SKU-00465,Safety Gloves L,PACKAGING,SUP-123,LOC-020,WH-T-BIN-05,11.0,25.0,305.39,2026-06-19,,false
SKU-00466,,MACHINERY_PARTS,SUP-049,LOC-018,WH-R-BIN-06,209.0,30.0,739.57,2026-04-12,,false
SKU-00467,Shrink Wrap Film Roll,PPE,SUP-198,LOC-004,WH-D-BIN-07,75.0,25.0,442.05,2026-05-08,,false
SKU-00468,Label Printer Ribbon,CLEANING,SUP-018,LOC-019,WH-S-BIN-08,91.0,0.0,318.39,2026-06-02,,false
SKU-00469,Dock Leveler Seal,MEDICAL,SUP-137,LOC-018,WH-R-BIN-09,61.0,25.0,343.97,2026-06-11,,false
SKU-00470,LED Warehouse Light,RAW_MATERIALS,SUP-199,LOC-012,WH-L-BIN-10,22.0,10.0,563.80,2026-05-10,,false
SKU-00471,Nitrile Gloves Box,CHEMICALS,SUP-115,LOC-017,WH-Q-BIN-11,447.0,30.0,41.73,2026-04-27,,false
SKU-00473,Barcode Scanner,FOOD_DRY,SUP-005,LOC-007,WH-G-BIN-13,72.0,10.0,52.92,2026-02-16,,false
SKU-00474,Fire Extinguisher 4kg,FOOD_COLD,SUP-161,Warehouse M,WH-M-BIN-14,272.0,10.0,322.40,2026-01-12,,false
SKU-00475,PVC Pipe 50mm,PACKAGING,SUP-089,LOC-020,WH-T-BIN-15,14.0,15.0,657.03,2026-01-14,,false
SKU-00476,Rubber Gasket Set,MACHINERY_PARTS,SUP-005,LOC-018,WH-R-BIN-16,106.0,25.0,511.87,2026-06-20,2026-04-23,false
SKU-00477,Cable Tie Assorted,PPE,SUP-067,LOC-005,WH-E-BIN-17,108.0,0,209.13,2026-01-30,,false
SKU-00478,,CLEANING,SUP-094,wh_o,WH-O-BIN-18,260.0,15.0,21.86,2026-04-03,,false
SKU-00479,Wooden Pallet Std,MEDICAL,SUP-177,LOC-016,WH-P-BIN-19,433.0,10.0,531.35,2026-01-24,,false
SKU-00480,Steel Shelving Unit,RAW_MATERIALS,SUP-105,LOC-012,WH-L-BIN-20,417.0,40.0,435.11,2026-02-19,,false
SKU-00481,Hand Truck,CHEMICALS,SUP-093,Warehouse G,WH-G-BIN-21,175.0,0,580.19,2026-04-15,,true
SKU-00482,Spill Kit 20L,ELECTRONICS,SUP-141,LOC-014,WH-N-BIN-22,359.0,30.0,160.50,2026-04-18,,false
SKU-00483,Epoxy Resin 1L,FOOD_DRY,SUP-051,LOC-017,WH-Q-BIN-23,171.0,0.0,741.61,2026-01-09,,false
SKU-00484,Chain Block 1T,FOOD_COLD,SUP-110,Warehouse R,WH-R-BIN-24,101.0,40.0,664.24,2026-02-13,2027-02-11,false
SKU-00485,Temperature Logger,PACKAGING,SUP-062,Warehouse K,WH-K-BIN-25,35.0,15.0,420.57,2026-06-24,,false
SKU-00486,Anti-Slip Tape Roll,MACHINERY_PARTS,SUP-156,LOC-017,WH-Q-BIN-26,14.0,20.0,176.32,2026-01-10,,false
SKU-00487,Welding Rod 3.2mm,PPE,SUP-077,LOC-009,WH-I-BIN-27,466.0,15.0,271.10,2026-02-08,,false
SKU-00488,Compressed Air Hose,CLEANING,SUP-092,LOC-002,WH-B-BIN-28,410.0,10.0,290.22,2026-06-17,,false
SKU-00489,First Aid Refill,MEDICAL,SUP-045,LOC-020,WH-T-BIN-29,157.0,30.0,42.81,2026-05-06,,false
SKU-00490,Racking Beam 2.4m,RAW_MATERIALS,SUP-045,LOC-009,WH-I-BIN-30,328.0,0.0,358.58,2026-02-20,,false
SKU-00491,,CHEMICALS,SUP-152,LOC-005,WH-E-BIN-31,158.0,20.0,775.66,2026-06-24,,true
SKU-00493,Dock Bumpers Pair,FOOD_DRY,SUP-036,LOC-014,WH-N-BIN-33,306.0,20.0,551.92,2026-01-14,2026-10-01,false
SKU-00494,Floor Marking Paint,FOOD_COLD,SUP-077,LOC-001,WH-A-BIN-34,60.0,20.0,708.01,2026-05-21,2026-11-19,false
SKU-00497,Humidity Sensor Probe,PPE,SUP-058,LOC-008,WH-H-BIN-37,271.0,0.0,64.78,2026-05-31,,false
SKU-00498,Pallet Strap Tool,CLEANING,SUP-037,LOC-004,WH-D-BIN-38,356.0,15.0,135.16,2026-03-26,2026-03-06,false
SKU-00499,,MEDICAL,SUP-118,LOC-006,WH-F-BIN-39,7.0,0,276.47,2025-12-30,,false
SKU-00500,Wheel Chock Rubber,RAW_MATERIALS,SUP-135,LOC-002,WH-B-BIN-40,273.0,20.0,281.38,2026-04-12,,false
SKU-00001,Steel Bolt M8,CHEMICALS,SUP-021,LOC-011,WH-K-BIN-41,343.0,0,659.39,2026-01-16,,true
SKU-00002,Hydraulic Hose 2in,ELECTRONICS,SUP-083,LOC-008,WH-H-BIN-42,60.0,10.0,663.38,2026-04-06,,false
SKU-00003,Industrial Solvent 5L,FOOD_DRY,SUP-177,LOC-008,WH-H-BIN-43,14.0,25.0,333.76,2026-05-05,2026-09-19,false
SKU-00004,Forklift Battery 24V,FOOD_COLD,SUP-114,LOC-008,WH-H-BIN-44,5.0,20.0,664.70,2026-03-22,,false
SKU-00005,Safety Gloves L,PACKAGING,SUP-185,LOC-014,WH-N-BIN-45,410.0,40.0,706.61,2026-05-12,,false
SKU-00006,Conveyor Belt Patch,MACHINERY_PARTS,SUP-008,LOC-014,WH-N-BIN-46,151.0,30.0,354.78,2026-05-16,,false
SKU-00007,Shrink Wrap Film Roll,PPE,SUP-151,LOC-001,WH-A-BIN-47,497.0,30.0,346.33,2026-06-20,,false
SKU-00008,,CLEANING,SUP-159,LOC-008,WH-H-BIN-48,192.0,30.0,49.33,2026-04-01,,false
SKU-00009,Dock Leveler Seal,MEDICAL,SUP-183,LOC-002,WH-B-BIN-49,389.0,20.0,731.67,2026-03-10,2026-09-28,false
SKU-00010,,RAW_MATERIALS,SUP-059,LOC-015,WH-O-BIN-50,12.0,40.0,662.57,2026-02-10,2026-11-20,false
SKU-00011,Nitrile Gloves Box,CHEMICALS,SUP-136,LOC-018,WH-R-BIN-51,177.0,10.0,520.87,2026-06-11,2026-12-22,true
SKU-00012,Pallet Jack Wheel,ELECTRONICS,SUP-063,Warehouse T,WH-T-BIN-52,172.0,25.0,628.78,2026-04-26,2026-10-23,false
SKU-00013,Barcode Scanner,FOOD_DRY,SUP-064,LOC-004,WH-D-BIN-53,87.0,20.0,374.31,2026-01-21,,false
SKU-00014,Fire Extinguisher 4kg,FOOD_COLD,SUP-017,LOC-020,WH-T-BIN-54,387.0,10.0,503.71,2026-05-07,,false
SKU-00015,,PACKAGING,SUP-134,LOC-003,WH-C-BIN-55,382.0,0.0,492.80,2026-04-29,,false
SKU-00016,Rubber Gasket Set,MACHINERY_PARTS,SUP-010,LOC-003,WH-C-BIN-56,354.0,40.0,387.95,2026-01-03,,false
SKU-00017,,PPE,SUP-083,LOC-004,WH-D-BIN-57,2.0,10.0,484.76,2026-03-18,,false
SKU-00018,Dust Mask N95 Pack,CLEANING,SUP-017,Warehouse K,WH-K-BIN-58,129.0,25.0,114.72,2026-01-19,,false
SKU-00020,Steel Shelving Unit,RAW_MATERIALS,SUP-188,LOC-002,WH-B-BIN-60,270.0,30.0,440.86,2026-03-16,2027-05-25,false
SKU-00021,Hand Truck,CHEMICALS,SUP-020,LOC-019,WH-S-BIN-61,184.0,0.0,388.27,2026-06-19,,true
SKU-00022,,ELECTRONICS,SUP-132,LOC-019,WH-S-BIN-62,251.0,40.0,680.65,2026-01-18,,false
SKU-00023,Epoxy Resin 1L,FOOD_DRY,SUP-096,LOC-003,WH-C-BIN-63,5.0,20.0,790.58,2026-06-24,2026-03-14,false
SKU-00024,Chain Block 1T,FOOD_COLD,SUP-199,LOC-005,WH-E-BIN-64,213.0,40.0,444.85,2026-06-17,,false
SKU-00025,Temperature Logger,PACKAGING,SUP-191,LOC-007,WH-G-BIN-65,346.0,20.0,254.33,2026-03-15,2026-04-10,false
SKU-00027,Welding Rod 3.2mm,PPE,SUP-013,LOC-013,WH-M-BIN-67,352.0,15.0,575.62,2026-05-04,,false
SKU-00028,Compressed Air Hose,CLEANING,SUP-105,LOC-009,WH-I-BIN-68,373.0,40.0,430.10,2026-05-19,,false
SKU-00029,First Aid Refill,MEDICAL,SUP-109,LOC-008,WH-H-BIN-69,3.0,30.0,532.69,2026-03-03,,false
SKU-00030,Racking Beam 2.4m,RAW_MATERIALS,SUP-019,Warehouse F,WH-F-BIN-70,466.0,0,49.96,2026-02-06,2027-02-03,false
SKU-00031,,CHEMICALS,SUP-041,LOC-010,WH-J-BIN-71,9.0,15.0,140.70,2026-02-05,2026-11-23,false
SKU-00032,Load Cell 500kg,ELECTRONICS,SUP-193,LOC-003,WH-C-BIN-72,218.0,40.0,179.37,2026-06-23,,false
SKU-00034,Floor Marking Paint,FOOD_COLD,SUP-174,LOC-019,WH-S-BIN-74,31.0,40.0,480.99,2026-02-26,,false
SKU-00035,Battery Charger 24V,PACKAGING,SUP-152,LOC-017,WH-Q-BIN-75,176.0,0,20.46,2026-05-23,2026-08-16,false
SKU-00036,Mesh Security Cage,MACHINERY_PARTS,SUP-066,LOC-003,WH-C-BIN-76,4.0,40.0,366.49,2026-03-06,,false
SKU-00037,Humidity Sensor Probe,PPE,SUP-069,LOC-008,WH-H-BIN-77,206.0,30.0,537.69,2026-01-21,2026-04-03,false
SKU-00038,Pallet Strap Tool,CLEANING,SUP-027,LOC-011,WH-K-BIN-78,130.0,15.0,705.96,2026-01-27,2026-09-20,false
SKU-00039,Coolant Concentrate,MEDICAL,SUP-160,LOC-003,WH-C-BIN-79,428.0,20.0,337.41,2026-02-25,,false
SKU-00040,Wheel Chock Rubber,RAW_MATERIALS,SUP-158,LOC-005,WH-E-BIN-80,196.0,25.0,363.91,2026-02-18,,false
SKU-00041,Steel Bolt M8,CHEMICALS,SUP-061,LOC-003,WH-C-BIN-01,248.0,0,541.23,2026-02-17,,false
SKU-00042,Hydraulic Hose 2in,ELECTRONICS,SUP-109,LOC-005,WH-E-BIN-02,319.0,15.0,612.40,2026-03-20,,false
SKU-00043,Industrial Solvent 5L,FOOD_DRY,SUP-140,LOC-015,WH-O-BIN-03,32.0,15.0,158.09,2026-02-11,,false
SKU-00044,Forklift Battery 24V,FOOD_COLD,SUP-192,LOC-016,WH-P-BIN-04,441.0,0,524.91,2026-04-13,2027-07-12,false
SKU-00045,Safety Gloves L,PACKAGING,SUP-018,LOC-013,WH-M-BIN-05,172.0,20.0,165.43,2026-05-01,2027-02-28,false
SKU-00047,Shrink Wrap Film Roll,PPE,SUP-019,LOC-004,WH-D-BIN-07,254.0,0.0,501.72,2026-05-30,,false
SKU-00048,Label Printer Ribbon,CLEANING,SUP-048,LOC-012,WH-L-BIN-08,281.0,0,590.22,2026-05-03,,false
SKU-00050,LED Warehouse Light,RAW_MATERIALS,SUP-007,LOC-016,WH-P-BIN-10,148.0,0,311.22,2026-02-15,,false
SKU-00051,Nitrile Gloves Box,CHEMICALS,SUP-006,LOC-016,WH-P-BIN-11,213.0,15.0,224.09,2026-04-30,2026-08-09,false
SKU-00052,,ELECTRONICS,SUP-165,LOC-020,WH-T-BIN-12,225.0,15.0,462.17,2026-05-10,2027-01-18,false
SKU-00053,Barcode Scanner,FOOD_DRY,SUP-200,LOC-005,WH-E-BIN-13,11.0,40.0,479.45,2026-04-15,2027-01-10,false
SKU-00054,Fire Extinguisher 4kg,FOOD_COLD,SUP-012,Warehouse C,WH-C-BIN-14,45.0,20.0,67.40,2026-03-02,2026-09-12,false
SKU-00055,PVC Pipe 50mm,PACKAGING,SUP-033,LOC-006,WH-F-BIN-15,100.0,0,430.11,2026-03-03,2026-09-08,false
SKU-00056,,MACHINERY_PARTS,SUP-198,LOC-019,WH-S-BIN-16,16.0,25.0,491.03,2026-02-12,,false
SKU-00057,Cable Tie Assorted,PPE,SUP-148,LOC-009,WH-I-BIN-17,477.0,25.0,47.39,2026-05-15,,false
SKU-00058,Dust Mask N95 Pack,CLEANING,SUP-028,LOC-005,WH-E-BIN-18,18.0,25.0,790.30,2026-03-26,,false
SKU-00059,Wooden Pallet Std,MEDICAL,SUP-189,LOC-017,WH-Q-BIN-19,303.0,10.0,713.33,2026-06-23,,false
SKU-00060,,RAW_MATERIALS,SUP-020,LOC-014,WH-N-BIN-20,128.0,25.0,565.84,2026-03-13,,false
SKU-00061,Hand Truck,CHEMICALS,SUP-025,LOC-008,WH-H-BIN-21,122.0,25.0,764.16,2026-03-27,,false
SKU-00062,Spill Kit 20L,ELECTRONICS,SUP-191,LOC-006,WH-F-BIN-22,405.0,0.0,329.60,2026-02-21,,false
SKU-00063,Epoxy Resin 1L,FOOD_DRY,SUP-130,LOC-018,WH-R-BIN-23,65.0,10.0,552.41,2026-01-25,,false
SKU-00064,Chain Block 1T,FOOD_COLD,SUP-150,LOC-019,WH-S-BIN-24,220.0,10.0,92.84,2026-05-03,,false
SKU-00065,Temperature Logger,PACKAGING,SUP-128,LOC-001,WH-A-BIN-25,238.0,10.0,139.05,2026-03-18,,false
SKU-00066,Anti-Slip Tape Roll,MACHINERY_PARTS,SUP-177,Warehouse H,WH-H-BIN-26,235.0,15.0,491.91,2026-02-11,2027-03-23,false
SKU-00068,,CLEANING,SUP-010,LOC-019,WH-S-BIN-28,1.0,0,600.29,2026-03-22,2027-01-24,false
SKU-00069,First Aid Refill,MEDICAL,SUP-199,LOC-017,WH-Q-BIN-29,277.0,20.0,656.62,2026-04-26,,false
SKU-00070,Racking Beam 2.4m,RAW_MATERIALS,SUP-151,LOC-020,WH-T-BIN-30,408.0,30.0,799.35,2026-05-01,,false
SKU-00072,Load Cell 500kg,ELECTRONICS,SUP-038,LOC-005,WH-E-BIN-32,417.0,20.0,219.32,2026-01-23,,false
SKU-00073,Dock Bumpers Pair,FOOD_DRY,SUP-083,LOC-006,WH-F-BIN-33,470.0,30.0,722.78,2026-04-21,,false
SKU-00074,Floor Marking Paint,FOOD_COLD,SUP-108,LOC-016,WH-P-BIN-34,483.0,15.0,565.92,2026-03-14,,false
SKU-00075,,PACKAGING,SUP-032,LOC-002,WH-B-BIN-35,297.0,40.0,208.05,2026-05-03,,false
SKU-00076,Mesh Security Cage,MACHINERY_PARTS,SUP-065,LOC-018,WH-R-BIN-36,13.0,20.0,8.92,2026-02-25,2026-11-27,false
SKU-00077,Humidity Sensor Probe,PPE,SUP-103,LOC-020,WH-T-BIN-37,358.0,30.0,521.19,2026-03-08,,false
SKU-00078,Pallet Strap Tool,CLEANING,SUP-093,LOC-010,WH-J-BIN-38,316.0,0.0,584.05,2026-02-02,,false
SKU-00080,,RAW_MATERIALS,SUP-180,LOC-006,WH-F-BIN-40,255.0,10.0,756.68,2026-06-02,2027-06-24,false
SKU-00081,,CHEMICALS,SUP-103,LOC-014,WH-N-BIN-41,7.0,30.0,155.30,2026-03-08,,false
SKU-00083,,FOOD_DRY,SUP-031,LOC-005,WH-E-BIN-43,356.0,25.0,245.89,2026-01-10,2026-10-26,false
SKU-00084,,FOOD_COLD,SUP-166,LOC-006,WH-F-BIN-44,396.0,15.0,421.12,2026-04-28,,false
SKU-00085,Safety Gloves L,PACKAGING,SUP-106,LOC-002,WH-B-BIN-45,487.0,40.0,248.22,2026-06-22,,false
SKU-00086,Conveyor Belt Patch,MACHINERY_PARTS,SUP-140,LOC-004,WH-D-BIN-46,352.0,10.0,698.35,2026-04-17,2027-05-05,false
SKU-00087,Shrink Wrap Film Roll,PPE,SUP-172,Warehouse E,WH-E-BIN-47,18.0,40.0,295.55,2025-12-29,,false
SKU-00088,Label Printer Ribbon,CLEANING,SUP-079,LOC-020,WH-T-BIN-48,230.0,25.0,589.20,2026-03-08,2027-07-03,false
SKU-00089,,MEDICAL,SUP-087,LOC-003,WH-C-BIN-49,19.0,25.0,282.54,2026-01-18,,false
SKU-00090,LED Warehouse Light,RAW_MATERIALS,SUP-159,LOC-018,WH-R-BIN-50,53.0,40.0,664.99,2026-05-22,,false
SKU-00091,Nitrile Gloves Box,CHEMICALS,SUP-084,LOC-010,WH-J-BIN-51,370.0,0,660.07,2026-03-19,2026-03-01,false
SKU-00092,Pallet Jack Wheel,ELECTRONICS,SUP-007,LOC-003,WH-C-BIN-52,122.0,0,599.98,2026-01-25,,false
SKU-00093,Barcode Scanner,FOOD_DRY,SUP-010,LOC-006,WH-F-BIN-53,109.0,40.0,467.30,2026-03-09,,false
SKU-00094,Fire Extinguisher 4kg,FOOD_COLD,SUP-045,LOC-020,WH-T-BIN-54,105.0,0.0,76.43,2026-04-22,,false
SKU-00095,PVC Pipe 50mm,PACKAGING,SUP-017,LOC-003,WH-C-BIN-55,441.0,0,14.96,2026-01-17,,false
SKU-00096,Rubber Gasket Set,MACHINERY_PARTS,SUP-079,LOC-008,WH-H-BIN-56,163.0,15.0,304.08,2026-01-04,,false
SKU-00097,Cable Tie Assorted,PPE,SUP-132,LOC-006,WH-F-BIN-57,116.0,40.0,540.29,2026-02-08,,false
SKU-00098,,CLEANING,SUP-059,LOC-020,WH-T-BIN-58,151.0,15.0,590.59,2026-03-20,,false
SKU-00099,Wooden Pallet Std,MEDICAL,SUP-157,LOC-014,WH-N-BIN-59,14.0,20.0,231.80,2026-04-14,,false
SKU-00100,Steel Shelving Unit,RAW_MATERIALS,SUP-187,LOC-008,WH-H-BIN-60,110.0,30.0,276.13,2026-03-02,2027-01-10,false
SKU-00101,Hand Truck,CHEMICALS,SUP-053,LOC-009,WH-I-BIN-61,440.0,20.0,779.32,2026-02-02,,false
SKU-00102,,ELECTRONICS,SUP-160,LOC-017,WH-Q-BIN-62,331.0,20.0,505.98,2026-06-23,,false
SKU-00103,Epoxy Resin 1L,FOOD_DRY,SUP-146,Warehouse H,WH-H-BIN-63,433.0,25.0,262.75,2026-04-04,,false
SKU-00104,Chain Block 1T,FOOD_COLD,SUP-025,LOC-020,WH-T-BIN-64,461.0,0.0,101.43,2026-02-05,,false
SKU-00105,Temperature Logger,PACKAGING,SUP-052,LOC-017,WH-Q-BIN-65,39.0,10.0,110.83,2026-02-15,,false
SKU-00106,Anti-Slip Tape Roll,MACHINERY_PARTS,SUP-055,LOC-015,WH-O-BIN-66,165.0,20.0,303.08,2026-03-06,,false
SKU-00107,Welding Rod 3.2mm,PPE,SUP-116,LOC-014,WH-N-BIN-67,295.0,30.0,86.98,2025-12-28,2027-07-19,false
SKU-00108,Compressed Air Hose,CLEANING,SUP-111,LOC-001,WH-A-BIN-68,51.0,30.0,66.47,2026-05-01,,false
SKU-00109,First Aid Refill,MEDICAL,SUP-067,LOC-017,WH-Q-BIN-69,386.0,0.0,385.39,2026-03-26,,false
SKU-00110,Racking Beam 2.4m,RAW_MATERIALS,SUP-111,LOC-014,WH-N-BIN-70,22.0,40.0,405.14,2026-06-20,2026-03-24,false
SKU-00112,Load Cell 500kg,ELECTRONICS,SUP-170,LOC-016,WH-P-BIN-72,153.0,20.0,556.05,2026-03-23,2026-12-18,false
SKU-00113,Dock Bumpers Pair,FOOD_DRY,SUP-164,LOC-020,WH-T-BIN-73,314.0,25.0,224.03,2026-06-21,2026-02-27,false
SKU-00114,Floor Marking Paint,FOOD_COLD,SUP-105,LOC-011,WH-K-BIN-74,458.0,25.0,250.07,2026-05-22,2027-01-17,false
SKU-00116,Mesh Security Cage,MACHINERY_PARTS,SUP-112,Warehouse R,WH-R-BIN-76,261.0,10.0,641.63,2026-05-25,2027-01-11,false
SKU-00117,Humidity Sensor Probe,PPE,SUP-009,LOC-010,WH-J-BIN-77,86.0,0,194.09,2026-04-04,,false
SKU-00118,Pallet Strap Tool,CLEANING,SUP-110,LOC-016,WH-P-BIN-78,108.0,40.0,794.19,2026-06-07,,false
SKU-00119,Coolant Concentrate,MEDICAL,SUP-195,LOC-014,WH-N-BIN-79,147.0,0.0,687.84,2026-06-12,2027-02-19,false
SKU-00120,Wheel Chock Rubber,RAW_MATERIALS,SUP-051,LOC-013,WH-M-BIN-80,282.0,20.0,69.49,2026-06-05,2026-03-10,false
SKU-00121,Steel Bolt M8,CHEMICALS,SUP-113,LOC-005,WH-E-BIN-01,315.0,30.0,489.09,2026-05-03,,true
SKU-00122,Hydraulic Hose 2in,ELECTRONICS,SUP-165,LOC-010,WH-J-BIN-02,460.0,30.0,392.80,2026-03-28,,false
SKU-00123,Industrial Solvent 5L,FOOD_DRY,SUP-097,LOC-017,WH-Q-BIN-03,4.0,22.0,598.39,2026-05-01,2026-11-02,false
SKU-00124,,FOOD_COLD,SUP-078,LOC-009,WH-I-BIN-04,164.0,40.0,625.14,2026-03-21,,false
SKU-00125,Safety Gloves L,PACKAGING,SUP-060,LOC-008,WH-H-BIN-05,3.0,0,544.34,2026-06-03,,false
SKU-00126,Conveyor Belt Patch,MACHINERY_PARTS,SUP-183,LOC-016,WH-P-BIN-06,400.0,0.0,708.96,2026-04-09,2026-09-27,false
SKU-00127,Shrink Wrap Film Roll,PPE,SUP-092,LOC-009,WH-I-BIN-07,256.0,25.0,110.45,2026-04-24,,false
SKU-00129,,MEDICAL,SUP-081,LOC-018,WH-R-BIN-09,41.0,40.0,709.41,2026-02-20,,false
SKU-00131,Nitrile Gloves Box,CHEMICALS,SUP-198,LOC-016,WH-P-BIN-11,211.0,0.0,752.88,2026-02-17,,false
SKU-00132,,ELECTRONICS,SUP-151,LOC-005,WH-E-BIN-12,15.0,20.0,695.63,2026-04-25,,false
SKU-00133,Barcode Scanner,FOOD_DRY,SUP-100,LOC-016,WH-P-BIN-13,234.0,25.0,121.94,2026-02-23,,false
SKU-00134,Fire Extinguisher 4kg,FOOD_COLD,SUP-120,LOC-014,WH-N-BIN-14,61.0,20.0,62.67,2026-02-25,2026-09-09,false
SKU-00135,PVC Pipe 50mm,PACKAGING,SUP-167,LOC-007,WH-G-BIN-15,1.0,11.0,591.30,2026-03-13,2026-12-15,false
SKU-00136,Rubber Gasket Set,MACHINERY_PARTS,SUP-102,LOC-012,WH-L-BIN-16,391.0,0,212.19,2026-04-24,,false
SKU-00137,Cable Tie Assorted,PPE,SUP-086,LOC-017,WH-Q-BIN-17,356.0,40.0,731.20,2026-01-03,,false
SKU-00138,Dust Mask N95 Pack,CLEANING,SUP-106,LOC-005,WH-E-BIN-18,36.0,25.0,12.76,2026-06-16,,false
SKU-00139,Wooden Pallet Std,MEDICAL,SUP-120,LOC-009,WH-I-BIN-19,457.0,10.0,652.32,2026-01-27,2026-11-28,false
SKU-00140,,RAW_MATERIALS,SUP-108,LOC-012,WH-L-BIN-20,60.0,10.0,474.07,2026-03-15,,false
SKU-00141,Hand Truck,CHEMICALS,SUP-021,LOC-011,WH-K-BIN-21,6.0,10.0,359.36,2026-04-16,,false
SKU-00142,Spill Kit 20L,ELECTRONICS,SUP-080,LOC-003,WH-C-BIN-22,176.0,40.0,611.76,2026-03-13,2027-06-20,false
SKU-00143,Epoxy Resin 1L,FOOD_DRY,SUP-125,LOC-017,WH-Q-BIN-23,20.0,40.0,321.12,2026-01-10,,false
SKU-00144,Chain Block 1T,FOOD_COLD,SUP-141,Warehouse M,WH-M-BIN-24,382.0,15.0,296.35,2026-03-30,,false
SKU-00145,Temperature Logger,PACKAGING,SUP-151,Warehouse T,WH-T-BIN-25,28.0,20.0,132.93,2026-04-27,,false
SKU-00146,Anti-Slip Tape Roll,MACHINERY_PARTS,SUP-001,LOC-008,WH-H-BIN-26,112.0,40.0,230.05,2026-06-21,,false
SKU-00147,Welding Rod 3.2mm,PPE,SUP-072,LOC-011,WH-K-BIN-27,266.0,0.0,731.87,2026-06-08,,false
SKU-00149,First Aid Refill,MEDICAL,SUP-018,LOC-012,WH-L-BIN-29,7.0,15.0,247.41,2026-04-24,,false
SKU-00150,Racking Beam 2.4m,RAW_MATERIALS,SUP-142,LOC-007,WH-G-BIN-30,15.0,30.0,135.79,2026-03-01,,false
SKU-00151,,CHEMICALS,SUP-078,LOC-010,WH-J-BIN-31,6.0,29.0,134.85,2026-04-29,2027-07-05,false
SKU-00152,Load Cell 500kg,ELECTRONICS,SUP-166,LOC-016,WH-P-BIN-32,449.0,15.0,546.20,2026-03-13,,false
SKU-00153,Dock Bumpers Pair,FOOD_DRY,SUP-080,LOC-014,WH-N-BIN-33,462.0,0.0,735.10,2026-06-06,2026-11-07,false
SKU-00154,Floor Marking Paint,FOOD_COLD,SUP-173,LOC-017,WH-Q-BIN-34,9.0,15.0,755.85,2026-03-10,,false
SKU-00155,Battery Charger 24V,PACKAGING,SUP-137,LOC-011,WH-K-BIN-35,60.0,0.0,621.10,2026-03-24,,false
SKU-00156,Mesh Security Cage,MACHINERY_PARTS,SUP-178,LOC-006,WH-F-BIN-36,270.0,10.0,645.77,2026-06-11,,false
SKU-00157,Humidity Sensor Probe,PPE,SUP-134,LOC-019,WH-S-BIN-37,381.0,20.0,776.96,2026-02-04,2026-10-21,false
SKU-00158,Pallet Strap Tool,CLEANING,SUP-085,LOC-013,WH-M-BIN-38,433.0,20.0,302.68,2026-03-29,,false
SKU-00159,Coolant Concentrate,MEDICAL,SUP-046,LOC-020,WH-T-BIN-39,295.0,0,250.22,2026-01-30,,false
SKU-00160,Wheel Chock Rubber,RAW_MATERIALS,SUP-141,LOC-003,WH-C-BIN-40,4.0,40.0,53.89,2026-04-20,,false
SKU-00161,Steel Bolt M8,CHEMICALS,SUP-049,LOC-013,WH-M-BIN-41,85.0,20.0,84.03,2026-01-21,2026-10-14,false
SKU-00162,Hydraulic Hose 2in,ELECTRONICS,SUP-119,LOC-019,WH-S-BIN-42,450.0,40.0,588.93,2026-05-30,2027-05-22,false
SKU-00163,Industrial Solvent 5L,FOOD_DRY,SUP-017,LOC-006,WH-F-BIN-43,29.0,30.0,237.99,2026-03-15,2026-09-08,false
SKU-00164,,FOOD_COLD,SUP-051,LOC-003,WH-C-BIN-44,62.0,15.0,679.48,2026-06-09,,false
SKU-00165,Safety Gloves L,PACKAGING,SUP-058,LOC-011,WH-K-BIN-45,5.0,10.0,427.19,2026-01-05,,false
SKU-00166,Conveyor Belt Patch,MACHINERY_PARTS,SUP-013,LOC-004,WH-D-BIN-46,474.0,30.0,531.59,2026-04-06,,false
SKU-00167,Shrink Wrap Film Roll,PPE,SUP-117,LOC-011,WH-K-BIN-47,399.0,25.0,245.73,2026-04-09,,false
SKU-00168,Label Printer Ribbon,CLEANING,SUP-143,LOC-004,WH-D-BIN-48,114.0,40.0,491.87,2026-01-23,,false
SKU-00169,Dock Leveler Seal,MEDICAL,SUP-088,LOC-009,WH-I-BIN-49,48.0,15.0,734.05,2026-05-30,,false
SKU-00170,LED Warehouse Light,RAW_MATERIALS,SUP-108,LOC-001,WH-A-BIN-50,489.0,10.0,493.46,2026-06-21,,false
SKU-00171,Nitrile Gloves Box,CHEMICALS,SUP-193,LOC-002,WH-B-BIN-51,455.0,0.0,201.55,2026-05-25,2027-07-01,false
SKU-00172,Pallet Jack Wheel,ELECTRONICS,SUP-107,LOC-005,WH-E-BIN-52,277.0,0.0,285.96,2026-01-13,2027-04-07,false
SKU-00173,Barcode Scanner,FOOD_DRY,SUP-044,LOC-013,WH-M-BIN-53,420.0,40.0,763.77,2026-06-18,,false
SKU-00174,Fire Extinguisher 4kg,FOOD_COLD,SUP-050,LOC-017,WH-Q-BIN-54,158.0,40.0,597.11,2026-06-23,,false
SKU-00175,,PACKAGING,SUP-146,LOC-012,WH-L-BIN-55,91.0,15.0,757.85,2026-03-27,,false
SKU-00176,,MACHINERY_PARTS,SUP-034,LOC-016,WH-P-BIN-56,87.0,0.0,128.00,2026-06-18,,false
SKU-00177,Cable Tie Assorted,PPE,SUP-166,LOC-002,WH-B-BIN-57,257.0,40.0,395.69,2026-05-24,,false
SKU-00178,,CLEANING,SUP-049,Warehouse I,WH-I-BIN-58,257.0,30.0,237.60,2026-05-09,,false
SKU-00179,Wooden Pallet Std,MEDICAL,SUP-085,LOC-002,WH-B-BIN-59,282.0,40.0,730.99,2026-02-13,2026-10-09,false
SKU-00180,Steel Shelving Unit,RAW_MATERIALS,SUP-005,LOC-013,WH-M-BIN-60,1.0,15.0,211.19,2026-03-10,,false
SKU-00181,Hand Truck,CHEMICALS,SUP-077,LOC-012,WH-L-BIN-61,154.0,25.0,486.38,2026-03-30,,true
SKU-00182,,ELECTRONICS,SUP-006,LOC-019,WH-S-BIN-62,17.0,20.0,265.72,2026-03-17,,false
SKU-00183,Epoxy Resin 1L,FOOD_DRY,SUP-053,LOC-009,WH-I-BIN-63,68.0,10.0,346.27,2026-05-22,,false
SKU-00184,Chain Block 1T,FOOD_COLD,SUP-132,LOC-008,WH-H-BIN-64,271.0,30.0,704.30,2026-03-29,,false
SKU-00185,,PACKAGING,SUP-179,LOC-014,WH-N-BIN-65,339.0,30.0,527.88,2026-06-12,2026-05-07,false
SKU-00186,Anti-Slip Tape Roll,MACHINERY_PARTS,SUP-166,LOC-014,WH-N-BIN-66,473.0,0,793.85,2026-05-07,2026-09-09,false
SKU-00187,Welding Rod 3.2mm,PPE,SUP-098,LOC-018,WH-R-BIN-67,492.0,10.0,603.08,2026-06-05,,false
SKU-00188,Compressed Air Hose,CLEANING,SUP-158,LOC-019,WH-S-BIN-68,129.0,10.0,584.76,2026-02-12,2027-07-30,false
SKU-00189,First Aid Refill,MEDICAL,SUP-196,LOC-019,WH-S-BIN-69,393.0,0,233.30,2026-06-07,,false
SKU-00190,Racking Beam 2.4m,RAW_MATERIALS,SUP-183,LOC-019,WH-S-BIN-70,82.0,0.0,765.71,2026-04-27,,false
SKU-00191,Stretch Hood Film,CHEMICALS,SUP-113,LOC-010,WH-J-BIN-71,307.0,15.0,380.44,2026-01-13,2027-02-20,true
SKU-00192,Load Cell 500kg,ELECTRONICS,SUP-085,LOC-019,WH-S-BIN-72,26.0,40.0,206.17,2026-02-15,,false
SKU-00193,Dock Bumpers Pair,FOOD_DRY,SUP-104,LOC-017,WH-Q-BIN-73,340.0,0.0,266.72,2025-12-31,,false
SKU-00194,,FOOD_COLD,SUP-152,LOC-005,WH-E-BIN-74,208.0,0,150.09,2026-05-16,,false
SKU-00195,Battery Charger 24V,PACKAGING,SUP-043,LOC-017,WH-Q-BIN-75,294.0,40.0,125.10,2026-03-22,2026-11-14,false
SKU-00196,,MACHINERY_PARTS,SUP-011,LOC-007,WH-G-BIN-76,479.0,0,239.82,2026-03-09,,false
SKU-00197,Humidity Sensor Probe,PPE,SUP-105,LOC-016,WH-P-BIN-77,273.0,40.0,260.51,2026-02-04,,false
SKU-00198,Pallet Strap Tool,CLEANING,SUP-123,LOC-008,WH-H-BIN-78,395.0,20.0,269.11,2026-06-05,,false
SKU-00199,Coolant Concentrate,MEDICAL,SUP-092,LOC-008,WH-H-BIN-79,31.0,40.0,630.26,2026-04-02,,false
SKU-00200,,RAW_MATERIALS,SUP-161,LOC-020,WH-T-BIN-80,492.0,15.0,567.41,2026-04-16,,false
SKU-00201,Steel Bolt M8,CHEMICALS,SUP-176,LOC-003,WH-C-BIN-01,381.0,10.0,710.08,2026-05-16,,false
SKU-00202,,ELECTRONICS,SUP-195,LOC-011,WH-K-BIN-02,449.0,10.0,395.43,2026-04-21,,false
SKU-00203,Industrial Solvent 5L,FOOD_DRY,SUP-058,Warehouse K,WH-K-BIN-03,333.0,0,623.36,2026-03-06,2027-01-25,false
SKU-00204,Forklift Battery 24V,FOOD_COLD,SUP-029,LOC-010,WH-J-BIN-04,226.0,30.0,8.33,2026-06-13,2027-07-30,false
SKU-00205,Safety Gloves L,PACKAGING,SUP-053,LOC-019,WH-S-BIN-05,397.0,20.0,318.01,2026-05-07,,false
SKU-00206,Conveyor Belt Patch,MACHINERY_PARTS,SUP-022,LOC-002,WH-B-BIN-06,397.0,0.0,139.70,2026-04-15,,false
SKU-00207,Shrink Wrap Film Roll,PPE,SUP-033,Warehouse E,WH-E-BIN-07,163.0,30.0,480.96,2026-02-23,2027-06-30,false
SKU-00210,LED Warehouse Light,RAW_MATERIALS,SUP-161,LOC-019,WH-S-BIN-10,412.0,30.0,643.96,2026-02-16,2026-09-06,false
SKU-00211,Nitrile Gloves Box,CHEMICALS,SUP-071,LOC-002,WH-B-BIN-11,426.0,10.0,59.45,2026-04-01,,false
SKU-00212,Pallet Jack Wheel,ELECTRONICS,SUP-192,LOC-015,WH-O-BIN-12,211.0,15.0,598.00,2026-05-30,,false
SKU-00213,Barcode Scanner,FOOD_DRY,SUP-084,LOC-012,WH-L-BIN-13,159.0,20.0,469.44,2026-03-17,2026-05-25,false
SKU-00214,Fire Extinguisher 4kg,FOOD_COLD,SUP-158,LOC-002,WH-B-BIN-14,268.0,0,323.51,2025-12-28,,false
SKU-00215,PVC Pipe 50mm,PACKAGING,SUP-127,LOC-005,WH-E-BIN-15,44.0,15.0,558.02,2026-04-10,,false
SKU-00216,Rubber Gasket Set,MACHINERY_PARTS,SUP-147,LOC-020,WH-T-BIN-16,74.0,0,785.21,2026-03-13,,false
SKU-00217,Cable Tie Assorted,PPE,SUP-190,LOC-015,WH-O-BIN-17,493.0,40.0,35.97,2026-06-04,,false
SKU-00218,Dust Mask N95 Pack,CLEANING,SUP-083,LOC-012,WH-L-BIN-18,473.0,40.0,446.55,2026-06-20,,false
SKU-00219,Wooden Pallet Std,MEDICAL,SUP-117,LOC-016,WH-P-BIN-19,467.0,20.0,310.25,2026-03-11,,false
SKU-00220,Steel Shelving Unit,RAW_MATERIALS,SUP-056,LOC-009,WH-I-BIN-20,209.0,30.0,599.21,2026-06-25,,false
SKU-00221,Hand Truck,CHEMICALS,SUP-144,LOC-015,WH-O-BIN-21,417.0,30.0,67.58,2026-02-01,,false
SKU-00222,Spill Kit 20L,ELECTRONICS,SUP-156,LOC-004,WH-D-BIN-22,53.0,0,542.71,2026-04-16,2027-05-15,false
SKU-00223,Epoxy Resin 1L,FOOD_DRY,SUP-025,LOC-010,WH-J-BIN-23,177.0,0.0,344.70,2026-04-16,2026-09-15,false
SKU-00224,Chain Block 1T,FOOD_COLD,SUP-139,Warehouse T,WH-T-BIN-24,286.0,15.0,515.99,2026-01-07,,false
SKU-00225,Temperature Logger,PACKAGING,SUP-122,LOC-019,WH-S-BIN-25,245.0,20.0,466.71,2026-06-16,,false
SKU-00226,Anti-Slip Tape Roll,MACHINERY_PARTS,SUP-005,LOC-016,WH-P-BIN-26,186.0,20.0,567.27,2026-01-13,,false
SKU-00227,Welding Rod 3.2mm,PPE,SUP-057,LOC-010,WH-J-BIN-27,241.0,0.0,640.96,2026-05-12,2027-02-21,false
SKU-00228,,CLEANING,SUP-186,LOC-005,WH-E-BIN-28,444.0,10.0,44.91,2026-03-14,,false
SKU-00229,First Aid Refill,MEDICAL,SUP-077,LOC-008,WH-H-BIN-29,77.0,0.0,101.74,2026-06-12,,false
SKU-00230,,RAW_MATERIALS,SUP-029,LOC-002,WH-B-BIN-30,190.0,10.0,613.67,2026-01-19,,false
SKU-00232,Load Cell 500kg,ELECTRONICS,SUP-169,LOC-003,WH-C-BIN-32,375.0,20.0,293.50,2026-02-17,,false
SKU-00233,Dock Bumpers Pair,FOOD_DRY,SUP-103,LOC-011,WH-K-BIN-33,73.0,20.0,507.84,2026-04-07,,false
SKU-00234,Floor Marking Paint,FOOD_COLD,SUP-101,LOC-004,WH-D-BIN-34,188.0,0,252.63,2026-04-26,2027-07-01,false
SKU-00235,,PACKAGING,SUP-138,LOC-005,WH-E-BIN-35,210.0,20.0,539.97,2026-01-27,2026-03-18,false
SKU-00236,Mesh Security Cage,MACHINERY_PARTS,SUP-125,LOC-012,WH-L-BIN-36,326.0,40.0,79.98,2026-03-13,,false
SKU-00237,Humidity Sensor Probe,PPE,SUP-012,Warehouse M,WH-M-BIN-37,423.0,15.0,503.20,2026-05-26,,false
SKU-00238,Pallet Strap Tool,CLEANING,SUP-106,LOC-007,WH-G-BIN-38,142.0,15.0,511.19,2026-03-04,,false
SKU-00239,Coolant Concentrate,MEDICAL,SUP-077,LOC-001,WH-A-BIN-39,258.0,10.0,356.78,2026-06-01,,false
SKU-00240,Wheel Chock Rubber,RAW_MATERIALS,SUP-187,LOC-009,WH-I-BIN-40,362.0,25.0,555.44,2026-04-12,,false
SKU-00241,Steel Bolt M8,CHEMICALS,SUP-143,LOC-004,WH-D-BIN-41,385.0,0,174.97,2026-04-14,2027-07-25,true
SKU-00242,Hydraulic Hose 2in,ELECTRONICS,SUP-010,LOC-013,WH-M-BIN-42,7.0,10.0,493.39,2026-06-18,2027-01-20,false
SKU-00243,Industrial Solvent 5L,FOOD_DRY,SUP-195,LOC-002,WH-B-BIN-43,244.0,10.0,632.88,2026-04-17,,false
SKU-00244,Forklift Battery 24V,FOOD_COLD,SUP-009,LOC-019,WH-S-BIN-44,298.0,25.0,251.46,2026-01-02,,false
SKU-00245,,PACKAGING,SUP-102,LOC-004,WH-D-BIN-45,24.0,40.0,532.34,2026-01-27,,false
SKU-00246,Conveyor Belt Patch,MACHINERY_PARTS,SUP-114,LOC-014,WH-N-BIN-46,366.0,0,390.47,2026-04-25,,false
SKU-00247,Shrink Wrap Film Roll,PPE,SUP-173,LOC-012,WH-L-BIN-47,202.0,0,364.65,2026-05-22,2026-08-24,false
SKU-00249,,MEDICAL,SUP-070,LOC-007,WH-G-BIN-49,63.0,0.0,86.96,2026-05-07,,false
SKU-00250,LED Warehouse Light,RAW_MATERIALS,SUP-002,LOC-020,WH-T-BIN-50,8.0,10.0,395.01,2026-04-07,,false
SKU-00251,Nitrile Gloves Box,CHEMICALS,SUP-059,LOC-020,WH-T-BIN-51,227.0,25.0,570.39,2026-01-31,,false
SKU-00252,Pallet Jack Wheel,ELECTRONICS,SUP-178,LOC-003,WH-C-BIN-52,286.0,0,778.77,2026-01-06,,false
SKU-00253,Barcode Scanner,FOOD_DRY,SUP-171,LOC-001,WH-A-BIN-53,488.0,0,350.69,2026-03-24,,false
SKU-00254,Fire Extinguisher 4kg,FOOD_COLD,SUP-040,Warehouse R,WH-R-BIN-54,6.0,25.0,758.97,2026-01-05,,false
SKU-00255,PVC Pipe 50mm,PACKAGING,SUP-061,LOC-014,WH-N-BIN-55,261.0,40.0,640.34,2026-05-20,,false
SKU-00256,Rubber Gasket Set,MACHINERY_PARTS,SUP-196,LOC-017,WH-Q-BIN-56,219.0,30.0,538.43,2026-05-06,2026-09-28,false
SKU-00257,Cable Tie Assorted,PPE,SUP-020,LOC-006,WH-F-BIN-57,340.0,20.0,67.92,2026-05-29,2027-02-04,false
SKU-00258,Dust Mask N95 Pack,CLEANING,SUP-126,LOC-019,WH-S-BIN-58,348.0,0,648.39,2026-04-08,2027-01-12,false
SKU-00259,Wooden Pallet Std,MEDICAL,SUP-195,LOC-013,WH-M-BIN-59,183.0,0,303.28,2026-03-22,,false
SKU-00260,Steel Shelving Unit,RAW_MATERIALS,SUP-047,LOC-007,WH-G-BIN-60,371.0,20.0,89.28,2026-06-01,,false
SKU-00261,Hand Truck,CHEMICALS,SUP-171,LOC-018,WH-R-BIN-61,411.0,0.0,151.69,2026-06-21,2027-03-13,false
SKU-00262,Spill Kit 20L,ELECTRONICS,SUP-015,LOC-005,WH-E-BIN-62,302.0,15.0,174.68,2026-03-08,2027-05-25,false
SKU-00263,Epoxy Resin 1L,FOOD_DRY,SUP-078,LOC-017,WH-Q-BIN-63,71.0,0.0,751.40,2026-04-20,,false
SKU-00265,Temperature Logger,PACKAGING,SUP-043,LOC-005,WH-E-BIN-65,58.0,10.0,215.04,2026-06-10,2027-01-07,false
SKU-00266,Anti-Slip Tape Roll,MACHINERY_PARTS,SUP-029,LOC-004,WH-D-BIN-66,4.0,15.0,407.51,2026-03-16,2026-07-26,false
SKU-00267,Welding Rod 3.2mm,PPE,SUP-120,LOC-010,WH-J-BIN-67,43.0,25.0,529.80,2026-02-22,2026-05-03,false
SKU-00268,,CLEANING,SUP-028,LOC-014,WH-N-BIN-68,141.0,30.0,299.79,2026-02-22,,false
SKU-00270,Racking Beam 2.4m,RAW_MATERIALS,SUP-177,LOC-016,WH-P-BIN-70,53.0,0.0,35.35,2026-02-06,2026-10-09,false
SKU-00271,Stretch Hood Film,CHEMICALS,SUP-133,LOC-017,WH-Q-BIN-71,10.0,25.0,460.29,2026-06-14,,true
SKU-00273,Dock Bumpers Pair,FOOD_DRY,SUP-168,LOC-010,WH-J-BIN-73,427.0,20.0,89.13,2026-01-20,,false
SKU-00274,,FOOD_COLD,SUP-103,LOC-003,WH-C-BIN-74,185.0,0,18.31,2026-04-22,2027-07-10,false
SKU-00276,Mesh Security Cage,MACHINERY_PARTS,SUP-185,LOC-019,WH-S-BIN-76,404.0,40.0,106.29,2026-01-07,2026-05-18,false
SKU-00277,Humidity Sensor Probe,PPE,SUP-181,Warehouse D,WH-D-BIN-77,250.0,0,447.81,2026-05-31,2027-02-02,false
SKU-00278,Pallet Strap Tool,CLEANING,SUP-102,LOC-007,WH-G-BIN-78,92.0,30.0,141.77,2026-04-01,2026-12-14,false
SKU-00279,Coolant Concentrate,MEDICAL,SUP-018,LOC-008,WH-H-BIN-79,147.0,30.0,762.18,2026-03-15,2027-01-16,false
SKU-00280,Wheel Chock Rubber,RAW_MATERIALS,SUP-036,LOC-001,WH-A-BIN-80,77.0,15.0,294.74,2026-04-16,,false
SKU-00281,Steel Bolt M8,CHEMICALS,SUP-003,LOC-017,WH-Q-BIN-01,462.0,15.0,437.10,2026-02-17,2027-01-30,false
SKU-00282,Hydraulic Hose 2in,ELECTRONICS,SUP-175,Warehouse G,WH-G-BIN-02,338.0,0,360.01,2026-04-03,2026-05-10,false
SKU-00283,Industrial Solvent 5L,FOOD_DRY,SUP-123,LOC-003,WH-C-BIN-03,193.0,20.0,565.40,2026-05-25,2027-07-14,false
SKU-00284,Forklift Battery 24V,FOOD_COLD,SUP-042,LOC-001,WH-A-BIN-04,61.0,0,153.14,2026-01-30,,false
SKU-00286,Conveyor Belt Patch,MACHINERY_PARTS,SUP-163,LOC-017,WH-Q-BIN-06,381.0,30.0,272.42,2026-01-22,,false
SKU-00287,,PPE,SUP-026,LOC-015,WH-O-BIN-07,495.0,25.0,155.41,2026-03-29,,false
SKU-00288,Label Printer Ribbon,CLEANING,SUP-129,LOC-014,WH-N-BIN-08,19.0,25.0,306.83,2026-04-02,2027-07-18,false
SKU-00289,Dock Leveler Seal,MEDICAL,SUP-101,LOC-003,WH-C-BIN-09,296.0,20.0,473.30,2026-05-03,,false
SKU-00290,LED Warehouse Light,RAW_MATERIALS,SUP-115,LOC-008,WH-H-BIN-10,306.0,0,666.52,2026-02-28,,false
SKU-00291,,CHEMICALS,SUP-171,LOC-015,WH-O-BIN-11,13.0,25.0,753.51,2026-01-09,,false
SKU-00292,Pallet Jack Wheel,ELECTRONICS,SUP-184,LOC-019,WH-S-BIN-12,366.0,25.0,511.96,2026-02-25,,false
SKU-00293,,FOOD_DRY,SUP-012,LOC-008,WH-H-BIN-13,10.0,15.0,578.60,2026-03-02,,false
SKU-00294,Fire Extinguisher 4kg,FOOD_COLD,SUP-194,LOC-011,WH-K-BIN-14,478.0,25.0,624.03,2026-04-09,,false
SKU-00295,PVC Pipe 50mm,PACKAGING,SUP-072,LOC-018,WH-R-BIN-15,10.0,30.0,580.84,2026-05-01,,false
SKU-00296,Rubber Gasket Set,MACHINERY_PARTS,SUP-139,LOC-004,WH-D-BIN-16,196.0,10.0,131.43,2026-06-12,,false
SKU-00297,Cable Tie Assorted,PPE,SUP-153,whse o,WH-O-BIN-17,454.0,0,575.06,2026-04-10,,false
SKU-00298,Dust Mask N95 Pack,CLEANING,SUP-106,LOC-016,WH-P-BIN-18,1.0,25.0,314.98,2026-03-02,,false
SKU-00299,Wooden Pallet Std,MEDICAL,SUP-075,LOC-012,WH-L-BIN-19,400.0,40.0,632.62,2026-05-18,2027-05-11,false
SKU-00300,,RAW_MATERIALS,SUP-100,LOC-006,WH-F-BIN-20,315.0,40.0,791.21,2026-06-19,,false
SKU-00301,Hand Truck,CHEMICALS,SUP-149,LOC-007,WH-G-BIN-21,331.0,10.0,686.90,2026-03-11,,true
SKU-00302,Spill Kit 20L,ELECTRONICS,SUP-098,LOC-014,WH-N-BIN-22,322.0,40.0,520.66,2026-03-13,,false
SKU-00303,Epoxy Resin 1L,FOOD_DRY,SUP-056,Warehouse C,WH-C-BIN-23,87.0,30.0,500.59,2026-03-04,,false
SKU-00304,Chain Block 1T,FOOD_COLD,SUP-117,LOC-015,WH-O-BIN-24,325.0,25.0,165.69,2026-02-01,2026-04-03,false
SKU-00305,Temperature Logger,PACKAGING,SUP-037,Warehouse N,WH-N-BIN-25,134.0,25.0,646.70,2026-03-04,,false
SKU-00306,,MACHINERY_PARTS,SUP-172,LOC-003,WH-C-BIN-26,8.0,17.0,478.46,2026-05-12,2027-05-05,false
SKU-00307,Welding Rod 3.2mm,PPE,SUP-170,LOC-006,WH-F-BIN-27,36.0,0.0,136.00,2026-05-05,,false
SKU-00308,Compressed Air Hose,CLEANING,SUP-060,LOC-006,WH-F-BIN-28,370.0,15.0,174.11,2026-01-26,,false
SKU-00309,First Aid Refill,MEDICAL,SUP-065,LOC-008,WH-H-BIN-29,13.0,20.0,667.95,2026-03-21,,false
SKU-00310,Racking Beam 2.4m,RAW_MATERIALS,SUP-067,LOC-019,WH-S-BIN-30,136.0,40.0,276.34,2026-05-23,2026-04-08,false
SKU-00311,,CHEMICALS,SUP-088,LOC-007,WH-G-BIN-31,295.0,25.0,74.09,2026-02-16,2026-12-29,true
SKU-00312,Load Cell 500kg,ELECTRONICS,SUP-184,LOC-016,WH-P-BIN-32,7.0,18.0,445.44,2026-04-13,,false
SKU-00313,Dock Bumpers Pair,FOOD_DRY,SUP-123,LOC-018,WH-R-BIN-33,194.0,0.0,603.25,2026-02-12,,false
SKU-00314,,FOOD_COLD,SUP-066,LOC-001,WH-A-BIN-34,205.0,15.0,7.16,2026-04-23,,false
SKU-00315,Battery Charger 24V,PACKAGING,SUP-106,LOC-015,WH-O-BIN-35,174.0,0.0,384.78,2026-03-09,,false
SKU-00316,Mesh Security Cage,MACHINERY_PARTS,SUP-136,LOC-018,WH-R-BIN-36,248.0,40.0,35.55,2026-01-25,2026-06-02,false
SKU-00317,Humidity Sensor Probe,PPE,SUP-044,LOC-005,WH-E-BIN-37,147.0,10.0,497.90,2026-04-03,2026-09-11,false
SKU-00318,Pallet Strap Tool,CLEANING,SUP-103,LOC-018,WH-R-BIN-38,492.0,25.0,107.11,2026-02-25,,false
SKU-00319,Coolant Concentrate,MEDICAL,SUP-135,LOC-019,WH-S-BIN-39,8.0,16.0,202.78,2026-05-16,,false
SKU-00320,Wheel Chock Rubber,RAW_MATERIALS,SUP-146,LOC-010,WH-J-BIN-40,428.0,20.0,462.80,2026-04-07,2027-07-02,false
SKU-00321,,CHEMICALS,SUP-030,LOC-010,WH-J-BIN-41,24.0,25.0,406.23,2026-02-25,,true
SKU-00322,,ELECTRONICS,SUP-021,LOC-011,WH-K-BIN-42,32.0,40.0,121.75,2026-06-20,,false
SKU-00323,,FOOD_DRY,SUP-175,LOC-005,WH-E-BIN-43,394.0,15.0,289.96,2026-03-24,2027-04-02,false
SKU-00324,Forklift Battery 24V,FOOD_COLD,SUP-018,LOC-009,WH-I-BIN-44,161.0,25.0,557.55,2026-06-11,,false
SKU-00325,Safety Gloves L,PACKAGING,SUP-104,Warehouse I,WH-I-BIN-45,87.0,25.0,624.38,2026-03-26,,false
SKU-00326,Conveyor Belt Patch,MACHINERY_PARTS,SUP-104,LOC-006,WH-F-BIN-46,368.0,40.0,185.39,2026-03-16,2026-08-21,false
SKU-00327,Shrink Wrap Film Roll,PPE,SUP-124,LOC-002,WH-B-BIN-47,485.0,30.0,751.20,2026-05-08,,false
SKU-00328,Label Printer Ribbon,CLEANING,SUP-004,LOC-007,WH-G-BIN-48,210.0,30.0,551.66,2026-05-01,,false
SKU-00330,LED Warehouse Light,RAW_MATERIALS,SUP-110,LOC-001,WH-A-BIN-50,427.0,0,124.52,2026-05-22,,false
SKU-00331,,CHEMICALS,SUP-125,LOC-013,WH-M-BIN-51,157.0,10.0,81.58,2026-01-14,,false
SKU-00333,Barcode Scanner,FOOD_DRY,SUP-185,Warehouse B,WH-B-BIN-53,309.0,0,387.74,2026-05-23,,false
SKU-00334,Fire Extinguisher 4kg,FOOD_COLD,SUP-159,LOC-001,WH-A-BIN-54,199.0,15.0,450.76,2026-02-05,2026-03-09,false
SKU-00335,PVC Pipe 50mm,PACKAGING,SUP-033,Warehouse L,WH-L-BIN-55,136.0,15.0,4.99,2026-04-18,,false
SKU-00336,Rubber Gasket Set,MACHINERY_PARTS,SUP-166,LOC-019,WH-S-BIN-56,121.0,0.0,475.53,2026-05-30,,false
SKU-00337,Cable Tie Assorted,PPE,SUP-138,LOC-011,WH-K-BIN-57,485.0,40.0,674.17,2026-01-22,2027-03-02,false
SKU-00338,Dust Mask N95 Pack,CLEANING,SUP-022,LOC-015,WH-O-BIN-58,1.0,20.0,664.73,2026-02-28,,false
SKU-00339,Wooden Pallet Std,MEDICAL,SUP-179,LOC-010,WH-J-BIN-59,76.0,0.0,240.62,2026-02-26,,false
SKU-00340,,RAW_MATERIALS,SUP-150,LOC-008,WH-H-BIN-60,101.0,25.0,191.71,2026-06-08,2027-05-01,false
SKU-00341,Hand Truck,CHEMICALS,SUP-077,LOC-006,WH-F-BIN-61,314.0,40.0,582.64,2026-04-26,,false
SKU-00342,Spill Kit 20L,ELECTRONICS,SUP-182,LOC-014,WH-N-BIN-62,256.0,0.0,154.63,2026-04-08,,false
SKU-00343,Epoxy Resin 1L,FOOD_DRY,SUP-162,LOC-007,WH-G-BIN-63,460.0,20.0,133.50,2026-03-21,,false
SKU-00344,Chain Block 1T,FOOD_COLD,SUP-122,Warehouse L,WH-L-BIN-64,192.0,10.0,179.79,2026-02-13,,false
SKU-00345,,PACKAGING,SUP-041,LOC-002,WH-B-BIN-65,488.0,30.0,518.52,2026-01-12,2027-04-25,false
SKU-00346,,MACHINERY_PARTS,SUP-033,LOC-010,WH-J-BIN-66,261.0,20.0,577.35,2026-01-31,2026-08-10,false
SKU-00347,Welding Rod 3.2mm,PPE,SUP-003,LOC-010,WH-J-BIN-67,53.0,30.0,103.70,2026-05-14,2027-02-23,false
SKU-00348,Compressed Air Hose,CLEANING,SUP-098,LOC-013,WH-M-BIN-68,418.0,40.0,475.93,2026-06-17,2026-12-06,false
SKU-00349,First Aid Refill,MEDICAL,SUP-106,LOC-008,WH-H-BIN-69,326.0,0,738.52,2026-01-15,2026-12-10,false
SKU-00350,Racking Beam 2.4m,RAW_MATERIALS,SUP-026,LOC-002,WH-B-BIN-70,16.0,40.0,602.21,2026-05-09,,false
SKU-00351,Stretch Hood Film,CHEMICALS,SUP-102,LOC-006,WH-F-BIN-71,16.0,0,458.12,2026-06-22,,false
SKU-00352,Load Cell 500kg,ELECTRONICS,SUP-134,LOC-003,WH-C-BIN-72,84.0,20.0,489.43,2026-04-17,2027-01-10,false
SKU-00353,Dock Bumpers Pair,FOOD_DRY,SUP-079,LOC-015,WH-O-BIN-73,100.0,15.0,770.34,2026-01-11,,false
SKU-00354,Floor Marking Paint,FOOD_COLD,SUP-158,LOC-011,WH-K-BIN-74,370.0,25.0,638.21,2026-06-04,,false
SKU-00355,Battery Charger 24V,PACKAGING,SUP-064,LOC-012,WH-L-BIN-75,3.0,0,593.92,2026-02-26,,false
SKU-00356,Mesh Security Cage,MACHINERY_PARTS,SUP-104,LOC-008,WH-H-BIN-76,7.0,20.0,460.57,2026-01-14,,false
SKU-00357,Humidity Sensor Probe,PPE,SUP-111,LOC-002,WH-B-BIN-77,451.0,20.0,516.65,2026-04-09,2026-03-10,false
SKU-00358,Pallet Strap Tool,CLEANING,SUP-116,LOC-005,WH-E-BIN-78,270.0,30.0,209.33,2026-06-12,,false
SKU-00359,Coolant Concentrate,MEDICAL,SUP-046,LOC-010,WH-J-BIN-79,32.0,40.0,600.44,2026-03-07,,false
SKU-00360,Wheel Chock Rubber,RAW_MATERIALS,SUP-094,LOC-015,WH-O-BIN-80,461.0,0,246.01,2026-04-27,,false
SKU-00361,Steel Bolt M8,CHEMICALS,SUP-103,Warehouse S,WH-S-BIN-01,29.0,30.0,538.15,2026-05-10,,false
SKU-00362,Hydraulic Hose 2in,ELECTRONICS,SUP-045,LOC-012,WH-L-BIN-02,260.0,0,200.00,2026-02-15,,false
SKU-00363,Industrial Solvent 5L,FOOD_DRY,SUP-057,LOC-004,WH-D-BIN-03,30.0,15.0,504.00,2026-01-03,,false
SKU-00364,Forklift Battery 24V,FOOD_COLD,SUP-013,LOC-007,WH-G-BIN-04,137.0,15.0,607.01,2026-04-22,2026-12-23,false
SKU-00365,,PACKAGING,SUP-163,LOC-001,WH-A-BIN-05,295.0,30.0,185.66,2026-06-14,2026-11-26,false
SKU-00366,Conveyor Belt Patch,MACHINERY_PARTS,SUP-019,LOC-011,WH-K-BIN-06,5.0,25.0,391.00,2026-06-03,,false
SKU-00367,Shrink Wrap Film Roll,PPE,SUP-092,LOC-012,WH-L-BIN-07,293.0,20.0,764.91,2026-04-18,2026-04-11,false
SKU-00368,Label Printer Ribbon,CLEANING,SUP-070,LOC-002,WH-B-BIN-08,97.0,15.0,757.15,2026-03-17,,false
SKU-00369,,MEDICAL,SUP-019,LOC-010,WH-J-BIN-09,323.0,10.0,71.91,2026-04-04,,false
SKU-00370,LED Warehouse Light,RAW_MATERIALS,SUP-131,LOC-008,WH-H-BIN-10,8.0,26.0,675.90,2026-03-29,2026-06-14,false
SKU-00371,Nitrile Gloves Box,CHEMICALS,SUP-090,LOC-001,WH-A-BIN-11,400.0,0,745.42,2026-06-08,,false
SKU-00372,Pallet Jack Wheel,ELECTRONICS,SUP-029,LOC-016,WH-P-BIN-12,374.0,20.0,759.62,2026-03-17,,false
SKU-00373,Barcode Scanner,FOOD_DRY,SUP-060,LOC-014,WH-N-BIN-13,283.0,15.0,198.33,2026-03-07,,false
SKU-00374,Fire Extinguisher 4kg,FOOD_COLD,SUP-191,LOC-004,WH-D-BIN-14,88.0,25.0,698.34,2026-01-08,2026-04-01,false
SKU-00375,PVC Pipe 50mm,PACKAGING,SUP-184,Warehouse L,WH-L-BIN-15,141.0,25.0,2.62,2026-03-06,2026-03-18,false
SKU-00376,Rubber Gasket Set,MACHINERY_PARTS,SUP-081,Warehouse C,WH-C-BIN-16,6.0,10.0,401.78,2026-03-26,,false
SKU-00377,Cable Tie Assorted,PPE,SUP-153,Warehouse N,WH-N-BIN-17,255.0,25.0,554.80,2026-03-09,,false
SKU-00378,Dust Mask N95 Pack,CLEANING,SUP-130,LOC-001,WH-A-BIN-18,401.0,10.0,612.70,2026-03-11,2026-12-18,false
SKU-00379,Wooden Pallet Std,MEDICAL,SUP-013,LOC-004,WH-D-BIN-19,130.0,40.0,401.67,2026-05-31,,false
SKU-00380,Steel Shelving Unit,RAW_MATERIALS,SUP-153,LOC-018,WH-R-BIN-20,39.0,15.0,93.43,2026-04-24,,false
SKU-00381,Hand Truck,CHEMICALS,SUP-134,LOC-018,WH-R-BIN-21,228.0,10.0,283.15,2026-02-10,,false
SKU-00382,Spill Kit 20L,ELECTRONICS,SUP-108,LOC-012,WH-L-BIN-22,43.0,30.0,306.68,2026-03-15,,false
SKU-00383,,FOOD_DRY,SUP-138,LOC-018,WH-R-BIN-23,102.0,0.0,759.50,2026-02-21,2027-03-28,false
SKU-00384,Chain Block 1T,FOOD_COLD,SUP-001,LOC-006,WH-F-BIN-24,346.0,40.0,692.11,2026-03-03,,false
SKU-00385,Temperature Logger,PACKAGING,SUP-162,LOC-005,WH-E-BIN-25,254.0,15.0,180.17,2026-06-18,2027-04-16,false
SKU-00386,Anti-Slip Tape Roll,MACHINERY_PARTS,SUP-057,LOC-018,WH-R-BIN-26,413.0,10.0,608.67,2026-01-27,,false
SKU-00387,Welding Rod 3.2mm,PPE,SUP-096,Warehouse S,WH-S-BIN-27,348.0,10.0,165.13,2026-02-27,,false
SKU-00388,,CLEANING,SUP-067,Warehouse C,WH-C-BIN-28,266.0,25.0,304.38,2026-02-14,2026-05-01,false
SKU-00389,First Aid Refill,MEDICAL,SUP-116,LOC-014,WH-N-BIN-29,55.0,20.0,82.58,2026-03-09,,false
SKU-00390,Racking Beam 2.4m,RAW_MATERIALS,SUP-091,LOC-010,WH-J-BIN-30,43.0,25.0,322.93,2026-04-09,,false
SKU-00391,,CHEMICALS,SUP-193,LOC-008,WH-H-BIN-31,8.0,10.0,14.97,2026-06-17,,true
SKU-00392,Load Cell 500kg,ELECTRONICS,SUP-089,LOC-017,WH-Q-BIN-32,189.0,25.0,563.40,2026-02-22,,false
SKU-00393,Dock Bumpers Pair,FOOD_DRY,SUP-005,Warehouse H,WH-H-BIN-33,32.0,40.0,474.34,2026-05-15,,false
SKU-00394,Floor Marking Paint,FOOD_COLD,SUP-028,LOC-014,WH-N-BIN-34,164.0,20.0,116.57,2026-01-06,2026-09-16,false
SKU-00395,Battery Charger 24V,PACKAGING,SUP-036,LOC-002,WH-B-BIN-35,438.0,20.0,797.44,2026-04-11,,false
SKU-00396,Mesh Security Cage,MACHINERY_PARTS,SUP-009,LOC-019,WH-S-BIN-36,401.0,30.0,441.35,2026-05-03,,false
SKU-00397,Humidity Sensor Probe,PPE,SUP-127,LOC-019,WH-S-BIN-37,343.0,25.0,249.27,2026-06-01,,false
SKU-00398,Pallet Strap Tool,CLEANING,SUP-055,LOC-013,WH-M-BIN-38,123.0,10.0,618.41,2026-06-10,2026-11-15,false
SKU-00399,Coolant Concentrate,MEDICAL,SUP-008,LOC-001,WH-A-BIN-39,60.0,30.0,749.60,2026-06-21,,false
SKU-00400,Wheel Chock Rubber,RAW_MATERIALS,SUP-178,LOC-016,WH-P-BIN-40,37.0,40.0,252.65,2026-04-17,,false
SKU-00401,Steel Bolt M8,CHEMICALS,SUP-194,LOC-014,WH-N-BIN-41,98.0,0,418.45,2026-03-21,2026-09-15,true
SKU-00402,Hydraulic Hose 2in,ELECTRONICS,SUP-040,LOC-011,WH-K-BIN-42,418.0,25.0,201.35,2026-05-23,2026-09-29,false
SKU-00403,Industrial Solvent 5L,FOOD_DRY,SUP-074,LOC-008,WH-H-BIN-43,210.0,10.0,780.52,2026-05-30,,false
SKU-00404,Forklift Battery 24V,FOOD_COLD,SUP-093,LOC-006,WH-F-BIN-44,357.0,10.0,83.63,2026-02-13,2026-12-07,false
SKU-00405,Safety Gloves L,PACKAGING,SUP-198,LOC-006,WH-F-BIN-45,279.0,0.0,331.43,2026-03-07,2026-06-17,false
SKU-00406,Conveyor Belt Patch,MACHINERY_PARTS,SUP-182,LOC-002,WH-B-BIN-46,6.0,30.0,443.55,2026-04-16,2027-04-21,false
SKU-00407,Shrink Wrap Film Roll,PPE,SUP-163,LOC-016,WH-P-BIN-47,37.0,30.0,262.46,2026-02-24,2026-09-06,false
SKU-00408,Label Printer Ribbon,CLEANING,SUP-157,LOC-013,WH-M-BIN-48,444.0,20.0,243.59,2026-05-17,,false
SKU-00409,Dock Leveler Seal,MEDICAL,SUP-038,LOC-001,WH-A-BIN-49,429.0,0,436.29,2026-03-17,,false
SKU-00410,LED Warehouse Light,RAW_MATERIALS,SUP-186,LOC-007,WH-G-BIN-50,145.0,0,35.16,2026-06-07,2027-01-29,false
SKU-00412,Pallet Jack Wheel,ELECTRONICS,SUP-179,LOC-002,WH-B-BIN-52,214.0,15.0,736.23,2026-05-25,,false
SKU-00413,Barcode Scanner,FOOD_DRY,SUP-196,LOC-020,WH-T-BIN-53,362.0,15.0,21.56,2026-03-01,2026-06-15,false
SKU-00414,Fire Extinguisher 4kg,FOOD_COLD,SUP-129,LOC-003,WH-C-BIN-54,446.0,30.0,643.78,2026-01-19,,false
SKU-00415,PVC Pipe 50mm,PACKAGING,SUP-188,LOC-005,WH-E-BIN-55,453.0,20.0,116.13,2026-04-09,,false
SKU-00416,,MACHINERY_PARTS,SUP-105,LOC-016,WH-P-BIN-56,302.0,30.0,177.91,2026-06-05,2026-08-18,false
SKU-00417,Cable Tie Assorted,PPE,SUP-024,LOC-009,WH-I-BIN-57,2.0,15.0,684.21,2026-01-14,,false
SKU-00418,Dust Mask N95 Pack,CLEANING,SUP-080,LOC-004,WH-D-BIN-58,195.0,10.0,509.67,2026-03-04,2027-01-03,false
SKU-00419,Wooden Pallet Std,MEDICAL,SUP-172,LOC-019,WH-S-BIN-59,178.0,10.0,332.43,2026-01-30,2026-05-10,false
SKU-00420,Steel Shelving Unit,RAW_MATERIALS,SUP-013,LOC-009,WH-I-BIN-60,482.0,0.0,403.66,2026-02-11,,false
SKU-00421,Hand Truck,CHEMICALS,SUP-018,LOC-007,WH-G-BIN-61,6.0,10.0,253.13,2026-05-24,,false
SKU-00422,Spill Kit 20L,ELECTRONICS,SUP-118,LOC-005,WH-E-BIN-62,358.0,20.0,365.09,2026-04-18,,false
SKU-00423,Epoxy Resin 1L,FOOD_DRY,SUP-057,LOC-001,WH-A-BIN-63,459.0,15.0,465.34,2026-02-11,,false
SKU-00424,Chain Block 1T,FOOD_COLD,SUP-001,LOC-015,WH-O-BIN-64,137.0,30.0,232.57,2026-05-09,2027-06-05,false
SKU-00425,Temperature Logger,PACKAGING,SUP-077,LOC-013,WH-M-BIN-65,22.0,10.0,342.45,2026-03-02,2026-06-04,false
SKU-00426,Anti-Slip Tape Roll,MACHINERY_PARTS,SUP-060,LOC-012,WH-L-BIN-66,379.0,10.0,740.52,2026-03-16,2026-04-24,false
SKU-00427,,PPE,SUP-023,LOC-008,WH-H-BIN-67,2.0,40.0,515.92,2026-04-11,,false
SKU-00428,Compressed Air Hose,CLEANING,SUP-025,LOC-014,WH-N-BIN-68,184.0,0,232.32,2026-06-10,2026-02-26,false
SKU-00429,First Aid Refill,MEDICAL,SUP-113,LOC-009,WH-I-BIN-69,286.0,20.0,304.10,2026-01-14,,false
SKU-00431,Stretch Hood Film,CHEMICALS,SUP-070,LOC-019,WH-S-BIN-71,149.0,0,198.67,2026-05-29,,true
SKU-00432,Load Cell 500kg,ELECTRONICS,SUP-117,Warehouse B,WH-B-BIN-72,2.0,24.0,689.57,2026-01-09,,false
SKU-00433,Dock Bumpers Pair,FOOD_DRY,SUP-081,Warehouse P,WH-P-BIN-73,484.0,30.0,356.43,2026-05-30,2026-08-13,false
SKU-00434,,FOOD_COLD,SUP-019,LOC-004,WH-D-BIN-74,74.0,25.0,794.17,2026-04-15,,false
SKU-00435,Battery Charger 24V,PACKAGING,SUP-007,LOC-020,WH-T-BIN-75,5.0,15.0,648.50,2026-04-01,,false
SKU-00436,,MACHINERY_PARTS,SUP-109,LOC-019,WH-S-BIN-76,163.0,25.0,243.82,2026-02-01,,false
SKU-00437,Humidity Sensor Probe,PPE,SUP-180,LOC-014,WH-N-BIN-77,211.0,0,385.08,2026-01-02,,false
SKU-00438,Pallet Strap Tool,CLEANING,SUP-055,LOC-001,WH-A-BIN-78,139.0,40.0,250.27,2025-12-30,,false
SKU-00439,Coolant Concentrate,MEDICAL,SUP-150,LOC-019,WH-S-BIN-79,216.0,15.0,574.67,2026-01-19,2027-02-08,false
SKU-00440,Wheel Chock Rubber,RAW_MATERIALS,SUP-166,LOC-016,WH-P-BIN-80,253.0,0.0,695.50,2026-03-08,2027-05-12,false
SKU-00441,Steel Bolt M8,CHEMICALS,SUP-070,LOC-005,WH-E-BIN-01,273.0,30.0,634.64,2026-02-02,,false
SKU-00442,Hydraulic Hose 2in,ELECTRONICS,SUP-097,LOC-017,WH-Q-BIN-02,188.0,0.0,692.87,2026-01-08,,false
SKU-00444,Forklift Battery 24V,FOOD_COLD,SUP-170,LOC-015,WH-O-BIN-04,153.0,10.0,220.24,2026-05-05,,false
SKU-00445,Safety Gloves L,PACKAGING,SUP-196,LOC-004,WH-D-BIN-05,489.0,0,293.50,2026-02-02,2026-07-29,false
SKU-00446,Conveyor Belt Patch,MACHINERY_PARTS,SUP-123,LOC-004,WH-D-BIN-06,137.0,0,98.91,2026-05-22,2027-07-28,false
SKU-00447,Shrink Wrap Film Roll,PPE,SUP-007,LOC-011,WH-K-BIN-07,377.0,25.0,600.59,2026-03-17,2027-01-31,false
SKU-00448,Label Printer Ribbon,CLEANING,SUP-103,LOC-010,WH-J-BIN-08,439.0,15.0,83.10,2026-04-11,,false
SKU-00449,Dock Leveler Seal,MEDICAL,SUP-093,LOC-011,WH-K-BIN-09,22.0,25.0,201.93,2026-05-23,,false
SKU-00450,LED Warehouse Light,RAW_MATERIALS,SUP-179,LOC-016,WH-P-BIN-10,70.0,0.0,598.40,2026-05-18,,false
SKU-00452,Pallet Jack Wheel,ELECTRONICS,SUP-155,LOC-005,WH-E-BIN-12,456.0,0.0,140.56,2026-06-12,,false
SKU-00453,Barcode Scanner,FOOD_DRY,SUP-013,Warehouse A,WH-A-BIN-13,61.0,40.0,68.37,2026-04-03,,false
SKU-00454,Fire Extinguisher 4kg,FOOD_COLD,SUP-019,LOC-014,WH-N-BIN-14,56.0,25.0,630.65,2026-01-17,,false
SKU-00455,PVC Pipe 50mm,PACKAGING,SUP-021,LOC-017,WH-Q-BIN-15,64.0,0,592.41,2026-02-14,2026-03-31,false
SKU-00456,Rubber Gasket Set,MACHINERY_PARTS,SUP-168,LOC-005,WH-E-BIN-16,118.0,0.0,666.10,2026-01-17,,false
SKU-00457,Cable Tie Assorted,PPE,SUP-196,LOC-002,WH-B-BIN-17,371.0,0,682.45,2026-02-23,,false
SKU-00458,Dust Mask N95 Pack,CLEANING,SUP-051,LOC-005,WH-E-BIN-18,497.0,40.0,211.39,2026-05-25,2026-04-01,false
SKU-00459,Wooden Pallet Std,MEDICAL,SUP-174,LOC-016,WH-P-BIN-19,341.0,0,751.07,2026-04-05,,false
SKU-00460,Steel Shelving Unit,RAW_MATERIALS,SUP-018,LOC-014,WH-N-BIN-20,3.0,30.0,110.70,2026-05-21,,false
SKU-00461,Hand Truck,CHEMICALS,SUP-106,LOC-001,WH-A-BIN-21,404.0,15.0,52.38,2026-01-15,2027-02-07,false
SKU-00462,Spill Kit 20L,ELECTRONICS,SUP-008,LOC-008,WH-H-BIN-22,117.0,15.0,350.22,2026-04-25,,false
SKU-00463,Epoxy Resin 1L,FOOD_DRY,SUP-130,LOC-014,WH-N-BIN-23,182.0,15.0,348.77,2026-06-22,2027-03-19,false
SKU-00464,,FOOD_COLD,SUP-038,LOC-008,WH-H-BIN-24,420.0,15.0,587.87,2026-01-08,2026-04-13,false
SKU-00465,Temperature Logger,PACKAGING,SUP-088,LOC-006,WH-F-BIN-25,423.0,15.0,644.42,2026-03-01,,false
SKU-00466,Anti-Slip Tape Roll,MACHINERY_PARTS,SUP-045,LOC-004,WH-D-BIN-26,474.0,25.0,676.88,2026-01-31,,false
SKU-00467,,PPE,SUP-043,LOC-011,WH-K-BIN-27,10.0,15.0,242.43,2026-02-12,,false
SKU-00468,Compressed Air Hose,CLEANING,SUP-195,LOC-009,WH-I-BIN-28,430.0,15.0,584.26,2026-03-06,,false
SKU-00469,,MEDICAL,SUP-029,LOC-017,WH-Q-BIN-29,5.0,0,21.40,2026-02-12,,false
SKU-00470,Racking Beam 2.4m,RAW_MATERIALS,SUP-083,LOC-001,WH-A-BIN-30,275.0,30.0,540.50,2025-12-30,,false
SKU-00471,Stretch Hood Film,CHEMICALS,SUP-198,LOC-002,WH-B-BIN-31,485.0,40.0,425.46,2026-01-20,,true
SKU-00472,Load Cell 500kg,ELECTRONICS,SUP-148,LOC-012,WH-L-BIN-32,5.0,0,375.43,2026-05-27,,false
SKU-00473,,FOOD_DRY,SUP-046,LOC-014,WH-N-BIN-33,223.0,40.0,153.83,2026-02-15,2026-06-07,false
SKU-00474,Floor Marking Paint,FOOD_COLD,SUP-019,LOC-010,WH-J-BIN-34,20.0,30.0,472.37,2026-02-20,,false
SKU-00475,Battery Charger 24V,PACKAGING,SUP-198,LOC-015,WH-O-BIN-35,389.0,15.0,482.11,2026-03-26,,false
SKU-00476,Mesh Security Cage,MACHINERY_PARTS,SUP-149,LOC-016,WH-P-BIN-36,410.0,0,118.55,2026-03-02,,false
SKU-00478,Pallet Strap Tool,CLEANING,SUP-019,LOC-003,WH-C-BIN-38,265.0,10.0,365.93,2026-05-01,,false
SKU-00479,Coolant Concentrate,MEDICAL,SUP-109,LOC-017,WH-Q-BIN-39,201.0,15.0,85.05,2026-05-15,,false
SKU-00480,Wheel Chock Rubber,RAW_MATERIALS,SUP-143,LOC-012,WH-L-BIN-40,393.0,20.0,435.35,2026-03-25,2026-08-02,false
SKU-00481,Steel Bolt M8,CHEMICALS,SUP-064,LOC-013,WH-M-BIN-41,400.0,10.0,134.57,2026-04-22,,false
SKU-00482,Hydraulic Hose 2in,ELECTRONICS,SUP-036,LOC-018,WH-R-BIN-42,258.0,30.0,639.90,2026-06-15,,false
SKU-00483,Industrial Solvent 5L,FOOD_DRY,SUP-175,LOC-016,WH-P-BIN-43,287.0,40.0,185.16,2026-03-08,,false
SKU-00484,Forklift Battery 24V,FOOD_COLD,SUP-196,LOC-012,WH-L-BIN-44,298.0,20.0,7.25,2026-01-19,,false
SKU-00485,Safety Gloves L,PACKAGING,SUP-006,LOC-015,WH-O-BIN-45,16.0,0,350.61,2026-05-15,,false
SKU-00486,Conveyor Belt Patch,MACHINERY_PARTS,SUP-157,LOC-016,WH-P-BIN-46,240.0,0,54.85,2026-01-17,,false
SKU-00487,Shrink Wrap Film Roll,PPE,SUP-091,LOC-011,WH-K-BIN-47,66.0,20.0,708.23,2026-06-17,2026-05-10,false
SKU-00488,Label Printer Ribbon,CLEANING,SUP-030,LOC-017,WH-Q-BIN-48,175.0,30.0,104.80,2026-05-12,,false
SKU-00489,Dock Leveler Seal,MEDICAL,SUP-177,LOC-007,WH-G-BIN-49,26.0,10.0,109.44,2026-04-25,2026-04-29,false
SKU-00490,LED Warehouse Light,RAW_MATERIALS,SUP-010,LOC-011,WH-K-BIN-50,401.0,15.0,153.94,2026-04-17,,false
SKU-00491,Nitrile Gloves Box,CHEMICALS,SUP-164,LOC-005,WH-E-BIN-51,121.0,20.0,784.53,2026-01-30,2026-09-22,true
SKU-00492,Pallet Jack Wheel,ELECTRONICS,SUP-008,LOC-018,WH-R-BIN-52,7.0,22.0,720.08,2026-03-08,,false
SKU-00493,Barcode Scanner,FOOD_DRY,SUP-099,LOC-020,WH-T-BIN-53,305.0,0.0,686.79,2026-04-21,2026-11-08,false
SKU-00494,Fire Extinguisher 4kg,FOOD_COLD,SUP-072,LOC-012,WH-L-BIN-54,52.0,0,212.59,2026-02-27,,false
SKU-00495,,PACKAGING,SUP-008,LOC-001,WH-A-BIN-55,299.0,40.0,77.80,2026-03-13,2027-06-26,false
SKU-00496,Rubber Gasket Set,MACHINERY_PARTS,SUP-037,LOC-010,WH-J-BIN-56,231.0,30.0,237.98,2026-05-26,2026-09-30,false
SKU-00497,Cable Tie Assorted,PPE,SUP-002,LOC-012,WH-L-BIN-57,14.0,20.0,333.73,2026-05-07,,false
SKU-00498,,CLEANING,SUP-085,LOC-004,WH-D-BIN-58,103.0,0,557.66,2026-05-22,,false
SKU-00499,,MEDICAL,SUP-013,LOC-018,WH-R-BIN-59,277.0,20.0,357.15,2026-04-09,,false
SKU-00500,Steel Shelving Unit,RAW_MATERIALS,SUP-090,LOC-008,WH-H-BIN-60,10.0,20.0,750.86,2026-01-03,,false
SKU-00002,Spill Kit 20L,ELECTRONICS,SUP-012,LOC-012,WH-L-BIN-62,6.0,15.0,549.29,2026-05-10,,false
SKU-00003,Epoxy Resin 1L,FOOD_DRY,SUP-115,LOC-015,WH-O-BIN-63,298.0,40.0,786.57,2026-04-16,2026-09-06,false
SKU-00004,Chain Block 1T,FOOD_COLD,SUP-151,LOC-018,WH-R-BIN-64,6.0,10.0,638.43,2026-06-24,,false
SKU-00005,Temperature Logger,PACKAGING,SUP-121,LOC-019,WH-S-BIN-65,448.0,10.0,679.94,2026-04-07,2026-03-04,false
SKU-00006,Anti-Slip Tape Roll,MACHINERY_PARTS,SUP-046,LOC-005,WH-E-BIN-66,477.0,30.0,554.32,2026-04-11,,false
SKU-00007,Welding Rod 3.2mm,PPE,SUP-153,LOC-012,WH-L-BIN-67,43.0,15.0,355.48,2026-03-04,,false
SKU-00008,Compressed Air Hose,CLEANING,SUP-154,LOC-016,WH-P-BIN-68,22.0,0,474.75,2026-02-05,,false
SKU-00009,First Aid Refill,MEDICAL,SUP-005,LOC-008,WH-H-BIN-69,176.0,40.0,354.84,2026-04-22,,false
SKU-00010,Racking Beam 2.4m,RAW_MATERIALS,SUP-197,LOC-011,WH-K-BIN-70,7.0,10.0,679.40,2026-02-10,,false
SKU-00011,Stretch Hood Film,CHEMICALS,SUP-119,LOC-019,WH-S-BIN-71,428.0,0,771.48,2026-05-10,,true
SKU-00012,,ELECTRONICS,SUP-052,LOC-007,WH-G-BIN-72,383.0,25.0,158.21,2026-02-28,2027-04-15,false
SKU-00013,Dock Bumpers Pair,FOOD_DRY,SUP-175,LOC-014,WH-N-BIN-73,33.0,40.0,470.20,2026-04-28,,false
SKU-00014,Floor Marking Paint,FOOD_COLD,SUP-176,LOC-001,WH-A-BIN-74,163.0,25.0,584.96,2026-01-30,,false
SKU-00015,Battery Charger 24V,PACKAGING,SUP-194,LOC-020,WH-T-BIN-75,265.0,40.0,374.30,2026-01-14,,false
SKU-00016,Mesh Security Cage,MACHINERY_PARTS,SUP-179,LOC-011,WH-K-BIN-76,8.0,0,599.04,2026-02-13,,false
SKU-00017,,PPE,SUP-038,LOC-012,WH-L-BIN-77,207.0,30.0,492.59,2026-03-16,,false
SKU-00018,Pallet Strap Tool,CLEANING,SUP-167,LOC-017,WH-Q-BIN-78,299.0,10.0,374.99,2025-12-29,2027-05-16,false
SKU-00019,,MEDICAL,SUP-014,LOC-008,WH-H-BIN-79,485.0,40.0,377.27,2026-02-18,2026-06-25,false
SKU-00020,Wheel Chock Rubber,RAW_MATERIALS,SUP-073,LOC-019,WH-S-BIN-80,318.0,30.0,523.47,2026-04-10,,false
SKU-00021,Steel Bolt M8,CHEMICALS,SUP-081,LOC-009,WH-I-BIN-01,370.0,0,249.15,2026-05-28,,false
SKU-00022,,ELECTRONICS,SUP-116,LOC-002,WH-B-BIN-02,317.0,25.0,309.71,2026-03-30,,false
SKU-00023,,FOOD_DRY,SUP-168,LOC-010,WH-J-BIN-03,172.0,15.0,89.08,2026-03-17,,false
SKU-00024,Forklift Battery 24V,FOOD_COLD,SUP-188,LOC-001,WH-A-BIN-04,147.0,20.0,413.55,2026-01-16,2027-06-03,false
SKU-00025,Safety Gloves L,PACKAGING,SUP-190,LOC-019,WH-S-BIN-05,256.0,10.0,344.50,2026-02-16,,false
SKU-00026,Conveyor Belt Patch,MACHINERY_PARTS,SUP-116,LOC-011,WH-K-BIN-06,407.0,0,533.46,2026-02-04,,false
SKU-00027,Shrink Wrap Film Roll,PPE,SUP-097,LOC-003,WH-C-BIN-07,289.0,0,542.40,2026-02-20,,false
SKU-00028,Label Printer Ribbon,CLEANING,SUP-015,LOC-007,WH-G-BIN-08,353.0,25.0,373.62,2026-03-18,,false
SKU-00029,,MEDICAL,SUP-176,LOC-004,WH-D-BIN-09,2.0,40.0,428.61,2026-03-18,2027-04-12,false
SKU-00030,LED Warehouse Light,RAW_MATERIALS,SUP-041,LOC-019,WH-S-BIN-10,12.0,15.0,190.56,2026-05-08,,false
SKU-00031,,CHEMICALS,SUP-149,LOC-014,WH-N-BIN-11,329.0,0,613.13,2026-05-09,,true
SKU-00032,Pallet Jack Wheel,ELECTRONICS,SUP-175,LOC-005,WH-E-BIN-12,221.0,0.0,537.44,2026-04-02,2027-07-16,false
SKU-00033,Barcode Scanner,FOOD_DRY,SUP-073,LOC-004,WH-D-BIN-13,20.0,30.0,198.04,2026-02-22,2026-09-29,false
SKU-00035,PVC Pipe 50mm,PACKAGING,SUP-109,LOC-010,WH-J-BIN-15,333.0,0,568.87,2026-04-06,2026-05-25,false
SKU-00036,Rubber Gasket Set,MACHINERY_PARTS,SUP-089,LOC-012,WH-L-BIN-16,251.0,40.0,31.32,2026-03-12,2026-06-06,false
SKU-00037,Cable Tie Assorted,PPE,SUP-121,LOC-004,WH-D-BIN-17,10.0,20.0,289.64,2026-04-16,,false
SKU-00038,Dust Mask N95 Pack,CLEANING,SUP-101,LOC-016,WH-P-BIN-18,9.0,10.0,478.46,2026-01-14,,false
SKU-00039,Wooden Pallet Std,MEDICAL,SUP-123,LOC-005,WH-E-BIN-19,394.0,40.0,261.29,2026-03-05,2026-05-03,false
SKU-00040,Steel Shelving Unit,RAW_MATERIALS,SUP-027,LOC-013,WH-M-BIN-20,106.0,15.0,191.01,2026-01-15,,false
SKU-00041,Hand Truck,CHEMICALS,SUP-094,LOC-001,WH-A-BIN-21,171.0,25.0,749.57,2026-03-23,2026-07-28,true
SKU-00042,Spill Kit 20L,ELECTRONICS,SUP-149,LOC-011,WH-K-BIN-22,14.0,20.0,7.28,2026-02-18,,false
SKU-00043,Epoxy Resin 1L,FOOD_DRY,SUP-197,LOC-016,WH-P-BIN-23,330.0,0,187.21,2026-05-21,,false
SKU-00044,Chain Block 1T,FOOD_COLD,SUP-105,LOC-016,WH-P-BIN-24,118.0,0.0,659.14,2026-06-16,,false
SKU-00046,Anti-Slip Tape Roll,MACHINERY_PARTS,SUP-178,LOC-006,WH-F-BIN-26,442.0,40.0,786.47,2026-05-20,,false
SKU-00047,,PPE,SUP-145,LOC-014,WH-N-BIN-27,114.0,10.0,300.87,2026-03-31,2027-03-10,false
SKU-00048,,CLEANING,SUP-103,LOC-001,WH-A-BIN-28,254.0,10.0,370.86,2026-06-08,,false
SKU-00049,First Aid Refill,MEDICAL,SUP-174,LOC-011,WH-K-BIN-29,4.0,10.0,490.06,2026-02-28,2026-12-31,false
SKU-00050,Racking Beam 2.4m,RAW_MATERIALS,SUP-154,LOC-014,WH-N-BIN-30,4.0,25.0,441.88,2026-05-07,,false
SKU-00051,Stretch Hood Film,CHEMICALS,SUP-194,LOC-008,WH-H-BIN-31,438.0,40.0,59.91,2026-01-24,,true
SKU-00052,Load Cell 500kg,ELECTRONICS,SUP-167,LOC-013,WH-M-BIN-32,28.0,30.0,129.37,2026-03-11,2026-09-07,false
SKU-00053,,FOOD_DRY,SUP-015,LOC-002,WH-B-BIN-33,84.0,30.0,356.69,2026-04-15,,false
SKU-00054,Floor Marking Paint,FOOD_COLD,SUP-117,LOC-006,WH-F-BIN-34,47.0,0.0,588.80,2026-02-08,,false
SKU-00055,Battery Charger 24V,PACKAGING,SUP-043,LOC-015,WH-O-BIN-35,13.0,0,415.81,2025-12-30,2027-06-29,false
SKU-00056,,MACHINERY_PARTS,SUP-021,LOC-001,WH-A-BIN-36,235.0,15.0,208.43,2026-03-10,2026-05-19,false
SKU-00057,Humidity Sensor Probe,PPE,SUP-129,LOC-012,WH-L-BIN-37,29.0,0,676.02,2026-03-11,,false
SKU-00058,Pallet Strap Tool,CLEANING,SUP-166,LOC-001,WH-A-BIN-38,473.0,25.0,207.14,2026-03-30,,false
SKU-00059,Coolant Concentrate,MEDICAL,SUP-093,LOC-006,WH-F-BIN-39,131.0,25.0,396.86,2026-02-08,,false
SKU-00060,Wheel Chock Rubber,RAW_MATERIALS,SUP-004,LOC-009,WH-I-BIN-40,21.0,25.0,255.83,2026-02-26,,false
SKU-00061,,CHEMICALS,SUP-199,Warehouse O,WH-O-BIN-41,47.0,0.0,412.13,2026-01-21,,false
SKU-00062,,ELECTRONICS,SUP-140,LOC-005,WH-E-BIN-42,99.0,20.0,110.79,2026-05-19,2026-04-10,false
SKU-00063,Industrial Solvent 5L,FOOD_DRY,SUP-176,Warehouse M,WH-M-BIN-43,56.0,40.0,351.16,2026-06-25,,false
SKU-00064,,FOOD_COLD,SUP-051,LOC-011,WH-K-BIN-44,7.0,0,319.46,2026-02-14,,false
SKU-00065,Safety Gloves L,PACKAGING,SUP-052,LOC-001,WH-A-BIN-45,373.0,10.0,378.62,2026-01-29,,false
SKU-00066,Conveyor Belt Patch,MACHINERY_PARTS,SUP-163,LOC-012,WH-L-BIN-46,93.0,10.0,704.33,2026-04-19,,false
SKU-00067,,PPE,SUP-143,LOC-005,WH-E-BIN-47,204.0,40.0,68.40,2026-03-15,,false
SKU-00069,,MEDICAL,SUP-155,LOC-019,WH-S-BIN-49,335.0,0,4.20,2025-12-28,2027-03-08,false
SKU-00071,Nitrile Gloves Box,CHEMICALS,SUP-178,LOC-001,WH-A-BIN-51,419.0,30.0,294.88,2026-06-15,,false
SKU-00072,Pallet Jack Wheel,ELECTRONICS,SUP-186,LOC-004,WH-D-BIN-52,261.0,10.0,181.50,2026-02-05,2026-05-28,false
SKU-00073,Barcode Scanner,FOOD_DRY,SUP-096,LOC-019,WH-S-BIN-53,246.0,40.0,331.00,2026-01-05,2026-12-23,false
SKU-00074,Fire Extinguisher 4kg,FOOD_COLD,SUP-084,LOC-002,WH-B-BIN-54,1.0,10.0,42.70,2026-05-29,2026-04-26,false
SKU-00075,PVC Pipe 50mm,PACKAGING,SUP-143,LOC-016,WH-P-BIN-55,12.0,40.0,120.58,2026-01-06,2026-06-19,false
SKU-00076,Rubber Gasket Set,MACHINERY_PARTS,SUP-145,LOC-010,WH-J-BIN-56,103.0,25.0,494.98,2026-06-17,2027-07-10,false
SKU-00077,Cable Tie Assorted,PPE,SUP-004,LOC-003,WH-C-BIN-57,108.0,40.0,500.25,2026-01-22,,false
SKU-00078,Dust Mask N95 Pack,CLEANING,SUP-069,LOC-016,WH-P-BIN-58,255.0,40.0,268.34,2026-04-28,,false
SKU-00079,Wooden Pallet Std,MEDICAL,SUP-109,LOC-020,WH-T-BIN-59,324.0,20.0,205.02,2026-05-14,,false
SKU-00080,Steel Shelving Unit,RAW_MATERIALS,SUP-039,LOC-012,WH-L-BIN-60,359.0,25.0,535.82,2026-05-14,,false
SKU-00081,Hand Truck,CHEMICALS,SUP-073,LOC-002,WH-B-BIN-61,227.0,10.0,353.77,2026-06-15,,false
SKU-00082,Spill Kit 20L,ELECTRONICS,SUP-024,LOC-012,WH-L-BIN-62,142.0,15.0,185.36,2026-03-04,,false
SKU-00083,Epoxy Resin 1L,FOOD_DRY,SUP-193,LOC-014,WH-N-BIN-63,399.0,25.0,304.70,2026-05-27,,false
SKU-00084,Chain Block 1T,FOOD_COLD,SUP-197,LOC-013,WH-M-BIN-64,448.0,10.0,647.05,2026-02-28,,false
SKU-00085,Temperature Logger,PACKAGING,SUP-154,LOC-010,WH-J-BIN-65,43.0,40.0,314.01,2026-02-15,,false
SKU-00087,Welding Rod 3.2mm,PPE,SUP-151,LOC-009,WH-I-BIN-67,37.0,0,271.25,2026-03-15,,false
SKU-00088,Compressed Air Hose,CLEANING,SUP-073,LOC-006,WH-F-BIN-68,43.0,0,23.39,2026-01-18,,false
SKU-00089,First Aid Refill,MEDICAL,SUP-143,LOC-019,WH-S-BIN-69,12.0,25.0,779.26,2026-01-25,,false
SKU-00090,Racking Beam 2.4m,RAW_MATERIALS,SUP-025,LOC-004,WH-D-BIN-70,66.0,10.0,415.43,2025-12-30,2026-03-28,false
SKU-00091,,CHEMICALS,SUP-137,LOC-003,WH-C-BIN-71,230.0,20.0,535.31,2026-04-04,,false
SKU-00092,Load Cell 500kg,ELECTRONICS,SUP-020,LOC-006,WH-F-BIN-72,202.0,15.0,169.30,2026-01-08,,false
SKU-00093,Dock Bumpers Pair,FOOD_DRY,SUP-186,LOC-015,WH-O-BIN-73,121.0,40.0,8.63,2026-06-15,,false
SKU-00094,Floor Marking Paint,FOOD_COLD,SUP-038,LOC-005,WH-E-BIN-74,459.0,0,758.72,2026-01-07,,false
SKU-00095,Battery Charger 24V,PACKAGING,SUP-003,LOC-005,WH-E-BIN-75,455.0,0,414.60,2026-02-22,2027-05-16,false
SKU-00096,,MACHINERY_PARTS,SUP-027,LOC-018,WH-R-BIN-76,5.0,40.0,377.44,2026-01-02,,false
SKU-00097,Humidity Sensor Probe,PPE,SUP-156,LOC-009,WH-I-BIN-77,296.0,40.0,467.93,2026-03-01,2026-10-23,false
SKU-00098,Pallet Strap Tool,CLEANING,SUP-124,LOC-004,WH-D-BIN-78,300.0,40.0,703.90,2026-06-05,,false
SKU-00099,Coolant Concentrate,MEDICAL,SUP-111,LOC-009,WH-I-BIN-79,6.0,10.0,276.62,2026-05-20,,false
SKU-00101,Steel Bolt M8,CHEMICALS,SUP-115,LOC-014,WH-N-BIN-01,449.0,0.0,495.69,2026-01-26,,false
SKU-00102,Hydraulic Hose 2in,ELECTRONICS,SUP-119,LOC-017,WH-Q-BIN-02,189.0,25.0,362.63,2026-04-11,,false
SKU-00103,Industrial Solvent 5L,FOOD_DRY,SUP-061,LOC-003,WH-C-BIN-03,5.0,20.0,554.15,2026-05-02,,false
SKU-00104,Forklift Battery 24V,FOOD_COLD,SUP-001,LOC-014,WH-N-BIN-04,188.0,40.0,267.63,2026-06-09,,false
SKU-00105,Safety Gloves L,PACKAGING,SUP-054,LOC-019,WH-S-BIN-05,212.0,20.0,672.56,2026-02-10,2026-10-12,false
SKU-00106,,MACHINERY_PARTS,SUP-076,LOC-010,WH-J-BIN-06,329.0,0,326.88,2026-06-08,,false
SKU-00107,,PPE,SUP-105,LOC-012,WH-L-BIN-07,431.0,0,193.51,2026-06-10,,false
SKU-00108,Label Printer Ribbon,CLEANING,SUP-008,LOC-015,WH-O-BIN-08,234.0,0,774.30,2026-05-30,2027-01-03,false
SKU-00109,Dock Leveler Seal,MEDICAL,SUP-009,LOC-013,WH-M-BIN-09,11.0,15.0,172.12,2026-03-05,2026-08-22,false
SKU-00110,LED Warehouse Light,RAW_MATERIALS,SUP-167,LOC-006,WH-F-BIN-10,404.0,40.0,509.32,2026-05-15,2026-05-04,false
SKU-00111,Nitrile Gloves Box,CHEMICALS,SUP-077,LOC-010,WH-J-BIN-11,466.0,25.0,640.24,2026-05-30,,true
SKU-00112,Pallet Jack Wheel,ELECTRONICS,SUP-054,LOC-003,WH-C-BIN-12,18.0,30.0,391.64,2026-06-13,,false
SKU-00114,Fire Extinguisher 4kg,FOOD_COLD,SUP-082,LOC-003,WH-C-BIN-14,471.0,40.0,411.85,2026-03-21,,false
SKU-00115,PVC Pipe 50mm,PACKAGING,SUP-091,LOC-008,WH-H-BIN-15,186.0,25.0,24.92,2026-01-16,,false
SKU-00116,Rubber Gasket Set,MACHINERY_PARTS,SUP-175,LOC-018,WH-R-BIN-16,110.0,30.0,732.07,2026-02-12,2026-06-04,false
SKU-00117,Cable Tie Assorted,PPE,SUP-098,LOC-018,WH-R-BIN-17,11.0,25.0,313.31,2026-01-21,,false
SKU-00118,Dust Mask N95 Pack,CLEANING,SUP-195,LOC-017,WH-Q-BIN-18,109.0,20.0,672.88,2026-04-13,,false
SKU-00120,Steel Shelving Unit,RAW_MATERIALS,SUP-040,LOC-011,WH-K-BIN-20,4.0,10.0,433.23,2026-02-28,2027-06-06,false
SKU-00121,Hand Truck,CHEMICALS,SUP-188,LOC-003,WH-C-BIN-21,3.0,10.0,306.54,2026-03-06,,false
SKU-00122,Spill Kit 20L,ELECTRONICS,SUP-114,LOC-005,WH-E-BIN-22,403.0,0.0,434.18,2026-01-07,,false
SKU-00123,Epoxy Resin 1L,FOOD_DRY,SUP-048,LOC-011,WH-K-BIN-23,93.0,25.0,578.46,2026-05-18,,false
SKU-00124,,FOOD_COLD,SUP-130,LOC-001,WH-A-BIN-24,249.0,25.0,326.55,2026-01-06,2026-07-29,false
SKU-00125,Temperature Logger,PACKAGING,SUP-059,LOC-018,WH-R-BIN-25,133.0,0.0,604.01,2026-01-14,,false
SKU-00126,Anti-Slip Tape Roll,MACHINERY_PARTS,SUP-123,LOC-012,WH-L-BIN-26,195.0,15.0,104.99,2026-03-02,,false
SKU-00127,Welding Rod 3.2mm,PPE,SUP-165,LOC-016,WH-P-BIN-27,17.0,40.0,286.45,2026-01-27,,false
SKU-00128,,CLEANING,SUP-056,LOC-016,WH-P-BIN-28,84.0,0,660.28,2026-05-13,,false
SKU-00129,First Aid Refill,MEDICAL,SUP-089,LOC-018,WH-R-BIN-29,493.0,0,132.25,2026-04-21,2027-07-24,false
SKU-00130,Racking Beam 2.4m,RAW_MATERIALS,SUP-196,LOC-002,WH-B-BIN-30,98.0,40.0,417.92,2025-12-28,,false
SKU-00131,Stretch Hood Film,CHEMICALS,SUP-149,LOC-008,WH-H-BIN-31,250.0,0,235.95,2026-05-30,,false
SKU-00132,Load Cell 500kg,ELECTRONICS,SUP-138,Warehouse R,WH-R-BIN-32,55.0,0.0,691.65,2026-03-15,,false
SKU-00133,Dock Bumpers Pair,FOOD_DRY,SUP-060,LOC-015,WH-O-BIN-33,220.0,30.0,487.76,2026-04-10,,false
SKU-00134,,FOOD_COLD,SUP-132,LOC-009,WH-I-BIN-34,494.0,40.0,597.40,2026-05-03,,false
SKU-00135,Battery Charger 24V,PACKAGING,SUP-183,LOC-006,WH-F-BIN-35,339.0,15.0,482.63,2026-03-27,2027-04-30,false
SKU-00136,Mesh Security Cage,MACHINERY_PARTS,SUP-120,LOC-018,WH-R-BIN-36,28.0,40.0,210.89,2026-04-06,2027-06-05,false
SKU-00137,Humidity Sensor Probe,PPE,SUP-152,LOC-019,WH-S-BIN-37,451.0,40.0,391.58,2026-06-19,,false
SKU-00138,Pallet Strap Tool,CLEANING,SUP-153,LOC-018,WH-R-BIN-38,5.0,20.0,461.58,2026-06-18,2026-11-28,false
SKU-00139,Coolant Concentrate,MEDICAL,SUP-062,LOC-004,WH-D-BIN-39,278.0,40.0,436.35,2026-04-23,,false
SKU-00140,Wheel Chock Rubber,RAW_MATERIALS,SUP-109,LOC-012,WH-L-BIN-40,29.0,30.0,62.41,2026-02-07,,false
SKU-00141,,CHEMICALS,SUP-030,LOC-001,WH-A-BIN-41,439.0,20.0,262.21,2026-02-28,,true
SKU-00142,Hydraulic Hose 2in,ELECTRONICS,SUP-126,LOC-015,WH-O-BIN-42,281.0,15.0,740.95,2026-03-24,2026-05-16,false
SKU-00143,,FOOD_DRY,SUP-111,LOC-020,WH-T-BIN-43,337.0,40.0,718.58,2026-03-27,,false
SKU-00144,Forklift Battery 24V,FOOD_COLD,SUP-088,LOC-016,WH-P-BIN-44,195.0,30.0,713.04,2026-04-04,,false
SKU-00145,Safety Gloves L,PACKAGING,SUP-177,LOC-008,WH-H-BIN-45,6.0,40.0,292.91,2026-04-13,,false
SKU-00146,Conveyor Belt Patch,MACHINERY_PARTS,SUP-144,LOC-003,WH-C-BIN-46,339.0,15.0,591.78,2026-01-07,,false
SKU-00147,Shrink Wrap Film Roll,PPE,SUP-037,LOC-012,WH-L-BIN-47,8.0,26.0,620.32,2026-06-06,,false
SKU-00148,Label Printer Ribbon,CLEANING,SUP-167,LOC-013,WH-M-BIN-48,69.0,20.0,75.84,2026-03-22,,false
SKU-00149,Dock Leveler Seal,MEDICAL,SUP-076,LOC-016,WH-P-BIN-49,171.0,40.0,34.21,2026-01-06,2026-05-30,false
SKU-00150,LED Warehouse Light,RAW_MATERIALS,SUP-122,LOC-005,WH-E-BIN-50,217.0,40.0,22.53,2026-02-05,,false
SKU-00152,Pallet Jack Wheel,ELECTRONICS,SUP-049,LOC-002,WH-B-BIN-52,393.0,0.0,629.05,2026-04-14,2026-09-10,false
SKU-00153,Barcode Scanner,FOOD_DRY,SUP-003,LOC-010,WH-J-BIN-53,13.0,40.0,233.07,2026-06-20,,false
SKU-00154,,FOOD_COLD,SUP-065,LOC-019,WH-S-BIN-54,110.0,10.0,32.95,2026-01-08,,false
SKU-00155,PVC Pipe 50mm,PACKAGING,SUP-091,Warehouse F,WH-F-BIN-55,312.0,25.0,227.29,2026-02-23,,false
SKU-00156,,MACHINERY_PARTS,SUP-065,LOC-020,WH-T-BIN-56,89.0,0,261.28,2026-03-13,,false
SKU-00158,Dust Mask N95 Pack,CLEANING,SUP-153,LOC-018,WH-R-BIN-58,5.0,10.0,188.11,2026-02-17,,false
SKU-00159,Wooden Pallet Std,MEDICAL,SUP-122,LOC-012,WH-L-BIN-59,123.0,10.0,554.14,2026-02-27,,false
SKU-00160,Steel Shelving Unit,RAW_MATERIALS,SUP-140,LOC-014,WH-N-BIN-60,8.0,25.0,122.29,2026-05-14,2026-09-23,false
SKU-00161,Hand Truck,CHEMICALS,SUP-023,LOC-020,WH-T-BIN-61,382.0,40.0,233.42,2026-04-08,2026-09-11,false
SKU-00162,Spill Kit 20L,ELECTRONICS,SUP-159,LOC-006,WH-F-BIN-62,18.0,30.0,463.56,2026-01-03,,false
SKU-00163,Epoxy Resin 1L,FOOD_DRY,SUP-078,LOC-014,WH-N-BIN-63,2.0,28.0,472.89,2026-02-14,,false
SKU-00164,,FOOD_COLD,SUP-018,LOC-005,WH-E-BIN-64,26.0,40.0,557.56,2026-06-01,,false
SKU-00165,,PACKAGING,SUP-039,LOC-015,WH-O-BIN-65,409.0,15.0,44.96,2026-04-10,,false
SKU-00166,Anti-Slip Tape Roll,MACHINERY_PARTS,SUP-124,LOC-003,WH-C-BIN-66,25.0,10.0,451.42,2026-01-18,,false
SKU-00167,Welding Rod 3.2mm,PPE,SUP-130,LOC-004,WH-D-BIN-67,410.0,0.0,693.71,2026-05-28,2026-03-13,false
SKU-00168,Compressed Air Hose,CLEANING,SUP-185,LOC-008,WH-H-BIN-68,13.0,15.0,474.76,2026-03-07,2026-12-07,false
SKU-00169,,MEDICAL,SUP-127,LOC-001,WH-A-BIN-69,151.0,10.0,661.45,2026-02-19,,false
SKU-00170,Racking Beam 2.4m,RAW_MATERIALS,SUP-089,LOC-015,WH-O-BIN-70,8.0,14.0,605.21,2026-05-03,,false
SKU-00171,Stretch Hood Film,CHEMICALS,SUP-101,Warehouse D,WH-D-BIN-71,8.0,10.0,63.31,2026-01-10,,false
SKU-00172,,ELECTRONICS,SUP-081,LOC-002,WH-B-BIN-72,475.0,0.0,26.72,2026-05-08,,false
SKU-00173,Dock Bumpers Pair,FOOD_DRY,SUP-157,LOC-019,WH-S-BIN-73,460.0,25.0,695.98,2026-06-20,2026-05-05,false
SKU-00175,Battery Charger 24V,PACKAGING,SUP-156,LOC-020,WH-T-BIN-75,226.0,20.0,318.98,2026-01-22,,false
SKU-00176,Mesh Security Cage,MACHINERY_PARTS,SUP-184,LOC-008,WH-H-BIN-76,412.0,15.0,88.26,2026-01-02,2027-04-04,false
SKU-00177,Humidity Sensor Probe,PPE,SUP-134,LOC-011,WH-K-BIN-77,24.0,0.0,54.43,2026-01-09,,false
SKU-00178,Pallet Strap Tool,CLEANING,SUP-144,LOC-002,WH-B-BIN-78,121.0,25.0,639.67,2026-03-14,2026-08-10,false
SKU-00179,Coolant Concentrate,MEDICAL,SUP-137,LOC-011,WH-K-BIN-79,271.0,0.0,421.85,2026-05-07,,false
SKU-00181,Steel Bolt M8,CHEMICALS,SUP-063,LOC-006,WH-F-BIN-01,191.0,25.0,395.32,2026-05-20,2026-04-13,false
SKU-00182,,ELECTRONICS,SUP-139,LOC-011,WH-K-BIN-02,6.0,27.0,286.14,2026-05-28,,false
SKU-00183,Industrial Solvent 5L,FOOD_DRY,SUP-159,LOC-007,WH-G-BIN-03,78.0,0.0,771.16,2026-04-07,,false
SKU-00184,,FOOD_COLD,SUP-043,Warehouse Q,WH-Q-BIN-04,404.0,0.0,166.54,2026-02-20,,false
SKU-00185,Safety Gloves L,PACKAGING,SUP-102,LOC-007,WH-G-BIN-05,450.0,30.0,27.97,2025-12-30,2026-08-03,false
SKU-00186,Conveyor Belt Patch,MACHINERY_PARTS,SUP-106,LOC-008,WH-H-BIN-06,244.0,20.0,640.05,2026-02-13,,false
SKU-00187,Shrink Wrap Film Roll,PPE,SUP-189,LOC-014,WH-N-BIN-07,384.0,25.0,72.49,2026-06-16,,false
SKU-00188,Label Printer Ribbon,CLEANING,SUP-059,LOC-013,WH-M-BIN-08,254.0,0,385.67,2026-06-16,,false
SKU-00189,Dock Leveler Seal,MEDICAL,SUP-067,LOC-004,WH-D-BIN-09,282.0,20.0,203.94,2026-06-05,2026-12-10,false
SKU-00190,LED Warehouse Light,RAW_MATERIALS,SUP-113,LOC-012,WH-L-BIN-10,5.0,15.0,713.52,2026-06-07,,false
SKU-00191,Nitrile Gloves Box,CHEMICALS,SUP-138,LOC-014,WH-N-BIN-11,13.0,25.0,702.21,2026-06-06,,true
SKU-00192,Pallet Jack Wheel,ELECTRONICS,SUP-043,LOC-020,WH-T-BIN-12,403.0,25.0,568.00,2026-04-17,,false
SKU-00193,Barcode Scanner,FOOD_DRY,SUP-090,LOC-013,WH-M-BIN-13,109.0,20.0,602.94,2026-04-27,2027-04-11,false
SKU-00194,,FOOD_COLD,SUP-116,LOC-016,WH-P-BIN-14,156.0,10.0,541.97,2026-01-15,,false
SKU-00195,PVC Pipe 50mm,PACKAGING,SUP-072,LOC-011,WH-K-BIN-15,453.0,20.0,24.87,2026-04-27,,false
SKU-00196,Rubber Gasket Set,MACHINERY_PARTS,SUP-023,LOC-001,WH-A-BIN-16,327.0,10.0,765.26,2026-02-12,2026-10-10,false
SKU-00197,Cable Tie Assorted,PPE,SUP-151,LOC-013,WH-M-BIN-17,484.0,25.0,595.51,2026-05-03,2027-03-10,false
SKU-00198,Dust Mask N95 Pack,CLEANING,SUP-136,LOC-013,WH-M-BIN-18,293.0,15.0,261.23,2026-01-03,2027-05-19,false
SKU-00199,Wooden Pallet Std,MEDICAL,SUP-006,LOC-015,WH-O-BIN-19,1.0,29.0,735.14,2026-03-25,,false
SKU-00200,Steel Shelving Unit,RAW_MATERIALS,SUP-140,LOC-002,WH-B-BIN-20,5.0,10.0,757.86,2026-04-25,,false
SKU-00201,Hand Truck,CHEMICALS,SUP-136,LOC-009,WH-I-BIN-21,148.0,40.0,380.14,2026-02-27,,true
SKU-00202,Spill Kit 20L,ELECTRONICS,SUP-045,LOC-014,WH-N-BIN-22,269.0,0,269.64,2026-05-25,,false
SKU-00203,Epoxy Resin 1L,FOOD_DRY,SUP-047,LOC-010,WH-J-BIN-23,201.0,30.0,461.71,2026-04-11,,false
SKU-00204,,FOOD_COLD,SUP-022,LOC-005,WH-E-BIN-24,404.0,40.0,284.28,2026-03-06,,false
SKU-00205,Temperature Logger,PACKAGING,SUP-122,LOC-005,WH-E-BIN-25,106.0,20.0,691.75,2026-01-11,2027-07-28,false
SKU-00206,Anti-Slip Tape Roll,MACHINERY_PARTS,SUP-053,LOC-015,WH-O-BIN-26,176.0,20.0,601.51,2026-01-27,,false
SKU-00207,Welding Rod 3.2mm,PPE,SUP-060,LOC-006,WH-F-BIN-27,14.0,20.0,659.00,2026-03-09,,false
SKU-00208,Compressed Air Hose,CLEANING,SUP-188,LOC-009,WH-I-BIN-28,330.0,30.0,682.09,2026-06-12,,false
SKU-00209,First Aid Refill,MEDICAL,SUP-114,LOC-003,WH-C-BIN-29,258.0,10.0,499.12,2026-01-14,2027-07-25,false
SKU-00210,Racking Beam 2.4m,RAW_MATERIALS,SUP-115,LOC-011,WH-K-BIN-30,58.0,25.0,699.42,2026-02-01,,false
SKU-00211,Stretch Hood Film,CHEMICALS,SUP-144,LOC-010,WH-J-BIN-31,66.0,20.0,713.04,2026-04-24,2027-07-22,true
SKU-00212,Load Cell 500kg,ELECTRONICS,SUP-199,LOC-012,WH-L-BIN-32,423.0,15.0,512.65,2026-02-22,,false
SKU-00213,Dock Bumpers Pair,FOOD_DRY,SUP-173,LOC-006,WH-F-BIN-33,434.0,30.0,394.57,2026-02-03,,false
SKU-00214,Floor Marking Paint,FOOD_COLD,SUP-169,LOC-004,WH-D-BIN-34,44.0,15.0,220.59,2026-03-01,,false
SKU-00215,Battery Charger 24V,PACKAGING,SUP-025,Warehouse P,WH-P-BIN-35,62.0,0.0,583.70,2026-06-09,,false
SKU-00216,,MACHINERY_PARTS,SUP-120,LOC-017,WH-Q-BIN-36,365.0,10.0,746.02,2026-06-25,,false
SKU-00217,Humidity Sensor Probe,PPE,SUP-187,LOC-016,WH-P-BIN-37,14.0,30.0,322.26,2026-04-21,,false
SKU-00218,Pallet Strap Tool,CLEANING,SUP-183,LOC-013,WH-M-BIN-38,61.0,40.0,194.41,2026-01-29,,false
SKU-00219,Coolant Concentrate,MEDICAL,SUP-093,wh_o,WH-O-BIN-39,5.0,25.0,616.16,2026-02-13,,false
SKU-00221,Steel Bolt M8,CHEMICALS,SUP-182,LOC-011,WH-K-BIN-41,143.0,0,235.33,2026-01-04,,false
SKU-00222,Hydraulic Hose 2in,ELECTRONICS,SUP-118,Warehouse P,WH-P-BIN-42,48.0,10.0,273.83,2026-05-12,2026-10-09,false
SKU-00223,Industrial Solvent 5L,FOOD_DRY,SUP-025,LOC-011,WH-K-BIN-43,64.0,0,26.57,2026-05-15,,false
SKU-00224,Forklift Battery 24V,FOOD_COLD,SUP-104,LOC-006,WH-F-BIN-44,312.0,25.0,533.34,2026-03-12,2026-05-04,false
SKU-00225,,PACKAGING,SUP-038,LOC-001,WH-A-BIN-45,240.0,30.0,517.98,2026-03-25,2027-05-14,false
SKU-00226,Conveyor Belt Patch,MACHINERY_PARTS,SUP-017,whse o,WH-O-BIN-46,177.0,25.0,780.12,2026-06-25,,false
SKU-00227,Shrink Wrap Film Roll,PPE,SUP-049,LOC-001,WH-A-BIN-47,401.0,40.0,648.97,2026-02-21,2026-08-18,false
SKU-00228,Label Printer Ribbon,CLEANING,SUP-199,LOC-017,WH-Q-BIN-48,290.0,10.0,571.45,2026-03-06,,false
SKU-00229,Dock Leveler Seal,MEDICAL,SUP-058,LOC-019,WH-S-BIN-49,38.0,15.0,30.03,2026-02-14,,false
SKU-00230,,RAW_MATERIALS,SUP-070,LOC-008,WH-H-BIN-50,158.0,30.0,394.38,2026-04-09,,false
SKU-00231,Nitrile Gloves Box,CHEMICALS,SUP-113,LOC-018,WH-R-BIN-51,229.0,0.0,49.29,2026-02-24,,false
SKU-00232,Pallet Jack Wheel,ELECTRONICS,SUP-088,LOC-009,WH-I-BIN-52,182.0,25.0,542.23,2026-06-03,,false
SKU-00233,Barcode Scanner,FOOD_DRY,SUP-131,LOC-020,WH-T-BIN-53,10.0,15.0,281.32,2026-06-15,,false
SKU-00234,Fire Extinguisher 4kg,FOOD_COLD,SUP-079,LOC-007,WH-G-BIN-54,5.0,20.0,780.02,2026-03-16,2026-05-01,false
SKU-00235,PVC Pipe 50mm,PACKAGING,SUP-058,LOC-020,WH-T-BIN-55,7.0,10.0,277.56,2026-03-22,,false
SKU-00236,Rubber Gasket Set,MACHINERY_PARTS,SUP-058,LOC-015,WH-O-BIN-56,25.0,15.0,603.28,2026-04-20,2027-03-19,false
SKU-00238,Dust Mask N95 Pack,CLEANING,SUP-059,LOC-013,WH-M-BIN-58,64.0,20.0,218.87,2026-03-15,,false
SKU-00239,Wooden Pallet Std,MEDICAL,SUP-095,LOC-016,WH-P-BIN-59,84.0,10.0,507.04,2026-01-25,,false
SKU-00240,Steel Shelving Unit,RAW_MATERIALS,SUP-016,LOC-001,WH-A-BIN-60,428.0,0,327.74,2026-05-03,,false
SKU-00241,Hand Truck,CHEMICALS,SUP-035,LOC-007,WH-G-BIN-61,242.0,25.0,755.05,2025-12-29,2027-04-24,false
SKU-00242,Spill Kit 20L,ELECTRONICS,SUP-060,LOC-017,WH-Q-BIN-62,91.0,25.0,398.84,2026-05-11,,false
SKU-00243,Epoxy Resin 1L,FOOD_DRY,SUP-087,Warehouse F,WH-F-BIN-63,316.0,0.0,185.08,2026-02-25,2026-03-14,false
SKU-00244,Chain Block 1T,FOOD_COLD,SUP-002,LOC-002,WH-B-BIN-64,374.0,30.0,165.12,2026-03-03,2026-08-12,false
SKU-00245,Temperature Logger,PACKAGING,SUP-069,LOC-001,WH-A-BIN-65,117.0,0,430.85,2026-02-14,,false
SKU-00246,Anti-Slip Tape Roll,MACHINERY_PARTS,SUP-137,LOC-007,WH-G-BIN-66,207.0,20.0,517.24,2026-02-05,2027-01-26,false
SKU-00247,Welding Rod 3.2mm,PPE,SUP-069,LOC-001,WH-A-BIN-67,132.0,25.0,501.79,2026-01-01,,false
SKU-00248,,CLEANING,SUP-123,LOC-004,WH-D-BIN-68,312.0,25.0,522.73,2026-03-19,,false
SKU-00249,First Aid Refill,MEDICAL,SUP-095,LOC-010,WH-J-BIN-69,381.0,0.0,116.98,2026-03-23,,false
SKU-00250,Racking Beam 2.4m,RAW_MATERIALS,SUP-171,LOC-016,WH-P-BIN-70,296.0,0,349.19,2026-06-18,,false
SKU-00251,Stretch Hood Film,CHEMICALS,SUP-053,Warehouse K,WH-K-BIN-71,94.0,40.0,792.67,2026-01-22,,false
SKU-00252,Load Cell 500kg,ELECTRONICS,SUP-093,LOC-017,WH-Q-BIN-72,124.0,0,445.76,2026-01-14,,false
SKU-00253,,FOOD_DRY,SUP-010,LOC-019,WH-S-BIN-73,328.0,15.0,733.20,2026-01-04,,false
SKU-00254,,FOOD_COLD,SUP-056,LOC-017,WH-Q-BIN-74,24.0,40.0,77.49,2026-02-15,2026-06-04,false
SKU-00255,Battery Charger 24V,PACKAGING,SUP-194,LOC-012,WH-L-BIN-75,442.0,30.0,623.94,2026-01-02,,false
SKU-00256,Mesh Security Cage,MACHINERY_PARTS,SUP-033,LOC-001,WH-A-BIN-76,52.0,20.0,420.16,2026-01-13,,false
SKU-00257,Humidity Sensor Probe,PPE,SUP-104,LOC-002,WH-B-BIN-77,254.0,40.0,76.71,2026-04-10,,false
SKU-00258,Pallet Strap Tool,CLEANING,SUP-148,LOC-019,WH-S-BIN-78,292.0,40.0,579.88,2026-06-03,,false
SKU-00259,Coolant Concentrate,MEDICAL,SUP-060,LOC-001,WH-A-BIN-79,191.0,30.0,123.86,2026-04-03,,false
SKU-00260,Wheel Chock Rubber,RAW_MATERIALS,SUP-145,LOC-012,WH-L-BIN-80,225.0,0.0,459.06,2026-03-11,,false
SKU-00261,Steel Bolt M8,CHEMICALS,SUP-153,LOC-008,WH-H-BIN-01,151.0,30.0,162.45,2026-02-01,,true
SKU-00262,Hydraulic Hose 2in,ELECTRONICS,SUP-107,Warehouse J,WH-J-BIN-02,242.0,20.0,48.45,2026-02-20,2027-03-23,false
SKU-00263,Industrial Solvent 5L,FOOD_DRY,SUP-009,LOC-007,WH-G-BIN-03,96.0,0,589.57,2026-02-26,,false
SKU-00264,Forklift Battery 24V,FOOD_COLD,SUP-098,LOC-007,WH-G-BIN-04,212.0,40.0,526.14,2026-02-27,2027-02-10,false
SKU-00265,,PACKAGING,SUP-185,LOC-007,WH-G-BIN-05,14.0,40.0,215.79,2026-05-02,,false
SKU-00266,Conveyor Belt Patch,MACHINERY_PARTS,SUP-017,LOC-020,WH-T-BIN-06,361.0,25.0,28.64,2026-06-23,,false
SKU-00267,Shrink Wrap Film Roll,PPE,SUP-141,LOC-010,WH-J-BIN-07,240.0,30.0,167.88,2026-05-17,2027-03-09,false
SKU-00268,Label Printer Ribbon,CLEANING,SUP-080,LOC-014,WH-N-BIN-08,493.0,0,457.67,2025-12-31,,false
SKU-00269,Dock Leveler Seal,MEDICAL,SUP-171,LOC-007,WH-G-BIN-09,283.0,25.0,74.91,2026-03-07,,false
SKU-00270,LED Warehouse Light,RAW_MATERIALS,SUP-158,LOC-002,WH-B-BIN-10,31.0,40.0,235.52,2026-01-08,,false
SKU-00271,Nitrile Gloves Box,CHEMICALS,SUP-164,LOC-012,WH-L-BIN-11,12.0,30.0,573.19,2026-03-10,,false
SKU-00272,Pallet Jack Wheel,ELECTRONICS,SUP-077,LOC-019,WH-S-BIN-12,488.0,20.0,188.58,2026-03-05,,false
SKU-00273,Barcode Scanner,FOOD_DRY,SUP-015,LOC-018,WH-R-BIN-13,414.0,40.0,401.94,2026-01-30,,false
SKU-00275,PVC Pipe 50mm,PACKAGING,SUP-100,LOC-011,WH-K-BIN-15,196.0,25.0,639.48,2026-04-09,2027-04-29,false
SKU-00276,,MACHINERY_PARTS,SUP-114,LOC-015,WH-O-BIN-16,323.0,0,781.38,2026-04-16,,false
SKU-00277,Cable Tie Assorted,PPE,SUP-068,LOC-008,WH-H-BIN-17,42.0,20.0,173.03,2026-06-15,,false
SKU-00278,Dust Mask N95 Pack,CLEANING,SUP-041,LOC-013,WH-M-BIN-18,16.0,40.0,457.38,2026-01-25,2026-03-07,false
SKU-00279,Wooden Pallet Std,MEDICAL,SUP-072,LOC-013,WH-M-BIN-19,430.0,25.0,179.39,2026-04-27,,false
SKU-00280,Steel Shelving Unit,RAW_MATERIALS,SUP-065,Warehouse L,WH-L-BIN-20,227.0,30.0,549.45,2026-03-18,2026-09-16,false
SKU-00281,Hand Truck,CHEMICALS,SUP-061,LOC-002,WH-B-BIN-21,17.0,0,336.85,2026-04-12,2026-12-31,true
SKU-00282,Spill Kit 20L,ELECTRONICS,SUP-077,LOC-001,WH-A-BIN-22,430.0,0,368.73,2026-01-27,,false
SKU-00283,Epoxy Resin 1L,FOOD_DRY,SUP-169,LOC-004,WH-D-BIN-23,6.0,40.0,37.34,2026-04-26,2027-01-15,false
SKU-00284,Chain Block 1T,FOOD_COLD,SUP-175,LOC-019,WH-S-BIN-24,377.0,25.0,568.71,2025-12-28,,false
SKU-00285,,PACKAGING,SUP-164,LOC-003,WH-C-BIN-25,482.0,30.0,243.55,2026-04-06,2026-03-11,false
SKU-00286,Anti-Slip Tape Roll,MACHINERY_PARTS,SUP-155,LOC-017,WH-Q-BIN-26,130.0,15.0,572.29,2026-01-07,,false
SKU-00288,Compressed Air Hose,CLEANING,SUP-058,Warehouse D,WH-D-BIN-28,180.0,30.0,22.68,2026-01-26,2026-03-07,false
SKU-00289,First Aid Refill,MEDICAL,SUP-124,LOC-011,WH-K-BIN-29,424.0,15.0,26.87,2026-05-09,,false
SKU-00290,Racking Beam 2.4m,RAW_MATERIALS,SUP-091,LOC-010,WH-J-BIN-30,2.0,21.0,731.64,2026-06-02,,false
SKU-00291,Stretch Hood Film,CHEMICALS,SUP-076,LOC-020,WH-T-BIN-31,310.0,30.0,501.13,2026-03-22,,true
SKU-00292,Load Cell 500kg,ELECTRONICS,SUP-087,Warehouse L,WH-L-BIN-32,4.0,10.0,426.74,2026-06-05,,false
SKU-00293,Dock Bumpers Pair,FOOD_DRY,SUP-111,LOC-017,WH-Q-BIN-33,358.0,0.0,514.32,2026-01-20,,false
SKU-00294,Floor Marking Paint,FOOD_COLD,SUP-153,LOC-005,WH-E-BIN-34,124.0,0.0,679.99,2026-03-24,,false
SKU-00295,Battery Charger 24V,PACKAGING,SUP-126,LOC-001,WH-A-BIN-35,71.0,40.0,167.61,2026-05-21,,false
SKU-00296,Mesh Security Cage,MACHINERY_PARTS,SUP-196,LOC-003,WH-C-BIN-36,163.0,15.0,697.48,2026-04-19,2027-05-10,false
SKU-00297,Humidity Sensor Probe,PPE,SUP-171,LOC-002,WH-B-BIN-37,443.0,10.0,397.83,2026-02-12,2027-03-24,false
SKU-00298,Pallet Strap Tool,CLEANING,SUP-090,LOC-018,WH-R-BIN-38,99.0,25.0,86.76,2025-12-31,2027-02-15,false
SKU-00299,Coolant Concentrate,MEDICAL,SUP-107,LOC-006,WH-F-BIN-39,1.0,30.0,474.34,2026-03-23,2027-02-09,false
SKU-00300,Wheel Chock Rubber,RAW_MATERIALS,SUP-110,LOC-003,WH-C-BIN-40,271.0,20.0,40.36,2026-01-12,2027-03-03,false
SKU-00301,Steel Bolt M8,CHEMICALS,SUP-139,LOC-003,WH-C-BIN-41,3.0,10.0,624.37,2026-01-03,,false
SKU-00302,,ELECTRONICS,SUP-057,LOC-020,WH-T-BIN-42,6.0,15.0,615.65,2026-01-28,,false
SKU-00303,Industrial Solvent 5L,FOOD_DRY,SUP-016,LOC-005,WH-E-BIN-43,4.0,25.0,273.99,2026-03-07,,false
SKU-00304,Forklift Battery 24V,FOOD_COLD,SUP-169,LOC-018,WH-R-BIN-44,278.0,40.0,676.96,2026-01-27,,false
SKU-00305,,PACKAGING,SUP-163,LOC-013,WH-M-BIN-45,312.0,0,288.73,2026-03-29,2026-12-20,false
SKU-00306,Conveyor Belt Patch,MACHINERY_PARTS,SUP-023,LOC-006,WH-F-BIN-46,92.0,10.0,6.70,2026-05-25,,false
SKU-00307,Shrink Wrap Film Roll,PPE,SUP-071,LOC-013,WH-M-BIN-47,72.0,0.0,204.03,2026-03-13,,false
SKU-00308,Label Printer Ribbon,CLEANING,SUP-139,LOC-002,WH-B-BIN-48,58.0,0,643.94,2026-02-04,2026-08-14,false
SKU-00309,Dock Leveler Seal,MEDICAL,SUP-070,LOC-008,WH-H-BIN-49,308.0,25.0,25.81,2026-03-14,,false
SKU-00310,LED Warehouse Light,RAW_MATERIALS,SUP-152,LOC-001,WH-A-BIN-50,435.0,40.0,29.72,2026-05-23,,false
SKU-00311,Nitrile Gloves Box,CHEMICALS,SUP-068,LOC-015,WH-O-BIN-51,223.0,20.0,510.87,2026-03-28,,false
SKU-00312,Pallet Jack Wheel,ELECTRONICS,SUP-125,LOC-002,WH-B-BIN-52,92.0,20.0,532.79,2026-01-08,,false
SKU-00314,Fire Extinguisher 4kg,FOOD_COLD,SUP-092,LOC-020,WH-T-BIN-54,496.0,25.0,144.95,2026-05-08,,false
SKU-00315,PVC Pipe 50mm,PACKAGING,SUP-074,LOC-018,WH-R-BIN-55,227.0,25.0,645.52,2026-05-07,,false
SKU-00316,Rubber Gasket Set,MACHINERY_PARTS,SUP-025,LOC-002,WH-B-BIN-56,500.0,25.0,321.88,2026-02-25,2027-06-13,false
SKU-00317,Cable Tie Assorted,PPE,SUP-173,LOC-010,WH-J-BIN-57,212.0,40.0,109.53,2026-01-01,,false
SKU-00318,Dust Mask N95 Pack,CLEANING,SUP-034,LOC-013,WH-M-BIN-58,432.0,30.0,310.78,2026-02-07,2027-02-10,false
SKU-00319,,MEDICAL,SUP-112,LOC-013,WH-M-BIN-59,9.0,10.0,321.22,2026-02-05,,false
SKU-00321,Hand Truck,CHEMICALS,SUP-124,LOC-014,WH-N-BIN-61,24.0,40.0,597.32,2026-01-01,,true
SKU-00322,Spill Kit 20L,ELECTRONICS,SUP-017,LOC-006,WH-F-BIN-62,440.0,20.0,750.37,2026-04-04,2027-07-28,false
SKU-00323,Epoxy Resin 1L,FOOD_DRY,SUP-071,LOC-005,WH-E-BIN-63,123.0,15.0,665.25,2026-06-25,,false
SKU-00324,Chain Block 1T,FOOD_COLD,SUP-083,LOC-017,WH-Q-BIN-64,448.0,40.0,703.10,2026-03-02,,false
SKU-00325,Temperature Logger,PACKAGING,SUP-028,LOC-006,WH-F-BIN-65,5.0,0,726.74,2026-04-28,2026-05-10,false
SKU-00326,Anti-Slip Tape Roll,MACHINERY_PARTS,SUP-051,LOC-011,WH-K-BIN-66,2.0,26.0,15.29,2026-01-20,,false
SKU-00327,Welding Rod 3.2mm,PPE,SUP-059,LOC-020,WH-T-BIN-67,5.0,20.0,100.62,2026-01-22,,false
SKU-00328,Compressed Air Hose,CLEANING,SUP-038,LOC-003,WH-C-BIN-68,158.0,0,634.68,2026-04-16,2026-09-19,false
SKU-00329,First Aid Refill,MEDICAL,SUP-072,LOC-003,WH-C-BIN-69,35.0,0.0,410.57,2026-04-19,,false
SKU-00330,Racking Beam 2.4m,RAW_MATERIALS,SUP-175,LOC-007,WH-G-BIN-70,345.0,0.0,436.11,2025-12-31,,false
SKU-00331,Stretch Hood Film,CHEMICALS,SUP-012,LOC-010,WH-J-BIN-71,2.0,23.0,175.17,2026-01-17,2026-09-11,false
SKU-00332,Load Cell 500kg,ELECTRONICS,SUP-021,LOC-017,WH-Q-BIN-72,75.0,30.0,454.36,2026-05-18,,false
SKU-00333,Dock Bumpers Pair,FOOD_DRY,SUP-042,LOC-010,WH-J-BIN-73,196.0,25.0,644.82,2026-05-01,,false
SKU-00334,Floor Marking Paint,FOOD_COLD,SUP-093,LOC-011,WH-K-BIN-74,262.0,30.0,278.77,2026-05-24,,false
SKU-00335,Battery Charger 24V,PACKAGING,SUP-055,LOC-014,WH-N-BIN-75,379.0,0.0,157.95,2026-02-19,,false
SKU-00336,Mesh Security Cage,MACHINERY_PARTS,SUP-081,LOC-005,WH-E-BIN-76,171.0,20.0,262.89,2026-06-08,,false
SKU-00337,,PPE,SUP-135,whse o,WH-O-BIN-77,305.0,40.0,787.95,2026-04-22,,false
SKU-00338,,CLEANING,SUP-094,LOC-011,WH-K-BIN-78,303.0,15.0,128.75,2026-04-19,,false
SKU-00339,Coolant Concentrate,MEDICAL,SUP-102,LOC-015,WH-O-BIN-79,242.0,25.0,433.19,2026-02-19,2026-09-29,false
SKU-00340,Wheel Chock Rubber,RAW_MATERIALS,SUP-083,LOC-010,WH-J-BIN-80,376.0,0,105.25,2026-01-16,,false
SKU-00341,Steel Bolt M8,CHEMICALS,SUP-081,LOC-016,WH-P-BIN-01,56.0,15.0,313.24,2026-03-25,,false
SKU-00343,Industrial Solvent 5L,FOOD_DRY,SUP-102,LOC-005,WH-E-BIN-03,68.0,15.0,237.84,2026-06-04,2026-03-10,false
SKU-00344,Forklift Battery 24V,FOOD_COLD,SUP-068,LOC-009,WH-I-BIN-04,21.0,15.0,67.13,2026-04-13,,false
SKU-00345,Safety Gloves L,PACKAGING,SUP-037,LOC-012,WH-L-BIN-05,423.0,30.0,566.85,2026-04-07,,false
SKU-00346,Conveyor Belt Patch,MACHINERY_PARTS,SUP-053,LOC-009,WH-I-BIN-06,55.0,15.0,649.00,2026-01-02,,false
SKU-00347,Shrink Wrap Film Roll,PPE,SUP-059,LOC-012,WH-L-BIN-07,439.0,15.0,361.84,2026-01-17,,false
SKU-00348,Label Printer Ribbon,CLEANING,SUP-158,LOC-014,WH-N-BIN-08,2.0,25.0,243.43,2026-04-11,,false
SKU-00349,Dock Leveler Seal,MEDICAL,SUP-154,LOC-010,WH-J-BIN-09,274.0,0,651.35,2026-03-12,,false
SKU-00350,LED Warehouse Light,RAW_MATERIALS,SUP-188,LOC-003,WH-C-BIN-10,288.0,30.0,323.97,2026-05-23,,false
SKU-00351,Nitrile Gloves Box,CHEMICALS,SUP-094,LOC-004,WH-D-BIN-11,20.0,30.0,782.15,2026-04-30,,false
SKU-00352,Pallet Jack Wheel,ELECTRONICS,SUP-074,LOC-016,WH-P-BIN-12,7.0,30.0,184.83,2026-01-22,2026-10-29,false
SKU-00353,Barcode Scanner,FOOD_DRY,SUP-068,LOC-011,WH-K-BIN-13,40.0,30.0,166.98,2026-05-26,,false
SKU-00354,Fire Extinguisher 4kg,FOOD_COLD,SUP-188,LOC-010,WH-J-BIN-14,469.0,40.0,371.73,2026-02-28,,false
SKU-00355,PVC Pipe 50mm,PACKAGING,SUP-186,LOC-016,WH-P-BIN-15,274.0,0.0,330.08,2026-03-27,2027-02-08,false
SKU-00356,Rubber Gasket Set,MACHINERY_PARTS,SUP-004,LOC-013,WH-M-BIN-16,364.0,10.0,131.32,2026-02-05,,false
SKU-00357,Cable Tie Assorted,PPE,SUP-031,LOC-005,WH-E-BIN-17,112.0,0.0,663.54,2026-05-02,2027-05-19,false
SKU-00358,Dust Mask N95 Pack,CLEANING,SUP-107,LOC-017,WH-Q-BIN-18,5.0,24.0,632.77,2026-01-23,,false
SKU-00359,Wooden Pallet Std,MEDICAL,SUP-051,LOC-007,WH-G-BIN-19,25.0,0.0,469.81,2026-03-07,,false
SKU-00360,Steel Shelving Unit,RAW_MATERIALS,SUP-043,LOC-019,WH-S-BIN-20,26.0,40.0,27.90,2026-04-17,,false
SKU-00361,,CHEMICALS,SUP-091,LOC-018,WH-R-BIN-21,5.0,15.0,798.79,2026-02-12,,false
SKU-00362,Spill Kit 20L,ELECTRONICS,SUP-149,LOC-009,WH-I-BIN-22,17.0,30.0,639.07,2026-03-28,,false
SKU-00363,Epoxy Resin 1L,FOOD_DRY,SUP-040,LOC-004,WH-D-BIN-23,13.0,20.0,546.40,2026-02-24,,false
SKU-00364,Chain Block 1T,FOOD_COLD,SUP-079,LOC-001,WH-A-BIN-24,383.0,30.0,759.85,2026-06-01,,false
SKU-00365,Temperature Logger,PACKAGING,SUP-177,LOC-003,WH-C-BIN-25,392.0,25.0,787.92,2026-02-04,,false
SKU-00366,Anti-Slip Tape Roll,MACHINERY_PARTS,SUP-147,LOC-012,WH-L-BIN-26,8.0,20.0,737.27,2026-05-03,,false
SKU-00367,Welding Rod 3.2mm,PPE,SUP-050,Warehouse N,WH-N-BIN-27,221.0,40.0,370.05,2026-02-12,,false
SKU-00368,Compressed Air Hose,CLEANING,SUP-122,LOC-016,WH-P-BIN-28,207.0,0,59.38,2026-04-07,,false
SKU-00369,First Aid Refill,MEDICAL,SUP-125,LOC-003,WH-C-BIN-29,12.0,20.0,445.21,2026-02-05,,false
SKU-00370,,RAW_MATERIALS,SUP-077,LOC-018,WH-R-BIN-30,241.0,15.0,486.33,2026-01-03,2027-06-02,false
SKU-00371,,CHEMICALS,SUP-104,LOC-016,WH-P-BIN-31,206.0,10.0,67.43,2026-01-20,2026-06-16,true
SKU-00372,Load Cell 500kg,ELECTRONICS,SUP-135,LOC-010,WH-J-BIN-32,177.0,0,202.39,2026-01-18,,false
SKU-00373,Dock Bumpers Pair,FOOD_DRY,SUP-195,LOC-006,WH-F-BIN-33,153.0,0,760.71,2026-06-01,2027-04-20,false
SKU-00374,Floor Marking Paint,FOOD_COLD,SUP-199,LOC-013,WH-M-BIN-34,484.0,0.0,16.80,2026-01-16,,false
SKU-00375,Battery Charger 24V,PACKAGING,SUP-147,LOC-020,WH-T-BIN-35,195.0,10.0,737.87,2026-03-20,,false
SKU-00376,Mesh Security Cage,MACHINERY_PARTS,SUP-157,wh_o,WH-O-BIN-36,215.0,30.0,782.29,2026-01-27,,false
SKU-00377,,PPE,SUP-031,LOC-013,WH-M-BIN-37,4.0,10.0,180.53,2026-05-12,,false
SKU-00378,Pallet Strap Tool,CLEANING,SUP-094,LOC-002,WH-B-BIN-38,428.0,30.0,716.85,2026-03-25,,false
SKU-00379,Coolant Concentrate,MEDICAL,SUP-121,LOC-020,WH-T-BIN-39,360.0,10.0,546.26,2026-01-18,,false
SKU-00380,Wheel Chock Rubber,RAW_MATERIALS,SUP-041,LOC-007,WH-G-BIN-40,468.0,0.0,545.67,2026-04-08,2026-06-11,false
SKU-00381,,CHEMICALS,SUP-025,Warehouse T,WH-T-BIN-41,258.0,0.0,584.67,2026-03-12,,true
SKU-00382,,ELECTRONICS,SUP-109,LOC-019,WH-S-BIN-42,194.0,30.0,513.40,2026-02-05,,false
SKU-00383,Industrial Solvent 5L,FOOD_DRY,SUP-194,LOC-014,WH-N-BIN-43,37.0,10.0,380.48,2026-03-29,,false
SKU-00384,Forklift Battery 24V,FOOD_COLD,SUP-097,LOC-017,WH-Q-BIN-44,461.0,25.0,663.76,2025-12-29,,false
SKU-00385,Safety Gloves L,PACKAGING,SUP-106,Warehouse G,WH-G-BIN-45,159.0,20.0,162.21,2026-02-20,2026-05-08,false
SKU-00386,Conveyor Belt Patch,MACHINERY_PARTS,SUP-127,LOC-013,WH-M-BIN-46,237.0,40.0,316.18,2026-04-19,,false
SKU-00387,Shrink Wrap Film Roll,PPE,SUP-133,LOC-011,WH-K-BIN-47,355.0,25.0,467.53,2026-04-19,,false
SKU-00388,Label Printer Ribbon,CLEANING,SUP-191,Warehouse O,WH-O-BIN-48,198.0,10.0,221.51,2026-03-04,,false
SKU-00389,Dock Leveler Seal,MEDICAL,SUP-082,LOC-009,WH-I-BIN-49,38.0,0,194.59,2026-02-19,2027-01-28,false
SKU-00390,LED Warehouse Light,RAW_MATERIALS,SUP-154,LOC-006,WH-F-BIN-50,22.0,40.0,420.33,2026-03-16,,false
SKU-00391,,CHEMICALS,SUP-059,LOC-011,WH-K-BIN-51,339.0,40.0,225.17,2026-06-17,2027-01-20,false
SKU-00392,Pallet Jack Wheel,ELECTRONICS,SUP-135,LOC-016,WH-P-BIN-52,211.0,10.0,298.76,2026-03-14,,false
SKU-00393,Barcode Scanner,FOOD_DRY,SUP-049,LOC-019,WH-S-BIN-53,389.0,15.0,243.75,2026-02-11,,false
SKU-00395,PVC Pipe 50mm,PACKAGING,SUP-200,LOC-009,WH-I-BIN-55,263.0,10.0,700.63,2026-06-03,,false
SKU-00396,Rubber Gasket Set,MACHINERY_PARTS,SUP-001,LOC-012,WH-L-BIN-56,470.0,40.0,207.54,2026-06-18,,false
SKU-00397,Cable Tie Assorted,PPE,SUP-027,LOC-011,WH-K-BIN-57,430.0,10.0,185.91,2026-02-09,,false
SKU-00399,,MEDICAL,SUP-111,LOC-019,WH-S-BIN-59,123.0,15.0,518.88,2026-04-18,,false
SKU-00400,Steel Shelving Unit,RAW_MATERIALS,SUP-111,LOC-013,WH-M-BIN-60,39.0,40.0,722.94,2026-05-06,,false
SKU-00401,Hand Truck,CHEMICALS,SUP-159,LOC-019,WH-S-BIN-61,20.0,25.0,228.37,2026-06-08,2027-05-16,true
SKU-00402,Spill Kit 20L,ELECTRONICS,SUP-006,LOC-003,WH-C-BIN-62,341.0,15.0,427.59,2026-01-02,2026-03-15,false
SKU-00403,Epoxy Resin 1L,FOOD_DRY,SUP-084,LOC-020,WH-T-BIN-63,220.0,10.0,370.26,2026-02-01,,false
SKU-00404,Chain Block 1T,FOOD_COLD,SUP-052,LOC-016,WH-P-BIN-64,120.0,30.0,212.34,2026-05-01,2026-09-08,false
SKU-00405,Temperature Logger,PACKAGING,SUP-115,LOC-011,WH-K-BIN-65,355.0,0.0,472.85,2026-03-30,,false
SKU-00406,Anti-Slip Tape Roll,MACHINERY_PARTS,SUP-089,LOC-001,WH-A-BIN-66,407.0,40.0,25.14,2026-03-14,2027-03-22,false
SKU-00407,,PPE,SUP-121,LOC-017,WH-Q-BIN-67,241.0,20.0,509.93,2025-12-28,2026-06-15,false
SKU-00408,Compressed Air Hose,CLEANING,SUP-175,LOC-018,WH-R-BIN-68,101.0,0,738.11,2026-05-01,,false
SKU-00409,First Aid Refill,MEDICAL,SUP-029,Warehouse S,WH-S-BIN-69,116.0,15.0,471.42,2026-04-10,,false
SKU-00410,,RAW_MATERIALS,SUP-180,LOC-004,WH-D-BIN-70,126.0,40.0,401.44,2026-06-23,,false
SKU-00411,Stretch Hood Film,CHEMICALS,SUP-178,LOC-011,WH-K-BIN-71,418.0,30.0,503.12,2026-03-14,2026-08-17,false
SKU-00412,Load Cell 500kg,ELECTRONICS,SUP-031,LOC-012,WH-L-BIN-72,439.0,10.0,772.56,2026-02-10,2026-06-21,false
SKU-00413,Dock Bumpers Pair,FOOD_DRY,SUP-195,LOC-007,WH-G-BIN-73,368.0,30.0,410.81,2026-05-06,,false
SKU-00414,Floor Marking Paint,FOOD_COLD,SUP-059,Warehouse A,WH-A-BIN-74,284.0,20.0,693.12,2026-01-08,,false
SKU-00415,Battery Charger 24V,PACKAGING,SUP-177,LOC-010,WH-J-BIN-75,23.0,40.0,384.41,2026-02-14,,false
SKU-00416,Mesh Security Cage,MACHINERY_PARTS,SUP-158,LOC-002,WH-B-BIN-76,8.0,0,197.40,2026-01-07,,false
SKU-00417,Humidity Sensor Probe,PPE,SUP-066,LOC-013,WH-M-BIN-77,398.0,15.0,261.85,2026-01-17,,false
SKU-00418,Pallet Strap Tool,CLEANING,SUP-069,LOC-017,WH-Q-BIN-78,156.0,20.0,721.00,2026-01-26,,false
SKU-00419,Coolant Concentrate,MEDICAL,SUP-007,LOC-007,WH-G-BIN-79,115.0,15.0,710.20,2026-03-06,2026-04-06,false
SKU-00420,Wheel Chock Rubber,RAW_MATERIALS,SUP-183,LOC-001,WH-A-BIN-80,195.0,0.0,625.43,2026-05-25,,false
SKU-00421,Steel Bolt M8,CHEMICALS,SUP-041,LOC-012,WH-L-BIN-01,446.0,15.0,486.43,2026-01-23,2026-06-09,false
SKU-00422,Hydraulic Hose 2in,ELECTRONICS,SUP-098,LOC-013,WH-M-BIN-02,10.0,15.0,287.86,2026-03-15,2026-11-28,false
SKU-00423,Industrial Solvent 5L,FOOD_DRY,SUP-068,LOC-012,WH-L-BIN-03,2.0,10.0,636.29,2026-06-10,,false
SKU-00424,Forklift Battery 24V,FOOD_COLD,SUP-175,LOC-006,WH-F-BIN-04,126.0,25.0,693.37,2026-01-16,2026-06-07,false
SKU-00425,Safety Gloves L,PACKAGING,SUP-092,LOC-020,WH-T-BIN-05,67.0,15.0,104.16,2026-06-05,2026-12-22,false
SKU-00426,,MACHINERY_PARTS,SUP-036,LOC-018,WH-R-BIN-06,39.0,40.0,414.71,2026-06-11,,false
SKU-00427,Shrink Wrap Film Roll,PPE,SUP-136,Warehouse J,WH-J-BIN-07,83.0,0.0,728.22,2026-06-11,2026-05-26,false
SKU-00428,Label Printer Ribbon,CLEANING,SUP-077,LOC-012,WH-L-BIN-08,167.0,30.0,355.89,2026-02-21,,false
SKU-00429,,MEDICAL,SUP-115,LOC-020,WH-T-BIN-09,320.0,15.0,264.95,2026-01-02,2027-07-27,false
SKU-00430,LED Warehouse Light,RAW_MATERIALS,SUP-061,LOC-011,WH-K-BIN-10,28.0,30.0,687.93,2026-05-08,2026-10-08,false
SKU-00431,Nitrile Gloves Box,CHEMICALS,SUP-036,LOC-017,WH-Q-BIN-11,497.0,25.0,765.44,2026-02-16,,true
SKU-00432,Pallet Jack Wheel,ELECTRONICS,SUP-094,LOC-012,WH-L-BIN-12,259.0,40.0,529.78,2026-06-05,,false
SKU-00433,Barcode Scanner,FOOD_DRY,SUP-087,LOC-011,WH-K-BIN-13,41.0,0,582.89,2026-01-18,2027-02-27,false
SKU-00434,Fire Extinguisher 4kg,FOOD_COLD,SUP-078,LOC-011,WH-K-BIN-14,399.0,20.0,272.19,2026-04-11,,false
SKU-00435,PVC Pipe 50mm,PACKAGING,SUP-142,LOC-017,WH-Q-BIN-15,319.0,20.0,590.20,2026-02-15,,false
SKU-00436,Rubber Gasket Set,MACHINERY_PARTS,SUP-035,Warehouse S,WH-S-BIN-16,150.0,40.0,23.36,2026-03-12,2027-01-12,false
SKU-00437,Cable Tie Assorted,PPE,SUP-093,LOC-020,WH-T-BIN-17,421.0,20.0,169.84,2026-04-01,,false
SKU-00438,Dust Mask N95 Pack,CLEANING,SUP-131,LOC-017,WH-Q-BIN-18,3.0,10.0,621.22,2026-04-10,,false
SKU-00439,Wooden Pallet Std,MEDICAL,SUP-197,LOC-015,WH-O-BIN-19,251.0,0.0,460.39,2026-05-10,,false
SKU-00440,,RAW_MATERIALS,SUP-073,Warehouse L,WH-L-BIN-20,33.0,0,589.86,2026-04-23,,false
SKU-00441,Hand Truck,CHEMICALS,SUP-153,LOC-016,WH-P-BIN-21,16.0,0,699.58,2026-03-24,2026-05-20,false
SKU-00442,Spill Kit 20L,ELECTRONICS,SUP-141,LOC-010,WH-J-BIN-22,178.0,0.0,213.59,2026-05-29,,false
SKU-00443,Epoxy Resin 1L,FOOD_DRY,SUP-110,LOC-014,WH-N-BIN-23,121.0,15.0,676.67,2026-05-26,,false
SKU-00444,Chain Block 1T,FOOD_COLD,SUP-085,LOC-005,WH-E-BIN-24,320.0,20.0,621.67,2026-03-07,,false
SKU-00445,,PACKAGING,SUP-068,wh_o,WH-O-BIN-25,395.0,30.0,729.19,2026-05-17,2026-10-13,false
SKU-00446,Anti-Slip Tape Roll,MACHINERY_PARTS,SUP-038,LOC-016,WH-P-BIN-26,267.0,40.0,653.99,2026-05-28,2026-12-17,false
SKU-00447,,PPE,SUP-071,LOC-007,WH-G-BIN-27,274.0,10.0,227.77,2026-03-24,2027-01-15,false
SKU-00448,Compressed Air Hose,CLEANING,SUP-143,LOC-011,WH-K-BIN-28,424.0,15.0,710.41,2026-03-24,,false
SKU-00449,First Aid Refill,MEDICAL,SUP-048,LOC-014,WH-N-BIN-29,237.0,10.0,164.42,2026-01-08,,false
SKU-00450,Racking Beam 2.4m,RAW_MATERIALS,SUP-180,LOC-016,WH-P-BIN-30,411.0,0.0,626.29,2026-03-26,,false
SKU-00451,Stretch Hood Film,CHEMICALS,SUP-078,LOC-001,WH-A-BIN-31,400.0,0.0,607.79,2026-06-12,2027-02-24,true
SKU-00452,Load Cell 500kg,ELECTRONICS,SUP-122,LOC-003,WH-C-BIN-32,209.0,10.0,613.24,2026-06-02,,false
SKU-00453,Dock Bumpers Pair,FOOD_DRY,SUP-117,LOC-019,WH-S-BIN-33,138.0,30.0,623.19,2026-01-19,,false
SKU-00454,Floor Marking Paint,FOOD_COLD,SUP-018,LOC-008,WH-H-BIN-34,368.0,40.0,706.92,2026-02-16,,false
SKU-00455,Battery Charger 24V,PACKAGING,SUP-090,LOC-018,WH-R-BIN-35,6.0,40.0,632.46,2026-02-04,2026-05-09,false
SKU-00456,Mesh Security Cage,MACHINERY_PARTS,SUP-153,LOC-007,WH-G-BIN-36,4.0,10.0,40.69,2026-01-20,2026-12-18,false
SKU-00457,Humidity Sensor Probe,PPE,SUP-176,LOC-007,WH-G-BIN-37,395.0,40.0,195.91,2026-01-26,,false
SKU-00458,,CLEANING,SUP-048,Warehouse B,WH-B-BIN-38,360.0,10.0,359.14,2026-05-13,,false
SKU-00459,Coolant Concentrate,MEDICAL,SUP-144,LOC-003,WH-C-BIN-39,334.0,0,360.94,2026-05-31,,false
SKU-00460,Wheel Chock Rubber,RAW_MATERIALS,SUP-198,LOC-014,WH-N-BIN-40,241.0,25.0,674.97,2026-05-22,,false
SKU-00461,Steel Bolt M8,CHEMICALS,SUP-140,Warehouse A,WH-A-BIN-41,173.0,15.0,349.10,2026-02-22,2027-02-18,true
SKU-00462,,ELECTRONICS,SUP-079,LOC-014,WH-N-BIN-42,15.0,20.0,612.46,2026-02-19,2027-07-11,false
SKU-00463,Industrial Solvent 5L,FOOD_DRY,SUP-112,LOC-020,WH-T-BIN-43,142.0,25.0,76.15,2025-12-30,,false
SKU-00464,Forklift Battery 24V,FOOD_COLD,SUP-122,LOC-018,WH-R-BIN-44,442.0,25.0,250.26,2026-02-11,,false
SKU-00465,Safety Gloves L,PACKAGING,SUP-170,LOC-015,WH-O-BIN-45,176.0,10.0,175.35,2026-01-31,,false
SKU-00466,Conveyor Belt Patch,MACHINERY_PARTS,SUP-181,LOC-020,WH-T-BIN-46,11.0,20.0,250.14,2026-05-20,,false
SKU-00467,Shrink Wrap Film Roll,PPE,SUP-158,LOC-007,WH-G-BIN-47,25.0,20.0,467.50,2026-06-23,,false
SKU-00468,Label Printer Ribbon,CLEANING,SUP-145,LOC-018,WH-R-BIN-48,212.0,0.0,335.80,2026-02-13,,false
SKU-00469,Dock Leveler Seal,MEDICAL,SUP-032,LOC-003,WH-C-BIN-49,9.0,40.0,195.91,2026-01-10,,false
SKU-00470,LED Warehouse Light,RAW_MATERIALS,SUP-069,LOC-005,WH-E-BIN-50,306.0,25.0,167.82,2026-02-21,2027-03-22,false
SKU-00471,Nitrile Gloves Box,CHEMICALS,SUP-199,LOC-018,WH-R-BIN-51,47.0,20.0,332.11,2026-04-09,2027-04-15,false
SKU-00472,Pallet Jack Wheel,ELECTRONICS,SUP-084,LOC-017,WH-Q-BIN-52,276.0,25.0,263.63,2026-03-19,,false
SKU-00473,,FOOD_DRY,SUP-173,LOC-011,WH-K-BIN-53,250.0,0.0,633.06,2026-03-22,,false
SKU-00474,Fire Extinguisher 4kg,FOOD_COLD,SUP-129,whse o,WH-O-BIN-54,307.0,25.0,271.18,2026-05-23,2026-05-11,false
SKU-00475,PVC Pipe 50mm,PACKAGING,SUP-164,LOC-013,WH-M-BIN-55,265.0,40.0,482.12,2026-05-02,,false
SKU-00476,Rubber Gasket Set,MACHINERY_PARTS,SUP-058,LOC-014,WH-N-BIN-56,7.0,15.0,285.40,2026-04-22,,false
SKU-00477,Cable Tie Assorted,PPE,SUP-046,LOC-009,WH-I-BIN-57,51.0,10.0,346.17,2026-04-22,,false
SKU-00478,Dust Mask N95 Pack,CLEANING,SUP-184,LOC-015,WH-O-BIN-58,463.0,10.0,68.09,2026-01-29,2026-05-15,false
SKU-00479,Wooden Pallet Std,MEDICAL,SUP-147,LOC-003,WH-C-BIN-59,197.0,30.0,328.26,2026-01-16,,false
SKU-00480,Steel Shelving Unit,RAW_MATERIALS,SUP-061,LOC-004,WH-D-BIN-60,182.0,15.0,501.47,2026-05-08,2026-09-08,false
SKU-00481,Hand Truck,CHEMICALS,SUP-048,LOC-006,WH-F-BIN-61,308.0,40.0,329.78,2026-05-04,,true
SKU-00482,Spill Kit 20L,ELECTRONICS,SUP-172,LOC-016,WH-P-BIN-62,374.0,30.0,439.28,2026-06-25,2026-11-07,false
SKU-00483,Epoxy Resin 1L,FOOD_DRY,SUP-011,LOC-013,WH-M-BIN-63,429.0,40.0,393.87,2026-06-16,,false
SKU-00484,Chain Block 1T,FOOD_COLD,SUP-039,LOC-012,WH-L-BIN-64,5.0,15.0,524.14,2026-04-11,,false
SKU-00485,Temperature Logger,PACKAGING,SUP-197,LOC-019,WH-S-BIN-65,205.0,25.0,107.90,2026-06-21,2026-03-09,false
SKU-00486,Anti-Slip Tape Roll,MACHINERY_PARTS,SUP-090,LOC-006,WH-F-BIN-66,337.0,30.0,174.02,2026-02-17,,false
SKU-00487,Welding Rod 3.2mm,PPE,SUP-012,LOC-007,WH-G-BIN-67,16.0,20.0,576.20,2026-05-25,,false
SKU-00488,Compressed Air Hose,CLEANING,SUP-011,LOC-008,WH-H-BIN-68,5.0,0,88.77,2026-02-05,,false
SKU-00489,,MEDICAL,SUP-117,LOC-019,WH-S-BIN-69,193.0,20.0,227.45,2026-03-03,,false
SKU-00490,Racking Beam 2.4m,RAW_MATERIALS,SUP-040,LOC-008,WH-H-BIN-70,165.0,0,200.63,2026-06-03,,false
SKU-00492,Load Cell 500kg,ELECTRONICS,SUP-106,LOC-014,WH-N-BIN-72,223.0,20.0,723.65,2026-03-26,2026-09-08,false
SKU-00493,Dock Bumpers Pair,FOOD_DRY,SUP-131,LOC-011,WH-K-BIN-73,234.0,10.0,272.02,2026-03-10,,false
SKU-00494,Floor Marking Paint,FOOD_COLD,SUP-036,LOC-015,WH-O-BIN-74,365.0,10.0,47.84,2026-03-01,,false
SKU-00495,Battery Charger 24V,PACKAGING,SUP-029,LOC-011,WH-K-BIN-75,23.0,10.0,673.90,2026-01-01,,false
SKU-00496,Mesh Security Cage,MACHINERY_PARTS,SUP-141,LOC-014,WH-N-BIN-76,41.0,25.0,765.63,2026-06-07,2026-04-27,false
SKU-00497,Humidity Sensor Probe,PPE,SUP-022,LOC-006,WH-F-BIN-77,25.0,40.0,163.68,2026-05-10,,false
SKU-00498,Pallet Strap Tool,CLEANING,SUP-094,LOC-008,WH-H-BIN-78,4.0,17.0,297.72,2026-02-10,2026-03-07,false
SKU-00499,Coolant Concentrate,MEDICAL,SUP-188,LOC-010,WH-J-BIN-79,378.0,30.0,266.02,2026-06-11,,false
SKU-00500,Wheel Chock Rubber,RAW_MATERIALS,SUP-149,LOC-015,WH-O-BIN-80,4.0,20.0,218.58,2026-03-16,2026-10-09,false
SKU-00001,Steel Bolt M8,CHEMICALS,SUP-106,LOC-009,WH-I-BIN-01,290.0,40.0,591.89,2026-01-30,,true
SKU-00002,,ELECTRONICS,SUP-078,Warehouse B,WH-B-BIN-02,458.0,10.0,245.22,2026-02-16,,false
SKU-00003,Industrial Solvent 5L,FOOD_DRY,SUP-200,LOC-002,WH-B-BIN-03,8.0,20.0,293.29,2026-04-23,,false
SKU-00004,Forklift Battery 24V,FOOD_COLD,SUP-107,LOC-008,WH-H-BIN-04,411.0,0,295.91,2026-04-09,,false
SKU-00005,Safety Gloves L,PACKAGING,SUP-120,LOC-007,WH-G-BIN-05,37.0,40.0,97.38,2026-04-19,,false
SKU-00006,,MACHINERY_PARTS,SUP-116,LOC-008,WH-H-BIN-06,36.0,25.0,10.56,2026-04-17,,false
SKU-00007,Shrink Wrap Film Roll,PPE,SUP-016,LOC-015,WH-O-BIN-07,3.0,10.0,644.38,2026-05-02,,false
SKU-00008,Label Printer Ribbon,CLEANING,SUP-191,LOC-019,WH-S-BIN-08,67.0,25.0,305.78,2026-05-29,,false
SKU-00010,LED Warehouse Light,RAW_MATERIALS,SUP-114,LOC-020,WH-T-BIN-10,38.0,20.0,190.93,2025-12-31,,false
SKU-00011,Nitrile Gloves Box,CHEMICALS,SUP-062,LOC-019,WH-S-BIN-11,410.0,0,577.44,2026-01-26,,true
SKU-00012,Pallet Jack Wheel,ELECTRONICS,SUP-156,LOC-013,WH-M-BIN-12,2.0,25.0,301.88,2026-01-12,,false
SKU-00014,Fire Extinguisher 4kg,FOOD_COLD,SUP-155,Warehouse Q,WH-Q-BIN-14,438.0,40.0,563.96,2026-01-15,,false
SKU-00015,PVC Pipe 50mm,PACKAGING,SUP-091,LOC-010,WH-J-BIN-15,96.0,0.0,374.73,2026-01-07,2027-01-30,false
SKU-00016,Rubber Gasket Set,MACHINERY_PARTS,SUP-098,LOC-016,WH-P-BIN-16,5.0,22.0,704.83,2026-04-04,2027-04-27,false
SKU-00017,Cable Tie Assorted,PPE,SUP-038,LOC-014,WH-N-BIN-17,8.0,40.0,329.71,2026-05-24,,false
SKU-00018,Dust Mask N95 Pack,CLEANING,SUP-190,LOC-013,WH-M-BIN-18,7.0,0,23.06,2026-01-21,2026-09-24,false
SKU-00019,Wooden Pallet Std,MEDICAL,SUP-112,LOC-008,WH-H-BIN-19,21.0,0.0,675.76,2026-06-25,2026-05-21,false
SKU-00020,Steel Shelving Unit,RAW_MATERIALS,SUP-018,LOC-018,WH-R-BIN-20,13.0,40.0,326.16,2026-05-13,,false
SKU-00021,Hand Truck,CHEMICALS,SUP-007,LOC-017,WH-Q-BIN-21,495.0,20.0,370.54,2026-02-20,,false
SKU-00022,Spill Kit 20L,ELECTRONICS,SUP-022,LOC-002,WH-B-BIN-22,363.0,0,105.29,2026-05-31,,false
SKU-00023,Epoxy Resin 1L,FOOD_DRY,SUP-145,LOC-004,WH-D-BIN-23,238.0,20.0,322.18,2026-03-06,,false
SKU-00024,Chain Block 1T,FOOD_COLD,SUP-126,LOC-001,WH-A-BIN-24,123.0,25.0,451.22,2026-05-28,,false
SKU-00025,Temperature Logger,PACKAGING,SUP-043,LOC-019,WH-S-BIN-25,38.0,15.0,776.81,2026-03-23,,false
SKU-00026,Anti-Slip Tape Roll,MACHINERY_PARTS,SUP-062,LOC-013,WH-M-BIN-26,494.0,0.0,368.73,2026-04-14,,false
SKU-00027,Welding Rod 3.2mm,PPE,SUP-172,Warehouse Q,WH-Q-BIN-27,109.0,30.0,86.46,2026-02-26,2026-05-11,false
SKU-00028,Compressed Air Hose,CLEANING,SUP-185,LOC-009,WH-I-BIN-28,233.0,30.0,441.70,2026-05-28,,false
SKU-00029,First Aid Refill,MEDICAL,SUP-187,LOC-016,WH-P-BIN-29,154.0,25.0,362.00,2026-04-25,,false
SKU-00032,Load Cell 500kg,ELECTRONICS,SUP-168,LOC-011,WH-K-BIN-32,177.0,30.0,463.79,2026-02-25,,false
SKU-00033,Dock Bumpers Pair,FOOD_DRY,SUP-046,LOC-004,WH-D-BIN-33,94.0,20.0,51.14,2026-03-20,,false
SKU-00034,Floor Marking Paint,FOOD_COLD,SUP-110,LOC-009,WH-I-BIN-34,25.0,0,455.74,2026-01-27,2026-09-09,false
SKU-00036,,MACHINERY_PARTS,SUP-095,LOC-007,WH-G-BIN-36,11.0,15.0,444.98,2026-02-03,2026-03-20,false
SKU-00037,Humidity Sensor Probe,PPE,SUP-011,LOC-007,WH-G-BIN-37,348.0,20.0,579.51,2026-02-23,,false
SKU-00038,Pallet Strap Tool,CLEANING,SUP-060,LOC-012,WH-L-BIN-38,188.0,15.0,44.50,2026-01-23,,false
SKU-00039,Coolant Concentrate,MEDICAL,SUP-199,LOC-009,WH-I-BIN-39,271.0,30.0,127.80,2026-01-25,2027-05-07,false
SKU-00040,,RAW_MATERIALS,SUP-051,LOC-019,WH-S-BIN-40,401.0,20.0,133.83,2026-05-24,,false
SKU-00041,Steel Bolt M8,CHEMICALS,SUP-149,Warehouse E,WH-E-BIN-41,62.0,15.0,724.72,2026-06-23,,false
SKU-00042,Hydraulic Hose 2in,ELECTRONICS,SUP-167,LOC-019,WH-S-BIN-42,371.0,20.0,606.91,2026-01-11,,false
SKU-00043,Industrial Solvent 5L,FOOD_DRY,SUP-081,LOC-002,WH-B-BIN-43,266.0,20.0,676.34,2026-06-05,,false
SKU-00044,Forklift Battery 24V,FOOD_COLD,SUP-077,LOC-015,WH-O-BIN-44,57.0,15.0,256.77,2026-03-28,2027-06-19,false
SKU-00045,Safety Gloves L,PACKAGING,SUP-129,LOC-008,WH-H-BIN-45,22.0,40.0,114.30,2026-02-28,2027-05-22,false
SKU-00046,Conveyor Belt Patch,MACHINERY_PARTS,SUP-013,LOC-006,WH-F-BIN-46,159.0,30.0,562.06,2026-03-22,2027-05-24,false
SKU-00047,Shrink Wrap Film Roll,PPE,SUP-165,LOC-015,WH-O-BIN-47,9.0,20.0,326.74,2026-03-21,,false
SKU-00048,,CLEANING,SUP-002,LOC-015,WH-O-BIN-48,286.0,0.0,607.70,2026-04-28,,false
SKU-00049,Dock Leveler Seal,MEDICAL,SUP-165,LOC-019,WH-S-BIN-49,156.0,20.0,55.83,2026-04-10,2026-03-26,false
SKU-00051,Nitrile Gloves Box,CHEMICALS,SUP-122,Warehouse S,WH-S-BIN-51,9.0,20.0,87.23,2026-02-11,2026-07-26,false
SKU-00052,,ELECTRONICS,SUP-140,LOC-017,WH-Q-BIN-52,334.0,40.0,92.67,2026-05-17,,false
SKU-00053,Barcode Scanner,FOOD_DRY,SUP-063,LOC-019,WH-S-BIN-53,249.0,0,637.67,2026-01-14,,false
SKU-00054,Fire Extinguisher 4kg,FOOD_COLD,SUP-026,LOC-003,WH-C-BIN-54,186.0,10.0,241.06,2026-03-23,2026-06-01,false
SKU-00055,PVC Pipe 50mm,PACKAGING,SUP-014,LOC-013,WH-M-BIN-55,67.0,40.0,746.55,2026-01-01,,false
SKU-00056,,MACHINERY_PARTS,SUP-099,LOC-006,WH-F-BIN-56,174.0,15.0,334.15,2026-05-15,,false
SKU-00057,,PPE,SUP-046,LOC-001,WH-A-BIN-57,445.0,10.0,567.94,2026-05-13,,false
SKU-00058,Dust Mask N95 Pack,CLEANING,SUP-170,LOC-005,WH-E-BIN-58,311.0,15.0,601.10,2026-04-23,,false
SKU-00059,Wooden Pallet Std,MEDICAL,SUP-059,LOC-010,WH-J-BIN-59,217.0,20.0,500.13,2026-03-30,2026-03-15,false
SKU-00060,Steel Shelving Unit,RAW_MATERIALS,SUP-121,LOC-009,WH-I-BIN-60,45.0,40.0,637.29,2026-04-23,2026-06-19,false
SKU-00061,,CHEMICALS,SUP-135,LOC-019,WH-S-BIN-61,6.0,13.0,61.50,2026-01-15,,false
SKU-00062,Spill Kit 20L,ELECTRONICS,SUP-190,LOC-003,WH-C-BIN-62,20.0,15.0,391.11,2026-03-15,,false
SKU-00063,Epoxy Resin 1L,FOOD_DRY,SUP-099,LOC-003,WH-C-BIN-63,41.0,30.0,664.34,2026-02-10,,false
SKU-00065,Temperature Logger,PACKAGING,SUP-050,LOC-004,WH-D-BIN-65,7.0,15.0,114.10,2026-03-30,,false
SKU-00066,Anti-Slip Tape Roll,MACHINERY_PARTS,SUP-018,Warehouse T,WH-T-BIN-66,483.0,20.0,95.03,2026-01-11,,false
SKU-00067,Welding Rod 3.2mm,PPE,SUP-026,LOC-020,WH-T-BIN-67,211.0,40.0,563.70,2026-05-11,,false
SKU-00068,Compressed Air Hose,CLEANING,SUP-152,LOC-010,WH-J-BIN-68,10.0,15.0,83.91,2026-04-14,,false
SKU-00069,First Aid Refill,MEDICAL,SUP-147,LOC-006,WH-F-BIN-69,486.0,30.0,228.83,2026-06-04,,false
SKU-00070,Racking Beam 2.4m,RAW_MATERIALS,SUP-132,LOC-007,WH-G-BIN-70,375.0,20.0,465.23,2026-04-14,,false
SKU-00071,Stretch Hood Film,CHEMICALS,SUP-106,LOC-006,WH-F-BIN-71,4.0,0,26.36,2026-03-02,,true
SKU-00072,Load Cell 500kg,ELECTRONICS,SUP-039,LOC-002,WH-B-BIN-72,337.0,10.0,349.80,2026-02-17,,false
SKU-00073,Dock Bumpers Pair,FOOD_DRY,SUP-134,LOC-017,WH-Q-BIN-73,226.0,0,119.21,2026-05-09,2027-04-29,false
SKU-00074,Floor Marking Paint,FOOD_COLD,SUP-032,LOC-020,WH-T-BIN-74,358.0,15.0,486.12,2026-05-30,,false
SKU-00075,Battery Charger 24V,PACKAGING,SUP-080,LOC-014,WH-N-BIN-75,375.0,20.0,252.06,2026-05-18,,false
SKU-00076,Mesh Security Cage,MACHINERY_PARTS,SUP-144,Warehouse D,WH-D-BIN-76,33.0,40.0,706.37,2026-05-01,2027-01-03,false
SKU-00077,Humidity Sensor Probe,PPE,SUP-092,LOC-004,WH-D-BIN-77,444.0,25.0,190.19,2026-05-10,,false
SKU-00078,Pallet Strap Tool,CLEANING,SUP-065,LOC-018,WH-R-BIN-78,26.0,40.0,588.35,2026-04-22,,false
SKU-00079,Coolant Concentrate,MEDICAL,SUP-045,LOC-013,WH-M-BIN-79,264.0,25.0,128.16,2026-05-21,,false
SKU-00080,Wheel Chock Rubber,RAW_MATERIALS,SUP-064,LOC-011,WH-K-BIN-80,407.0,0.0,353.93,2026-06-15,,false
SKU-00081,Steel Bolt M8,CHEMICALS,SUP-122,LOC-015,WH-O-BIN-01,35.0,25.0,159.93,2026-01-14,,false
SKU-00083,Industrial Solvent 5L,FOOD_DRY,SUP-127,LOC-018,WH-R-BIN-03,381.0,40.0,376.87,2026-06-12,,false
SKU-00085,Safety Gloves L,PACKAGING,SUP-125,LOC-016,WH-P-BIN-05,8.0,30.0,674.58,2026-06-12,,false
SKU-00086,,MACHINERY_PARTS,SUP-062,LOC-001,WH-A-BIN-06,131.0,0.0,297.56,2026-06-07,,false
SKU-00087,Shrink Wrap Film Roll,PPE,SUP-177,LOC-001,WH-A-BIN-07,436.0,40.0,733.95,2026-04-14,,false
SKU-00088,Label Printer Ribbon,CLEANING,SUP-036,LOC-015,WH-O-BIN-08,12.0,20.0,791.05,2026-01-25,2027-07-02,false
SKU-00090,LED Warehouse Light,RAW_MATERIALS,SUP-125,LOC-006,WH-F-BIN-10,242.0,0.0,188.68,2026-02-04,,false
SKU-00091,Nitrile Gloves Box,CHEMICALS,SUP-180,LOC-011,WH-K-BIN-11,132.0,15.0,636.44,2026-02-15,,false
SKU-00093,Barcode Scanner,FOOD_DRY,SUP-172,LOC-007,WH-G-BIN-13,105.0,40.0,413.75,2026-02-23,,false
SKU-00094,,FOOD_COLD,SUP-071,LOC-002,WH-B-BIN-14,353.0,0,619.07,2026-04-27,,false
SKU-00095,PVC Pipe 50mm,PACKAGING,SUP-134,LOC-003,WH-C-BIN-15,328.0,30.0,580.92,2026-01-02,,false
SKU-00096,Rubber Gasket Set,MACHINERY_PARTS,SUP-152,LOC-019,WH-S-BIN-16,4.0,15.0,375.13,2026-06-11,,false
SKU-00097,Cable Tie Assorted,PPE,SUP-002,Warehouse L,WH-L-BIN-17,260.0,0.0,301.22,2026-02-03,2027-03-28,false
SKU-00098,Dust Mask N95 Pack,CLEANING,SUP-199,LOC-018,WH-R-BIN-18,309.0,20.0,730.53,2026-05-06,,false
SKU-00099,Wooden Pallet Std,MEDICAL,SUP-117,LOC-012,WH-L-BIN-19,278.0,25.0,191.67,2026-06-23,2026-08-31,false
SKU-00100,Steel Shelving Unit,RAW_MATERIALS,SUP-149,Warehouse K,WH-K-BIN-20,57.0,20.0,592.40,2026-04-15,,false
SKU-00101,Hand Truck,CHEMICALS,SUP-042,LOC-006,WH-F-BIN-21,318.0,20.0,659.93,2026-06-17,,false
SKU-00102,Spill Kit 20L,ELECTRONICS,SUP-018,LOC-020,WH-T-BIN-22,14.0,20.0,89.57,2026-05-31,,false
SKU-00103,Epoxy Resin 1L,FOOD_DRY,SUP-153,LOC-001,WH-A-BIN-23,274.0,25.0,645.74,2026-03-08,,false
SKU-00105,Temperature Logger,PACKAGING,SUP-188,LOC-012,WH-L-BIN-25,25.0,30.0,394.01,2026-02-18,2026-08-28,false
SKU-00106,Anti-Slip Tape Roll,MACHINERY_PARTS,SUP-037,LOC-005,WH-E-BIN-26,14.0,15.0,629.90,2026-02-26,,false
SKU-00107,Welding Rod 3.2mm,PPE,SUP-182,LOC-002,WH-B-BIN-27,472.0,15.0,91.41,2026-02-13,2027-05-01,false
SKU-00108,Compressed Air Hose,CLEANING,SUP-113,LOC-003,WH-C-BIN-28,474.0,10.0,580.93,2026-04-28,,false
SKU-00109,First Aid Refill,MEDICAL,SUP-079,LOC-012,WH-L-BIN-29,246.0,40.0,112.94,2026-05-26,,false
SKU-00110,Racking Beam 2.4m,RAW_MATERIALS,SUP-042,LOC-003,WH-C-BIN-30,403.0,25.0,713.14,2026-05-01,2027-04-06,false
SKU-00111,Stretch Hood Film,CHEMICALS,SUP-023,LOC-003,WH-C-BIN-31,330.0,20.0,85.91,2026-06-21,,false
SKU-00112,Load Cell 500kg,ELECTRONICS,SUP-104,LOC-017,WH-Q-BIN-32,7.0,15.0,776.92,2026-04-20,,false
SKU-00113,Dock Bumpers Pair,FOOD_DRY,SUP-007,LOC-001,WH-A-BIN-33,436.0,15.0,335.15,2026-02-05,2027-07-21,false
SKU-00114,Floor Marking Paint,FOOD_COLD,SUP-184,LOC-012,WH-L-BIN-34,1.0,10.0,245.03,2026-04-22,,false
SKU-00115,Battery Charger 24V,PACKAGING,SUP-140,LOC-001,WH-A-BIN-35,249.0,10.0,340.84,2026-02-05,,false
SKU-00117,Humidity Sensor Probe,PPE,SUP-165,LOC-015,WH-O-BIN-37,2.0,19.0,689.78,2026-06-23,,false
SKU-00118,Pallet Strap Tool,CLEANING,SUP-171,LOC-007,WH-G-BIN-38,30.0,15.0,206.14,2026-05-04,,false
SKU-00119,,MEDICAL,SUP-079,LOC-010,WH-J-BIN-39,6.0,15.0,644.22,2026-04-11,2026-06-20,false
SKU-00120,Wheel Chock Rubber,RAW_MATERIALS,SUP-001,LOC-013,WH-M-BIN-40,26.0,10.0,294.38,2026-03-01,2027-01-14,false
SKU-00121,Steel Bolt M8,CHEMICALS,SUP-078,LOC-019,WH-S-BIN-41,44.0,15.0,548.34,2026-05-24,,false
SKU-00122,Hydraulic Hose 2in,ELECTRONICS,SUP-092,LOC-020,WH-T-BIN-42,406.0,25.0,392.32,2026-06-06,2026-09-07,false
SKU-00123,Industrial Solvent 5L,FOOD_DRY,SUP-196,LOC-017,WH-Q-BIN-43,476.0,30.0,572.82,2026-03-01,,false
SKU-00124,Forklift Battery 24V,FOOD_COLD,SUP-109,LOC-016,WH-P-BIN-44,396.0,25.0,385.35,2026-01-08,2027-04-08,false
SKU-00125,Safety Gloves L,PACKAGING,SUP-033,LOC-003,WH-C-BIN-45,129.0,0.0,180.12,2026-03-01,,false
SKU-00126,Conveyor Belt Patch,MACHINERY_PARTS,SUP-011,LOC-006,WH-F-BIN-46,279.0,20.0,95.29,2026-04-22,2026-05-10,false
SKU-00127,Shrink Wrap Film Roll,PPE,SUP-088,LOC-011,WH-K-BIN-47,276.0,40.0,516.87,2026-03-01,,false
SKU-00128,Label Printer Ribbon,CLEANING,SUP-072,LOC-008,WH-H-BIN-48,295.0,10.0,779.64,2026-01-08,,false
SKU-00129,Dock Leveler Seal,MEDICAL,SUP-200,LOC-013,WH-M-BIN-49,392.0,20.0,87.34,2026-02-21,,false
SKU-00130,,RAW_MATERIALS,SUP-131,LOC-011,WH-K-BIN-50,19.0,20.0,510.77,2026-04-25,,false
SKU-00131,Nitrile Gloves Box,CHEMICALS,SUP-185,LOC-013,WH-M-BIN-51,36.0,15.0,154.59,2026-04-26,,false
SKU-00132,Pallet Jack Wheel,ELECTRONICS,SUP-021,LOC-015,WH-O-BIN-52,308.0,40.0,183.87,2026-04-06,2026-05-04,false
SKU-00133,Barcode Scanner,FOOD_DRY,SUP-117,LOC-014,WH-N-BIN-53,91.0,10.0,61.61,2026-03-27,,false
SKU-00134,Fire Extinguisher 4kg,FOOD_COLD,SUP-118,LOC-007,WH-G-BIN-54,356.0,30.0,278.40,2026-01-02,2026-03-03,false
SKU-00135,PVC Pipe 50mm,PACKAGING,SUP-185,LOC-012,WH-L-BIN-55,406.0,20.0,607.94,2026-06-16,,false
SKU-00136,,MACHINERY_PARTS,SUP-195,LOC-015,WH-O-BIN-56,382.0,30.0,774.21,2026-02-11,,false
SKU-00137,Cable Tie Assorted,PPE,SUP-151,LOC-018,WH-R-BIN-57,349.0,15.0,639.65,2026-06-17,,false
SKU-00138,Dust Mask N95 Pack,CLEANING,SUP-117,LOC-002,WH-B-BIN-58,91.0,0.0,19.29,2026-01-18,2026-05-21,false
SKU-00139,Wooden Pallet Std,MEDICAL,SUP-127,Warehouse J,WH-J-BIN-59,54.0,0.0,86.31,2026-03-04,,false
SKU-00140,Steel Shelving Unit,RAW_MATERIALS,SUP-172,LOC-012,WH-L-BIN-60,295.0,25.0,754.20,2026-06-20,,false
SKU-00141,Hand Truck,CHEMICALS,SUP-142,LOC-010,WH-J-BIN-61,229.0,25.0,220.19,2026-03-07,,true
SKU-00142,Spill Kit 20L,ELECTRONICS,SUP-077,LOC-010,WH-J-BIN-62,5.0,28.0,93.75,2026-06-21,,false
SKU-00143,Epoxy Resin 1L,FOOD_DRY,SUP-129,LOC-004,WH-D-BIN-63,258.0,25.0,621.69,2025-12-30,2027-03-20,false
SKU-00144,Chain Block 1T,FOOD_COLD,SUP-169,LOC-010,WH-J-BIN-64,134.0,20.0,109.41,2026-03-21,2026-05-25,false
SKU-00145,Temperature Logger,PACKAGING,SUP-198,LOC-014,WH-N-BIN-65,309.0,30.0,206.58,2026-01-03,,false
SKU-00146,Anti-Slip Tape Roll,MACHINERY_PARTS,SUP-194,LOC-002,WH-B-BIN-66,347.0,15.0,411.71,2026-05-31,,false
SKU-00147,Welding Rod 3.2mm,PPE,SUP-114,LOC-015,WH-O-BIN-67,324.0,30.0,115.90,2026-03-14,,false
SKU-00149,First Aid Refill,MEDICAL,SUP-120,LOC-010,WH-J-BIN-69,164.0,10.0,544.71,2026-06-10,,false
SKU-00150,Racking Beam 2.4m,RAW_MATERIALS,SUP-131,LOC-003,WH-C-BIN-70,413.0,25.0,738.02,2025-12-31,2026-12-08,false
SKU-00151,Stretch Hood Film,CHEMICALS,SUP-096,Warehouse M,WH-M-BIN-71,281.0,10.0,66.38,2026-02-24,,true
SKU-00152,Load Cell 500kg,ELECTRONICS,SUP-070,LOC-008,WH-H-BIN-72,482.0,15.0,125.34,2026-03-20,,false
SKU-00153,Dock Bumpers Pair,FOOD_DRY,SUP-076,LOC-016,WH-P-BIN-73,436.0,10.0,305.19,2026-04-06,,false
SKU-00154,Floor Marking Paint,FOOD_COLD,SUP-167,LOC-003,WH-C-BIN-74,99.0,40.0,207.75,2026-01-13,2026-05-13,false
SKU-00157,Humidity Sensor Probe,PPE,SUP-008,Warehouse E,WH-E-BIN-77,25.0,25.0,467.28,2026-06-12,,false
SKU-00158,Pallet Strap Tool,CLEANING,SUP-093,LOC-002,WH-B-BIN-78,5.0,18.0,627.77,2026-03-05,,false
SKU-00159,Coolant Concentrate,MEDICAL,SUP-192,LOC-008,WH-H-BIN-79,207.0,0,254.14,2026-03-09,,false
SKU-00160,Wheel Chock Rubber,RAW_MATERIALS,SUP-032,LOC-004,WH-D-BIN-80,6.0,29.0,217.57,2026-05-20,,false
SKU-00161,Steel Bolt M8,CHEMICALS,SUP-180,LOC-014,WH-N-BIN-01,293.0,0,351.99,2026-04-05,,false
SKU-00162,Hydraulic Hose 2in,ELECTRONICS,SUP-103,Warehouse E,WH-E-BIN-02,85.0,30.0,217.23,2026-01-20,2026-09-18,false
SKU-00164,Forklift Battery 24V,FOOD_COLD,SUP-009,LOC-010,WH-J-BIN-04,4.0,15.0,185.53,2026-03-28,,false
SKU-00165,Safety Gloves L,PACKAGING,SUP-015,LOC-017,WH-Q-BIN-05,125.0,40.0,700.96,2026-05-13,,false
SKU-00166,Conveyor Belt Patch,MACHINERY_PARTS,SUP-133,LOC-017,WH-Q-BIN-06,8.0,10.0,573.43,2026-02-15,,false
SKU-00167,,PPE,SUP-150,LOC-003,WH-C-BIN-07,471.0,40.0,289.85,2026-04-11,,false
SKU-00168,Label Printer Ribbon,CLEANING,SUP-092,LOC-005,WH-E-BIN-08,163.0,15.0,203.98,2026-04-16,,false
SKU-00170,LED Warehouse Light,RAW_MATERIALS,SUP-151,LOC-009,WH-I-BIN-10,37.0,15.0,8.95,2026-01-31,2027-03-05,false
SKU-00171,,CHEMICALS,SUP-131,LOC-018,WH-R-BIN-11,219.0,15.0,537.93,2026-03-24,,false
SKU-00172,Pallet Jack Wheel,ELECTRONICS,SUP-128,LOC-007,WH-G-BIN-12,323.0,0,282.61,2026-01-10,,false
SKU-00173,Barcode Scanner,FOOD_DRY,SUP-168,LOC-010,WH-J-BIN-13,2.0,14.0,204.82,2026-02-26,,false
SKU-00174,Fire Extinguisher 4kg,FOOD_COLD,SUP-093,LOC-006,WH-F-BIN-14,434.0,0,36.73,2026-03-06,,false
SKU-00175,,PACKAGING,SUP-147,LOC-002,WH-B-BIN-15,334.0,0.0,595.05,2026-02-26,2027-06-14,false
SKU-00176,Rubber Gasket Set,MACHINERY_PARTS,SUP-113,LOC-001,WH-A-BIN-16,93.0,30.0,635.62,2026-02-23,,false
SKU-00177,Cable Tie Assorted,PPE,SUP-052,LOC-010,WH-J-BIN-17,371.0,10.0,298.64,2026-01-10,2026-06-09,false
SKU-00178,Dust Mask N95 Pack,CLEANING,SUP-192,LOC-008,WH-H-BIN-18,374.0,40.0,478.79,2026-02-10,,false
SKU-00179,Wooden Pallet Std,MEDICAL,SUP-069,LOC-009,WH-I-BIN-19,255.0,0,195.75,2026-06-02,,false
SKU-00180,Steel Shelving Unit,RAW_MATERIALS,SUP-152,LOC-016,WH-P-BIN-20,311.0,0,246.42,2025-12-29,,false
SKU-00181,Hand Truck,CHEMICALS,SUP-183,LOC-012,WH-L-BIN-21,201.0,0,140.29,2026-05-07,,false
SKU-00182,Spill Kit 20L,ELECTRONICS,SUP-182,LOC-016,WH-P-BIN-22,167.0,0.0,352.68,2026-05-29,,false
SKU-00183,Epoxy Resin 1L,FOOD_DRY,SUP-059,LOC-017,WH-Q-BIN-23,11.0,15.0,480.56,2026-05-03,2026-11-12,false
SKU-00184,Chain Block 1T,FOOD_COLD,SUP-171,LOC-013,WH-M-BIN-24,263.0,15.0,217.96,2026-06-18,,false
SKU-00185,Temperature Logger,PACKAGING,SUP-011,LOC-009,WH-I-BIN-25,392.0,20.0,66.45,2026-02-04,,false
SKU-00186,Anti-Slip Tape Roll,MACHINERY_PARTS,SUP-060,LOC-013,WH-M-BIN-26,60.0,30.0,750.30,2026-05-23,,false
SKU-00187,Welding Rod 3.2mm,PPE,SUP-184,LOC-018,WH-R-BIN-27,25.0,30.0,272.13,2026-03-26,,false
SKU-00188,Compressed Air Hose,CLEANING,SUP-135,LOC-006,WH-F-BIN-28,89.0,40.0,386.25,2026-04-17,,false
SKU-00189,,MEDICAL,SUP-053,LOC-006,WH-F-BIN-29,127.0,30.0,184.93,2026-01-13,,false
SKU-00190,,RAW_MATERIALS,SUP-050,wh_o,WH-O-BIN-30,29.0,0,616.25,2026-01-28,2027-02-25,false
SKU-00191,Stretch Hood Film,CHEMICALS,SUP-021,LOC-006,WH-F-BIN-31,1.0,14.0,605.76,2026-06-08,,true
SKU-00192,Load Cell 500kg,ELECTRONICS,SUP-179,LOC-009,WH-I-BIN-32,217.0,30.0,777.06,2026-03-30,,false
SKU-00193,Dock Bumpers Pair,FOOD_DRY,SUP-128,Warehouse G,WH-G-BIN-33,204.0,10.0,286.16,2026-06-24,2026-08-08,false
SKU-00194,,FOOD_COLD,SUP-146,Warehouse R,WH-R-BIN-34,15.0,30.0,455.54,2026-03-25,,false
SKU-00195,Battery Charger 24V,PACKAGING,SUP-122,LOC-002,WH-B-BIN-35,127.0,30.0,723.84,2026-05-30,,false
SKU-00196,,MACHINERY_PARTS,SUP-157,LOC-005,WH-E-BIN-36,118.0,25.0,414.72,2026-06-12,2027-01-01,false
SKU-00197,Humidity Sensor Probe,PPE,SUP-176,Warehouse F,WH-F-BIN-37,252.0,40.0,663.91,2025-12-29,,false
SKU-00198,Pallet Strap Tool,CLEANING,SUP-135,LOC-001,WH-A-BIN-38,230.0,15.0,378.71,2026-05-12,2026-06-18,false
SKU-00199,Coolant Concentrate,MEDICAL,SUP-144,LOC-001,WH-A-BIN-39,341.0,40.0,676.53,2026-04-15,2027-05-21,false
SKU-00200,Wheel Chock Rubber,RAW_MATERIALS,SUP-047,LOC-012,WH-L-BIN-40,325.0,0,618.40,2026-05-23,,false
SKU-00201,Steel Bolt M8,CHEMICALS,SUP-054,LOC-008,WH-H-BIN-41,436.0,0,499.82,2026-02-27,,false
SKU-00202,,ELECTRONICS,SUP-118,Warehouse D,WH-D-BIN-42,248.0,20.0,158.90,2026-02-04,2026-06-04,false
SKU-00203,,FOOD_DRY,SUP-138,Warehouse Q,WH-Q-BIN-43,426.0,10.0,227.84,2026-06-08,2026-04-09,false
SKU-00204,Forklift Battery 24V,FOOD_COLD,SUP-087,LOC-015,WH-O-BIN-44,106.0,10.0,746.34,2026-06-13,2026-11-16,false
SKU-00205,Safety Gloves L,PACKAGING,SUP-132,LOC-015,WH-O-BIN-45,299.0,40.0,625.53,2026-04-03,,false
SKU-00207,Shrink Wrap Film Roll,PPE,SUP-087,LOC-018,WH-R-BIN-47,320.0,0,36.39,2026-01-18,,false
SKU-00208,,CLEANING,SUP-046,LOC-015,WH-O-BIN-48,220.0,15.0,357.36,2026-02-17,,false
SKU-00209,Dock Leveler Seal,MEDICAL,SUP-087,LOC-014,WH-N-BIN-49,296.0,10.0,33.41,2026-04-29,,false
SKU-00210,,RAW_MATERIALS,SUP-070,LOC-018,WH-R-BIN-50,359.0,0.0,208.88,2026-03-15,2026-03-29,false
SKU-00211,Nitrile Gloves Box,CHEMICALS,SUP-028,LOC-005,WH-E-BIN-51,468.0,25.0,484.61,2026-05-05,,false
SKU-00212,Pallet Jack Wheel,ELECTRONICS,SUP-028,LOC-010,WH-J-BIN-52,421.0,25.0,303.37,2026-04-21,,false
SKU-00213,Barcode Scanner,FOOD_DRY,SUP-114,LOC-002,WH-B-BIN-53,477.0,30.0,451.78,2025-12-29,,false
SKU-00214,Fire Extinguisher 4kg,FOOD_COLD,SUP-137,LOC-012,WH-L-BIN-54,248.0,20.0,70.66,2026-03-16,2026-03-21,false
SKU-00215,PVC Pipe 50mm,PACKAGING,SUP-118,LOC-014,WH-N-BIN-55,97.0,40.0,500.60,2026-01-09,2027-03-12,false
SKU-00216,Rubber Gasket Set,MACHINERY_PARTS,SUP-116,LOC-019,WH-S-BIN-56,332.0,30.0,59.84,2026-05-16,,false
SKU-00217,Cable Tie Assorted,PPE,SUP-148,LOC-009,WH-I-BIN-57,469.0,15.0,541.28,2026-01-24,,false
SKU-00218,,CLEANING,SUP-038,LOC-017,WH-Q-BIN-58,146.0,20.0,4.19,2026-06-15,2027-03-08,false
SKU-00219,Wooden Pallet Std,MEDICAL,SUP-161,LOC-016,WH-P-BIN-59,122.0,30.0,670.73,2026-03-22,2026-04-21,false
SKU-00221,Hand Truck,CHEMICALS,SUP-111,LOC-006,WH-F-BIN-61,482.0,40.0,619.22,2026-04-30,,false
SKU-00222,Spill Kit 20L,ELECTRONICS,SUP-121,LOC-006,WH-F-BIN-62,195.0,15.0,713.04,2026-05-09,,false
SKU-00223,Epoxy Resin 1L,FOOD_DRY,SUP-040,LOC-003,WH-C-BIN-63,6.0,24.0,280.44,2026-01-26,,false
SKU-00224,Chain Block 1T,FOOD_COLD,SUP-095,LOC-004,WH-D-BIN-64,92.0,15.0,305.76,2026-06-24,,false
SKU-00225,Temperature Logger,PACKAGING,SUP-139,LOC-019,WH-S-BIN-65,390.0,0,393.90,2026-02-08,,false
SKU-00226,Anti-Slip Tape Roll,MACHINERY_PARTS,SUP-105,LOC-007,WH-G-BIN-66,14.0,40.0,728.21,2026-06-07,2026-03-02,false
SKU-00227,Welding Rod 3.2mm,PPE,SUP-164,LOC-008,WH-H-BIN-67,193.0,25.0,348.08,2026-02-08,,false
SKU-00228,Compressed Air Hose,CLEANING,SUP-158,LOC-009,WH-I-BIN-68,328.0,40.0,354.07,2026-06-18,,false
SKU-00229,First Aid Refill,MEDICAL,SUP-012,LOC-016,WH-P-BIN-69,9.0,25.0,630.17,2026-04-23,2026-12-15,false
SKU-00230,Racking Beam 2.4m,RAW_MATERIALS,SUP-009,wh_o,WH-O-BIN-70,421.0,10.0,529.06,2026-04-07,,false
SKU-00231,Stretch Hood Film,CHEMICALS,SUP-051,LOC-010,WH-J-BIN-71,306.0,25.0,678.38,2026-03-20,,true
SKU-00232,Load Cell 500kg,ELECTRONICS,SUP-112,LOC-015,WH-O-BIN-72,6.0,0,640.39,2026-06-24,,false
SKU-00234,Floor Marking Paint,FOOD_COLD,SUP-129,LOC-012,WH-L-BIN-74,5.0,25.0,400.58,2026-06-08,,false
SKU-00235,Battery Charger 24V,PACKAGING,SUP-044,LOC-009,WH-I-BIN-75,279.0,25.0,581.18,2026-01-22,2026-09-19,false
SKU-00238,Pallet Strap Tool,CLEANING,SUP-054,LOC-014,WH-N-BIN-78,152.0,40.0,110.81,2026-04-30,,false
SKU-00239,Coolant Concentrate,MEDICAL,SUP-150,LOC-019,WH-S-BIN-79,430.0,0.0,99.89,2026-02-01,,false
SKU-00240,Wheel Chock Rubber,RAW_MATERIALS,SUP-004,LOC-001,WH-A-BIN-80,377.0,25.0,7.36,2026-04-17,2027-07-17,false
SKU-00241,Steel Bolt M8,CHEMICALS,SUP-067,LOC-017,WH-Q-BIN-01,199.0,0.0,291.98,2026-01-06,,true
SKU-00243,Industrial Solvent 5L,FOOD_DRY,SUP-100,LOC-013,WH-M-BIN-03,171.0,0,462.23,2026-05-31,,false
SKU-00244,Forklift Battery 24V,FOOD_COLD,SUP-176,LOC-013,WH-M-BIN-04,398.0,0.0,736.66,2026-01-06,,false
SKU-00245,Safety Gloves L,PACKAGING,SUP-193,LOC-015,WH-O-BIN-05,224.0,0.0,309.12,2026-04-22,,false
SKU-00246,Conveyor Belt Patch,MACHINERY_PARTS,SUP-101,LOC-016,WH-P-BIN-06,307.0,0,590.44,2026-03-30,2026-04-01,false
SKU-00247,Shrink Wrap Film Roll,PPE,SUP-151,Warehouse E,WH-E-BIN-07,179.0,25.0,292.28,2026-04-13,2027-04-03,false
SKU-00248,Label Printer Ribbon,CLEANING,SUP-160,LOC-019,WH-S-BIN-08,285.0,30.0,391.15,2026-05-20,,false
SKU-00249,Dock Leveler Seal,MEDICAL,SUP-093,LOC-015,WH-O-BIN-09,399.0,20.0,550.18,2026-02-04,,false
SKU-00250,LED Warehouse Light,RAW_MATERIALS,SUP-178,LOC-012,WH-L-BIN-10,232.0,0,375.00,2026-01-03,,false
SKU-00251,Nitrile Gloves Box,CHEMICALS,SUP-166,LOC-008,WH-H-BIN-11,241.0,30.0,113.47,2026-03-11,2027-03-28,false
SKU-00252,Pallet Jack Wheel,ELECTRONICS,SUP-052,LOC-014,WH-N-BIN-12,39.0,30.0,46.38,2026-06-03,2026-11-29,false
SKU-00253,Barcode Scanner,FOOD_DRY,SUP-179,LOC-018,WH-R-BIN-13,310.0,15.0,717.68,2026-05-29,,false
SKU-00254,Fire Extinguisher 4kg,FOOD_COLD,SUP-131,LOC-004,WH-D-BIN-14,12.0,20.0,275.82,2026-02-18,,false
SKU-00255,PVC Pipe 50mm,PACKAGING,SUP-096,LOC-011,WH-K-BIN-15,376.0,15.0,276.20,2026-04-16,,false
SKU-00256,Rubber Gasket Set,MACHINERY_PARTS,SUP-106,LOC-007,WH-G-BIN-16,254.0,30.0,419.58,2026-04-05,,false
SKU-00257,Cable Tie Assorted,PPE,SUP-116,LOC-003,WH-C-BIN-17,470.0,30.0,740.49,2026-01-08,,false
SKU-00258,Dust Mask N95 Pack,CLEANING,SUP-085,LOC-008,WH-H-BIN-18,223.0,20.0,701.66,2026-01-08,,false
SKU-00259,,MEDICAL,SUP-139,LOC-007,WH-G-BIN-19,432.0,40.0,351.02,2026-04-22,,false
SKU-00260,Steel Shelving Unit,RAW_MATERIALS,SUP-119,LOC-003,WH-C-BIN-20,293.0,0,723.36,2025-12-30,,false
SKU-00261,,CHEMICALS,SUP-154,LOC-004,WH-D-BIN-21,403.0,0,588.50,2026-05-23,,true
SKU-00262,Spill Kit 20L,ELECTRONICS,SUP-155,LOC-014,WH-N-BIN-22,344.0,20.0,315.88,2026-01-01,2026-11-03,false
SKU-00263,Epoxy Resin 1L,FOOD_DRY,SUP-073,LOC-018,WH-R-BIN-23,240.0,15.0,367.14,2026-03-06,2027-05-24,false
SKU-00264,Chain Block 1T,FOOD_COLD,SUP-145,LOC-016,WH-P-BIN-24,449.0,40.0,106.63,2026-02-19,2026-07-28,false
SKU-00265,Temperature Logger,PACKAGING,SUP-156,LOC-003,WH-C-BIN-25,49.0,0.0,576.80,2026-01-03,,false
SKU-00266,Anti-Slip Tape Roll,MACHINERY_PARTS,SUP-003,LOC-005,WH-E-BIN-26,296.0,15.0,101.11,2026-03-24,2026-09-29,false
SKU-00267,Welding Rod 3.2mm,PPE,SUP-147,Warehouse C,WH-C-BIN-27,344.0,10.0,138.87,2026-04-08,,false
SKU-00268,Compressed Air Hose,CLEANING,SUP-107,LOC-009,WH-I-BIN-28,7.0,40.0,175.22,2026-04-26,,false
SKU-00270,Racking Beam 2.4m,RAW_MATERIALS,SUP-010,LOC-012,WH-L-BIN-30,99.0,30.0,259.78,2026-01-04,,false
SKU-00271,Stretch Hood Film,CHEMICALS,SUP-024,LOC-018,WH-R-BIN-31,27.0,20.0,755.63,2026-01-24,,false
SKU-00272,,ELECTRONICS,SUP-017,LOC-010,WH-J-BIN-32,160.0,0,227.90,2026-04-10,2026-03-04,false
SKU-00273,Dock Bumpers Pair,FOOD_DRY,SUP-193,LOC-007,WH-G-BIN-33,45.0,20.0,597.01,2026-05-02,,false
SKU-00274,Floor Marking Paint,FOOD_COLD,SUP-048,LOC-008,WH-H-BIN-34,47.0,30.0,487.26,2026-02-26,,false
SKU-00275,Battery Charger 24V,PACKAGING,SUP-036,LOC-001,WH-A-BIN-35,158.0,20.0,11.60,2026-02-22,,false
SKU-00277,Humidity Sensor Probe,PPE,SUP-045,LOC-018,WH-R-BIN-37,366.0,15.0,105.12,2026-02-20,,false
SKU-00278,Pallet Strap Tool,CLEANING,SUP-162,LOC-016,WH-P-BIN-38,132.0,40.0,319.47,2026-03-05,,false
SKU-00279,Coolant Concentrate,MEDICAL,SUP-114,LOC-005,WH-E-BIN-39,263.0,20.0,741.55,2026-04-13,,false
SKU-00280,Wheel Chock Rubber,RAW_MATERIALS,SUP-025,wh_o,WH-O-BIN-40,485.0,15.0,547.31,2026-01-28,,false
SKU-00281,Steel Bolt M8,CHEMICALS,SUP-198,LOC-007,WH-G-BIN-41,401.0,30.0,42.70,2026-05-21,2027-07-23,false
SKU-00282,,ELECTRONICS,SUP-016,LOC-012,WH-L-BIN-42,70.0,0,510.00,2026-01-31,,false
SKU-00284,Forklift Battery 24V,FOOD_COLD,SUP-121,LOC-006,WH-F-BIN-44,457.0,30.0,265.79,2026-05-10,,false
SKU-00285,Safety Gloves L,PACKAGING,SUP-115,LOC-010,WH-J-BIN-45,116.0,25.0,665.41,2026-01-22,,false
SKU-00286,,MACHINERY_PARTS,SUP-012,LOC-020,WH-T-BIN-46,250.0,0,278.62,2026-04-24,2027-03-09,false
SKU-00287,,PPE,SUP-179,LOC-019,WH-S-BIN-47,205.0,0.0,642.03,2026-06-04,2026-12-20,false
SKU-00288,Label Printer Ribbon,CLEANING,SUP-108,LOC-003,WH-C-BIN-48,115.0,40.0,565.55,2026-01-09,2026-02-27,false
SKU-00289,Dock Leveler Seal,MEDICAL,SUP-154,LOC-011,WH-K-BIN-49,5.0,10.0,701.49,2026-03-17,2026-12-01,false
SKU-00290,LED Warehouse Light,RAW_MATERIALS,SUP-075,LOC-009,WH-I-BIN-50,127.0,20.0,635.92,2026-01-26,,false
SKU-00291,Nitrile Gloves Box,CHEMICALS,SUP-065,LOC-003,WH-C-BIN-51,100.0,15.0,505.97,2026-02-27,,false
SKU-00292,Pallet Jack Wheel,ELECTRONICS,SUP-114,LOC-006,WH-F-BIN-52,387.0,25.0,39.47,2026-01-16,,false
SKU-00293,Barcode Scanner,FOOD_DRY,SUP-115,LOC-017,WH-Q-BIN-53,183.0,0,176.20,2026-02-07,,false
SKU-00294,Fire Extinguisher 4kg,FOOD_COLD,SUP-056,LOC-012,WH-L-BIN-54,1.0,10.0,170.94,2026-05-21,,false
SKU-00295,PVC Pipe 50mm,PACKAGING,SUP-132,LOC-011,WH-K-BIN-55,460.0,40.0,708.00,2026-04-14,,false
SKU-00296,,MACHINERY_PARTS,SUP-095,LOC-013,WH-M-BIN-56,6.0,30.0,371.09,2026-06-18,,false
SKU-00297,Cable Tie Assorted,PPE,SUP-075,LOC-008,WH-H-BIN-57,431.0,20.0,656.40,2026-03-27,2026-12-19,false
SKU-00298,Dust Mask N95 Pack,CLEANING,SUP-136,LOC-014,WH-N-BIN-58,500.0,20.0,599.35,2026-05-05,2026-05-19,false
SKU-00299,Wooden Pallet Std,MEDICAL,SUP-031,LOC-011,WH-K-BIN-59,180.0,25.0,56.25,2026-02-14,,false
SKU-00301,Hand Truck,CHEMICALS,SUP-102,LOC-016,WH-P-BIN-61,365.0,30.0,730.67,2026-03-13,,true
SKU-00302,Spill Kit 20L,ELECTRONICS,SUP-004,LOC-014,WH-N-BIN-62,422.0,10.0,184.48,2026-04-30,,false
SKU-00303,Epoxy Resin 1L,FOOD_DRY,SUP-191,LOC-015,WH-O-BIN-63,13.0,20.0,510.67,2026-06-03,,false
SKU-00304,Chain Block 1T,FOOD_COLD,SUP-145,LOC-001,WH-A-BIN-64,114.0,15.0,272.13,2026-02-23,,false
SKU-00305,Temperature Logger,PACKAGING,SUP-163,LOC-019,WH-S-BIN-65,449.0,20.0,318.41,2026-06-14,2027-03-31,false
SKU-00306,Anti-Slip Tape Roll,MACHINERY_PARTS,SUP-018,LOC-009,WH-I-BIN-66,93.0,20.0,677.31,2026-06-14,2027-06-07,false
SKU-00307,Welding Rod 3.2mm,PPE,SUP-020,LOC-018,WH-R-BIN-67,424.0,15.0,99.24,2026-01-18,,false
SKU-00308,Compressed Air Hose,CLEANING,SUP-093,LOC-007,WH-G-BIN-68,13.0,40.0,296.69,2026-06-03,2027-06-17,false
SKU-00309,,MEDICAL,SUP-146,LOC-010,WH-J-BIN-69,9.0,25.0,347.15,2026-01-11,2026-03-14,false
SKU-00310,Racking Beam 2.4m,RAW_MATERIALS,SUP-085,LOC-019,WH-S-BIN-70,9.0,15.0,528.07,2026-01-08,,false
SKU-00311,Stretch Hood Film,CHEMICALS,SUP-193,LOC-010,WH-J-BIN-71,226.0,25.0,405.61,2026-04-07,2027-03-07,true
SKU-00312,Load Cell 500kg,ELECTRONICS,SUP-101,Warehouse N,WH-N-BIN-72,331.0,25.0,548.06,2026-06-24,,false
SKU-00313,Dock Bumpers Pair,FOOD_DRY,SUP-163,LOC-019,WH-S-BIN-73,127.0,20.0,595.24,2026-06-21,,false
SKU-00314,Floor Marking Paint,FOOD_COLD,SUP-084,LOC-017,WH-Q-BIN-74,14.0,20.0,149.12,2026-03-20,,false
SKU-00315,,PACKAGING,SUP-193,LOC-019,WH-S-BIN-75,94.0,0.0,588.06,2026-05-16,2027-03-12,false
SKU-00317,Humidity Sensor Probe,PPE,SUP-184,LOC-010,WH-J-BIN-77,471.0,0.0,569.86,2026-02-24,,false
SKU-00318,Pallet Strap Tool,CLEANING,SUP-187,LOC-002,WH-B-BIN-78,158.0,40.0,194.29,2026-01-13,,false
SKU-00319,Coolant Concentrate,MEDICAL,SUP-111,LOC-009,WH-I-BIN-79,12.0,25.0,480.40,2026-03-19,,false
SKU-00320,Wheel Chock Rubber,RAW_MATERIALS,SUP-140,LOC-003,WH-C-BIN-80,213.0,10.0,440.02,2026-02-12,,false
SKU-00321,Steel Bolt M8,CHEMICALS,SUP-121,LOC-017,WH-Q-BIN-01,106.0,30.0,205.35,2026-06-21,,false
SKU-00322,,ELECTRONICS,SUP-093,LOC-020,WH-T-BIN-02,286.0,10.0,640.40,2026-04-28,,false
SKU-00323,Industrial Solvent 5L,FOOD_DRY,SUP-070,LOC-010,WH-J-BIN-03,455.0,10.0,189.80,2026-05-31,,false
SKU-00324,Forklift Battery 24V,FOOD_COLD,SUP-064,LOC-018,WH-R-BIN-04,19.0,30.0,337.82,2026-06-08,,false
SKU-00325,Safety Gloves L,PACKAGING,SUP-166,Warehouse E,WH-E-BIN-05,424.0,0.0,775.62,2026-04-23,,false
SKU-00326,Conveyor Belt Patch,MACHINERY_PARTS,SUP-142,LOC-020,WH-T-BIN-06,3.0,15.0,173.62,2026-02-17,2027-02-08,false
SKU-00327,Shrink Wrap Film Roll,PPE,SUP-047,LOC-012,WH-L-BIN-07,23.0,10.0,174.57,2026-05-07,2026-10-11,false
SKU-00328,Label Printer Ribbon,CLEANING,SUP-102,LOC-008,WH-H-BIN-08,409.0,40.0,5.89,2026-02-04,,false
SKU-00329,Dock Leveler Seal,MEDICAL,SUP-021,LOC-006,WH-F-BIN-09,4.0,15.0,342.30,2026-05-09,,false
SKU-00330,LED Warehouse Light,RAW_MATERIALS,SUP-029,LOC-002,WH-B-BIN-10,338.0,15.0,758.97,2026-05-31,2026-03-09,false
SKU-00331,Nitrile Gloves Box,CHEMICALS,SUP-125,LOC-015,WH-O-BIN-11,183.0,0,8.23,2026-06-24,,false
SKU-00332,Pallet Jack Wheel,ELECTRONICS,SUP-164,LOC-019,WH-S-BIN-12,8.0,22.0,707.09,2026-05-12,,false
SKU-00333,Barcode Scanner,FOOD_DRY,SUP-080,LOC-010,WH-J-BIN-13,142.0,30.0,727.92,2026-02-22,,false
SKU-00335,PVC Pipe 50mm,PACKAGING,SUP-081,LOC-003,WH-C-BIN-15,388.0,20.0,781.14,2026-06-11,2027-03-21,false
SKU-00336,Rubber Gasket Set,MACHINERY_PARTS,SUP-116,LOC-018,WH-R-BIN-16,88.0,10.0,675.33,2026-06-12,2026-08-11,false
SKU-00337,Cable Tie Assorted,PPE,SUP-160,LOC-002,WH-B-BIN-17,356.0,15.0,746.61,2026-05-05,2027-05-01,false
SKU-00338,Dust Mask N95 Pack,CLEANING,SUP-161,LOC-010,WH-J-BIN-18,310.0,40.0,305.59,2026-01-02,2026-09-21,false
SKU-00339,Wooden Pallet Std,MEDICAL,SUP-007,LOC-001,WH-A-BIN-19,460.0,20.0,62.71,2026-04-27,,false
SKU-00340,Steel Shelving Unit,RAW_MATERIALS,SUP-175,LOC-005,WH-E-BIN-20,406.0,40.0,290.03,2026-01-09,,false
SKU-00341,Hand Truck,CHEMICALS,SUP-042,LOC-002,WH-B-BIN-21,7.0,10.0,233.53,2026-02-10,,false
SKU-00342,Spill Kit 20L,ELECTRONICS,SUP-043,LOC-007,WH-G-BIN-22,272.0,25.0,321.91,2026-02-16,,false
SKU-00343,Epoxy Resin 1L,FOOD_DRY,SUP-029,LOC-004,WH-D-BIN-23,241.0,0.0,430.54,2026-05-22,,false
SKU-00344,Chain Block 1T,FOOD_COLD,SUP-002,LOC-020,WH-T-BIN-24,4.0,0,603.70,2026-03-07,,false
SKU-00345,Temperature Logger,PACKAGING,SUP-060,LOC-015,WH-O-BIN-25,1.0,29.0,645.92,2026-03-31,2027-07-12,false
SKU-00346,,MACHINERY_PARTS,SUP-165,LOC-007,WH-G-BIN-26,31.0,0.0,159.51,2026-01-21,,false
SKU-00347,Welding Rod 3.2mm,PPE,SUP-072,LOC-017,WH-Q-BIN-27,6.0,10.0,4.10,2026-04-20,,false
SKU-00348,Compressed Air Hose,CLEANING,SUP-082,LOC-017,WH-Q-BIN-28,300.0,15.0,187.68,2026-02-18,,false
SKU-00349,First Aid Refill,MEDICAL,SUP-065,LOC-017,WH-Q-BIN-29,251.0,25.0,448.19,2026-04-28,2026-06-25,false
SKU-00350,Racking Beam 2.4m,RAW_MATERIALS,SUP-167,LOC-001,WH-A-BIN-30,221.0,25.0,408.93,2026-04-04,,false
SKU-00351,Stretch Hood Film,CHEMICALS,SUP-184,LOC-011,WH-K-BIN-31,63.0,10.0,476.76,2026-03-04,2027-06-19,true
SKU-00352,Load Cell 500kg,ELECTRONICS,SUP-141,LOC-005,WH-E-BIN-32,14.0,15.0,106.09,2026-03-25,,false
SKU-00353,Dock Bumpers Pair,FOOD_DRY,SUP-024,LOC-004,WH-D-BIN-33,4.0,18.0,157.97,2026-03-19,2026-03-03,false
SKU-00354,Floor Marking Paint,FOOD_COLD,SUP-008,LOC-018,WH-R-BIN-34,473.0,10.0,144.66,2026-06-15,2026-06-22,false
SKU-00355,Battery Charger 24V,PACKAGING,SUP-081,LOC-013,WH-M-BIN-35,53.0,10.0,684.98,2026-02-24,,false
SKU-00356,Mesh Security Cage,MACHINERY_PARTS,SUP-185,LOC-003,WH-C-BIN-36,7.0,0,649.97,2026-03-05,,false
SKU-00357,Humidity Sensor Probe,PPE,SUP-112,LOC-019,WH-S-BIN-37,304.0,0,132.50,2026-04-21,,false
SKU-00358,Pallet Strap Tool,CLEANING,SUP-115,Warehouse B,WH-B-BIN-38,358.0,40.0,548.42,2026-04-23,,false
SKU-00359,Coolant Concentrate,MEDICAL,SUP-169,LOC-018,WH-R-BIN-39,81.0,30.0,657.11,2026-04-01,2026-12-13,false
SKU-00360,Wheel Chock Rubber,RAW_MATERIALS,SUP-128,LOC-014,WH-N-BIN-40,375.0,0.0,468.41,2026-03-31,,false
SKU-00361,,CHEMICALS,SUP-069,LOC-005,WH-E-BIN-41,224.0,30.0,632.54,2026-03-02,2026-10-12,false
SKU-00362,,ELECTRONICS,SUP-020,LOC-011,WH-K-BIN-42,465.0,25.0,533.05,2026-02-03,2026-10-12,false
SKU-00364,,FOOD_COLD,SUP-059,LOC-012,WH-L-BIN-44,251.0,20.0,110.52,2026-05-08,,false
SKU-00365,Safety Gloves L,PACKAGING,SUP-016,LOC-005,WH-E-BIN-45,489.0,30.0,426.63,2026-02-11,,false
SKU-00366,Conveyor Belt Patch,MACHINERY_PARTS,SUP-143,LOC-019,WH-S-BIN-46,421.0,25.0,782.82,2026-05-13,,false
SKU-00367,Shrink Wrap Film Roll,PPE,SUP-156,LOC-020,WH-T-BIN-47,130.0,15.0,548.20,2026-06-21,,false
SKU-00368,Label Printer Ribbon,CLEANING,SUP-180,LOC-006,WH-F-BIN-48,35.0,20.0,321.91,2026-03-09,,false
SKU-00369,Dock Leveler Seal,MEDICAL,SUP-183,LOC-007,WH-G-BIN-49,429.0,30.0,230.23,2026-05-22,,false
SKU-00370,LED Warehouse Light,RAW_MATERIALS,SUP-064,LOC-015,WH-O-BIN-50,305.0,30.0,542.27,2026-05-23,,false
SKU-00371,Nitrile Gloves Box,CHEMICALS,SUP-155,LOC-008,WH-H-BIN-51,303.0,10.0,134.49,2026-05-17,,false
SKU-00372,Pallet Jack Wheel,ELECTRONICS,SUP-058,LOC-011,WH-K-BIN-52,140.0,0.0,505.35,2026-06-11,,false
SKU-00374,Fire Extinguisher 4kg,FOOD_COLD,SUP-050,LOC-014,WH-N-BIN-54,158.0,15.0,108.29,2026-03-22,,false
SKU-00375,PVC Pipe 50mm,PACKAGING,SUP-177,LOC-013,WH-M-BIN-55,150.0,15.0,171.00,2026-05-13,2027-02-23,false
SKU-00376,Rubber Gasket Set,MACHINERY_PARTS,SUP-143,LOC-017,WH-Q-BIN-56,113.0,0,228.08,2026-04-18,,false
SKU-00379,Wooden Pallet Std,MEDICAL,SUP-053,LOC-010,WH-J-BIN-59,466.0,20.0,272.95,2026-01-29,2027-03-22,false
SKU-00380,Steel Shelving Unit,RAW_MATERIALS,SUP-076,LOC-009,WH-I-BIN-60,190.0,30.0,66.68,2026-02-04,,false
SKU-00381,Hand Truck,CHEMICALS,SUP-184,LOC-018,WH-R-BIN-61,111.0,0,405.52,2026-03-24,,true
SKU-00382,Spill Kit 20L,ELECTRONICS,SUP-029,LOC-020,WH-T-BIN-62,485.0,0,140.56,2026-04-22,,false
SKU-00383,Epoxy Resin 1L,FOOD_DRY,SUP-074,LOC-013,WH-M-BIN-63,320.0,15.0,204.04,2026-05-04,,false
SKU-00384,Chain Block 1T,FOOD_COLD,SUP-055,LOC-011,WH-K-BIN-64,484.0,0,612.21,2026-01-31,,false
SKU-00385,Temperature Logger,PACKAGING,SUP-093,LOC-004,WH-D-BIN-65,8.0,15.0,785.29,2026-01-10,2027-01-30,false
SKU-00386,,MACHINERY_PARTS,SUP-136,LOC-003,WH-C-BIN-66,458.0,15.0,718.35,2026-06-13,2027-07-12,false
SKU-00387,Welding Rod 3.2mm,PPE,SUP-120,LOC-011,WH-K-BIN-67,474.0,0.0,798.12,2026-06-19,,false
SKU-00388,Compressed Air Hose,CLEANING,SUP-024,LOC-017,WH-Q-BIN-68,148.0,15.0,594.74,2026-02-09,,false
SKU-00389,First Aid Refill,MEDICAL,SUP-044,LOC-013,WH-M-BIN-69,125.0,20.0,736.89,2026-01-15,,false
SKU-00391,Stretch Hood Film,CHEMICALS,SUP-108,LOC-014,WH-N-BIN-71,400.0,40.0,502.07,2026-04-24,2027-05-26,false
SKU-00392,Load Cell 500kg,ELECTRONICS,SUP-156,LOC-010,WH-J-BIN-72,471.0,10.0,416.06,2026-02-20,,false
SKU-00393,Dock Bumpers Pair,FOOD_DRY,SUP-180,LOC-020,WH-T-BIN-73,38.0,40.0,679.90,2026-04-18,2026-06-16,false
SKU-00394,Floor Marking Paint,FOOD_COLD,SUP-022,LOC-015,WH-O-BIN-74,4.0,20.0,112.76,2026-05-08,,false
SKU-00395,Battery Charger 24V,PACKAGING,SUP-107,LOC-003,WH-C-BIN-75,20.0,10.0,133.72,2026-01-18,2027-03-29,false
SKU-00396,Mesh Security Cage,MACHINERY_PARTS,SUP-107,LOC-018,WH-R-BIN-76,460.0,0.0,49.94,2026-03-17,2026-10-22,false
SKU-00397,Humidity Sensor Probe,PPE,SUP-068,LOC-003,WH-C-BIN-77,379.0,40.0,680.67,2026-01-18,,false
SKU-00398,Pallet Strap Tool,CLEANING,SUP-196,LOC-013,WH-M-BIN-78,336.0,25.0,405.19,2026-04-20,,false
SKU-00399,,MEDICAL,SUP-009,LOC-006,WH-F-BIN-79,2.0,10.0,207.40,2026-06-22,,false
SKU-00400,Wheel Chock Rubber,RAW_MATERIALS,SUP-058,LOC-016,WH-P-BIN-80,7.0,0,295.83,2026-02-13,,false
SKU-00401,Steel Bolt M8,CHEMICALS,SUP-190,Warehouse K,WH-K-BIN-01,382.0,30.0,528.44,2025-12-29,,false
SKU-00402,,ELECTRONICS,SUP-180,LOC-016,WH-P-BIN-02,331.0,0.0,400.13,2026-01-29,2027-01-02,false
SKU-00404,Forklift Battery 24V,FOOD_COLD,SUP-165,LOC-020,WH-T-BIN-04,454.0,30.0,376.30,2026-01-16,,false
SKU-00405,Safety Gloves L,PACKAGING,SUP-011,LOC-004,WH-D-BIN-05,320.0,20.0,84.49,2026-06-24,,false
SKU-00406,Conveyor Belt Patch,MACHINERY_PARTS,SUP-059,LOC-009,WH-I-BIN-06,48.0,30.0,594.18,2026-05-22,,false
SKU-00407,,PPE,SUP-092,Warehouse Q,WH-Q-BIN-07,302.0,0.0,341.58,2026-06-22,,false
SKU-00409,Dock Leveler Seal,MEDICAL,SUP-092,LOC-007,WH-G-BIN-09,366.0,20.0,262.67,2026-06-05,2027-03-31,false
SKU-00410,LED Warehouse Light,RAW_MATERIALS,SUP-023,LOC-006,WH-F-BIN-10,65.0,10.0,304.99,2026-01-09,2026-10-04,false
SKU-00411,Nitrile Gloves Box,CHEMICALS,SUP-027,LOC-010,WH-J-BIN-11,31.0,30.0,466.78,2026-06-10,,false
SKU-00412,Pallet Jack Wheel,ELECTRONICS,SUP-163,LOC-020,WH-T-BIN-12,184.0,15.0,513.45,2026-02-25,2026-12-14,false
SKU-00413,Barcode Scanner,FOOD_DRY,SUP-196,LOC-015,WH-O-BIN-13,322.0,40.0,335.05,2026-01-02,,false
SKU-00414,Fire Extinguisher 4kg,FOOD_COLD,SUP-199,Warehouse L,WH-L-BIN-14,185.0,0.0,203.10,2026-03-27,,false
SKU-00415,PVC Pipe 50mm,PACKAGING,SUP-085,LOC-005,WH-E-BIN-15,6.0,10.0,663.90,2026-03-10,,false
SKU-00417,Cable Tie Assorted,PPE,SUP-022,LOC-002,WH-B-BIN-17,271.0,40.0,681.83,2026-01-26,,false
SKU-00418,Dust Mask N95 Pack,CLEANING,SUP-160,LOC-006,WH-F-BIN-18,308.0,20.0,702.14,2026-05-03,,false
SKU-00419,Wooden Pallet Std,MEDICAL,SUP-102,Warehouse T,WH-T-BIN-19,150.0,25.0,494.02,2026-05-20,,false
SKU-00420,Steel Shelving Unit,RAW_MATERIALS,SUP-058,LOC-002,WH-B-BIN-20,284.0,40.0,48.96,2026-04-19,2026-06-25,false
SKU-00422,Spill Kit 20L,ELECTRONICS,SUP-183,LOC-019,WH-S-BIN-22,85.0,10.0,376.89,2026-04-05,,false
SKU-00423,Epoxy Resin 1L,FOOD_DRY,SUP-178,LOC-008,WH-H-BIN-23,7.0,30.0,386.70,2026-04-23,,false
SKU-00424,,FOOD_COLD,SUP-042,LOC-011,WH-K-BIN-24,165.0,30.0,598.77,2026-06-20,,false
SKU-00425,Temperature Logger,PACKAGING,SUP-016,LOC-009,WH-I-BIN-25,13.0,30.0,62.83,2026-02-11,2027-02-19,false
SKU-00426,Anti-Slip Tape Roll,MACHINERY_PARTS,SUP-128,Warehouse T,WH-T-BIN-26,5.0,30.0,721.74,2026-01-22,,false
SKU-00427,Welding Rod 3.2mm,PPE,SUP-169,LOC-007,WH-G-BIN-27,374.0,15.0,491.15,2026-02-22,,false
SKU-00428,Compressed Air Hose,CLEANING,SUP-099,LOC-003,WH-C-BIN-28,145.0,10.0,186.66,2026-02-16,,false
SKU-00430,Racking Beam 2.4m,RAW_MATERIALS,SUP-023,LOC-010,WH-J-BIN-30,352.0,30.0,345.05,2026-01-06,,false
SKU-00431,Stretch Hood Film,CHEMICALS,SUP-174,LOC-006,WH-F-BIN-31,342.0,10.0,433.15,2026-05-16,2027-05-05,false
SKU-00432,Load Cell 500kg,ELECTRONICS,SUP-009,LOC-003,WH-C-BIN-32,143.0,30.0,745.58,2026-02-18,,false
SKU-00433,Dock Bumpers Pair,FOOD_DRY,SUP-119,LOC-015,WH-O-BIN-33,142.0,25.0,303.23,2026-03-26,,false
SKU-00434,Floor Marking Paint,FOOD_COLD,SUP-077,LOC-012,WH-L-BIN-34,336.0,20.0,404.40,2026-01-19,,false
SKU-00435,Battery Charger 24V,PACKAGING,SUP-179,LOC-011,WH-K-BIN-35,123.0,20.0,113.49,2026-01-17,2026-08-20,false
SKU-00436,Mesh Security Cage,MACHINERY_PARTS,SUP-147,LOC-007,WH-G-BIN-36,210.0,0,585.80,2026-05-22,,false
SKU-00438,Pallet Strap Tool,CLEANING,SUP-049,LOC-008,WH-H-BIN-38,24.0,40.0,250.44,2026-01-09,,false
SKU-00439,Coolant Concentrate,MEDICAL,SUP-081,LOC-017,WH-Q-BIN-39,402.0,20.0,15.86,2026-05-21,2026-12-01,false
SKU-00440,Wheel Chock Rubber,RAW_MATERIALS,SUP-004,LOC-014,WH-N-BIN-40,245.0,25.0,100.39,2026-04-10,,false
SKU-00441,,CHEMICALS,SUP-130,LOC-010,WH-J-BIN-41,14.0,25.0,197.26,2026-04-21,,false
SKU-00442,Hydraulic Hose 2in,ELECTRONICS,SUP-179,wh_o,WH-O-BIN-42,476.0,0.0,44.84,2026-01-31,2026-12-17,false
SKU-00444,,FOOD_COLD,SUP-089,LOC-006,WH-F-BIN-44,4.0,15.0,290.26,2026-01-18,,false
SKU-00445,Safety Gloves L,PACKAGING,SUP-117,LOC-007,WH-G-BIN-45,12.0,0,425.52,2026-02-02,,false
SKU-00447,Shrink Wrap Film Roll,PPE,SUP-172,LOC-019,WH-S-BIN-47,387.0,0.0,287.87,2026-06-04,,false
SKU-00448,Label Printer Ribbon,CLEANING,SUP-174,LOC-013,WH-M-BIN-48,190.0,0,560.91,2026-04-16,2026-03-27,false
SKU-00449,Dock Leveler Seal,MEDICAL,SUP-101,LOC-011,WH-K-BIN-49,170.0,40.0,117.21,2026-01-27,,false
SKU-00450,LED Warehouse Light,RAW_MATERIALS,SUP-008,LOC-001,WH-A-BIN-50,57.0,20.0,301.79,2026-02-08,2027-04-21,false
SKU-00451,Nitrile Gloves Box,CHEMICALS,SUP-085,LOC-012,WH-L-BIN-51,272.0,20.0,377.00,2026-02-21,,false
SKU-00452,Pallet Jack Wheel,ELECTRONICS,SUP-196,LOC-012,WH-L-BIN-52,83.0,10.0,36.70,2026-01-19,,false
SKU-00453,Barcode Scanner,FOOD_DRY,SUP-109,LOC-008,WH-H-BIN-53,93.0,25.0,594.84,2026-02-17,,false
SKU-00454,,FOOD_COLD,SUP-015,LOC-001,WH-A-BIN-54,373.0,0.0,720.45,2026-06-17,2027-03-30,false
SKU-00455,PVC Pipe 50mm,PACKAGING,SUP-062,LOC-016,WH-P-BIN-55,378.0,20.0,86.47,2026-05-31,2026-05-25,false
SKU-00456,Rubber Gasket Set,MACHINERY_PARTS,SUP-170,LOC-008,WH-H-BIN-56,26.0,20.0,597.11,2026-03-19,2027-07-11,false
SKU-00457,Cable Tie Assorted,PPE,SUP-090,LOC-009,WH-I-BIN-57,185.0,0,144.99,2026-02-17,,false
SKU-00458,,CLEANING,SUP-033,LOC-007,WH-G-BIN-58,307.0,0.0,272.08,2026-06-02,,false
SKU-00459,Wooden Pallet Std,MEDICAL,SUP-175,LOC-012,WH-L-BIN-59,236.0,10.0,58.05,2026-03-26,,false
SKU-00460,Steel Shelving Unit,RAW_MATERIALS,SUP-029,LOC-015,WH-O-BIN-60,186.0,40.0,687.96,2026-03-11,,false
SKU-00461,Hand Truck,CHEMICALS,SUP-150,LOC-018,WH-R-BIN-61,42.0,20.0,311.63,2026-03-13,,false
SKU-00462,Spill Kit 20L,ELECTRONICS,SUP-146,LOC-011,WH-K-BIN-62,14.0,20.0,176.83,2026-01-26,,false
SKU-00463,Epoxy Resin 1L,FOOD_DRY,SUP-107,LOC-011,WH-K-BIN-63,6.0,15.0,299.81,2026-01-21,,false
SKU-00465,Temperature Logger,PACKAGING,SUP-033,LOC-019,WH-S-BIN-65,94.0,10.0,676.84,2026-04-07,,false
SKU-00466,Anti-Slip Tape Roll,MACHINERY_PARTS,SUP-195,LOC-018,WH-R-BIN-66,469.0,40.0,386.42,2026-02-16,,false
SKU-00467,,PPE,SUP-105,LOC-020,WH-T-BIN-67,28.0,40.0,396.74,2026-06-12,2026-10-16,false
SKU-00468,,CLEANING,SUP-182,LOC-009,WH-I-BIN-68,219.0,15.0,651.34,2026-06-05,2027-01-19,false
SKU-00469,,MEDICAL,SUP-065,LOC-014,WH-N-BIN-69,2.0,15.0,469.96,2026-06-23,,false
SKU-00470,,RAW_MATERIALS,SUP-125,LOC-004,WH-D-BIN-70,124.0,25.0,690.08,2026-04-24,2027-04-09,false
SKU-00471,,CHEMICALS,SUP-175,LOC-015,WH-O-BIN-71,28.0,0,650.22,2026-06-24,,false
SKU-00472,Load Cell 500kg,ELECTRONICS,SUP-045,LOC-005,WH-E-BIN-72,26.0,15.0,513.66,2026-03-27,,false
SKU-00473,Dock Bumpers Pair,FOOD_DRY,SUP-117,LOC-016,WH-P-BIN-73,220.0,20.0,417.63,2026-06-09,,false
SKU-00474,Floor Marking Paint,FOOD_COLD,SUP-077,LOC-001,WH-A-BIN-74,449.0,0,376.08,2026-06-21,,false
SKU-00475,Battery Charger 24V,PACKAGING,SUP-193,LOC-007,WH-G-BIN-75,177.0,15.0,692.17,2026-03-20,,false
SKU-00476,,MACHINERY_PARTS,SUP-192,LOC-007,WH-G-BIN-76,4.0,0,412.85,2026-05-18,2027-05-07,false
SKU-00477,Humidity Sensor Probe,PPE,SUP-063,LOC-001,WH-A-BIN-77,296.0,0.0,344.56,2026-01-04,2026-03-10,false
SKU-00478,Pallet Strap Tool,CLEANING,SUP-085,LOC-019,WH-S-BIN-78,361.0,30.0,450.62,2026-05-05,,false
SKU-00479,,MEDICAL,SUP-182,LOC-003,WH-C-BIN-79,68.0,10.0,374.37,2026-01-22,,false
SKU-00480,Wheel Chock Rubber,RAW_MATERIALS,SUP-054,LOC-001,WH-A-BIN-80,220.0,40.0,750.93,2026-04-09,,false
SKU-00481,Steel Bolt M8,CHEMICALS,SUP-045,LOC-016,WH-P-BIN-01,57.0,30.0,262.44,2026-02-14,,true
SKU-00482,Hydraulic Hose 2in,ELECTRONICS,SUP-050,LOC-001,WH-A-BIN-02,370.0,15.0,481.77,2026-06-18,,false
SKU-00483,Industrial Solvent 5L,FOOD_DRY,SUP-126,LOC-008,WH-H-BIN-03,131.0,0,87.91,2026-05-05,,false
SKU-00484,Forklift Battery 24V,FOOD_COLD,SUP-182,LOC-005,WH-E-BIN-04,398.0,20.0,551.55,2026-03-11,,false
SKU-00485,Safety Gloves L,PACKAGING,SUP-026,LOC-015,WH-O-BIN-05,343.0,0,585.80,2026-06-12,,false
SKU-00488,Label Printer Ribbon,CLEANING,SUP-016,LOC-018,WH-R-BIN-08,23.0,25.0,123.11,2026-01-17,,false
SKU-00490,LED Warehouse Light,RAW_MATERIALS,SUP-019,LOC-020,WH-T-BIN-10,24.0,30.0,407.13,2026-05-13,,false
SKU-00491,Nitrile Gloves Box,CHEMICALS,SUP-183,LOC-001,WH-A-BIN-11,187.0,10.0,216.06,2026-06-03,,true
SKU-00492,,ELECTRONICS,SUP-105,LOC-003,WH-C-BIN-12,200.0,0.0,767.13,2026-03-18,2026-10-19,false
SKU-00494,Fire Extinguisher 4kg,FOOD_COLD,SUP-169,LOC-011,WH-K-BIN-14,382.0,20.0,451.05,2026-02-02,2026-10-01,false
SKU-00495,PVC Pipe 50mm,PACKAGING,SUP-149,LOC-009,WH-I-BIN-15,5.0,20.0,789.43,2026-03-16,,false
SKU-00496,Rubber Gasket Set,MACHINERY_PARTS,SUP-185,LOC-003,WH-C-BIN-16,490.0,15.0,273.27,2026-06-17,,false
SKU-00497,Cable Tie Assorted,PPE,SUP-024,LOC-019,WH-S-BIN-17,208.0,40.0,413.42,2026-05-20,,false
SKU-00498,Dust Mask N95 Pack,CLEANING,SUP-145,LOC-007,WH-G-BIN-18,353.0,0,748.78,2026-01-25,,false
SKU-00499,Wooden Pallet Std,MEDICAL,SUP-099,LOC-007,WH-G-BIN-19,27.0,0.0,125.08,2026-02-28,,false
SKU-00500,Steel Shelving Unit,RAW_MATERIALS,SUP-107,LOC-001,WH-A-BIN-20,74.0,25.0,564.97,2026-02-19,,false
SKU-00001,Hand Truck,CHEMICALS,SUP-011,LOC-018,WH-R-BIN-21,5.0,0,722.74,2026-01-14,2026-03-08,false
SKU-00002,Spill Kit 20L,ELECTRONICS,SUP-141,LOC-018,WH-R-BIN-22,7.0,10.0,782.84,2026-03-04,,false
SKU-00003,Epoxy Resin 1L,FOOD_DRY,SUP-005,LOC-006,WH-F-BIN-23,351.0,15.0,180.58,2026-03-21,,false
SKU-00004,Chain Block 1T,FOOD_COLD,SUP-108,LOC-012,WH-L-BIN-24,20.0,25.0,4.00,2026-03-14,,false
SKU-00005,,PACKAGING,SUP-126,LOC-011,WH-K-BIN-25,166.0,0,392.32,2026-06-17,,false
SKU-00006,Anti-Slip Tape Roll,MACHINERY_PARTS,SUP-067,LOC-011,WH-K-BIN-26,439.0,25.0,581.19,2026-06-24,2026-12-01,false
SKU-00007,Welding Rod 3.2mm,PPE,SUP-191,LOC-019,WH-S-BIN-27,158.0,20.0,397.13,2026-04-25,,false
SKU-00008,Compressed Air Hose,CLEANING,SUP-194,LOC-002,WH-B-BIN-28,284.0,20.0,265.75,2026-06-01,2026-10-16,false
SKU-00009,First Aid Refill,MEDICAL,SUP-151,LOC-005,WH-E-BIN-29,110.0,0.0,787.58,2026-02-15,2026-12-12,false
SKU-00010,Racking Beam 2.4m,RAW_MATERIALS,SUP-176,LOC-002,WH-B-BIN-30,308.0,10.0,679.83,2026-04-11,2026-06-24,false
SKU-00011,Stretch Hood Film,CHEMICALS,SUP-032,LOC-013,WH-M-BIN-31,181.0,0.0,34.63,2026-06-07,,false
SKU-00012,Load Cell 500kg,ELECTRONICS,SUP-009,LOC-002,WH-B-BIN-32,127.0,25.0,353.94,2026-04-27,,false
SKU-00013,Dock Bumpers Pair,FOOD_DRY,SUP-187,LOC-010,WH-J-BIN-33,164.0,25.0,656.58,2026-01-14,,false
SKU-00014,Floor Marking Paint,FOOD_COLD,SUP-142,LOC-002,WH-B-BIN-34,4.0,30.0,461.04,2026-02-18,,false
SKU-00016,Mesh Security Cage,MACHINERY_PARTS,SUP-037,LOC-008,WH-H-BIN-36,122.0,10.0,434.17,2026-04-22,2027-06-29,false
SKU-00017,Humidity Sensor Probe,PPE,SUP-092,LOC-006,WH-F-BIN-37,38.0,0,481.73,2026-06-22,2027-01-22,false
SKU-00019,Coolant Concentrate,MEDICAL,SUP-170,LOC-006,WH-F-BIN-39,6.0,30.0,500.63,2026-01-26,,false
SKU-00020,Wheel Chock Rubber,RAW_MATERIALS,SUP-187,LOC-002,WH-B-BIN-40,136.0,40.0,568.35,2026-01-03,,false
SKU-00021,Steel Bolt M8,CHEMICALS,SUP-120,Warehouse N,WH-N-BIN-41,456.0,25.0,133.92,2026-02-11,,false
SKU-00023,,FOOD_DRY,SUP-200,LOC-007,WH-G-BIN-43,4.0,28.0,440.99,2026-02-09,,false
SKU-00024,Forklift Battery 24V,FOOD_COLD,SUP-074,LOC-015,WH-O-BIN-44,362.0,0,409.41,2026-03-13,,false
SKU-00025,Safety Gloves L,PACKAGING,SUP-042,LOC-008,WH-H-BIN-45,407.0,0,547.90,2026-03-03,,false
SKU-00026,Conveyor Belt Patch,MACHINERY_PARTS,SUP-047,LOC-001,WH-A-BIN-46,405.0,25.0,279.90,2026-04-07,2026-09-26,false
SKU-00027,Shrink Wrap Film Roll,PPE,SUP-021,Warehouse R,WH-R-BIN-47,8.0,30.0,408.47,2026-06-11,2027-03-23,false
SKU-00028,Label Printer Ribbon,CLEANING,SUP-113,LOC-011,WH-K-BIN-48,249.0,0.0,790.06,2026-01-06,2026-10-03,false
SKU-00029,,MEDICAL,SUP-142,LOC-018,WH-R-BIN-49,89.0,30.0,425.47,2026-03-04,2026-10-13,false
SKU-00030,LED Warehouse Light,RAW_MATERIALS,SUP-113,Warehouse K,WH-K-BIN-50,37.0,20.0,192.11,2026-06-22,,false
SKU-00031,Nitrile Gloves Box,CHEMICALS,SUP-107,LOC-007,WH-G-BIN-51,213.0,10.0,137.46,2026-01-24,2027-06-20,false
SKU-00032,,ELECTRONICS,SUP-097,LOC-006,WH-F-BIN-52,194.0,20.0,226.88,2026-03-11,2027-02-18,false
SKU-00033,Barcode Scanner,FOOD_DRY,SUP-067,LOC-016,WH-P-BIN-53,20.0,40.0,612.88,2026-03-27,,false
SKU-00034,,FOOD_COLD,SUP-185,Warehouse O,WH-O-BIN-54,433.0,0,426.41,2026-04-04,,false
SKU-00035,PVC Pipe 50mm,PACKAGING,SUP-185,LOC-005,WH-E-BIN-55,355.0,25.0,566.34,2026-02-12,,false
SKU-00036,Rubber Gasket Set,MACHINERY_PARTS,SUP-027,LOC-012,WH-L-BIN-56,2.0,20.0,201.23,2026-04-27,,false
SKU-00037,Cable Tie Assorted,PPE,SUP-089,LOC-018,WH-R-BIN-57,183.0,10.0,794.56,2026-01-10,,false
SKU-00038,Dust Mask N95 Pack,CLEANING,SUP-016,LOC-012,WH-L-BIN-58,231.0,40.0,776.50,2026-02-06,,false
SKU-00039,,MEDICAL,SUP-130,LOC-007,WH-G-BIN-59,127.0,40.0,260.24,2026-06-10,2027-03-05,false
SKU-00040,Steel Shelving Unit,RAW_MATERIALS,SUP-195,LOC-006,WH-F-BIN-60,183.0,25.0,240.76,2026-03-29,2027-06-11,false
SKU-00041,Hand Truck,CHEMICALS,SUP-052,Warehouse M,WH-M-BIN-61,143.0,0,196.88,2026-01-17,,false
SKU-00042,Spill Kit 20L,ELECTRONICS,SUP-036,Warehouse L,WH-L-BIN-62,413.0,20.0,254.80,2026-03-31,2026-06-16,false
SKU-00043,,FOOD_DRY,SUP-136,LOC-016,WH-P-BIN-63,88.0,40.0,163.62,2026-05-14,2027-06-18,false
SKU-00044,Chain Block 1T,FOOD_COLD,SUP-174,LOC-009,WH-I-BIN-64,467.0,40.0,532.74,2026-01-05,,false
SKU-00045,Temperature Logger,PACKAGING,SUP-198,LOC-013,WH-M-BIN-65,386.0,15.0,464.84,2026-02-27,,false
SKU-00046,Anti-Slip Tape Roll,MACHINERY_PARTS,SUP-124,Warehouse I,WH-I-BIN-66,390.0,25.0,506.81,2026-06-19,,false
SKU-00047,Welding Rod 3.2mm,PPE,SUP-176,LOC-007,WH-G-BIN-67,196.0,30.0,356.23,2025-12-30,,false
SKU-00048,Compressed Air Hose,CLEANING,SUP-106,LOC-006,WH-F-BIN-68,69.0,30.0,637.63,2026-05-17,,false
SKU-00049,First Aid Refill,MEDICAL,SUP-186,LOC-006,WH-F-BIN-69,26.0,30.0,179.89,2026-02-15,2027-07-20,false
SKU-00050,Racking Beam 2.4m,RAW_MATERIALS,SUP-196,LOC-001,WH-A-BIN-70,220.0,0,202.06,2026-06-01,2027-05-18,false
SKU-00051,Stretch Hood Film,CHEMICALS,SUP-093,LOC-017,WH-Q-BIN-71,194.0,20.0,491.11,2026-04-05,2026-04-17,false
SKU-00052,Load Cell 500kg,ELECTRONICS,SUP-062,LOC-017,WH-Q-BIN-72,153.0,10.0,279.03,2026-04-29,2026-05-27,false
SKU-00053,Dock Bumpers Pair,FOOD_DRY,SUP-052,LOC-001,WH-A-BIN-73,278.0,15.0,697.12,2026-06-23,,false
SKU-00054,Floor Marking Paint,FOOD_COLD,SUP-115,LOC-010,WH-J-BIN-74,436.0,30.0,82.01,2026-02-17,,false
SKU-00056,Mesh Security Cage,MACHINERY_PARTS,SUP-168,LOC-014,WH-N-BIN-76,13.0,15.0,420.56,2026-05-12,,false
SKU-00057,,PPE,SUP-105,LOC-018,WH-R-BIN-77,180.0,0,310.51,2026-01-01,2027-03-07,false
SKU-00058,,CLEANING,SUP-138,LOC-017,WH-Q-BIN-78,3.0,15.0,143.32,2026-01-23,,false
SKU-00059,Coolant Concentrate,MEDICAL,SUP-102,LOC-010,WH-J-BIN-79,497.0,25.0,163.48,2026-06-21,2027-02-14,false
SKU-00060,Wheel Chock Rubber,RAW_MATERIALS,SUP-076,LOC-018,WH-R-BIN-80,6.0,25.0,123.49,2026-06-22,,false
SKU-00063,Industrial Solvent 5L,FOOD_DRY,SUP-013,LOC-020,WH-T-BIN-03,442.0,30.0,226.47,2026-06-05,,false
SKU-00064,Forklift Battery 24V,FOOD_COLD,SUP-111,LOC-003,WH-C-BIN-04,142.0,0.0,29.59,2026-06-01,2027-07-09,false
SKU-00065,Safety Gloves L,PACKAGING,SUP-183,LOC-002,WH-B-BIN-05,70.0,40.0,144.78,2026-05-20,,false
SKU-00066,Conveyor Belt Patch,MACHINERY_PARTS,SUP-071,LOC-017,WH-Q-BIN-06,448.0,20.0,4.12,2026-01-14,2026-03-21,false
SKU-00067,,PPE,SUP-117,LOC-011,WH-K-BIN-07,487.0,30.0,282.89,2026-05-30,2027-05-16,false
SKU-00068,Label Printer Ribbon,CLEANING,SUP-131,LOC-001,WH-A-BIN-08,289.0,20.0,332.83,2026-06-14,,false
SKU-00069,Dock Leveler Seal,MEDICAL,SUP-047,LOC-002,WH-B-BIN-09,219.0,0.0,510.44,2026-03-04,,false
SKU-00070,LED Warehouse Light,RAW_MATERIALS,SUP-157,LOC-009,WH-I-BIN-10,7.0,40.0,713.18,2026-05-22,,false
SKU-00071,,CHEMICALS,SUP-072,LOC-010,WH-J-BIN-11,32.0,0,231.74,2026-02-25,,false
SKU-00072,Pallet Jack Wheel,ELECTRONICS,SUP-038,LOC-008,WH-H-BIN-12,240.0,10.0,220.50,2026-05-02,,false
SKU-00073,Barcode Scanner,FOOD_DRY,SUP-147,LOC-017,WH-Q-BIN-13,197.0,15.0,369.81,2026-06-08,,false
SKU-00074,,FOOD_COLD,SUP-176,LOC-001,WH-A-BIN-14,407.0,0,527.71,2026-03-29,2027-06-29,false
SKU-00076,Rubber Gasket Set,MACHINERY_PARTS,SUP-114,LOC-014,WH-N-BIN-16,149.0,10.0,621.41,2026-02-18,2026-11-04,false
SKU-00077,Cable Tie Assorted,PPE,SUP-066,LOC-003,WH-C-BIN-17,314.0,25.0,54.66,2026-02-01,,false
SKU-00078,Dust Mask N95 Pack,CLEANING,SUP-178,LOC-018,WH-R-BIN-18,169.0,15.0,407.10,2026-01-05,2026-10-26,false
SKU-00080,,RAW_MATERIALS,SUP-168,LOC-012,WH-L-BIN-20,44.0,15.0,112.68,2026-03-05,,false
SKU-00081,Hand Truck,CHEMICALS,SUP-141,LOC-013,WH-M-BIN-21,81.0,10.0,134.66,2026-06-14,,false
SKU-00083,,FOOD_DRY,SUP-183,LOC-008,WH-H-BIN-23,162.0,15.0,237.69,2026-06-12,2027-05-29,false
SKU-00084,Chain Block 1T,FOOD_COLD,SUP-177,LOC-008,WH-H-BIN-24,106.0,0.0,481.08,2026-05-18,2026-12-01,false
SKU-00086,Anti-Slip Tape Roll,MACHINERY_PARTS,SUP-130,LOC-008,WH-H-BIN-26,8.0,20.0,207.00,2026-01-24,,false
SKU-00087,Welding Rod 3.2mm,PPE,SUP-152,LOC-019,WH-S-BIN-27,99.0,20.0,420.59,2026-05-08,,false
SKU-00089,First Aid Refill,MEDICAL,SUP-106,LOC-017,WH-Q-BIN-29,150.0,40.0,198.14,2026-05-24,,false
SKU-00090,Racking Beam 2.4m,RAW_MATERIALS,SUP-167,LOC-019,WH-S-BIN-30,283.0,10.0,603.65,2026-04-17,2026-06-18,false
SKU-00091,,CHEMICALS,SUP-127,LOC-017,WH-Q-BIN-31,74.0,0,96.10,2026-05-24,2026-05-16,false
SKU-00092,Load Cell 500kg,ELECTRONICS,SUP-125,LOC-015,WH-O-BIN-32,1.0,15.0,377.48,2025-12-31,,false
SKU-00093,Dock Bumpers Pair,FOOD_DRY,SUP-146,Warehouse H,WH-H-BIN-33,2.0,10.0,571.98,2026-06-18,,false
SKU-00094,Floor Marking Paint,FOOD_COLD,SUP-182,LOC-007,WH-G-BIN-34,202.0,20.0,223.08,2026-02-10,,false
SKU-00095,Battery Charger 24V,PACKAGING,SUP-085,LOC-013,WH-M-BIN-35,497.0,40.0,223.95,2026-03-21,,false
SKU-00098,Pallet Strap Tool,CLEANING,SUP-057,LOC-005,WH-E-BIN-38,213.0,25.0,636.35,2026-04-19,,false
SKU-00099,Coolant Concentrate,MEDICAL,SUP-038,LOC-004,WH-D-BIN-39,1.0,10.0,170.14,2026-01-13,,false
SKU-00100,Wheel Chock Rubber,RAW_MATERIALS,SUP-092,LOC-005,WH-E-BIN-40,5.0,10.0,619.42,2026-05-27,,false
SKU-00101,Steel Bolt M8,CHEMICALS,SUP-005,LOC-013,WH-M-BIN-41,222.0,15.0,354.04,2026-05-23,,false
SKU-00102,Hydraulic Hose 2in,ELECTRONICS,SUP-108,LOC-014,WH-N-BIN-42,168.0,30.0,343.03,2026-03-15,2026-09-14,false
SKU-00103,Industrial Solvent 5L,FOOD_DRY,SUP-134,LOC-016,WH-P-BIN-43,255.0,0,55.51,2026-03-31,,false
SKU-00104,,FOOD_COLD,SUP-125,LOC-008,WH-H-BIN-44,473.0,0,413.08,2026-01-20,,false
SKU-00105,,PACKAGING,SUP-003,LOC-008,WH-H-BIN-45,339.0,15.0,110.25,2025-12-29,,false
SKU-00106,Conveyor Belt Patch,MACHINERY_PARTS,SUP-011,LOC-013,WH-M-BIN-46,354.0,30.0,669.67,2026-04-26,2027-05-08,false
SKU-00108,,CLEANING,SUP-024,LOC-001,WH-A-BIN-48,150.0,10.0,365.33,2026-04-02,,false
SKU-00109,Dock Leveler Seal,MEDICAL,SUP-187,LOC-009,WH-I-BIN-49,123.0,25.0,31.48,2026-01-26,,false
SKU-00110,LED Warehouse Light,RAW_MATERIALS,SUP-011,LOC-020,WH-T-BIN-50,233.0,30.0,292.95,2026-03-18,2026-05-17,false
SKU-00111,Nitrile Gloves Box,CHEMICALS,SUP-148,LOC-011,WH-K-BIN-51,250.0,25.0,26.99,2026-05-05,,false
SKU-00112,Pallet Jack Wheel,ELECTRONICS,SUP-006,Warehouse I,WH-I-BIN-52,260.0,20.0,679.44,2026-01-28,,false
SKU-00113,Barcode Scanner,FOOD_DRY,SUP-014,LOC-004,WH-D-BIN-53,463.0,30.0,398.54,2026-04-06,2027-07-06,false
SKU-00114,,FOOD_COLD,SUP-160,Warehouse N,WH-N-BIN-54,162.0,40.0,571.30,2026-05-15,2026-03-08,false
SKU-00115,PVC Pipe 50mm,PACKAGING,SUP-176,LOC-004,WH-D-BIN-55,358.0,30.0,56.55,2026-03-09,,false
SKU-00116,Rubber Gasket Set,MACHINERY_PARTS,SUP-151,LOC-019,WH-S-BIN-56,218.0,10.0,247.95,2026-06-08,2026-11-29,false
SKU-00117,Cable Tie Assorted,PPE,SUP-009,LOC-004,WH-D-BIN-57,295.0,0,571.67,2026-03-02,,false
SKU-00118,Dust Mask N95 Pack,CLEANING,SUP-038,LOC-004,WH-D-BIN-58,187.0,25.0,55.21,2026-05-20,,false
SKU-00119,Wooden Pallet Std,MEDICAL,SUP-031,LOC-019,WH-S-BIN-59,454.0,15.0,428.15,2026-03-24,,false
SKU-00120,Steel Shelving Unit,RAW_MATERIALS,SUP-067,LOC-006,WH-F-BIN-60,364.0,30.0,511.26,2026-04-12,,false
SKU-00121,Hand Truck,CHEMICALS,SUP-185,LOC-004,WH-D-BIN-61,198.0,40.0,295.59,2026-02-26,,false
SKU-00122,Spill Kit 20L,ELECTRONICS,SUP-181,LOC-002,WH-B-BIN-62,162.0,0,258.05,2026-02-01,2027-04-23,false
SKU-00123,Epoxy Resin 1L,FOOD_DRY,SUP-127,LOC-013,WH-M-BIN-63,272.0,10.0,205.85,2026-02-05,,false
SKU-00124,Chain Block 1T,FOOD_COLD,SUP-070,LOC-004,WH-D-BIN-64,4.0,40.0,627.91,2026-03-23,,false
SKU-00125,Temperature Logger,PACKAGING,SUP-012,LOC-014,WH-N-BIN-65,142.0,15.0,251.25,2026-06-15,2027-02-27,false
SKU-00126,Anti-Slip Tape Roll,MACHINERY_PARTS,SUP-197,LOC-015,WH-O-BIN-66,14.0,30.0,403.64,2026-04-02,2027-05-09,false
SKU-00127,Welding Rod 3.2mm,PPE,SUP-040,LOC-010,WH-J-BIN-67,493.0,25.0,569.52,2026-01-29,,false
SKU-00128,Compressed Air Hose,CLEANING,SUP-039,LOC-020,WH-T-BIN-68,8.0,16.0,659.56,2026-04-04,,false
SKU-00129,First Aid Refill,MEDICAL,SUP-115,LOC-009,WH-I-BIN-69,207.0,40.0,562.39,2026-01-06,,false
SKU-00130,Racking Beam 2.4m,RAW_MATERIALS,SUP-171,LOC-008,WH-H-BIN-70,2.0,25.0,779.19,2025-12-29,,false
SKU-00131,Stretch Hood Film,CHEMICALS,SUP-091,LOC-005,WH-E-BIN-71,385.0,40.0,397.46,2026-05-26,,false
SKU-00132,,ELECTRONICS,SUP-183,LOC-007,WH-G-BIN-72,21.0,25.0,181.07,2026-06-20,,false
SKU-00133,Dock Bumpers Pair,FOOD_DRY,SUP-016,LOC-009,WH-I-BIN-73,199.0,15.0,162.38,2026-05-31,2026-09-25,false
SKU-00134,Floor Marking Paint,FOOD_COLD,SUP-175,LOC-014,WH-N-BIN-74,453.0,25.0,799.73,2026-03-05,,false
SKU-00135,Battery Charger 24V,PACKAGING,SUP-040,LOC-004,WH-D-BIN-75,314.0,0,352.38,2026-05-02,,false
SKU-00136,Mesh Security Cage,MACHINERY_PARTS,SUP-003,LOC-011,WH-K-BIN-76,467.0,25.0,367.90,2026-01-31,,false
SKU-00137,Humidity Sensor Probe,PPE,SUP-007,LOC-020,WH-T-BIN-77,170.0,40.0,326.95,2026-03-16,2027-07-29,false
SKU-00138,Pallet Strap Tool,CLEANING,SUP-043,LOC-005,WH-E-BIN-78,472.0,0.0,198.77,2026-06-07,,false
SKU-00139,Coolant Concentrate,MEDICAL,SUP-164,LOC-013,WH-M-BIN-79,9.0,0,708.86,2026-05-24,,false
SKU-00140,Wheel Chock Rubber,RAW_MATERIALS,SUP-108,LOC-011,WH-K-BIN-80,442.0,10.0,410.87,2026-01-09,,false
SKU-00141,Steel Bolt M8,CHEMICALS,SUP-175,LOC-002,WH-B-BIN-01,243.0,15.0,257.58,2025-12-28,,true
SKU-00142,Hydraulic Hose 2in,ELECTRONICS,SUP-101,LOC-006,WH-F-BIN-02,141.0,10.0,378.07,2026-06-02,,false
SKU-00143,Industrial Solvent 5L,FOOD_DRY,SUP-040,LOC-005,WH-E-BIN-03,414.0,0.0,308.33,2026-03-06,,false
SKU-00144,Forklift Battery 24V,FOOD_COLD,SUP-083,LOC-013,WH-M-BIN-04,8.0,20.0,502.51,2026-01-10,2026-10-14,false
SKU-00145,Safety Gloves L,PACKAGING,SUP-178,LOC-004,WH-D-BIN-05,230.0,0.0,561.62,2026-02-17,,false
SKU-00146,Conveyor Belt Patch,MACHINERY_PARTS,SUP-019,LOC-014,WH-N-BIN-06,301.0,25.0,193.33,2026-02-13,,false
SKU-00147,,PPE,SUP-086,LOC-002,WH-B-BIN-07,8.0,0,686.09,2026-01-09,,false
SKU-00148,Label Printer Ribbon,CLEANING,SUP-099,Warehouse R,WH-R-BIN-08,202.0,0,253.61,2026-06-18,,false
SKU-00149,,MEDICAL,SUP-003,LOC-015,WH-O-BIN-09,198.0,0,499.07,2026-03-22,2026-10-14,false
SKU-00150,LED Warehouse Light,RAW_MATERIALS,SUP-144,LOC-002,WH-B-BIN-10,292.0,25.0,103.11,2026-05-08,,false
SKU-00151,Nitrile Gloves Box,CHEMICALS,SUP-173,LOC-011,WH-K-BIN-11,318.0,30.0,348.35,2026-05-12,,false
SKU-00152,Pallet Jack Wheel,ELECTRONICS,SUP-144,LOC-011,WH-K-BIN-12,13.0,25.0,29.92,2026-01-11,,false
SKU-00153,Barcode Scanner,FOOD_DRY,SUP-086,LOC-006,WH-F-BIN-13,6.0,40.0,470.73,2026-03-03,,false
SKU-00154,Fire Extinguisher 4kg,FOOD_COLD,SUP-020,LOC-012,WH-L-BIN-14,319.0,0.0,268.99,2026-06-08,,false
SKU-00155,PVC Pipe 50mm,PACKAGING,SUP-117,LOC-006,WH-F-BIN-15,121.0,0,268.72,2026-01-11,,false
SKU-00157,Cable Tie Assorted,PPE,SUP-160,LOC-003,WH-C-BIN-17,236.0,25.0,334.67,2026-06-03,,false
SKU-00158,Dust Mask N95 Pack,CLEANING,SUP-071,LOC-013,WH-M-BIN-18,10.0,0,346.36,2026-04-01,,false
SKU-00159,Wooden Pallet Std,MEDICAL,SUP-039,LOC-008,WH-H-BIN-19,5.0,24.0,409.03,2026-06-25,2026-03-31,false
SKU-00160,Steel Shelving Unit,RAW_MATERIALS,SUP-070,LOC-004,WH-D-BIN-20,19.0,30.0,429.12,2026-06-14,2027-05-07,false
SKU-00161,Hand Truck,CHEMICALS,SUP-154,LOC-018,WH-R-BIN-21,148.0,40.0,443.94,2026-01-11,,false
SKU-00162,Spill Kit 20L,ELECTRONICS,SUP-035,LOC-004,WH-D-BIN-22,20.0,25.0,417.91,2026-06-21,,false
SKU-00163,Epoxy Resin 1L,FOOD_DRY,SUP-132,LOC-011,WH-K-BIN-23,432.0,30.0,524.20,2026-02-15,,false
SKU-00164,Chain Block 1T,FOOD_COLD,SUP-140,LOC-002,WH-B-BIN-24,4.0,0,273.25,2026-06-17,,false
SKU-00165,Temperature Logger,PACKAGING,SUP-190,LOC-018,WH-R-BIN-25,375.0,10.0,784.78,2026-04-30,2026-05-08,false
SKU-00167,Welding Rod 3.2mm,PPE,SUP-185,LOC-017,WH-Q-BIN-27,356.0,0.0,508.54,2026-05-29,,false
SKU-00168,Compressed Air Hose,CLEANING,SUP-018,LOC-008,WH-H-BIN-28,230.0,10.0,711.99,2026-01-14,,false
SKU-00169,First Aid Refill,MEDICAL,SUP-042,LOC-003,WH-C-BIN-29,483.0,20.0,208.11,2026-02-16,,false
SKU-00170,Racking Beam 2.4m,RAW_MATERIALS,SUP-039,LOC-004,WH-D-BIN-30,370.0,40.0,153.74,2026-05-16,,false
SKU-00171,Stretch Hood Film,CHEMICALS,SUP-118,LOC-002,WH-B-BIN-31,434.0,0.0,671.68,2026-01-27,,false
SKU-00173,Dock Bumpers Pair,FOOD_DRY,SUP-045,Warehouse C,WH-C-BIN-33,22.0,0,579.75,2026-04-20,2026-09-04,false
SKU-00174,Floor Marking Paint,FOOD_COLD,SUP-095,LOC-014,WH-N-BIN-34,371.0,25.0,607.69,2026-03-17,,false
SKU-00175,Battery Charger 24V,PACKAGING,SUP-126,LOC-012,WH-L-BIN-35,460.0,0.0,784.02,2026-01-17,2026-12-19,false
SKU-00176,Mesh Security Cage,MACHINERY_PARTS,SUP-015,LOC-012,WH-L-BIN-36,140.0,20.0,233.98,2026-05-31,,false
SKU-00177,,PPE,SUP-070,LOC-013,WH-M-BIN-37,40.0,20.0,745.79,2026-04-04,,false
SKU-00178,Pallet Strap Tool,CLEANING,SUP-034,LOC-007,WH-G-BIN-38,85.0,0.0,794.59,2026-02-04,2026-06-07,false
SKU-00179,Coolant Concentrate,MEDICAL,SUP-099,LOC-016,WH-P-BIN-39,68.0,20.0,536.26,2026-01-31,,false
SKU-00180,Wheel Chock Rubber,RAW_MATERIALS,SUP-200,LOC-012,WH-L-BIN-40,270.0,20.0,550.89,2026-02-16,2026-08-01,false
SKU-00181,Steel Bolt M8,CHEMICALS,SUP-148,LOC-007,WH-G-BIN-41,179.0,15.0,296.46,2026-01-14,2026-05-28,false
SKU-00182,Hydraulic Hose 2in,ELECTRONICS,SUP-037,LOC-009,WH-I-BIN-42,347.0,40.0,742.45,2026-05-25,,false
SKU-00183,Industrial Solvent 5L,FOOD_DRY,SUP-045,LOC-019,WH-S-BIN-43,241.0,10.0,143.87,2026-01-06,,false
SKU-00184,Forklift Battery 24V,FOOD_COLD,SUP-107,LOC-020,WH-T-BIN-44,92.0,0.0,332.63,2026-04-26,2026-11-25,false
SKU-00185,Safety Gloves L,PACKAGING,SUP-045,LOC-003,WH-C-BIN-45,194.0,0,491.19,2026-01-21,,false
SKU-00186,Conveyor Belt Patch,MACHINERY_PARTS,SUP-087,LOC-012,WH-L-BIN-46,260.0,40.0,28.11,2026-05-22,,false
SKU-00187,Shrink Wrap Film Roll,PPE,SUP-005,LOC-017,WH-Q-BIN-47,460.0,10.0,337.55,2026-02-01,,false
SKU-00188,Label Printer Ribbon,CLEANING,SUP-093,LOC-010,WH-J-BIN-48,7.0,28.0,622.00,2026-01-06,,false
SKU-00189,Dock Leveler Seal,MEDICAL,SUP-072,LOC-007,WH-G-BIN-49,470.0,10.0,26.46,2026-05-01,2026-09-01,false
SKU-00190,LED Warehouse Light,RAW_MATERIALS,SUP-062,LOC-006,WH-F-BIN-50,34.0,40.0,342.71,2026-02-26,,false
SKU-00191,Nitrile Gloves Box,CHEMICALS,SUP-164,LOC-019,WH-S-BIN-51,474.0,10.0,207.09,2026-02-22,,false
SKU-00192,Pallet Jack Wheel,ELECTRONICS,SUP-193,LOC-005,WH-E-BIN-52,384.0,10.0,51.09,2026-06-25,2026-03-06,false
SKU-00193,Barcode Scanner,FOOD_DRY,SUP-059,LOC-018,WH-R-BIN-53,148.0,0,316.64,2026-06-04,,false
SKU-00194,Fire Extinguisher 4kg,FOOD_COLD,SUP-115,LOC-018,WH-R-BIN-54,384.0,25.0,178.91,2026-04-14,,false
SKU-00195,PVC Pipe 50mm,PACKAGING,SUP-035,LOC-005,WH-E-BIN-55,128.0,20.0,104.26,2026-02-19,2026-12-08,false
SKU-00197,Cable Tie Assorted,PPE,SUP-117,LOC-006,WH-F-BIN-57,149.0,0,527.38,2026-02-12,2026-09-18,false
SKU-00198,,CLEANING,SUP-089,LOC-017,WH-Q-BIN-58,5.0,15.0,29.81,2026-03-21,,false
SKU-00199,Wooden Pallet Std,MEDICAL,SUP-136,LOC-007,WH-G-BIN-59,318.0,15.0,434.53,2026-02-16,,false
SKU-00200,Steel Shelving Unit,RAW_MATERIALS,SUP-046,LOC-010,WH-J-BIN-60,5.0,0,554.17,2026-01-26,,false
SKU-00201,,CHEMICALS,SUP-064,LOC-018,WH-R-BIN-61,359.0,20.0,380.89,2026-03-19,,false
SKU-00202,Spill Kit 20L,ELECTRONICS,SUP-175,LOC-008,WH-H-BIN-62,110.0,30.0,45.55,2026-04-05,,false
SKU-00203,Epoxy Resin 1L,FOOD_DRY,SUP-105,LOC-010,WH-J-BIN-63,456.0,10.0,474.46,2026-04-12,,false
SKU-00204,,FOOD_COLD,SUP-192,LOC-014,WH-N-BIN-64,350.0,25.0,414.39,2026-03-06,2027-05-13,false
SKU-00205,Temperature Logger,PACKAGING,SUP-184,LOC-007,WH-G-BIN-65,402.0,25.0,261.80,2026-04-12,,false
SKU-00206,,MACHINERY_PARTS,SUP-150,LOC-011,WH-K-BIN-66,380.0,15.0,599.16,2026-05-12,,false
SKU-00207,Welding Rod 3.2mm,PPE,SUP-162,LOC-008,WH-H-BIN-67,9.0,20.0,457.62,2026-05-21,,false
SKU-00208,Compressed Air Hose,CLEANING,SUP-173,LOC-013,WH-M-BIN-68,278.0,15.0,283.76,2026-02-01,,false
SKU-00209,First Aid Refill,MEDICAL,SUP-127,LOC-020,WH-T-BIN-69,257.0,40.0,506.07,2026-05-22,,false
SKU-00211,Stretch Hood Film,CHEMICALS,SUP-184,LOC-018,WH-R-BIN-71,2.0,40.0,404.68,2026-03-13,,false
SKU-00212,,ELECTRONICS,SUP-015,LOC-020,WH-T-BIN-72,113.0,25.0,273.48,2026-04-22,,false
SKU-00213,Dock Bumpers Pair,FOOD_DRY,SUP-197,LOC-019,WH-S-BIN-73,7.0,24.0,537.21,2026-06-22,,false
SKU-00214,Floor Marking Paint,FOOD_COLD,SUP-003,LOC-017,WH-Q-BIN-74,385.0,10.0,388.03,2026-05-10,,false
SKU-00215,Battery Charger 24V,PACKAGING,SUP-041,LOC-009,WH-I-BIN-75,109.0,40.0,701.50,2025-12-30,,false
SKU-00216,,MACHINERY_PARTS,SUP-101,LOC-019,WH-S-BIN-76,198.0,25.0,413.99,2026-06-14,,false
SKU-00217,Humidity Sensor Probe,PPE,SUP-030,Warehouse L,WH-L-BIN-77,83.0,25.0,145.67,2026-05-01,,false
SKU-00218,Pallet Strap Tool,CLEANING,SUP-053,LOC-009,WH-I-BIN-78,140.0,0.0,541.06,2026-01-02,,false
SKU-00219,Coolant Concentrate,MEDICAL,SUP-128,LOC-016,WH-P-BIN-79,128.0,25.0,311.63,2026-04-01,,false
SKU-00220,Wheel Chock Rubber,RAW_MATERIALS,SUP-124,LOC-018,WH-R-BIN-80,44.0,20.0,567.67,2026-01-25,2026-05-18,false
SKU-00221,Steel Bolt M8,CHEMICALS,SUP-154,LOC-015,WH-O-BIN-01,8.0,10.0,549.21,2026-05-10,2026-03-03,false
SKU-00222,Hydraulic Hose 2in,ELECTRONICS,SUP-106,LOC-001,WH-A-BIN-02,358.0,0,212.83,2026-03-17,2026-03-10,false
SKU-00223,Industrial Solvent 5L,FOOD_DRY,SUP-182,LOC-013,WH-M-BIN-03,329.0,25.0,122.95,2026-06-02,,false
SKU-00225,,PACKAGING,SUP-075,LOC-006,WH-F-BIN-05,137.0,0.0,197.49,2026-06-13,,false
SKU-00226,,MACHINERY_PARTS,SUP-040,LOC-007,WH-G-BIN-06,19.0,20.0,262.09,2026-03-03,2027-01-27,false
SKU-00227,Shrink Wrap Film Roll,PPE,SUP-126,LOC-013,WH-M-BIN-07,183.0,15.0,76.71,2026-06-11,,false
SKU-00228,Label Printer Ribbon,CLEANING,SUP-046,LOC-016,WH-P-BIN-08,372.0,30.0,673.23,2026-04-18,,false
SKU-00229,,MEDICAL,SUP-192,LOC-014,WH-N-BIN-09,25.0,40.0,511.93,2026-01-21,,false
SKU-00230,LED Warehouse Light,RAW_MATERIALS,SUP-169,LOC-007,WH-G-BIN-10,363.0,25.0,142.49,2026-03-05,,false
SKU-00231,,CHEMICALS,SUP-101,LOC-011,WH-K-BIN-11,172.0,40.0,467.29,2026-06-09,,false
SKU-00232,Pallet Jack Wheel,ELECTRONICS,SUP-101,LOC-011,WH-K-BIN-12,131.0,25.0,162.28,2026-05-19,2026-05-06,false
SKU-00233,Barcode Scanner,FOOD_DRY,SUP-014,LOC-004,WH-D-BIN-13,9.0,20.0,370.93,2026-01-11,2026-04-21,false
SKU-00236,,MACHINERY_PARTS,SUP-053,LOC-003,WH-C-BIN-16,354.0,40.0,699.17,2025-12-31,,false
SKU-00237,Cable Tie Assorted,PPE,SUP-192,LOC-016,WH-P-BIN-17,363.0,40.0,129.75,2026-01-16,,false
SKU-00238,,CLEANING,SUP-196,LOC-006,WH-F-BIN-18,324.0,0.0,369.73,2025-12-29,,false
SKU-00239,Wooden Pallet Std,MEDICAL,SUP-086,LOC-002,WH-B-BIN-19,172.0,20.0,380.41,2026-05-10,,false
SKU-00240,,RAW_MATERIALS,SUP-155,LOC-019,WH-S-BIN-20,331.0,25.0,563.63,2026-05-10,,false
SKU-00241,Hand Truck,CHEMICALS,SUP-003,LOC-016,WH-P-BIN-21,4.0,10.0,85.69,2026-05-24,,true
SKU-00242,Spill Kit 20L,ELECTRONICS,SUP-050,LOC-019,WH-S-BIN-22,437.0,25.0,201.27,2026-02-06,2026-06-17,false
SKU-00243,Epoxy Resin 1L,FOOD_DRY,SUP-074,LOC-018,WH-R-BIN-23,204.0,10.0,792.68,2026-02-11,2027-06-02,false
SKU-00244,Chain Block 1T,FOOD_COLD,SUP-045,LOC-009,WH-I-BIN-24,340.0,40.0,283.85,2026-03-12,2026-04-11,false
SKU-00245,Temperature Logger,PACKAGING,SUP-122,LOC-003,WH-C-BIN-25,361.0,25.0,126.90,2026-04-30,,false
SKU-00246,Anti-Slip Tape Roll,MACHINERY_PARTS,SUP-093,LOC-012,WH-L-BIN-26,373.0,15.0,695.96,2026-03-06,,false
SKU-00247,Welding Rod 3.2mm,PPE,SUP-002,LOC-007,WH-G-BIN-27,3.0,0,487.47,2026-04-29,,false
SKU-00248,Compressed Air Hose,CLEANING,SUP-092,LOC-008,WH-H-BIN-28,298.0,15.0,300.90,2026-05-07,,false
SKU-00249,First Aid Refill,MEDICAL,SUP-154,LOC-012,WH-L-BIN-29,229.0,40.0,532.02,2026-02-18,,false
SKU-00250,Racking Beam 2.4m,RAW_MATERIALS,SUP-106,LOC-009,WH-I-BIN-30,366.0,0,122.41,2026-02-12,2026-03-30,false
SKU-00251,Stretch Hood Film,CHEMICALS,SUP-027,LOC-008,WH-H-BIN-31,25.0,0.0,284.03,2026-01-01,,true
SKU-00252,Load Cell 500kg,ELECTRONICS,SUP-013,Warehouse R,WH-R-BIN-32,265.0,30.0,753.69,2026-06-19,,false
SKU-00253,Dock Bumpers Pair,FOOD_DRY,SUP-139,LOC-011,WH-K-BIN-33,9.0,10.0,450.49,2026-01-12,2026-06-25,false
SKU-00254,Floor Marking Paint,FOOD_COLD,SUP-175,LOC-018,WH-R-BIN-34,235.0,0,204.40,2026-03-06,,false
SKU-00255,Battery Charger 24V,PACKAGING,SUP-151,LOC-003,WH-C-BIN-35,248.0,15.0,342.56,2026-05-07,,false
SKU-00256,,MACHINERY_PARTS,SUP-163,LOC-013,WH-M-BIN-36,218.0,20.0,654.16,2026-03-04,2026-12-26,false
SKU-00257,Humidity Sensor Probe,PPE,SUP-191,LOC-009,WH-I-BIN-37,229.0,30.0,715.54,2026-05-19,,false
SKU-00258,Pallet Strap Tool,CLEANING,SUP-178,LOC-005,WH-E-BIN-38,490.0,0,61.26,2026-06-25,,false
SKU-00259,Coolant Concentrate,MEDICAL,SUP-056,LOC-006,WH-F-BIN-39,168.0,25.0,232.06,2026-04-06,,false
SKU-00260,Wheel Chock Rubber,RAW_MATERIALS,SUP-083,LOC-002,WH-B-BIN-40,79.0,15.0,507.45,2026-04-22,2026-03-01,false
SKU-00261,Steel Bolt M8,CHEMICALS,SUP-034,LOC-016,WH-P-BIN-41,8.0,30.0,217.21,2026-01-26,2026-09-02,false
SKU-00262,Hydraulic Hose 2in,ELECTRONICS,SUP-105,LOC-008,WH-H-BIN-42,28.0,25.0,465.32,2026-01-21,,false
SKU-00263,Industrial Solvent 5L,FOOD_DRY,SUP-024,Warehouse R,WH-R-BIN-43,404.0,25.0,293.14,2026-01-19,2027-03-06,false
SKU-00265,Safety Gloves L,PACKAGING,SUP-135,LOC-017,WH-Q-BIN-45,288.0,20.0,547.05,2026-03-29,,false
SKU-00266,Conveyor Belt Patch,MACHINERY_PARTS,SUP-116,LOC-012,WH-L-BIN-46,9.0,10.0,766.56,2026-01-23,,false
SKU-00267,Shrink Wrap Film Roll,PPE,SUP-017,LOC-013,WH-M-BIN-47,144.0,25.0,202.28,2026-02-23,,false
SKU-00268,Label Printer Ribbon,CLEANING,SUP-072,LOC-016,WH-P-BIN-48,244.0,15.0,407.06,2026-02-14,2026-05-28,false
SKU-00269,Dock Leveler Seal,MEDICAL,SUP-114,whse o,WH-O-BIN-49,216.0,0,734.13,2026-06-05,2026-03-08,false
SKU-00270,LED Warehouse Light,RAW_MATERIALS,SUP-194,LOC-018,WH-R-BIN-50,446.0,30.0,696.64,2026-02-08,,false
SKU-00271,Nitrile Gloves Box,CHEMICALS,SUP-033,LOC-008,WH-H-BIN-51,115.0,0,24.72,2026-06-10,2026-03-18,true
SKU-00272,Pallet Jack Wheel,ELECTRONICS,SUP-082,LOC-001,WH-A-BIN-52,199.0,20.0,292.73,2026-06-17,,false
SKU-00273,Barcode Scanner,FOOD_DRY,SUP-187,LOC-011,WH-K-BIN-53,54.0,30.0,233.78,2026-05-24,,false
SKU-00274,Fire Extinguisher 4kg,FOOD_COLD,SUP-027,LOC-016,WH-P-BIN-54,116.0,0,46.15,2026-03-13,,false
SKU-00275,,PACKAGING,SUP-061,LOC-011,WH-K-BIN-55,210.0,0,490.80,2026-02-25,,false
SKU-00276,Rubber Gasket Set,MACHINERY_PARTS,SUP-150,LOC-011,WH-K-BIN-56,26.0,40.0,584.73,2026-05-26,2026-10-29,false
SKU-00277,,PPE,SUP-104,LOC-020,WH-T-BIN-57,288.0,10.0,507.05,2026-02-16,,false
SKU-00278,,CLEANING,SUP-038,LOC-018,WH-R-BIN-58,379.0,0,751.68,2026-04-23,,false
SKU-00279,Wooden Pallet Std,MEDICAL,SUP-151,LOC-002,WH-B-BIN-59,253.0,0,199.31,2026-03-06,,false
SKU-00280,,RAW_MATERIALS,SUP-106,LOC-013,WH-M-BIN-60,311.0,0,648.71,2026-04-01,,false
SKU-00281,Hand Truck,CHEMICALS,SUP-194,LOC-001,WH-A-BIN-61,371.0,0,356.06,2026-05-21,,false
SKU-00282,Spill Kit 20L,ELECTRONICS,SUP-157,LOC-006,WH-F-BIN-62,415.0,40.0,490.50,2026-05-10,2027-03-09,false
SKU-00283,,FOOD_DRY,SUP-104,LOC-005,WH-E-BIN-63,95.0,20.0,191.61,2026-04-01,,false
SKU-00284,Chain Block 1T,FOOD_COLD,SUP-078,LOC-020,WH-T-BIN-64,60.0,40.0,354.78,2026-05-04,2027-03-17,false
SKU-00285,Temperature Logger,PACKAGING,SUP-142,LOC-019,WH-S-BIN-65,414.0,0.0,223.81,2026-01-13,,false
SKU-00286,,MACHINERY_PARTS,SUP-142,LOC-011,WH-K-BIN-66,386.0,0,369.36,2026-06-17,,false
SKU-00287,,PPE,SUP-172,LOC-017,WH-Q-BIN-67,11.0,30.0,553.16,2026-06-25,,false
SKU-00288,Compressed Air Hose,CLEANING,SUP-051,LOC-012,WH-L-BIN-68,220.0,40.0,175.11,2026-01-18,2027-04-19,false
SKU-00289,First Aid Refill,MEDICAL,SUP-009,LOC-012,WH-L-BIN-69,252.0,0.0,638.41,2026-06-14,,false
SKU-00290,Racking Beam 2.4m,RAW_MATERIALS,SUP-156,Warehouse N,WH-N-BIN-70,5.0,0,438.91,2026-02-04,,false
SKU-00291,,CHEMICALS,SUP-008,LOC-015,WH-O-BIN-71,6.0,17.0,446.28,2026-05-17,,true
SKU-00293,,FOOD_DRY,SUP-022,LOC-010,WH-J-BIN-73,4.0,15.0,342.03,2026-05-07,2026-03-04,false
SKU-00294,Floor Marking Paint,FOOD_COLD,SUP-010,LOC-019,WH-S-BIN-74,290.0,0.0,210.12,2026-02-17,,false
SKU-00295,Battery Charger 24V,PACKAGING,SUP-109,Warehouse G,WH-G-BIN-75,497.0,0,131.18,2026-02-08,,false
SKU-00296,,MACHINERY_PARTS,SUP-109,LOC-013,WH-M-BIN-76,361.0,20.0,298.37,2026-03-28,,false
SKU-00298,Pallet Strap Tool,CLEANING,SUP-063,LOC-015,WH-O-BIN-78,487.0,40.0,256.12,2026-01-13,2026-07-27,false
SKU-00299,Coolant Concentrate,MEDICAL,SUP-124,Warehouse O,WH-O-BIN-79,86.0,40.0,144.71,2025-12-31,2026-06-20,false
SKU-00300,Wheel Chock Rubber,RAW_MATERIALS,SUP-167,LOC-018,WH-R-BIN-80,397.0,30.0,433.38,2026-04-05,2026-04-06,false
SKU-00301,Steel Bolt M8,CHEMICALS,SUP-136,LOC-011,WH-K-BIN-01,97.0,25.0,289.11,2026-02-25,,false
SKU-00303,Industrial Solvent 5L,FOOD_DRY,SUP-040,LOC-001,WH-A-BIN-03,78.0,20.0,588.64,2026-04-09,2027-03-22,false
SKU-00304,,FOOD_COLD,SUP-063,Warehouse S,WH-S-BIN-04,227.0,10.0,658.07,2026-06-03,2027-07-09,false
SKU-00305,Safety Gloves L,PACKAGING,SUP-163,LOC-011,WH-K-BIN-05,342.0,20.0,15.28,2026-04-16,2026-12-18,false
SKU-00307,Shrink Wrap Film Roll,PPE,SUP-012,Warehouse L,WH-L-BIN-07,41.0,10.0,29.07,2026-01-12,,false
SKU-00308,Label Printer Ribbon,CLEANING,SUP-151,Warehouse R,WH-R-BIN-08,86.0,15.0,713.69,2026-01-17,2026-03-06,false
SKU-00309,Dock Leveler Seal,MEDICAL,SUP-167,LOC-002,WH-B-BIN-09,178.0,25.0,520.00,2025-12-29,2027-03-06,false
SKU-00311,,CHEMICALS,SUP-168,LOC-008,WH-H-BIN-11,128.0,25.0,696.92,2026-04-09,,true
SKU-00312,Pallet Jack Wheel,ELECTRONICS,SUP-191,Warehouse Q,WH-Q-BIN-12,4.0,10.0,697.20,2026-01-06,2026-12-24,false
SKU-00313,Barcode Scanner,FOOD_DRY,SUP-067,LOC-006,WH-F-BIN-13,351.0,20.0,568.73,2026-03-15,,false
SKU-00314,Fire Extinguisher 4kg,FOOD_COLD,SUP-172,LOC-008,WH-H-BIN-14,38.0,0,170.95,2026-02-05,,false
SKU-00315,PVC Pipe 50mm,PACKAGING,SUP-070,LOC-001,WH-A-BIN-15,466.0,40.0,589.84,2026-02-19,,false
SKU-00316,Rubber Gasket Set,MACHINERY_PARTS,SUP-081,LOC-006,WH-F-BIN-16,7.0,10.0,452.57,2026-02-17,,false
SKU-00317,Cable Tie Assorted,PPE,SUP-054,LOC-015,WH-O-BIN-17,274.0,10.0,94.33,2026-03-16,,false
SKU-00319,Wooden Pallet Std,MEDICAL,SUP-027,LOC-018,WH-R-BIN-19,14.0,15.0,482.99,2026-01-03,,false
SKU-00320,Steel Shelving Unit,RAW_MATERIALS,SUP-141,Warehouse F,WH-F-BIN-20,7.0,10.0,328.27,2026-05-17,,false
SKU-00321,Hand Truck,CHEMICALS,SUP-113,LOC-012,WH-L-BIN-21,6.0,15.0,323.14,2026-02-17,2027-03-08,false
SKU-00322,Spill Kit 20L,ELECTRONICS,SUP-198,LOC-006,WH-F-BIN-22,102.0,0.0,742.45,2026-01-13,,false
SKU-00323,Epoxy Resin 1L,FOOD_DRY,SUP-080,LOC-019,WH-S-BIN-23,163.0,25.0,518.75,2026-01-19,,false
SKU-00325,Temperature Logger,PACKAGING,SUP-060,LOC-015,WH-O-BIN-25,22.0,40.0,31.38,2026-04-15,2027-02-28,false
SKU-00327,Welding Rod 3.2mm,PPE,SUP-068,LOC-003,WH-C-BIN-27,485.0,0.0,267.71,2026-04-19,,false
SKU-00328,Compressed Air Hose,CLEANING,SUP-197,LOC-009,WH-I-BIN-28,5.0,10.0,528.36,2026-01-14,,false
SKU-00329,First Aid Refill,MEDICAL,SUP-154,LOC-005,WH-E-BIN-29,232.0,0.0,207.05,2026-01-08,,false
SKU-00330,Racking Beam 2.4m,RAW_MATERIALS,SUP-030,LOC-019,WH-S-BIN-30,132.0,0.0,204.92,2026-02-16,,false
SKU-00331,Stretch Hood Film,CHEMICALS,SUP-110,LOC-016,WH-P-BIN-31,30.0,15.0,356.51,2026-01-24,,true
SKU-00332,Load Cell 500kg,ELECTRONICS,SUP-189,LOC-011,WH-K-BIN-32,179.0,15.0,3.94,2026-02-21,,false
SKU-00333,Dock Bumpers Pair,FOOD_DRY,SUP-169,LOC-010,WH-J-BIN-33,81.0,40.0,217.67,2026-05-13,,false
SKU-00335,Battery Charger 24V,PACKAGING,SUP-049,LOC-004,WH-D-BIN-35,117.0,20.0,70.88,2026-05-06,,false
SKU-00336,Mesh Security Cage,MACHINERY_PARTS,SUP-111,Warehouse E,WH-E-BIN-36,98.0,0,100.06,2025-12-31,,false
SKU-00337,Humidity Sensor Probe,PPE,SUP-089,Warehouse L,WH-L-BIN-37,6.0,0,290.90,2026-05-20,2027-06-12,false
SKU-00338,Pallet Strap Tool,CLEANING,SUP-087,LOC-016,WH-P-BIN-38,208.0,10.0,409.42,2026-04-16,,false
SKU-00340,Wheel Chock Rubber,RAW_MATERIALS,SUP-113,LOC-001,WH-A-BIN-40,261.0,15.0,554.43,2026-05-09,,false
SKU-00342,Hydraulic Hose 2in,ELECTRONICS,SUP-136,LOC-016,WH-P-BIN-42,395.0,10.0,362.14,2026-04-24,,false
SKU-00343,Industrial Solvent 5L,FOOD_DRY,SUP-105,LOC-005,WH-E-BIN-43,249.0,15.0,348.67,2026-01-19,,false
SKU-00344,Forklift Battery 24V,FOOD_COLD,SUP-130,LOC-011,WH-K-BIN-44,280.0,0.0,610.33,2026-02-08,,false
SKU-00345,Safety Gloves L,PACKAGING,SUP-164,LOC-015,WH-O-BIN-45,254.0,40.0,233.04,2026-01-21,2027-05-16,false
SKU-00346,Conveyor Belt Patch,MACHINERY_PARTS,SUP-050,LOC-020,WH-T-BIN-46,57.0,0,396.93,2026-03-14,,false
SKU-00347,,PPE,SUP-130,LOC-014,WH-N-BIN-47,383.0,20.0,265.61,2026-03-14,2027-07-12,false
SKU-00348,Label Printer Ribbon,CLEANING,SUP-113,LOC-014,WH-N-BIN-48,276.0,40.0,100.51,2026-05-04,2027-02-14,false
SKU-00349,,MEDICAL,SUP-124,LOC-004,WH-D-BIN-49,8.0,25.0,444.55,2026-02-09,,false
SKU-00350,LED Warehouse Light,RAW_MATERIALS,SUP-049,LOC-008,WH-H-BIN-50,72.0,15.0,709.86,2026-06-01,,false
SKU-00351,,CHEMICALS,SUP-005,LOC-017,WH-Q-BIN-51,223.0,10.0,339.85,2026-02-08,2026-11-30,true
SKU-00352,Pallet Jack Wheel,ELECTRONICS,SUP-153,LOC-004,WH-D-BIN-52,276.0,15.0,516.27,2026-03-24,,false
SKU-00354,Fire Extinguisher 4kg,FOOD_COLD,SUP-091,LOC-004,WH-D-BIN-54,416.0,20.0,436.25,2026-06-01,,false
SKU-00356,Rubber Gasket Set,MACHINERY_PARTS,SUP-067,LOC-008,WH-H-BIN-56,64.0,0.0,303.31,2026-03-08,2027-07-05,false
SKU-00358,Dust Mask N95 Pack,CLEANING,SUP-047,LOC-014,WH-N-BIN-58,386.0,15.0,32.22,2026-05-20,2026-05-06,false
SKU-00359,Wooden Pallet Std,MEDICAL,SUP-168,LOC-014,WH-N-BIN-59,14.0,0,442.65,2026-01-22,,false
SKU-00360,Steel Shelving Unit,RAW_MATERIALS,SUP-038,LOC-005,WH-E-BIN-60,73.0,20.0,557.66,2026-03-08,,false
SKU-00362,Spill Kit 20L,ELECTRONICS,SUP-087,LOC-008,WH-H-BIN-62,1.0,10.0,28.47,2026-04-04,,false
SKU-00364,Chain Block 1T,FOOD_COLD,SUP-128,LOC-019,WH-S-BIN-64,29.0,40.0,707.65,2026-06-09,,false
SKU-00365,Temperature Logger,PACKAGING,SUP-145,LOC-002,WH-B-BIN-65,264.0,30.0,425.72,2026-03-10,2027-02-27,false
SKU-00366,Anti-Slip Tape Roll,MACHINERY_PARTS,SUP-013,LOC-012,WH-L-BIN-66,129.0,30.0,446.61,2026-01-04,2027-02-11,false
SKU-00367,,PPE,SUP-030,LOC-006,WH-F-BIN-67,41.0,20.0,45.03,2026-01-01,2026-11-03,false
SKU-00368,Compressed Air Hose,CLEANING,SUP-022,LOC-015,WH-O-BIN-68,1.0,20.0,483.01,2026-05-17,2026-07-31,false
SKU-00369,First Aid Refill,MEDICAL,SUP-014,LOC-001,WH-A-BIN-69,452.0,20.0,319.45,2026-06-15,,false
SKU-00370,Racking Beam 2.4m,RAW_MATERIALS,SUP-002,LOC-016,WH-P-BIN-70,110.0,40.0,394.97,2026-02-14,,false
SKU-00371,Stretch Hood Film,CHEMICALS,SUP-168,LOC-011,WH-K-BIN-71,339.0,25.0,424.66,2026-05-13,,true
SKU-00372,Load Cell 500kg,ELECTRONICS,SUP-119,LOC-006,WH-F-BIN-72,6.0,15.0,123.84,2026-05-03,,false
SKU-00373,Dock Bumpers Pair,FOOD_DRY,SUP-035,LOC-006,WH-F-BIN-73,252.0,0,206.23,2026-05-28,2027-01-09,false
SKU-00374,,FOOD_COLD,SUP-152,LOC-010,WH-J-BIN-74,456.0,40.0,760.68,2026-04-11,,false
SKU-00376,Mesh Security Cage,MACHINERY_PARTS,SUP-075,LOC-012,WH-L-BIN-76,9.0,15.0,250.41,2026-01-23,,false
SKU-00377,Humidity Sensor Probe,PPE,SUP-117,LOC-009,WH-I-BIN-77,27.0,30.0,664.47,2026-05-12,,false
SKU-00379,Coolant Concentrate,MEDICAL,SUP-056,LOC-014,WH-N-BIN-79,230.0,0,195.26,2026-03-28,,false
SKU-00380,Wheel Chock Rubber,RAW_MATERIALS,SUP-164,LOC-012,WH-L-BIN-80,207.0,40.0,734.65,2026-02-06,,false
SKU-00381,Steel Bolt M8,CHEMICALS,SUP-139,LOC-008,WH-H-BIN-01,24.0,25.0,372.89,2026-06-17,,false
SKU-00382,Hydraulic Hose 2in,ELECTRONICS,SUP-188,LOC-002,WH-B-BIN-02,79.0,15.0,703.29,2026-04-28,2027-06-13,false
SKU-00384,Forklift Battery 24V,FOOD_COLD,SUP-001,LOC-017,WH-Q-BIN-04,118.0,20.0,539.32,2026-01-28,2027-02-02,false
SKU-00385,Safety Gloves L,PACKAGING,SUP-068,LOC-014,WH-N-BIN-05,5.0,10.0,74.33,2026-01-18,,false
SKU-00386,,MACHINERY_PARTS,SUP-054,LOC-007,WH-G-BIN-06,14.0,20.0,647.94,2026-03-19,2026-10-23,false
SKU-00387,Shrink Wrap Film Roll,PPE,SUP-176,LOC-002,WH-B-BIN-07,13.0,30.0,106.10,2026-03-19,,false
SKU-00388,,CLEANING,SUP-059,LOC-013,WH-M-BIN-08,79.0,15.0,723.50,2026-05-17,,false
SKU-00389,Dock Leveler Seal,MEDICAL,SUP-027,LOC-007,WH-G-BIN-09,52.0,10.0,98.62,2026-01-27,,false
SKU-00390,LED Warehouse Light,RAW_MATERIALS,SUP-082,Warehouse J,WH-J-BIN-10,491.0,25.0,483.77,2026-01-13,2026-09-20,false
SKU-00391,Nitrile Gloves Box,CHEMICALS,SUP-093,LOC-019,WH-S-BIN-11,1.0,10.0,331.63,2026-03-05,2027-01-12,false
SKU-00392,Pallet Jack Wheel,ELECTRONICS,SUP-164,LOC-008,WH-H-BIN-12,100.0,20.0,293.11,2026-03-23,,false
SKU-00393,,FOOD_DRY,SUP-121,LOC-003,WH-C-BIN-13,241.0,0.0,193.37,2026-06-18,2026-09-20,false
SKU-00394,,FOOD_COLD,SUP-181,LOC-005,WH-E-BIN-14,432.0,15.0,606.16,2026-02-23,,false
SKU-00395,PVC Pipe 50mm,PACKAGING,SUP-014,LOC-004,WH-D-BIN-15,232.0,25.0,136.49,2026-01-28,,false
SKU-00396,Rubber Gasket Set,MACHINERY_PARTS,SUP-050,LOC-006,WH-F-BIN-16,472.0,20.0,66.76,2026-04-09,,false
SKU-00397,Cable Tie Assorted,PPE,SUP-012,LOC-019,WH-S-BIN-17,11.0,0,571.26,2026-01-02,2026-09-29,false
SKU-00398,Dust Mask N95 Pack,CLEANING,SUP-159,LOC-020,WH-T-BIN-18,447.0,0,615.21,2026-05-15,,false
SKU-00399,,MEDICAL,SUP-032,Warehouse M,WH-M-BIN-19,289.0,20.0,500.31,2026-02-11,,false
SKU-00400,Steel Shelving Unit,RAW_MATERIALS,SUP-183,LOC-020,WH-T-BIN-20,225.0,10.0,200.92,2026-02-23,,false
SKU-00401,Hand Truck,CHEMICALS,SUP-082,LOC-004,WH-D-BIN-21,5.0,15.0,94.58,2026-04-12,,false
SKU-00403,Epoxy Resin 1L,FOOD_DRY,SUP-079,LOC-012,WH-L-BIN-23,245.0,25.0,748.32,2026-03-04,,false
SKU-00405,Temperature Logger,PACKAGING,SUP-183,LOC-016,WH-P-BIN-25,67.0,20.0,546.55,2026-03-15,,false
SKU-00406,Anti-Slip Tape Roll,MACHINERY_PARTS,SUP-083,LOC-020,WH-T-BIN-26,483.0,20.0,435.11,2026-02-24,,false
SKU-00407,Welding Rod 3.2mm,PPE,SUP-050,LOC-001,WH-A-BIN-27,66.0,20.0,74.43,2026-02-19,,false
SKU-00408,Compressed Air Hose,CLEANING,SUP-023,LOC-013,WH-M-BIN-28,34.0,25.0,92.46,2026-01-04,2026-08-13,false
SKU-00409,First Aid Refill,MEDICAL,SUP-116,LOC-005,WH-E-BIN-29,292.0,15.0,505.91,2026-01-10,2027-04-19,false
SKU-00410,Racking Beam 2.4m,RAW_MATERIALS,SUP-117,LOC-003,WH-C-BIN-30,35.0,0,377.16,2026-03-20,,false
SKU-00411,,CHEMICALS,SUP-109,LOC-012,WH-L-BIN-31,19.0,20.0,744.05,2026-04-05,2027-06-23,true
SKU-00412,Load Cell 500kg,ELECTRONICS,SUP-200,LOC-005,WH-E-BIN-32,15.0,0,767.50,2026-04-12,,false
SKU-00413,Dock Bumpers Pair,FOOD_DRY,SUP-032,LOC-003,WH-C-BIN-33,465.0,25.0,551.42,2026-04-09,,false
SKU-00414,Floor Marking Paint,FOOD_COLD,SUP-032,LOC-003,WH-C-BIN-34,469.0,20.0,234.73,2026-03-16,,false
SKU-00415,Battery Charger 24V,PACKAGING,SUP-037,LOC-014,WH-N-BIN-35,485.0,20.0,761.96,2026-06-10,2026-11-20,false
SKU-00416,Mesh Security Cage,MACHINERY_PARTS,SUP-076,LOC-014,WH-N-BIN-36,2.0,15.0,409.95,2026-03-15,,false
SKU-00417,Humidity Sensor Probe,PPE,SUP-058,LOC-002,WH-B-BIN-37,433.0,30.0,279.47,2026-01-16,,false
SKU-00419,,MEDICAL,SUP-061,LOC-005,WH-E-BIN-39,490.0,0,119.20,2026-02-19,,false
SKU-00420,Wheel Chock Rubber,RAW_MATERIALS,SUP-109,LOC-010,WH-J-BIN-40,8.0,20.0,602.15,2026-04-17,2027-03-04,false
SKU-00421,Steel Bolt M8,CHEMICALS,SUP-081,LOC-019,WH-S-BIN-41,6.0,10.0,231.82,2026-06-01,,false
SKU-00422,Hydraulic Hose 2in,ELECTRONICS,SUP-122,LOC-007,WH-G-BIN-42,73.0,0,233.90,2026-03-09,,false
SKU-00423,Industrial Solvent 5L,FOOD_DRY,SUP-162,LOC-008,WH-H-BIN-43,407.0,10.0,435.57,2026-01-01,,false
SKU-00424,Forklift Battery 24V,FOOD_COLD,SUP-164,LOC-002,WH-B-BIN-44,294.0,25.0,600.03,2026-03-02,,false
SKU-00425,Safety Gloves L,PACKAGING,SUP-014,LOC-013,WH-M-BIN-45,305.0,10.0,787.17,2026-04-16,,false
SKU-00426,,MACHINERY_PARTS,SUP-179,LOC-004,WH-D-BIN-46,185.0,40.0,511.70,2026-02-20,,false
SKU-00428,Label Printer Ribbon,CLEANING,SUP-061,LOC-008,WH-H-BIN-48,379.0,20.0,664.16,2026-01-21,,false
SKU-00429,,MEDICAL,SUP-064,LOC-016,WH-P-BIN-49,408.0,25.0,342.40,2026-03-25,2027-07-01,false
SKU-00430,LED Warehouse Light,RAW_MATERIALS,SUP-093,Warehouse E,WH-E-BIN-50,8.0,20.0,636.54,2026-05-02,2026-07-28,false
SKU-00431,Nitrile Gloves Box,CHEMICALS,SUP-005,LOC-016,WH-P-BIN-51,486.0,10.0,497.86,2026-02-03,,false
SKU-00432,Pallet Jack Wheel,ELECTRONICS,SUP-069,LOC-015,WH-O-BIN-52,29.0,40.0,452.60,2026-04-03,,false
SKU-00433,Barcode Scanner,FOOD_DRY,SUP-009,LOC-012,WH-L-BIN-53,199.0,30.0,402.75,2026-02-10,,false
SKU-00434,Fire Extinguisher 4kg,FOOD_COLD,SUP-115,LOC-009,WH-I-BIN-54,98.0,40.0,318.59,2026-05-04,,false
SKU-00435,PVC Pipe 50mm,PACKAGING,SUP-156,LOC-020,WH-T-BIN-55,5.0,40.0,509.09,2026-06-02,,false
SKU-00436,Rubber Gasket Set,MACHINERY_PARTS,SUP-089,LOC-020,WH-T-BIN-56,7.0,0,411.21,2026-01-20,,false
SKU-00438,Dust Mask N95 Pack,CLEANING,SUP-189,LOC-018,WH-R-BIN-58,33.0,40.0,73.05,2026-05-25,,false
SKU-00439,Wooden Pallet Std,MEDICAL,SUP-171,LOC-005,WH-E-BIN-59,80.0,0.0,482.94,2026-02-04,,false
SKU-00440,Steel Shelving Unit,RAW_MATERIALS,SUP-200,LOC-005,WH-E-BIN-60,4.0,12.0,389.86,2026-05-21,2027-02-10,false
SKU-00441,Hand Truck,CHEMICALS,SUP-001,LOC-012,WH-L-BIN-61,373.0,0.0,754.41,2026-03-08,2027-01-18,true
SKU-00442,Spill Kit 20L,ELECTRONICS,SUP-177,Warehouse F,WH-F-BIN-62,9.0,0,633.34,2026-02-18,2026-12-15,false
SKU-00443,Epoxy Resin 1L,FOOD_DRY,SUP-049,LOC-016,WH-P-BIN-63,123.0,15.0,560.23,2026-04-21,,false
SKU-00444,Chain Block 1T,FOOD_COLD,SUP-026,LOC-006,WH-F-BIN-64,478.0,40.0,203.60,2026-06-17,2027-06-02,false
SKU-00445,Temperature Logger,PACKAGING,SUP-153,LOC-015,WH-O-BIN-65,478.0,15.0,407.53,2026-06-09,2027-06-23,false
SKU-00446,Anti-Slip Tape Roll,MACHINERY_PARTS,SUP-182,LOC-020,WH-T-BIN-66,2.0,30.0,530.68,2026-01-31,,false
SKU-00447,Welding Rod 3.2mm,PPE,SUP-170,LOC-005,WH-E-BIN-67,426.0,0,723.24,2026-06-25,,false
SKU-00448,Compressed Air Hose,CLEANING,SUP-094,LOC-019,WH-S-BIN-68,372.0,20.0,394.37,2026-01-21,,false
SKU-00449,First Aid Refill,MEDICAL,SUP-058,LOC-020,WH-T-BIN-69,171.0,25.0,369.35,2026-03-28,2026-11-10,false
SKU-00450,Racking Beam 2.4m,RAW_MATERIALS,SUP-039,LOC-015,WH-O-BIN-70,286.0,15.0,628.33,2026-06-07,2027-07-09,false
SKU-00451,Stretch Hood Film,CHEMICALS,SUP-150,LOC-005,WH-E-BIN-71,63.0,15.0,710.74,2026-06-07,2027-06-28,true
SKU-00452,Load Cell 500kg,ELECTRONICS,SUP-013,LOC-007,WH-G-BIN-72,35.0,10.0,37.39,2026-04-20,2027-07-07,false
SKU-00453,Dock Bumpers Pair,FOOD_DRY,SUP-148,LOC-013,WH-M-BIN-73,288.0,20.0,569.75,2026-05-30,,false
SKU-00454,Floor Marking Paint,FOOD_COLD,SUP-055,LOC-006,WH-F-BIN-74,441.0,15.0,725.27,2026-02-03,2026-10-21,false
SKU-00456,Mesh Security Cage,MACHINERY_PARTS,SUP-193,LOC-017,WH-Q-BIN-76,473.0,20.0,49.27,2026-01-29,,false
SKU-00457,Humidity Sensor Probe,PPE,SUP-054,LOC-010,WH-J-BIN-77,445.0,30.0,787.22,2026-03-27,2026-08-01,false
SKU-00458,Pallet Strap Tool,CLEANING,SUP-113,LOC-018,WH-R-BIN-78,125.0,30.0,759.99,2026-05-28,2026-11-18,false
SKU-00459,Coolant Concentrate,MEDICAL,SUP-190,LOC-014,WH-N-BIN-79,21.0,30.0,494.58,2026-01-24,2026-07-29,false
SKU-00460,Wheel Chock Rubber,RAW_MATERIALS,SUP-115,LOC-007,WH-G-BIN-80,4.0,10.0,674.28,2026-04-09,2027-03-12,false
SKU-00461,,CHEMICALS,SUP-183,LOC-009,WH-I-BIN-01,298.0,30.0,198.59,2026-06-25,,true
SKU-00463,Industrial Solvent 5L,FOOD_DRY,SUP-190,LOC-015,WH-O-BIN-03,138.0,0.0,357.42,2026-01-05,2026-11-09,false
SKU-00464,Forklift Battery 24V,FOOD_COLD,SUP-148,LOC-009,WH-I-BIN-04,12.0,20.0,26.88,2026-02-21,,false
SKU-00465,Safety Gloves L,PACKAGING,SUP-004,LOC-001,WH-A-BIN-05,487.0,20.0,754.77,2026-02-13,,false
SKU-00466,,MACHINERY_PARTS,SUP-053,LOC-005,WH-E-BIN-06,302.0,0,623.69,2026-06-18,,false
SKU-00467,Shrink Wrap Film Roll,PPE,SUP-046,Warehouse R,WH-R-BIN-07,353.0,30.0,258.96,2026-05-22,,false
SKU-00468,,CLEANING,SUP-072,LOC-018,WH-R-BIN-08,266.0,25.0,134.44,2026-03-30,,false
SKU-00469,Dock Leveler Seal,MEDICAL,SUP-125,Warehouse Q,WH-Q-BIN-09,201.0,40.0,342.08,2026-04-11,2027-02-01,false
SKU-00470,LED Warehouse Light,RAW_MATERIALS,SUP-083,LOC-004,WH-D-BIN-10,433.0,0.0,358.11,2026-06-21,2026-08-12,false
SKU-00471,,CHEMICALS,SUP-106,LOC-013,WH-M-BIN-11,368.0,25.0,559.09,2026-05-02,2027-06-30,false
SKU-00472,,ELECTRONICS,SUP-024,LOC-008,WH-H-BIN-12,313.0,10.0,558.18,2026-05-30,2027-03-03,false
SKU-00473,Barcode Scanner,FOOD_DRY,SUP-086,LOC-019,WH-S-BIN-13,400.0,20.0,393.08,2026-05-27,,false
SKU-00474,Fire Extinguisher 4kg,FOOD_COLD,SUP-066,LOC-007,WH-G-BIN-14,49.0,40.0,63.58,2026-02-26,,false
SKU-00475,PVC Pipe 50mm,PACKAGING,SUP-199,LOC-001,WH-A-BIN-15,268.0,15.0,79.82,2026-02-08,2027-02-23,false
SKU-00476,Rubber Gasket Set,MACHINERY_PARTS,SUP-036,LOC-019,WH-S-BIN-16,6.0,10.0,37.98,2026-05-20,,false
SKU-00477,Cable Tie Assorted,PPE,SUP-101,Warehouse D,WH-D-BIN-17,444.0,0,240.26,2026-04-10,,false
SKU-00478,Dust Mask N95 Pack,CLEANING,SUP-144,LOC-014,WH-N-BIN-18,497.0,20.0,50.37,2026-03-09,2027-01-06,false
SKU-00479,Wooden Pallet Std,MEDICAL,SUP-035,LOC-011,WH-K-BIN-19,358.0,30.0,713.10,2026-03-19,,false
SKU-00480,,RAW_MATERIALS,SUP-160,LOC-015,WH-O-BIN-20,29.0,0,725.41,2026-06-17,,false
SKU-00481,Hand Truck,CHEMICALS,SUP-089,LOC-020,WH-T-BIN-21,300.0,25.0,20.11,2026-04-27,,true
SKU-00482,Spill Kit 20L,ELECTRONICS,SUP-003,LOC-011,WH-K-BIN-22,70.0,30.0,632.12,2026-03-11,,false
SKU-00483,Epoxy Resin 1L,FOOD_DRY,SUP-192,LOC-018,WH-R-BIN-23,162.0,20.0,563.83,2025-12-29,,false
SKU-00485,Temperature Logger,PACKAGING,SUP-187,LOC-003,WH-C-BIN-25,154.0,0,209.72,2026-01-14,2027-01-03,false
SKU-00486,Anti-Slip Tape Roll,MACHINERY_PARTS,SUP-022,LOC-012,WH-L-BIN-26,492.0,20.0,388.51,2026-04-15,,false
SKU-00487,Welding Rod 3.2mm,PPE,SUP-145,LOC-001,WH-A-BIN-27,109.0,0.0,517.50,2026-04-06,2027-02-12,false
SKU-00488,Compressed Air Hose,CLEANING,SUP-189,Warehouse T,WH-T-BIN-28,367.0,30.0,21.18,2026-04-29,,false
SKU-00489,First Aid Refill,MEDICAL,SUP-161,LOC-009,WH-I-BIN-29,175.0,10.0,504.06,2026-06-12,,false
SKU-00490,Racking Beam 2.4m,RAW_MATERIALS,SUP-162,LOC-013,WH-M-BIN-30,29.0,25.0,627.18,2026-04-17,,false
SKU-00491,,CHEMICALS,SUP-092,LOC-014,WH-N-BIN-31,285.0,20.0,12.81,2026-04-11,,true
SKU-00492,Load Cell 500kg,ELECTRONICS,SUP-183,LOC-010,WH-J-BIN-32,150.0,25.0,370.65,2026-02-10,,false
SKU-00493,Dock Bumpers Pair,FOOD_DRY,SUP-076,LOC-007,WH-G-BIN-33,294.0,40.0,290.30,2026-06-21,,false
SKU-00494,,FOOD_COLD,SUP-142,Warehouse J,WH-J-BIN-34,10.0,30.0,109.37,2026-03-04,,false
SKU-00495,Battery Charger 24V,PACKAGING,SUP-016,LOC-014,WH-N-BIN-35,118.0,10.0,482.75,2026-06-05,,false
SKU-00496,,MACHINERY_PARTS,SUP-130,LOC-003,WH-C-BIN-36,107.0,10.0,283.62,2026-01-02,2027-02-07,false
SKU-00497,Humidity Sensor Probe,PPE,SUP-016,LOC-012,WH-L-BIN-37,19.0,30.0,19.95,2026-04-25,,false
SKU-00499,Coolant Concentrate,MEDICAL,SUP-113,Warehouse A,WH-A-BIN-39,449.0,0.0,58.37,2026-02-18,,false
SKU-00500,Wheel Chock Rubber,RAW_MATERIALS,SUP-019,LOC-009,WH-I-BIN-40,241.0,40.0,643.55,2026-01-07,,false
SKU-00001,Steel Bolt M8,CHEMICALS,SUP-049,LOC-013,WH-M-BIN-41,414.0,0.0,553.24,2026-04-28,2026-08-15,false
SKU-00002,Hydraulic Hose 2in,ELECTRONICS,SUP-180,LOC-006,WH-F-BIN-42,82.0,0,48.21,2026-03-25,,false
SKU-00003,Industrial Solvent 5L,FOOD_DRY,SUP-097,LOC-010,WH-J-BIN-43,231.0,10.0,223.89,2026-01-25,,false
SKU-00004,Forklift Battery 24V,FOOD_COLD,SUP-073,LOC-014,WH-N-BIN-44,409.0,20.0,722.25,2026-05-10,,false
SKU-00005,Safety Gloves L,PACKAGING,SUP-175,LOC-009,WH-I-BIN-45,63.0,20.0,149.81,2026-06-08,,false
SKU-00006,Conveyor Belt Patch,MACHINERY_PARTS,SUP-062,LOC-003,WH-C-BIN-46,247.0,0.0,597.21,2026-01-02,,false
SKU-00007,Shrink Wrap Film Roll,PPE,SUP-197,LOC-009,WH-I-BIN-47,497.0,25.0,127.38,2026-01-28,,false
SKU-00008,Label Printer Ribbon,CLEANING,SUP-192,LOC-015,WH-O-BIN-48,186.0,40.0,732.53,2026-04-10,2026-12-09,false
SKU-00009,Dock Leveler Seal,MEDICAL,SUP-148,LOC-017,WH-Q-BIN-49,30.0,20.0,249.01,2026-03-31,,false
SKU-00010,LED Warehouse Light,RAW_MATERIALS,SUP-066,LOC-018,WH-R-BIN-50,140.0,25.0,125.42,2026-04-12,,false
SKU-00012,Pallet Jack Wheel,ELECTRONICS,SUP-127,LOC-017,WH-Q-BIN-52,29.0,30.0,196.64,2026-03-16,,false
SKU-00013,Barcode Scanner,FOOD_DRY,SUP-108,LOC-016,WH-P-BIN-53,150.0,0.0,166.21,2026-02-10,,false
SKU-00014,Fire Extinguisher 4kg,FOOD_COLD,SUP-083,LOC-002,WH-B-BIN-54,160.0,15.0,451.20,2026-02-08,,false
SKU-00015,PVC Pipe 50mm,PACKAGING,SUP-032,LOC-015,WH-O-BIN-55,84.0,25.0,246.68,2026-03-06,,false
SKU-00016,Rubber Gasket Set,MACHINERY_PARTS,SUP-111,LOC-015,WH-O-BIN-56,375.0,25.0,554.27,2026-06-05,,false
SKU-00017,Cable Tie Assorted,PPE,SUP-031,LOC-019,WH-S-BIN-57,117.0,30.0,102.69,2026-01-29,2026-12-02,false
SKU-00018,Dust Mask N95 Pack,CLEANING,SUP-054,LOC-020,WH-T-BIN-58,249.0,0,676.68,2026-06-22,,false
SKU-00019,Wooden Pallet Std,MEDICAL,SUP-091,LOC-017,WH-Q-BIN-59,405.0,25.0,95.19,2026-01-16,,false
SKU-00020,Steel Shelving Unit,RAW_MATERIALS,SUP-168,LOC-012,WH-L-BIN-60,395.0,25.0,587.48,2026-01-10,,false
SKU-00021,,CHEMICALS,SUP-125,LOC-014,WH-N-BIN-61,358.0,10.0,357.38,2026-02-22,,false
SKU-00022,Spill Kit 20L,ELECTRONICS,SUP-070,LOC-004,WH-D-BIN-62,201.0,10.0,375.52,2026-06-11,,false
SKU-00023,Epoxy Resin 1L,FOOD_DRY,SUP-094,LOC-005,WH-E-BIN-63,29.0,40.0,770.24,2026-04-21,,false
SKU-00024,Chain Block 1T,FOOD_COLD,SUP-073,LOC-020,WH-T-BIN-64,347.0,10.0,499.14,2026-02-08,,false
SKU-00025,Temperature Logger,PACKAGING,SUP-118,LOC-011,WH-K-BIN-65,7.0,0,759.92,2026-04-18,2026-12-05,false
SKU-00026,Anti-Slip Tape Roll,MACHINERY_PARTS,SUP-069,LOC-018,WH-R-BIN-66,192.0,20.0,524.29,2026-03-18,,false
SKU-00027,Welding Rod 3.2mm,PPE,SUP-054,LOC-014,WH-N-BIN-67,443.0,15.0,148.63,2026-04-01,,false
SKU-00028,Compressed Air Hose,CLEANING,SUP-145,Warehouse A,WH-A-BIN-68,130.0,20.0,377.40,2026-02-25,,false
SKU-00029,First Aid Refill,MEDICAL,SUP-136,LOC-005,WH-E-BIN-69,381.0,40.0,458.28,2026-01-04,2027-02-10,false
SKU-00030,Racking Beam 2.4m,RAW_MATERIALS,SUP-143,LOC-017,WH-Q-BIN-70,50.0,25.0,792.80,2026-05-16,,false
SKU-00031,Stretch Hood Film,CHEMICALS,SUP-104,LOC-014,WH-N-BIN-71,140.0,10.0,488.88,2026-06-18,,false
SKU-00032,Load Cell 500kg,ELECTRONICS,SUP-200,LOC-006,WH-F-BIN-72,242.0,25.0,433.68,2026-01-12,,false
SKU-00033,Dock Bumpers Pair,FOOD_DRY,SUP-074,LOC-020,WH-T-BIN-73,374.0,15.0,483.32,2026-03-16,2027-03-29,false
SKU-00034,Floor Marking Paint,FOOD_COLD,SUP-111,LOC-004,WH-D-BIN-74,134.0,20.0,374.69,2026-02-11,,false
SKU-00035,Battery Charger 24V,PACKAGING,SUP-036,LOC-009,WH-I-BIN-75,10.0,20.0,53.57,2026-05-28,,false
SKU-00037,Humidity Sensor Probe,PPE,SUP-149,LOC-014,WH-N-BIN-77,31.0,20.0,642.65,2026-03-30,,false
SKU-00038,Pallet Strap Tool,CLEANING,SUP-046,LOC-020,WH-T-BIN-78,3.0,20.0,491.21,2026-02-10,,false
SKU-00039,Coolant Concentrate,MEDICAL,SUP-123,LOC-002,WH-B-BIN-79,2.0,30.0,38.77,2026-02-11,,false
SKU-00040,Wheel Chock Rubber,RAW_MATERIALS,SUP-051,LOC-003,WH-C-BIN-80,406.0,15.0,590.09,2026-06-21,,false
SKU-00041,Steel Bolt M8,CHEMICALS,SUP-054,LOC-005,WH-E-BIN-01,265.0,0.0,460.23,2026-05-12,2027-03-04,false
SKU-00042,Hydraulic Hose 2in,ELECTRONICS,SUP-160,LOC-009,WH-I-BIN-02,70.0,20.0,538.85,2026-01-13,2027-02-05,false
SKU-00043,Industrial Solvent 5L,FOOD_DRY,SUP-157,LOC-012,WH-L-BIN-03,23.0,0,337.58,2026-04-19,2026-12-26,false
SKU-00044,Forklift Battery 24V,FOOD_COLD,SUP-064,LOC-002,WH-B-BIN-04,74.0,0,794.81,2026-06-01,,false
SKU-00045,Safety Gloves L,PACKAGING,SUP-112,LOC-009,WH-I-BIN-05,322.0,0,523.51,2026-06-18,,false
SKU-00046,Conveyor Belt Patch,MACHINERY_PARTS,SUP-060,LOC-007,WH-G-BIN-06,436.0,30.0,794.24,2026-01-22,,false
SKU-00047,Shrink Wrap Film Roll,PPE,SUP-111,LOC-013,WH-M-BIN-07,241.0,0,175.04,2026-04-12,,false
SKU-00048,Label Printer Ribbon,CLEANING,SUP-143,LOC-007,WH-G-BIN-08,126.0,0,689.70,2026-04-13,,false
SKU-00049,Dock Leveler Seal,MEDICAL,SUP-136,LOC-006,WH-F-BIN-09,173.0,30.0,384.51,2026-04-08,,false
SKU-00050,,RAW_MATERIALS,SUP-162,Warehouse R,WH-R-BIN-10,4.0,10.0,585.36,2026-03-03,,false
SKU-00053,Barcode Scanner,FOOD_DRY,SUP-053,LOC-019,WH-S-BIN-13,58.0,0.0,759.13,2026-04-02,,false
SKU-00056,Rubber Gasket Set,MACHINERY_PARTS,SUP-159,LOC-015,WH-O-BIN-16,94.0,30.0,507.68,2026-01-04,,false
SKU-00057,Cable Tie Assorted,PPE,SUP-063,LOC-017,WH-Q-BIN-17,36.0,40.0,610.31,2026-02-21,,false
SKU-00058,Dust Mask N95 Pack,CLEANING,SUP-062,Warehouse S,WH-S-BIN-18,281.0,40.0,666.03,2026-01-24,,false
SKU-00059,Wooden Pallet Std,MEDICAL,SUP-044,LOC-003,WH-C-BIN-19,289.0,0.0,406.13,2026-02-23,,false
SKU-00060,Steel Shelving Unit,RAW_MATERIALS,SUP-128,LOC-009,WH-I-BIN-20,295.0,0,43.50,2026-06-21,,false
SKU-00061,Hand Truck,CHEMICALS,SUP-098,Warehouse O,WH-O-BIN-21,466.0,40.0,693.23,2026-03-20,2027-02-04,true
SKU-00062,Spill Kit 20L,ELECTRONICS,SUP-026,LOC-010,WH-J-BIN-22,182.0,40.0,42.06,2026-06-21,2027-04-15,false
SKU-00063,Epoxy Resin 1L,FOOD_DRY,SUP-006,LOC-010,WH-J-BIN-23,59.0,20.0,454.29,2026-05-22,2026-09-16,false
SKU-00064,Chain Block 1T,FOOD_COLD,SUP-199,LOC-020,WH-T-BIN-24,163.0,0.0,366.20,2026-05-10,,false
SKU-00065,Temperature Logger,PACKAGING,SUP-094,LOC-014,WH-N-BIN-25,290.0,25.0,317.73,2026-03-26,,false
SKU-00066,Anti-Slip Tape Roll,MACHINERY_PARTS,SUP-008,LOC-011,WH-K-BIN-26,318.0,10.0,530.05,2026-06-18,2026-08-27,false
SKU-00067,Welding Rod 3.2mm,PPE,SUP-185,LOC-004,WH-D-BIN-27,281.0,0,674.99,2026-06-02,,false
SKU-00069,First Aid Refill,MEDICAL,SUP-178,LOC-002,WH-B-BIN-29,390.0,10.0,555.06,2026-04-16,2027-07-01,false
SKU-00070,Racking Beam 2.4m,RAW_MATERIALS,SUP-049,LOC-019,WH-S-BIN-30,483.0,10.0,761.36,2026-02-18,,false
SKU-00071,Stretch Hood Film,CHEMICALS,SUP-002,LOC-008,WH-H-BIN-31,73.0,15.0,798.15,2026-03-04,,true
SKU-00072,Load Cell 500kg,ELECTRONICS,SUP-061,LOC-007,WH-G-BIN-32,324.0,0.0,37.34,2026-06-24,,false
SKU-00073,,FOOD_DRY,SUP-170,LOC-004,WH-D-BIN-33,6.0,20.0,494.03,2026-05-16,2027-05-04,false
SKU-00074,Floor Marking Paint,FOOD_COLD,SUP-186,LOC-006,WH-F-BIN-34,478.0,40.0,333.91,2026-05-03,,false
SKU-00075,Battery Charger 24V,PACKAGING,SUP-098,Warehouse Q,WH-Q-BIN-35,158.0,20.0,741.38,2026-06-12,,false
SKU-00076,Mesh Security Cage,MACHINERY_PARTS,SUP-167,LOC-006,WH-F-BIN-36,9.0,20.0,578.05,2026-04-16,2027-04-29,false
SKU-00077,Humidity Sensor Probe,PPE,SUP-022,LOC-016,WH-P-BIN-37,444.0,10.0,795.13,2026-06-17,,false
SKU-00079,Coolant Concentrate,MEDICAL,SUP-022,LOC-002,WH-B-BIN-39,402.0,20.0,458.60,2026-04-03,2026-09-21,false
SKU-00080,Wheel Chock Rubber,RAW_MATERIALS,SUP-161,LOC-020,WH-T-BIN-40,49.0,25.0,481.14,2026-05-08,2027-02-18,false
SKU-00081,Steel Bolt M8,CHEMICALS,SUP-194,LOC-009,WH-I-BIN-41,268.0,25.0,678.18,2026-04-21,,false
SKU-00082,Hydraulic Hose 2in,ELECTRONICS,SUP-097,LOC-011,WH-K-BIN-42,182.0,15.0,136.97,2026-04-07,2026-12-12,false
SKU-00083,Industrial Solvent 5L,FOOD_DRY,SUP-067,LOC-013,WH-M-BIN-43,49.0,0.0,531.01,2025-12-30,,false
SKU-00084,,FOOD_COLD,SUP-107,LOC-017,WH-Q-BIN-44,76.0,0.0,271.33,2026-04-20,,false
SKU-00085,Safety Gloves L,PACKAGING,SUP-190,LOC-004,WH-D-BIN-45,101.0,30.0,635.08,2026-04-10,,false
SKU-00086,Conveyor Belt Patch,MACHINERY_PARTS,SUP-143,LOC-018,WH-R-BIN-46,1.0,21.0,18.81,2026-06-06,,false
SKU-00087,Shrink Wrap Film Roll,PPE,SUP-128,LOC-019,WH-S-BIN-47,422.0,40.0,393.11,2026-02-03,,false
SKU-00088,Label Printer Ribbon,CLEANING,SUP-103,LOC-006,WH-F-BIN-48,397.0,0,262.23,2026-06-14,,false
SKU-00090,LED Warehouse Light,RAW_MATERIALS,SUP-024,LOC-010,WH-J-BIN-50,483.0,20.0,500.06,2026-04-20,,false
SKU-00091,Nitrile Gloves Box,CHEMICALS,SUP-192,LOC-005,WH-E-BIN-51,272.0,25.0,50.35,2026-03-29,2027-04-27,false
SKU-00093,Barcode Scanner,FOOD_DRY,SUP-059,LOC-004,WH-D-BIN-53,362.0,25.0,617.18,2026-05-11,,false
SKU-00094,Fire Extinguisher 4kg,FOOD_COLD,SUP-131,LOC-014,WH-N-BIN-54,469.0,20.0,36.31,2026-05-20,,false
SKU-00095,PVC Pipe 50mm,PACKAGING,SUP-017,LOC-009,WH-I-BIN-55,391.0,25.0,237.26,2026-06-24,,false
SKU-00096,Rubber Gasket Set,MACHINERY_PARTS,SUP-098,LOC-015,WH-O-BIN-56,1.0,40.0,64.09,2026-04-19,2027-04-25,false
SKU-00097,Cable Tie Assorted,PPE,SUP-110,LOC-008,WH-H-BIN-57,315.0,20.0,182.05,2026-01-10,,false
SKU-00098,Dust Mask N95 Pack,CLEANING,SUP-101,LOC-015,WH-O-BIN-58,2.0,25.0,98.96,2026-02-28,,false
SKU-00099,Wooden Pallet Std,MEDICAL,SUP-083,LOC-003,WH-C-BIN-59,34.0,10.0,66.10,2026-02-28,,false
SKU-00100,Steel Shelving Unit,RAW_MATERIALS,SUP-194,LOC-012,WH-L-BIN-60,383.0,10.0,6.34,2026-03-03,,false
SKU-00101,Hand Truck,CHEMICALS,SUP-142,Warehouse P,WH-P-BIN-61,111.0,0,291.35,2026-03-06,,true
SKU-00102,Spill Kit 20L,ELECTRONICS,SUP-124,LOC-014,WH-N-BIN-62,14.0,25.0,551.07,2026-01-22,,false
SKU-00103,Epoxy Resin 1L,FOOD_DRY,SUP-046,Warehouse F,WH-F-BIN-63,408.0,30.0,95.62,2026-05-04,,false
SKU-00104,Chain Block 1T,FOOD_COLD,SUP-163,LOC-001,WH-A-BIN-64,427.0,30.0,596.77,2026-01-17,2026-10-24,false
SKU-00105,Temperature Logger,PACKAGING,SUP-137,LOC-016,WH-P-BIN-65,120.0,15.0,729.45,2026-04-15,,false
SKU-00106,Anti-Slip Tape Roll,MACHINERY_PARTS,SUP-135,LOC-002,WH-B-BIN-66,3.0,40.0,468.03,2026-04-18,,false
SKU-00107,,PPE,SUP-177,LOC-010,WH-J-BIN-67,341.0,25.0,588.14,2026-02-09,,false
SKU-00109,First Aid Refill,MEDICAL,SUP-046,LOC-003,WH-C-BIN-69,26.0,40.0,50.54,2026-05-01,,false
SKU-00111,,CHEMICALS,SUP-144,LOC-001,WH-A-BIN-71,66.0,30.0,32.71,2026-06-08,,false
SKU-00112,Load Cell 500kg,ELECTRONICS,SUP-184,LOC-006,WH-F-BIN-72,396.0,10.0,367.23,2026-04-29,,false
SKU-00113,Dock Bumpers Pair,FOOD_DRY,SUP-087,LOC-012,WH-L-BIN-73,200.0,30.0,255.80,2026-03-17,,false
SKU-00114,Floor Marking Paint,FOOD_COLD,SUP-097,LOC-015,WH-O-BIN-74,59.0,0.0,786.09,2026-03-14,,false
SKU-00115,Battery Charger 24V,PACKAGING,SUP-139,Warehouse L,WH-L-BIN-75,223.0,0.0,309.84,2026-06-12,,false
SKU-00116,Mesh Security Cage,MACHINERY_PARTS,SUP-200,Warehouse E,WH-E-BIN-76,144.0,20.0,391.56,2026-05-20,,false
SKU-00117,Humidity Sensor Probe,PPE,SUP-159,LOC-002,WH-B-BIN-77,111.0,15.0,38.71,2026-02-05,,false
SKU-00118,Pallet Strap Tool,CLEANING,SUP-100,LOC-001,WH-A-BIN-78,157.0,30.0,745.30,2026-05-04,,false
SKU-00119,Coolant Concentrate,MEDICAL,SUP-128,LOC-018,WH-R-BIN-79,438.0,10.0,509.53,2026-04-13,,false
SKU-00121,Steel Bolt M8,CHEMICALS,SUP-014,LOC-002,WH-B-BIN-01,22.0,0,235.71,2026-04-13,,false
SKU-00122,Hydraulic Hose 2in,ELECTRONICS,SUP-183,LOC-008,WH-H-BIN-02,434.0,0,605.66,2026-04-16,2026-08-08,false
SKU-00123,,FOOD_DRY,SUP-016,LOC-014,WH-N-BIN-03,379.0,15.0,572.23,2026-06-25,,false
SKU-00124,Forklift Battery 24V,FOOD_COLD,SUP-156,LOC-018,WH-R-BIN-04,456.0,40.0,32.44,2026-04-16,,false
SKU-00126,Conveyor Belt Patch,MACHINERY_PARTS,SUP-121,LOC-008,WH-H-BIN-06,339.0,20.0,375.05,2026-01-20,,false
SKU-00127,Shrink Wrap Film Roll,PPE,SUP-163,LOC-002,WH-B-BIN-07,181.0,0,48.03,2026-02-25,,false
SKU-00128,Label Printer Ribbon,CLEANING,SUP-033,Warehouse A,WH-A-BIN-08,355.0,25.0,341.51,2026-03-23,2027-03-16,false
SKU-00129,Dock Leveler Seal,MEDICAL,SUP-049,LOC-004,WH-D-BIN-09,371.0,10.0,636.47,2026-05-26,2027-06-13,false
SKU-00130,LED Warehouse Light,RAW_MATERIALS,SUP-140,LOC-020,WH-T-BIN-10,488.0,0,169.38,2026-02-07,,false
SKU-00131,Nitrile Gloves Box,CHEMICALS,SUP-199,LOC-017,WH-Q-BIN-11,297.0,0,21.44,2026-05-16,,false
SKU-00132,Pallet Jack Wheel,ELECTRONICS,SUP-084,LOC-017,WH-Q-BIN-12,21.0,0.0,180.51,2026-06-22,,false
SKU-00133,Barcode Scanner,FOOD_DRY,SUP-178,LOC-012,WH-L-BIN-13,294.0,15.0,297.10,2026-06-11,,false
SKU-00134,Fire Extinguisher 4kg,FOOD_COLD,SUP-049,LOC-004,WH-D-BIN-14,100.0,20.0,443.18,2026-02-24,2027-03-07,false
SKU-00135,PVC Pipe 50mm,PACKAGING,SUP-004,LOC-012,WH-L-BIN-15,8.0,40.0,508.81,2026-06-03,,false
SKU-00136,Rubber Gasket Set,MACHINERY_PARTS,SUP-007,LOC-017,WH-Q-BIN-16,10.0,20.0,774.28,2026-06-25,2026-08-06,false
SKU-00137,Cable Tie Assorted,PPE,SUP-067,LOC-016,WH-P-BIN-17,18.0,40.0,300.20,2026-04-02,,false
SKU-00138,Dust Mask N95 Pack,CLEANING,SUP-149,LOC-014,WH-N-BIN-18,488.0,30.0,379.31,2025-12-28,2026-10-12,false
SKU-00139,Wooden Pallet Std,MEDICAL,SUP-038,LOC-020,WH-T-BIN-19,416.0,0.0,734.06,2026-04-19,,false
SKU-00140,Steel Shelving Unit,RAW_MATERIALS,SUP-058,LOC-015,WH-O-BIN-20,258.0,30.0,748.67,2026-01-04,2027-05-12,false
SKU-00141,Hand Truck,CHEMICALS,SUP-046,LOC-012,WH-L-BIN-21,124.0,0.0,42.88,2026-03-12,,true
SKU-00142,Spill Kit 20L,ELECTRONICS,SUP-113,LOC-002,WH-B-BIN-22,96.0,10.0,100.23,2026-02-23,,false
SKU-00143,,FOOD_DRY,SUP-157,LOC-007,WH-G-BIN-23,172.0,0.0,429.09,2026-06-08,2027-01-02,false
SKU-00144,Chain Block 1T,FOOD_COLD,SUP-057,LOC-019,WH-S-BIN-24,219.0,25.0,345.68,2026-05-03,,false
SKU-00145,Temperature Logger,PACKAGING,SUP-090,LOC-014,WH-N-BIN-25,20.0,0,775.05,2025-12-30,,false
SKU-00146,,MACHINERY_PARTS,SUP-072,LOC-020,WH-T-BIN-26,235.0,20.0,603.81,2026-01-27,2026-08-11,false
SKU-00148,Compressed Air Hose,CLEANING,SUP-098,Warehouse J,WH-J-BIN-28,139.0,40.0,88.02,2026-03-03,,false
SKU-00149,First Aid Refill,MEDICAL,SUP-141,LOC-020,WH-T-BIN-29,265.0,30.0,193.40,2026-01-04,,false
SKU-00150,Racking Beam 2.4m,RAW_MATERIALS,SUP-033,LOC-002,WH-B-BIN-30,24.0,0,169.73,2026-04-30,,false
SKU-00151,Stretch Hood Film,CHEMICALS,SUP-135,LOC-017,WH-Q-BIN-31,408.0,40.0,310.50,2026-05-19,,true
SKU-00152,,ELECTRONICS,SUP-186,LOC-020,WH-T-BIN-32,2.0,40.0,21.35,2026-04-07,,false
SKU-00153,Dock Bumpers Pair,FOOD_DRY,SUP-199,LOC-008,WH-H-BIN-33,299.0,0.0,344.14,2026-04-09,,false
SKU-00155,Battery Charger 24V,PACKAGING,SUP-167,LOC-016,WH-P-BIN-35,3.0,15.0,382.35,2026-02-16,,false
SKU-00156,Mesh Security Cage,MACHINERY_PARTS,SUP-108,LOC-020,WH-T-BIN-36,123.0,25.0,776.84,2026-02-21,2026-11-08,false
SKU-00157,,PPE,SUP-136,LOC-007,WH-G-BIN-37,451.0,0,768.95,2026-05-05,,false
SKU-00158,Pallet Strap Tool,CLEANING,SUP-012,LOC-007,WH-G-BIN-38,20.0,30.0,465.47,2026-05-13,,false
SKU-00159,Coolant Concentrate,MEDICAL,SUP-119,LOC-010,WH-J-BIN-39,45.0,25.0,81.22,2025-12-30,,false
SKU-00160,Wheel Chock Rubber,RAW_MATERIALS,SUP-036,LOC-013,WH-M-BIN-40,21.0,10.0,701.26,2026-01-09,,false
SKU-00162,Hydraulic Hose 2in,ELECTRONICS,SUP-118,LOC-013,WH-M-BIN-42,498.0,30.0,520.84,2026-03-09,2027-06-23,false
SKU-00163,Industrial Solvent 5L,FOOD_DRY,SUP-147,LOC-018,WH-R-BIN-43,13.0,25.0,404.35,2026-02-11,,false
SKU-00165,Safety Gloves L,PACKAGING,SUP-151,LOC-016,WH-P-BIN-45,179.0,10.0,436.35,2026-04-18,2026-10-21,false
SKU-00166,Conveyor Belt Patch,MACHINERY_PARTS,SUP-083,LOC-013,WH-M-BIN-46,18.0,30.0,542.74,2026-01-24,,false
SKU-00167,Shrink Wrap Film Roll,PPE,SUP-041,LOC-005,WH-E-BIN-47,30.0,40.0,355.41,2026-05-01,,false
SKU-00169,,MEDICAL,SUP-016,LOC-018,WH-R-BIN-49,128.0,30.0,495.01,2026-03-29,,false
SKU-00170,LED Warehouse Light,RAW_MATERIALS,SUP-066,LOC-009,WH-I-BIN-50,253.0,30.0,718.11,2026-02-09,2026-12-12,false
SKU-00171,Nitrile Gloves Box,CHEMICALS,SUP-050,LOC-008,WH-H-BIN-51,233.0,20.0,302.96,2025-12-30,,false
SKU-00173,Barcode Scanner,FOOD_DRY,SUP-047,LOC-002,WH-B-BIN-53,9.0,10.0,339.04,2026-03-09,,false
SKU-00174,Fire Extinguisher 4kg,FOOD_COLD,SUP-077,LOC-014,WH-N-BIN-54,183.0,10.0,463.21,2026-01-14,,false
SKU-00175,PVC Pipe 50mm,PACKAGING,SUP-057,LOC-010,WH-J-BIN-55,32.0,0,8.87,2025-12-28,,false
SKU-00176,Rubber Gasket Set,MACHINERY_PARTS,SUP-114,LOC-007,WH-G-BIN-56,108.0,30.0,268.87,2026-04-25,,false
SKU-00177,Cable Tie Assorted,PPE,SUP-028,LOC-015,WH-O-BIN-57,234.0,15.0,422.95,2026-06-20,,false
SKU-00178,Dust Mask N95 Pack,CLEANING,SUP-021,LOC-010,WH-J-BIN-58,422.0,20.0,760.46,2026-05-31,,false
SKU-00179,Wooden Pallet Std,MEDICAL,SUP-162,LOC-008,WH-H-BIN-59,245.0,40.0,778.51,2026-05-26,2026-10-19,false
SKU-00180,Steel Shelving Unit,RAW_MATERIALS,SUP-172,LOC-016,WH-P-BIN-60,218.0,20.0,476.17,2026-04-16,,false
SKU-00182,,ELECTRONICS,SUP-029,LOC-007,WH-G-BIN-62,8.0,25.0,33.14,2026-01-10,,false
SKU-00183,Epoxy Resin 1L,FOOD_DRY,SUP-123,LOC-020,WH-T-BIN-63,17.0,25.0,13.20,2026-03-05,,false
SKU-00184,Chain Block 1T,FOOD_COLD,SUP-071,LOC-017,WH-Q-BIN-64,488.0,40.0,611.65,2026-04-01,,false
SKU-00185,,PACKAGING,SUP-115,LOC-015,WH-O-BIN-65,228.0,20.0,492.34,2026-02-21,2027-05-29,false
SKU-00186,Anti-Slip Tape Roll,MACHINERY_PARTS,SUP-170,LOC-017,WH-Q-BIN-66,451.0,20.0,254.24,2026-03-30,,false
SKU-00187,Welding Rod 3.2mm,PPE,SUP-039,LOC-010,WH-J-BIN-67,191.0,20.0,364.62,2026-01-20,,false
SKU-00188,Compressed Air Hose,CLEANING,SUP-147,LOC-006,WH-F-BIN-68,48.0,30.0,337.18,2026-01-19,2027-07-28,false
SKU-00190,Racking Beam 2.4m,RAW_MATERIALS,SUP-171,LOC-014,WH-N-BIN-70,70.0,10.0,85.16,2026-02-13,,false
SKU-00191,Stretch Hood Film,CHEMICALS,SUP-113,LOC-006,WH-F-BIN-71,493.0,40.0,537.39,2026-02-11,,true
SKU-00192,Load Cell 500kg,ELECTRONICS,SUP-158,LOC-008,WH-H-BIN-72,431.0,0,601.00,2026-02-11,,false
SKU-00193,,FOOD_DRY,SUP-036,LOC-013,WH-M-BIN-73,203.0,15.0,520.05,2026-03-10,,false
SKU-00194,Floor Marking Paint,FOOD_COLD,SUP-145,LOC-006,WH-F-BIN-74,477.0,0,289.60,2026-03-22,2026-11-19,false
SKU-00195,Battery Charger 24V,PACKAGING,SUP-069,LOC-016,WH-P-BIN-75,20.0,40.0,740.99,2026-04-08,2027-06-24,false
SKU-00196,Mesh Security Cage,MACHINERY_PARTS,SUP-042,LOC-019,WH-S-BIN-76,94.0,25.0,5.25,2026-03-15,,false
SKU-00197,Humidity Sensor Probe,PPE,SUP-014,LOC-002,WH-B-BIN-77,28.0,40.0,229.72,2026-03-18,,false
SKU-00198,Pallet Strap Tool,CLEANING,SUP-150,LOC-002,WH-B-BIN-78,1.0,28.0,68.70,2026-06-13,,false
SKU-00199,Coolant Concentrate,MEDICAL,SUP-028,LOC-020,WH-T-BIN-79,220.0,0,698.66,2026-04-07,,false
SKU-00200,Wheel Chock Rubber,RAW_MATERIALS,SUP-080,Warehouse K,WH-K-BIN-80,7.0,0,416.10,2026-04-18,,false
SKU-00201,Steel Bolt M8,CHEMICALS,SUP-034,LOC-013,WH-M-BIN-01,396.0,40.0,690.03,2026-01-10,,false
SKU-00202,Hydraulic Hose 2in,ELECTRONICS,SUP-166,LOC-001,WH-A-BIN-02,112.0,20.0,540.48,2026-01-30,,false
SKU-00203,Industrial Solvent 5L,FOOD_DRY,SUP-118,LOC-017,WH-Q-BIN-03,496.0,40.0,127.96,2026-03-12,2026-11-04,false
SKU-00204,Forklift Battery 24V,FOOD_COLD,SUP-096,LOC-013,WH-M-BIN-04,416.0,0.0,86.58,2026-03-03,,false
SKU-00205,Safety Gloves L,PACKAGING,SUP-161,LOC-002,WH-B-BIN-05,367.0,30.0,54.45,2026-05-26,,false
SKU-00206,Conveyor Belt Patch,MACHINERY_PARTS,SUP-024,LOC-016,WH-P-BIN-06,362.0,15.0,287.36,2026-06-20,2026-10-09,false
SKU-00207,Shrink Wrap Film Roll,PPE,SUP-070,LOC-014,WH-N-BIN-07,95.0,15.0,726.71,2026-04-21,,false
SKU-00208,Label Printer Ribbon,CLEANING,SUP-080,LOC-008,WH-H-BIN-08,314.0,0.0,332.29,2026-05-21,,false
SKU-00209,Dock Leveler Seal,MEDICAL,SUP-173,LOC-014,WH-N-BIN-09,488.0,0,778.58,2026-04-14,,false
SKU-00210,LED Warehouse Light,RAW_MATERIALS,SUP-126,LOC-016,WH-P-BIN-10,455.0,40.0,13.87,2026-02-15,2027-02-21,false
SKU-00211,Nitrile Gloves Box,CHEMICALS,SUP-180,LOC-012,WH-L-BIN-11,469.0,30.0,785.88,2026-02-05,,false
SKU-00212,,ELECTRONICS,SUP-088,LOC-016,WH-P-BIN-12,326.0,20.0,738.58,2026-02-01,,false
SKU-00213,Barcode Scanner,FOOD_DRY,SUP-016,LOC-006,WH-F-BIN-13,12.0,20.0,132.59,2026-02-10,,false
SKU-00214,,FOOD_COLD,SUP-196,LOC-006,WH-F-BIN-14,45.0,15.0,583.37,2026-06-20,2026-12-13,false
SKU-00215,,PACKAGING,SUP-161,LOC-008,WH-H-BIN-15,328.0,15.0,224.84,2026-01-12,,false
SKU-00216,Rubber Gasket Set,MACHINERY_PARTS,SUP-059,LOC-010,WH-J-BIN-16,417.0,15.0,248.65,2026-01-03,2027-07-20,false
SKU-00218,Dust Mask N95 Pack,CLEANING,SUP-128,Warehouse N,WH-N-BIN-18,349.0,40.0,44.93,2026-02-25,,false
SKU-00219,Wooden Pallet Std,MEDICAL,SUP-034,LOC-015,WH-O-BIN-19,345.0,0,220.61,2026-01-18,,false
SKU-00220,Steel Shelving Unit,RAW_MATERIALS,SUP-039,Warehouse P,WH-P-BIN-20,464.0,0.0,170.45,2026-04-11,,false
SKU-00221,Hand Truck,CHEMICALS,SUP-145,LOC-004,WH-D-BIN-21,25.0,0.0,634.21,2026-06-06,,true
SKU-00222,,ELECTRONICS,SUP-147,LOC-020,WH-T-BIN-22,306.0,25.0,491.66,2026-05-14,,false
SKU-00223,,FOOD_DRY,SUP-146,LOC-019,WH-S-BIN-23,53.0,15.0,98.64,2026-02-17,,false
SKU-00224,Chain Block 1T,FOOD_COLD,SUP-109,LOC-005,WH-E-BIN-24,279.0,20.0,775.75,2026-06-13,,false
SKU-00225,Temperature Logger,PACKAGING,SUP-073,LOC-006,WH-F-BIN-25,11.0,30.0,376.72,2026-01-30,,false
SKU-00227,,PPE,SUP-197,LOC-012,WH-L-BIN-27,444.0,0.0,213.07,2026-03-28,,false
SKU-00228,Compressed Air Hose,CLEANING,SUP-090,LOC-013,WH-M-BIN-28,4.0,10.0,735.46,2026-04-16,,false
SKU-00229,,MEDICAL,SUP-184,LOC-002,WH-B-BIN-29,259.0,0.0,18.05,2026-01-10,,false
SKU-00230,Racking Beam 2.4m,RAW_MATERIALS,SUP-019,LOC-007,WH-G-BIN-30,142.0,40.0,235.38,2026-04-04,,false
SKU-00231,Stretch Hood Film,CHEMICALS,SUP-139,wh_o,WH-O-BIN-31,421.0,40.0,262.26,2026-06-20,,false
SKU-00232,Load Cell 500kg,ELECTRONICS,SUP-177,LOC-007,WH-G-BIN-32,34.0,40.0,82.40,2026-06-07,2027-06-17,false
SKU-00233,,FOOD_DRY,SUP-101,LOC-006,WH-F-BIN-33,17.0,0,211.54,2026-02-19,2026-12-04,false
SKU-00234,Floor Marking Paint,FOOD_COLD,SUP-130,LOC-018,WH-R-BIN-34,131.0,30.0,365.67,2026-02-21,,false
SKU-00235,,PACKAGING,SUP-095,LOC-002,WH-B-BIN-35,34.0,0.0,757.71,2026-06-20,,false
SKU-00236,Mesh Security Cage,MACHINERY_PARTS,SUP-034,LOC-013,WH-M-BIN-36,362.0,25.0,145.09,2026-04-21,,false
SKU-00237,Humidity Sensor Probe,PPE,SUP-034,LOC-007,WH-G-BIN-37,191.0,25.0,485.88,2026-06-12,2027-04-05,false
SKU-00238,Pallet Strap Tool,CLEANING,SUP-190,LOC-009,WH-I-BIN-38,40.0,25.0,633.33,2026-01-12,,false
SKU-00239,Coolant Concentrate,MEDICAL,SUP-113,LOC-008,WH-H-BIN-39,493.0,30.0,264.39,2025-12-28,,false
SKU-00240,Wheel Chock Rubber,RAW_MATERIALS,SUP-159,LOC-007,WH-G-BIN-40,338.0,0,312.26,2026-05-29,,false
SKU-00242,Hydraulic Hose 2in,ELECTRONICS,SUP-071,LOC-012,WH-L-BIN-42,75.0,20.0,437.19,2026-04-29,,false
SKU-00243,Industrial Solvent 5L,FOOD_DRY,SUP-093,LOC-017,WH-Q-BIN-43,387.0,0,321.02,2026-05-19,2026-10-18,false
SKU-00244,Forklift Battery 24V,FOOD_COLD,SUP-005,LOC-020,WH-T-BIN-44,234.0,10.0,253.91,2026-01-29,,false
SKU-00245,Safety Gloves L,PACKAGING,SUP-043,LOC-011,WH-K-BIN-45,495.0,25.0,435.63,2026-02-19,,false
SKU-00246,Conveyor Belt Patch,MACHINERY_PARTS,SUP-093,LOC-004,WH-D-BIN-46,189.0,40.0,58.40,2026-01-11,2026-11-07,false
SKU-00247,,PPE,SUP-147,LOC-015,WH-O-BIN-47,4.0,30.0,397.09,2026-03-19,,false
SKU-00248,Label Printer Ribbon,CLEANING,SUP-158,LOC-003,WH-C-BIN-48,236.0,0.0,304.81,2026-01-15,,false
SKU-00249,Dock Leveler Seal,MEDICAL,SUP-037,LOC-002,WH-B-BIN-49,1.0,10.0,138.88,2026-02-10,,false
SKU-00250,LED Warehouse Light,RAW_MATERIALS,SUP-079,LOC-014,WH-N-BIN-50,332.0,40.0,653.49,2026-02-12,,false
SKU-00251,Nitrile Gloves Box,CHEMICALS,SUP-015,LOC-015,WH-O-BIN-51,22.0,0.0,753.95,2026-04-28,,false
SKU-00252,Pallet Jack Wheel,ELECTRONICS,SUP-167,LOC-002,WH-B-BIN-52,1.0,20.0,709.92,2026-03-19,,false
SKU-00253,Barcode Scanner,FOOD_DRY,SUP-054,LOC-020,WH-T-BIN-53,393.0,0,725.68,2026-01-01,,false
SKU-00254,Fire Extinguisher 4kg,FOOD_COLD,SUP-182,LOC-006,WH-F-BIN-54,493.0,0.0,674.35,2026-03-19,,false
SKU-00255,PVC Pipe 50mm,PACKAGING,SUP-046,LOC-006,WH-F-BIN-55,486.0,0,255.17,2026-06-03,,false
SKU-00256,Rubber Gasket Set,MACHINERY_PARTS,SUP-192,LOC-003,WH-C-BIN-56,103.0,20.0,166.71,2026-02-20,,false
SKU-00257,Cable Tie Assorted,PPE,SUP-169,LOC-005,WH-E-BIN-57,247.0,0,586.86,2026-04-07,,false
SKU-00258,Dust Mask N95 Pack,CLEANING,SUP-065,Warehouse J,WH-J-BIN-58,331.0,40.0,93.80,2026-02-01,,false
SKU-00260,Steel Shelving Unit,RAW_MATERIALS,SUP-081,LOC-009,WH-I-BIN-60,314.0,40.0,522.02,2026-05-11,,false
SKU-00261,Hand Truck,CHEMICALS,SUP-172,LOC-009,WH-I-BIN-61,303.0,15.0,758.39,2026-05-20,,false
SKU-00262,Spill Kit 20L,ELECTRONICS,SUP-171,LOC-015,WH-O-BIN-62,452.0,10.0,184.36,2026-01-14,,false
SKU-00263,Epoxy Resin 1L,FOOD_DRY,SUP-136,Warehouse N,WH-N-BIN-63,22.0,20.0,89.63,2026-02-07,2027-07-06,false
SKU-00264,Chain Block 1T,FOOD_COLD,SUP-090,LOC-005,WH-E-BIN-64,350.0,10.0,750.28,2026-06-03,,false
SKU-00265,Temperature Logger,PACKAGING,SUP-112,LOC-018,WH-R-BIN-65,86.0,25.0,464.08,2026-04-16,,false
SKU-00266,Anti-Slip Tape Roll,MACHINERY_PARTS,SUP-190,LOC-009,WH-I-BIN-66,232.0,20.0,496.15,2026-03-14,,false
SKU-00267,Welding Rod 3.2mm,PPE,SUP-176,LOC-015,WH-O-BIN-67,3.0,25.0,45.56,2026-04-17,,false
SKU-00268,Compressed Air Hose,CLEANING,SUP-070,LOC-008,WH-H-BIN-68,3.0,10.0,298.89,2026-03-01,,false
SKU-00269,First Aid Refill,MEDICAL,SUP-178,LOC-013,WH-M-BIN-69,256.0,20.0,677.10,2026-03-16,,false
SKU-00270,Racking Beam 2.4m,RAW_MATERIALS,SUP-191,LOC-012,WH-L-BIN-70,5.0,25.0,382.33,2026-04-09,,false
SKU-00271,Stretch Hood Film,CHEMICALS,SUP-196,LOC-003,WH-C-BIN-71,9.0,10.0,18.77,2026-05-18,,true
SKU-00272,,ELECTRONICS,SUP-157,LOC-002,WH-B-BIN-72,172.0,0.0,562.72,2026-05-26,,false
SKU-00274,Floor Marking Paint,FOOD_COLD,SUP-163,LOC-016,WH-P-BIN-74,462.0,10.0,760.72,2026-04-01,2027-02-03,false
SKU-00275,Battery Charger 24V,PACKAGING,SUP-119,LOC-008,WH-H-BIN-75,448.0,15.0,621.27,2026-04-11,2026-11-07,false
SKU-00276,Mesh Security Cage,MACHINERY_PARTS,SUP-140,LOC-006,WH-F-BIN-76,20.0,30.0,58.10,2026-03-11,,false
SKU-00277,Humidity Sensor Probe,PPE,SUP-149,LOC-005,WH-E-BIN-77,51.0,15.0,303.51,2026-03-27,,false
SKU-00279,Coolant Concentrate,MEDICAL,SUP-013,LOC-004,WH-D-BIN-79,20.0,25.0,678.20,2026-02-28,2027-03-04,false
SKU-00280,Wheel Chock Rubber,RAW_MATERIALS,SUP-085,LOC-002,WH-B-BIN-80,50.0,30.0,672.20,2026-01-13,2027-06-27,false
SKU-00281,Steel Bolt M8,CHEMICALS,SUP-114,LOC-016,WH-P-BIN-01,240.0,30.0,783.05,2026-03-12,2027-05-16,false
SKU-00283,Industrial Solvent 5L,FOOD_DRY,SUP-173,LOC-013,WH-M-BIN-03,301.0,10.0,662.26,2026-05-18,,false
SKU-00284,Forklift Battery 24V,FOOD_COLD,SUP-155,LOC-005,WH-E-BIN-04,496.0,0.0,601.27,2026-02-07,2027-07-03,false
SKU-00285,Safety Gloves L,PACKAGING,SUP-080,Warehouse Q,WH-Q-BIN-05,260.0,40.0,407.74,2026-02-16,,false
SKU-00286,Conveyor Belt Patch,MACHINERY_PARTS,SUP-066,LOC-005,WH-E-BIN-06,130.0,0.0,789.00,2026-03-17,,false
SKU-00287,Shrink Wrap Film Roll,PPE,SUP-176,LOC-018,WH-R-BIN-07,110.0,25.0,402.77,2025-12-29,,false
SKU-00288,Label Printer Ribbon,CLEANING,SUP-004,LOC-008,WH-H-BIN-08,419.0,0.0,353.34,2026-04-03,,false
SKU-00289,Dock Leveler Seal,MEDICAL,SUP-125,LOC-009,WH-I-BIN-09,190.0,0.0,94.30,2026-05-07,,false
SKU-00290,LED Warehouse Light,RAW_MATERIALS,SUP-099,LOC-007,WH-G-BIN-10,22.0,0,306.72,2026-02-12,2027-01-09,false
SKU-00291,Nitrile Gloves Box,CHEMICALS,SUP-071,LOC-003,WH-C-BIN-11,9.0,10.0,602.37,2026-03-14,2026-12-23,true
SKU-00292,Pallet Jack Wheel,ELECTRONICS,SUP-165,LOC-020,WH-T-BIN-12,446.0,0.0,513.29,2026-03-02,,false
SKU-00293,Barcode Scanner,FOOD_DRY,SUP-108,LOC-003,WH-C-BIN-13,5.0,0,529.21,2026-03-22,2026-11-13,false
SKU-00294,Fire Extinguisher 4kg,FOOD_COLD,SUP-105,LOC-019,WH-S-BIN-14,140.0,0,637.45,2026-05-26,,false
SKU-00295,PVC Pipe 50mm,PACKAGING,SUP-017,Warehouse T,WH-T-BIN-15,74.0,0,306.20,2026-01-28,2026-11-26,false
SKU-00296,Rubber Gasket Set,MACHINERY_PARTS,SUP-007,Warehouse A,WH-A-BIN-16,482.0,20.0,587.46,2026-04-14,,false
SKU-00297,Cable Tie Assorted,PPE,SUP-068,LOC-020,WH-T-BIN-17,414.0,0,53.80,2026-05-31,,false
SKU-00298,Dust Mask N95 Pack,CLEANING,SUP-195,LOC-020,WH-T-BIN-18,335.0,15.0,452.58,2026-06-02,2027-05-08,false
SKU-00299,Wooden Pallet Std,MEDICAL,SUP-160,Warehouse C,WH-C-BIN-19,102.0,40.0,478.03,2026-06-20,,false
SKU-00300,,RAW_MATERIALS,SUP-129,LOC-020,WH-T-BIN-20,238.0,0,661.84,2026-02-12,2027-02-27,false
SKU-00301,Hand Truck,CHEMICALS,SUP-075,LOC-003,WH-C-BIN-21,14.0,20.0,312.21,2026-05-30,,false
SKU-00302,Spill Kit 20L,ELECTRONICS,SUP-176,Warehouse O,WH-O-BIN-22,447.0,15.0,328.56,2026-02-25,2026-07-27,false
SKU-00303,Epoxy Resin 1L,FOOD_DRY,SUP-143,LOC-002,WH-B-BIN-23,195.0,0,277.02,2026-05-17,,false
SKU-00305,Temperature Logger,PACKAGING,SUP-066,LOC-001,WH-A-BIN-25,351.0,30.0,780.03,2026-04-04,,false
SKU-00306,,MACHINERY_PARTS,SUP-046,LOC-016,WH-P-BIN-26,2.0,20.0,53.47,2026-02-12,2027-01-29,false
SKU-00307,Welding Rod 3.2mm,PPE,SUP-024,LOC-014,WH-N-BIN-27,197.0,25.0,144.10,2026-05-18,,false
SKU-00308,Compressed Air Hose,CLEANING,SUP-157,LOC-010,WH-J-BIN-28,344.0,20.0,516.92,2026-05-31,,false
SKU-00309,First Aid Refill,MEDICAL,SUP-070,LOC-020,WH-T-BIN-29,451.0,30.0,171.07,2026-03-25,,false
SKU-00310,Racking Beam 2.4m,RAW_MATERIALS,SUP-154,LOC-003,WH-C-BIN-30,5.0,30.0,648.23,2026-04-27,,false
SKU-00312,Load Cell 500kg,ELECTRONICS,SUP-035,LOC-020,WH-T-BIN-32,246.0,15.0,608.31,2026-06-11,,false
SKU-00314,Floor Marking Paint,FOOD_COLD,SUP-079,LOC-019,WH-S-BIN-34,3.0,17.0,595.34,2026-03-23,,false
SKU-00315,Battery Charger 24V,PACKAGING,SUP-051,LOC-009,WH-I-BIN-35,162.0,40.0,74.94,2026-02-12,,false
SKU-00316,Mesh Security Cage,MACHINERY_PARTS,SUP-031,LOC-001,WH-A-BIN-36,180.0,10.0,482.41,2026-05-31,,false
SKU-00317,Humidity Sensor Probe,PPE,SUP-027,LOC-012,WH-L-BIN-37,338.0,15.0,786.17,2026-04-23,,false
SKU-00318,Pallet Strap Tool,CLEANING,SUP-053,LOC-006,WH-F-BIN-38,7.0,25.0,195.29,2026-02-27,,false
SKU-00319,Coolant Concentrate,MEDICAL,SUP-043,LOC-011,WH-K-BIN-39,4.0,14.0,202.39,2026-05-19,,false
SKU-00320,Wheel Chock Rubber,RAW_MATERIALS,SUP-190,LOC-004,WH-D-BIN-40,311.0,15.0,633.70,2026-03-07,,false
SKU-00321,,CHEMICALS,SUP-112,LOC-011,WH-K-BIN-41,4.0,15.0,300.28,2026-06-22,,false
SKU-00322,Hydraulic Hose 2in,ELECTRONICS,SUP-177,Warehouse I,WH-I-BIN-42,414.0,20.0,799.22,2026-04-08,,false
SKU-00324,Forklift Battery 24V,FOOD_COLD,SUP-075,LOC-020,WH-T-BIN-44,263.0,10.0,416.47,2026-05-09,,false
SKU-00325,Safety Gloves L,PACKAGING,SUP-189,Warehouse L,WH-L-BIN-45,287.0,20.0,694.10,2026-03-02,2026-10-30,false
SKU-00326,Conveyor Belt Patch,MACHINERY_PARTS,SUP-197,Warehouse A,WH-A-BIN-46,468.0,25.0,695.41,2026-02-27,,false
SKU-00327,,PPE,SUP-098,LOC-007,WH-G-BIN-47,6.0,10.0,661.48,2026-05-22,,false
SKU-00328,,CLEANING,SUP-037,Warehouse N,WH-N-BIN-48,123.0,0.0,777.62,2026-02-28,,false
SKU-00329,,MEDICAL,SUP-006,LOC-012,WH-L-BIN-49,63.0,10.0,509.46,2026-03-02,,false
SKU-00331,Nitrile Gloves Box,CHEMICALS,SUP-077,LOC-007,WH-G-BIN-51,68.0,0,749.89,2026-03-04,,false
SKU-00332,Pallet Jack Wheel,ELECTRONICS,SUP-194,LOC-011,WH-K-BIN-52,455.0,25.0,541.16,2026-05-02,,false
SKU-00333,Barcode Scanner,FOOD_DRY,SUP-023,LOC-016,WH-P-BIN-53,245.0,15.0,379.09,2026-02-11,,false
SKU-00336,Rubber Gasket Set,MACHINERY_PARTS,SUP-048,LOC-017,WH-Q-BIN-56,498.0,30.0,62.05,2026-05-11,,false
SKU-00337,Cable Tie Assorted,PPE,SUP-168,LOC-005,WH-E-BIN-57,417.0,0.0,490.17,2026-04-02,,false
SKU-00339,Wooden Pallet Std,MEDICAL,SUP-050,Warehouse L,WH-L-BIN-59,350.0,0.0,217.32,2026-04-13,,false
SKU-00340,Steel Shelving Unit,RAW_MATERIALS,SUP-030,LOC-011,WH-K-BIN-60,340.0,0,751.59,2026-05-17,,false
SKU-00341,,CHEMICALS,SUP-139,LOC-001,WH-A-BIN-61,125.0,40.0,541.93,2026-05-23,,false
SKU-00342,Spill Kit 20L,ELECTRONICS,SUP-032,LOC-013,WH-M-BIN-62,2.0,15.0,706.14,2026-03-21,,false
SKU-00343,Epoxy Resin 1L,FOOD_DRY,SUP-187,LOC-002,WH-B-BIN-63,311.0,25.0,484.96,2026-04-19,,false
SKU-00344,Chain Block 1T,FOOD_COLD,SUP-020,LOC-011,WH-K-BIN-64,216.0,10.0,415.92,2026-05-18,,false
SKU-00345,,PACKAGING,SUP-037,LOC-020,WH-T-BIN-65,9.0,0,303.41,2026-04-08,,false
SKU-00346,Anti-Slip Tape Roll,MACHINERY_PARTS,SUP-125,LOC-006,WH-F-BIN-66,211.0,0,86.44,2026-06-11,,false
SKU-00347,Welding Rod 3.2mm,PPE,SUP-108,LOC-008,WH-H-BIN-67,117.0,40.0,479.60,2026-01-10,,false
SKU-00348,Compressed Air Hose,CLEANING,SUP-046,LOC-014,WH-N-BIN-68,19.0,20.0,241.47,2026-05-21,,false
SKU-00349,First Aid Refill,MEDICAL,SUP-082,LOC-007,WH-G-BIN-69,300.0,15.0,540.74,2026-06-25,,false
SKU-00350,Racking Beam 2.4m,RAW_MATERIALS,SUP-132,LOC-018,WH-R-BIN-70,410.0,0.0,26.78,2026-06-08,,false
SKU-00351,Stretch Hood Film,CHEMICALS,SUP-001,LOC-003,WH-C-BIN-71,70.0,25.0,731.44,2026-05-04,,false
SKU-00352,,ELECTRONICS,SUP-063,LOC-001,WH-A-BIN-72,231.0,0.0,407.06,2026-04-01,,false
SKU-00353,Dock Bumpers Pair,FOOD_DRY,SUP-170,LOC-018,WH-R-BIN-73,166.0,30.0,169.12,2026-02-21,,false
SKU-00354,Floor Marking Paint,FOOD_COLD,SUP-200,LOC-005,WH-E-BIN-74,7.0,10.0,571.74,2026-02-19,,false
SKU-00355,Battery Charger 24V,PACKAGING,SUP-107,LOC-016,WH-P-BIN-75,462.0,15.0,621.07,2026-06-07,,false
SKU-00356,Mesh Security Cage,MACHINERY_PARTS,SUP-020,LOC-019,WH-S-BIN-76,492.0,40.0,187.88,2026-04-10,,false
SKU-00357,Humidity Sensor Probe,PPE,SUP-012,LOC-008,WH-H-BIN-77,322.0,0,391.59,2026-03-21,,false
SKU-00358,Pallet Strap Tool,CLEANING,SUP-184,LOC-017,WH-Q-BIN-78,2.0,27.0,28.29,2026-02-11,,false
SKU-00359,Coolant Concentrate,MEDICAL,SUP-072,LOC-016,WH-P-BIN-79,105.0,25.0,554.62,2026-04-28,,false
SKU-00361,Steel Bolt M8,CHEMICALS,SUP-099,LOC-006,WH-F-BIN-01,336.0,20.0,7.88,2026-06-11,,true
SKU-00362,Hydraulic Hose 2in,ELECTRONICS,SUP-028,LOC-007,WH-G-BIN-02,56.0,15.0,248.12,2026-04-24,2026-08-03,false
SKU-00363,Industrial Solvent 5L,FOOD_DRY,SUP-127,LOC-005,WH-E-BIN-03,181.0,0.0,698.56,2026-02-09,,false
SKU-00364,Forklift Battery 24V,FOOD_COLD,SUP-157,LOC-011,WH-K-BIN-04,4.0,10.0,94.85,2026-03-29,,false
SKU-00365,Safety Gloves L,PACKAGING,SUP-117,LOC-005,WH-E-BIN-05,468.0,15.0,454.01,2026-06-23,,false
SKU-00366,Conveyor Belt Patch,MACHINERY_PARTS,SUP-089,Warehouse S,WH-S-BIN-06,69.0,0,368.83,2026-01-08,2026-08-30,false
SKU-00368,Label Printer Ribbon,CLEANING,SUP-017,LOC-011,WH-K-BIN-08,223.0,15.0,435.49,2026-06-21,2026-11-02,false
SKU-00369,Dock Leveler Seal,MEDICAL,SUP-056,LOC-003,WH-C-BIN-09,249.0,40.0,522.83,2026-02-02,2027-05-11,false
SKU-00370,LED Warehouse Light,RAW_MATERIALS,SUP-153,LOC-003,WH-C-BIN-10,9.0,20.0,311.24,2026-04-26,,false
SKU-00372,,ELECTRONICS,SUP-127,LOC-015,WH-O-BIN-12,477.0,15.0,292.84,2025-12-29,2026-12-17,false
SKU-00373,Barcode Scanner,FOOD_DRY,SUP-142,LOC-019,WH-S-BIN-13,242.0,10.0,552.54,2026-03-28,,false
SKU-00374,Fire Extinguisher 4kg,FOOD_COLD,SUP-062,Warehouse H,WH-H-BIN-14,7.0,15.0,338.13,2026-04-03,,false
SKU-00376,Rubber Gasket Set,MACHINERY_PARTS,SUP-148,LOC-010,WH-J-BIN-16,213.0,20.0,30.33,2026-03-25,,false
SKU-00377,Cable Tie Assorted,PPE,SUP-187,LOC-003,WH-C-BIN-17,71.0,20.0,25.40,2026-03-16,,false
SKU-00378,Dust Mask N95 Pack,CLEANING,SUP-052,LOC-015,WH-O-BIN-18,462.0,0,749.63,2026-05-18,,false
SKU-00379,Wooden Pallet Std,MEDICAL,SUP-001,Warehouse J,WH-J-BIN-19,7.0,25.0,506.15,2026-03-10,,false
SKU-00380,Steel Shelving Unit,RAW_MATERIALS,SUP-087,LOC-014,WH-N-BIN-20,141.0,15.0,181.78,2026-02-13,2027-02-07,false
SKU-00381,,CHEMICALS,SUP-124,LOC-012,WH-L-BIN-21,122.0,0,699.13,2026-06-21,2027-01-05,false
SKU-00382,Spill Kit 20L,ELECTRONICS,SUP-142,LOC-001,WH-A-BIN-22,72.0,0,289.74,2026-06-02,,false
SKU-00383,Epoxy Resin 1L,FOOD_DRY,SUP-111,LOC-010,WH-J-BIN-23,143.0,30.0,291.45,2026-06-21,,false
SKU-00384,Chain Block 1T,FOOD_COLD,SUP-148,LOC-008,WH-H-BIN-24,413.0,20.0,694.06,2026-03-25,,false
SKU-00385,Temperature Logger,PACKAGING,SUP-184,LOC-017,WH-Q-BIN-25,391.0,40.0,688.56,2026-04-13,,false
SKU-00386,Anti-Slip Tape Roll,MACHINERY_PARTS,SUP-016,LOC-006,WH-F-BIN-26,1.0,0,3.75,2026-03-21,2026-10-20,false
SKU-00387,,PPE,SUP-027,LOC-012,WH-L-BIN-27,287.0,30.0,325.96,2026-06-21,,false
SKU-00388,Compressed Air Hose,CLEANING,SUP-029,LOC-020,WH-T-BIN-28,269.0,0.0,97.75,2026-01-28,2027-01-17,false
SKU-00389,First Aid Refill,MEDICAL,SUP-100,Warehouse F,WH-F-BIN-29,482.0,0.0,642.33,2026-04-15,,false
SKU-00390,Racking Beam 2.4m,RAW_MATERIALS,SUP-025,Warehouse M,WH-M-BIN-30,5.0,25.0,726.17,2026-01-16,,false
SKU-00391,,CHEMICALS,SUP-051,LOC-010,WH-J-BIN-31,329.0,40.0,431.27,2026-01-14,,false
SKU-00392,Load Cell 500kg,ELECTRONICS,SUP-043,LOC-016,WH-P-BIN-32,92.0,10.0,775.93,2026-02-03,,false
SKU-00393,Dock Bumpers Pair,FOOD_DRY,SUP-021,Warehouse P,WH-P-BIN-33,444.0,10.0,272.81,2026-04-14,,false
SKU-00394,Floor Marking Paint,FOOD_COLD,SUP-097,LOC-016,WH-P-BIN-34,5.0,14.0,569.13,2026-02-25,,false
SKU-00395,Battery Charger 24V,PACKAGING,SUP-176,Warehouse D,WH-D-BIN-35,499.0,30.0,175.87,2026-04-11,,false
SKU-00397,Humidity Sensor Probe,PPE,SUP-091,LOC-012,WH-L-BIN-37,306.0,0,494.54,2026-06-21,2027-06-12,false
SKU-00398,Pallet Strap Tool,CLEANING,SUP-185,LOC-014,WH-N-BIN-38,199.0,30.0,340.93,2026-04-21,2027-01-03,false
SKU-00399,Coolant Concentrate,MEDICAL,SUP-115,LOC-005,WH-E-BIN-39,91.0,40.0,76.08,2026-01-20,2027-06-13,false
SKU-00400,Wheel Chock Rubber,RAW_MATERIALS,SUP-145,LOC-001,WH-A-BIN-40,101.0,30.0,94.91,2026-03-07,,false
SKU-00401,Steel Bolt M8,CHEMICALS,SUP-114,LOC-010,WH-J-BIN-41,97.0,0,352.87,2026-05-28,,false
SKU-00402,Hydraulic Hose 2in,ELECTRONICS,SUP-004,LOC-014,WH-N-BIN-42,108.0,15.0,726.64,2026-05-05,,false
SKU-00403,Industrial Solvent 5L,FOOD_DRY,SUP-049,LOC-003,WH-C-BIN-43,14.0,20.0,437.70,2026-01-29,2026-10-29,false
SKU-00404,Forklift Battery 24V,FOOD_COLD,SUP-077,LOC-012,WH-L-BIN-44,271.0,10.0,78.78,2026-04-23,,false
SKU-00405,Safety Gloves L,PACKAGING,SUP-158,LOC-015,WH-O-BIN-45,199.0,10.0,133.45,2026-05-27,,false
SKU-00406,,MACHINERY_PARTS,SUP-049,Warehouse O,WH-O-BIN-46,124.0,30.0,594.83,2026-01-18,,false
SKU-00407,Shrink Wrap Film Roll,PPE,SUP-007,LOC-004,WH-D-BIN-47,489.0,0.0,435.46,2026-01-27,,false
SKU-00408,Label Printer Ribbon,CLEANING,SUP-167,LOC-014,WH-N-BIN-48,201.0,40.0,625.59,2026-03-20,2026-08-26,false
SKU-00409,Dock Leveler Seal,MEDICAL,SUP-099,LOC-010,WH-J-BIN-49,389.0,0,384.65,2026-04-20,,false
SKU-00410,LED Warehouse Light,RAW_MATERIALS,SUP-143,LOC-015,WH-O-BIN-50,202.0,0,40.09,2026-04-20,,false
SKU-00411,Nitrile Gloves Box,CHEMICALS,SUP-015,LOC-012,WH-L-BIN-51,20.0,40.0,465.12,2026-05-17,2027-05-15,true
SKU-00412,Pallet Jack Wheel,ELECTRONICS,SUP-149,LOC-001,WH-A-BIN-52,472.0,30.0,417.73,2026-01-16,2026-10-07,false
SKU-00413,,FOOD_DRY,SUP-196,LOC-011,WH-K-BIN-53,74.0,0.0,686.94,2026-04-04,,false
SKU-00414,Fire Extinguisher 4kg,FOOD_COLD,SUP-037,LOC-011,WH-K-BIN-54,9.0,10.0,271.20,2026-02-01,,false
SKU-00415,PVC Pipe 50mm,PACKAGING,SUP-138,LOC-004,WH-D-BIN-55,82.0,0.0,683.80,2026-06-16,,false
SKU-00416,Rubber Gasket Set,MACHINERY_PARTS,SUP-048,LOC-012,WH-L-BIN-56,458.0,30.0,799.72,2026-06-15,,false
SKU-00417,Cable Tie Assorted,PPE,SUP-050,LOC-011,WH-K-BIN-57,241.0,10.0,587.69,2026-02-07,,false
SKU-00419,Wooden Pallet Std,MEDICAL,SUP-144,LOC-008,WH-H-BIN-59,24.0,30.0,380.86,2026-03-15,,false
SKU-00420,Steel Shelving Unit,RAW_MATERIALS,SUP-037,LOC-019,WH-S-BIN-60,372.0,40.0,518.06,2026-06-21,,false
SKU-00421,Hand Truck,CHEMICALS,SUP-004,LOC-011,WH-K-BIN-61,270.0,0,29.93,2026-03-27,,false
SKU-00422,,ELECTRONICS,SUP-195,Warehouse J,WH-J-BIN-62,198.0,20.0,680.03,2026-01-25,,false
SKU-00423,,FOOD_DRY,SUP-080,LOC-004,WH-D-BIN-63,281.0,15.0,167.39,2026-01-12,,false
SKU-00424,Chain Block 1T,FOOD_COLD,SUP-063,Warehouse J,WH-J-BIN-64,415.0,10.0,596.60,2026-03-22,,false
SKU-00425,Temperature Logger,PACKAGING,SUP-127,LOC-014,WH-N-BIN-65,331.0,25.0,500.70,2026-02-01,,false
SKU-00426,Anti-Slip Tape Roll,MACHINERY_PARTS,SUP-047,LOC-013,WH-M-BIN-66,229.0,40.0,176.32,2026-04-19,,false
SKU-00428,Compressed Air Hose,CLEANING,SUP-049,LOC-002,WH-B-BIN-68,461.0,40.0,790.66,2026-04-03,2027-07-02,false
SKU-00429,First Aid Refill,MEDICAL,SUP-104,LOC-014,WH-N-BIN-69,184.0,0.0,739.29,2026-04-19,,false
SKU-00430,Racking Beam 2.4m,RAW_MATERIALS,SUP-176,LOC-003,WH-C-BIN-70,8.0,15.0,522.20,2026-04-27,,false
SKU-00431,Stretch Hood Film,CHEMICALS,SUP-148,LOC-005,WH-E-BIN-71,279.0,0.0,438.75,2026-01-12,,false
SKU-00432,Load Cell 500kg,ELECTRONICS,SUP-009,LOC-014,WH-N-BIN-72,434.0,20.0,377.69,2026-06-24,2026-09-16,false
SKU-00433,,FOOD_DRY,SUP-175,Warehouse F,WH-F-BIN-73,115.0,20.0,193.77,2026-04-22,,false
SKU-00434,Floor Marking Paint,FOOD_COLD,SUP-119,Warehouse G,WH-G-BIN-74,4.0,15.0,421.37,2026-04-19,,false
SKU-00435,Battery Charger 24V,PACKAGING,SUP-074,LOC-007,WH-G-BIN-75,116.0,10.0,573.17,2026-03-06,,false
SKU-00436,Mesh Security Cage,MACHINERY_PARTS,SUP-037,LOC-018,WH-R-BIN-76,24.0,25.0,370.09,2026-05-13,,false
SKU-00437,Humidity Sensor Probe,PPE,SUP-114,LOC-001,WH-A-BIN-77,150.0,15.0,600.59,2026-03-29,,false
SKU-00438,Pallet Strap Tool,CLEANING,SUP-031,LOC-010,WH-J-BIN-78,442.0,20.0,635.21,2026-03-11,,false
SKU-00439,Coolant Concentrate,MEDICAL,SUP-116,LOC-010,WH-J-BIN-79,52.0,15.0,410.46,2026-04-03,,false
SKU-00440,Wheel Chock Rubber,RAW_MATERIALS,SUP-046,LOC-019,WH-S-BIN-80,226.0,25.0,17.03,2026-02-06,,false
SKU-00441,Steel Bolt M8,CHEMICALS,SUP-155,LOC-017,WH-Q-BIN-01,134.0,20.0,438.51,2026-03-24,2026-12-25,false
SKU-00442,Hydraulic Hose 2in,ELECTRONICS,SUP-104,LOC-004,WH-D-BIN-02,481.0,20.0,774.45,2026-01-03,,false
SKU-00443,Industrial Solvent 5L,FOOD_DRY,SUP-018,LOC-009,WH-I-BIN-03,370.0,30.0,537.45,2026-04-14,,false
SKU-00444,,FOOD_COLD,SUP-103,LOC-010,WH-J-BIN-04,3.0,23.0,211.32,2026-03-21,2026-11-08,false
SKU-00447,Shrink Wrap Film Roll,PPE,SUP-052,LOC-014,WH-N-BIN-07,154.0,10.0,413.99,2026-05-08,,false
SKU-00448,Label Printer Ribbon,CLEANING,SUP-035,whse o,WH-O-BIN-08,97.0,0.0,245.81,2026-06-24,2026-07-29,false
SKU-00449,Dock Leveler Seal,MEDICAL,SUP-001,LOC-008,WH-H-BIN-09,479.0,0,185.43,2026-01-31,,false
SKU-00450,LED Warehouse Light,RAW_MATERIALS,SUP-168,LOC-004,WH-D-BIN-10,225.0,10.0,465.34,2026-02-23,,false
SKU-00451,Nitrile Gloves Box,CHEMICALS,SUP-144,LOC-007,WH-G-BIN-11,228.0,40.0,740.82,2026-02-24,2026-11-22,false
SKU-00452,Pallet Jack Wheel,ELECTRONICS,SUP-163,LOC-006,WH-F-BIN-12,434.0,25.0,447.50,2026-03-24,,false
SKU-00453,Barcode Scanner,FOOD_DRY,SUP-054,LOC-012,WH-L-BIN-13,33.0,40.0,29.27,2026-05-12,,false
SKU-00454,,FOOD_COLD,SUP-052,LOC-003,WH-C-BIN-14,2.0,25.0,196.99,2026-04-07,,false
SKU-00455,PVC Pipe 50mm,PACKAGING,SUP-186,LOC-003,WH-C-BIN-15,408.0,25.0,125.32,2026-02-19,,false
SKU-00456,Rubber Gasket Set,MACHINERY_PARTS,SUP-154,LOC-010,WH-J-BIN-16,5.0,0,58.62,2026-03-31,,false
SKU-00457,Cable Tie Assorted,PPE,SUP-064,LOC-001,WH-A-BIN-17,69.0,0,409.56,2026-04-24,2027-04-23,false
SKU-00458,Dust Mask N95 Pack,CLEANING,SUP-157,LOC-015,WH-O-BIN-18,133.0,40.0,724.75,2026-01-31,,false
SKU-00459,Wooden Pallet Std,MEDICAL,SUP-194,LOC-008,WH-H-BIN-19,417.0,10.0,630.14,2026-01-11,2026-10-28,false
SKU-00460,Steel Shelving Unit,RAW_MATERIALS,SUP-025,LOC-017,WH-Q-BIN-20,237.0,20.0,197.58,2026-03-10,2027-01-04,false
SKU-00461,Hand Truck,CHEMICALS,SUP-133,LOC-019,WH-S-BIN-21,96.0,0,141.12,2026-03-05,,true
SKU-00462,,ELECTRONICS,SUP-131,Warehouse J,WH-J-BIN-22,70.0,25.0,640.22,2026-01-04,2027-03-04,false
SKU-00463,Epoxy Resin 1L,FOOD_DRY,SUP-060,Warehouse F,WH-F-BIN-23,438.0,10.0,25.43,2026-01-03,,false
SKU-00464,Chain Block 1T,FOOD_COLD,SUP-072,LOC-019,WH-S-BIN-24,3.0,0,786.93,2026-05-18,,false
SKU-00465,Temperature Logger,PACKAGING,SUP-001,LOC-018,WH-R-BIN-25,170.0,0,709.80,2026-05-16,,false
SKU-00466,Anti-Slip Tape Roll,MACHINERY_PARTS,SUP-144,LOC-002,WH-B-BIN-26,407.0,15.0,358.26,2026-02-17,,false
SKU-00468,Compressed Air Hose,CLEANING,SUP-055,LOC-006,WH-F-BIN-28,249.0,0.0,341.73,2026-06-08,,false
SKU-00469,,MEDICAL,SUP-057,LOC-016,WH-P-BIN-29,8.0,24.0,22.22,2026-03-11,,false
SKU-00470,Racking Beam 2.4m,RAW_MATERIALS,SUP-157,LOC-007,WH-G-BIN-30,371.0,40.0,327.30,2026-01-31,2026-11-25,false
SKU-00471,Stretch Hood Film,CHEMICALS,SUP-013,Warehouse S,WH-S-BIN-31,204.0,25.0,559.03,2026-01-25,,false
SKU-00472,,ELECTRONICS,SUP-107,LOC-008,WH-H-BIN-32,496.0,25.0,381.55,2026-03-22,,false
SKU-00474,Floor Marking Paint,FOOD_COLD,SUP-130,LOC-003,WH-C-BIN-34,201.0,0,386.36,2026-02-19,,false
SKU-00475,,PACKAGING,SUP-093,LOC-017,WH-Q-BIN-35,90.0,30.0,272.68,2026-04-27,,false
SKU-00476,,MACHINERY_PARTS,SUP-019,LOC-014,WH-N-BIN-36,368.0,30.0,558.89,2026-03-05,,false
SKU-00477,Humidity Sensor Probe,PPE,SUP-080,LOC-010,WH-J-BIN-37,468.0,30.0,709.58,2026-03-21,2027-06-08,false
SKU-00478,Pallet Strap Tool,CLEANING,SUP-073,LOC-002,WH-B-BIN-38,157.0,15.0,666.42,2026-03-18,2027-01-21,false
SKU-00479,Coolant Concentrate,MEDICAL,SUP-164,LOC-016,WH-P-BIN-39,8.0,10.0,140.10,2026-04-01,,false
SKU-00480,Wheel Chock Rubber,RAW_MATERIALS,SUP-143,LOC-019,WH-S-BIN-40,13.0,30.0,579.18,2026-04-27,,false
SKU-00481,Steel Bolt M8,CHEMICALS,SUP-185,LOC-015,WH-O-BIN-41,126.0,25.0,4.04,2026-02-15,,false
SKU-00482,Hydraulic Hose 2in,ELECTRONICS,SUP-078,LOC-001,WH-A-BIN-42,271.0,0,713.76,2026-02-05,2027-06-03,false
SKU-00483,Industrial Solvent 5L,FOOD_DRY,SUP-132,LOC-001,WH-A-BIN-43,212.0,40.0,621.81,2026-05-30,2027-02-22,false
SKU-00484,Forklift Battery 24V,FOOD_COLD,SUP-152,LOC-020,WH-T-BIN-44,489.0,25.0,678.67,2026-02-17,,false
SKU-00485,Safety Gloves L,PACKAGING,SUP-160,LOC-007,WH-G-BIN-45,125.0,0.0,244.58,2026-05-14,2027-06-09,false
SKU-00487,Shrink Wrap Film Roll,PPE,SUP-075,LOC-019,WH-S-BIN-47,203.0,15.0,300.04,2026-03-24,2027-02-17,false
SKU-00488,Label Printer Ribbon,CLEANING,SUP-082,Warehouse L,WH-L-BIN-48,174.0,0,445.08,2026-06-23,2026-10-10,false
SKU-00489,Dock Leveler Seal,MEDICAL,SUP-172,LOC-016,WH-P-BIN-49,22.0,40.0,697.42,2026-03-31,,false
SKU-00491,,CHEMICALS,SUP-134,LOC-007,WH-G-BIN-51,340.0,40.0,94.41,2026-01-30,,false
SKU-00492,Pallet Jack Wheel,ELECTRONICS,SUP-192,LOC-001,WH-A-BIN-52,495.0,25.0,779.08,2026-01-04,,false
SKU-00493,Barcode Scanner,FOOD_DRY,SUP-169,LOC-003,WH-C-BIN-53,119.0,0,325.89,2025-12-30,,false
SKU-00494,Fire Extinguisher 4kg,FOOD_COLD,SUP-076,LOC-006,WH-F-BIN-54,375.0,20.0,562.50,2026-06-02,,false
SKU-00495,PVC Pipe 50mm,PACKAGING,SUP-022,LOC-017,WH-Q-BIN-55,129.0,20.0,703.30,2026-03-18,,false
SKU-00496,Rubber Gasket Set,MACHINERY_PARTS,SUP-116,LOC-020,WH-T-BIN-56,254.0,0,211.76,2026-06-21,,false
SKU-00497,Cable Tie Assorted,PPE,SUP-143,LOC-013,WH-M-BIN-57,157.0,15.0,299.43,2026-04-26,2026-08-05,false
SKU-00498,,CLEANING,SUP-140,LOC-017,WH-Q-BIN-58,436.0,15.0,471.88,2026-03-06,,false
SKU-00499,Wooden Pallet Std,MEDICAL,SUP-103,LOC-019,WH-S-BIN-59,23.0,25.0,749.98,2026-01-01,,false
SKU-00500,Steel Shelving Unit,RAW_MATERIALS,SUP-132,LOC-004,WH-D-BIN-60,407.0,25.0,232.18,2026-04-12,,false
SKU-00001,Hand Truck,CHEMICALS,SUP-050,LOC-001,WH-A-BIN-61,134.0,25.0,268.25,2026-05-21,,false
SKU-00002,Spill Kit 20L,ELECTRONICS,SUP-031,LOC-013,WH-M-BIN-62,470.0,30.0,47.11,2026-05-14,,false
SKU-00003,Epoxy Resin 1L,FOOD_DRY,SUP-168,LOC-006,WH-F-BIN-63,477.0,40.0,481.33,2025-12-31,,false
SKU-00004,Chain Block 1T,FOOD_COLD,SUP-076,LOC-010,WH-J-BIN-64,55.0,15.0,221.19,2026-04-04,2026-11-04,false
SKU-00005,Temperature Logger,PACKAGING,SUP-113,LOC-011,WH-K-BIN-65,332.0,30.0,381.42,2026-03-30,,false
SKU-00006,,MACHINERY_PARTS,SUP-100,LOC-013,WH-M-BIN-66,456.0,0,106.63,2026-04-23,,false
SKU-00007,Welding Rod 3.2mm,PPE,SUP-098,LOC-002,WH-B-BIN-67,127.0,40.0,691.09,2026-05-06,,false
SKU-00008,Compressed Air Hose,CLEANING,SUP-179,LOC-015,WH-O-BIN-68,351.0,10.0,229.28,2026-04-26,2026-08-21,false
SKU-00009,First Aid Refill,MEDICAL,SUP-125,LOC-013,WH-M-BIN-69,267.0,25.0,485.75,2026-01-28,,false
SKU-00010,Racking Beam 2.4m,RAW_MATERIALS,SUP-191,LOC-007,WH-G-BIN-70,388.0,15.0,481.98,2026-02-23,,false
SKU-00011,Stretch Hood Film,CHEMICALS,SUP-120,Warehouse G,WH-G-BIN-71,321.0,10.0,624.01,2026-01-27,,false
SKU-00012,Load Cell 500kg,ELECTRONICS,SUP-008,Warehouse E,WH-E-BIN-72,329.0,0.0,21.08,2026-05-15,,false
SKU-00014,Floor Marking Paint,FOOD_COLD,SUP-177,LOC-020,WH-T-BIN-74,481.0,20.0,589.94,2026-05-21,,false
SKU-00015,Battery Charger 24V,PACKAGING,SUP-151,LOC-013,WH-M-BIN-75,226.0,0,189.97,2026-03-18,,false
SKU-00016,,MACHINERY_PARTS,SUP-125,LOC-013,WH-M-BIN-76,412.0,0,405.95,2026-01-27,,false
SKU-00017,Humidity Sensor Probe,PPE,SUP-155,LOC-013,WH-M-BIN-77,24.0,0.0,340.25,2026-02-01,,false
SKU-00018,,CLEANING,SUP-077,LOC-003,WH-C-BIN-78,296.0,10.0,32.46,2026-01-17,,false
SKU-00019,,MEDICAL,SUP-157,LOC-010,WH-J-BIN-79,371.0,10.0,374.24,2026-05-09,,false
SKU-00020,Wheel Chock Rubber,RAW_MATERIALS,SUP-014,Warehouse O,WH-O-BIN-80,90.0,25.0,581.62,2026-02-23,,false
SKU-00021,Steel Bolt M8,CHEMICALS,SUP-106,LOC-018,WH-R-BIN-01,51.0,10.0,662.12,2026-05-15,,false
SKU-00022,Hydraulic Hose 2in,ELECTRONICS,SUP-015,LOC-009,WH-I-BIN-02,182.0,25.0,198.06,2026-05-25,,false
SKU-00023,Industrial Solvent 5L,FOOD_DRY,SUP-098,LOC-009,WH-I-BIN-03,23.0,0.0,785.30,2026-06-18,,false
SKU-00024,Forklift Battery 24V,FOOD_COLD,SUP-081,LOC-008,WH-H-BIN-04,287.0,25.0,93.89,2026-06-21,,false
SKU-00025,Safety Gloves L,PACKAGING,SUP-167,LOC-018,WH-R-BIN-05,210.0,40.0,2.34,2026-02-25,,false
SKU-00026,Conveyor Belt Patch,MACHINERY_PARTS,SUP-008,LOC-012,WH-L-BIN-06,117.0,10.0,173.96,2026-01-23,,false
SKU-00027,Shrink Wrap Film Roll,PPE,SUP-083,Warehouse F,WH-F-BIN-07,251.0,25.0,799.85,2026-02-23,,false
SKU-00028,Label Printer Ribbon,CLEANING,SUP-198,LOC-010,WH-J-BIN-08,434.0,40.0,622.61,2026-06-08,2027-03-28,false
SKU-00029,Dock Leveler Seal,MEDICAL,SUP-104,LOC-017,WH-Q-BIN-09,228.0,15.0,612.66,2026-02-10,,false
SKU-00030,LED Warehouse Light,RAW_MATERIALS,SUP-018,LOC-014,WH-N-BIN-10,481.0,25.0,315.08,2026-02-09,2027-05-09,false
SKU-00031,Nitrile Gloves Box,CHEMICALS,SUP-062,LOC-004,WH-D-BIN-11,7.0,10.0,655.77,2026-02-13,2027-07-11,false
SKU-00032,Pallet Jack Wheel,ELECTRONICS,SUP-157,LOC-001,WH-A-BIN-12,226.0,20.0,363.10,2026-04-06,,false
SKU-00033,Barcode Scanner,FOOD_DRY,SUP-101,LOC-008,WH-H-BIN-13,157.0,20.0,654.07,2026-02-01,,false
SKU-00034,,FOOD_COLD,SUP-074,LOC-011,WH-K-BIN-14,8.0,10.0,40.62,2026-02-07,,false
SKU-00035,,PACKAGING,SUP-020,LOC-002,WH-B-BIN-15,110.0,40.0,717.59,2026-02-16,,false
SKU-00036,Rubber Gasket Set,MACHINERY_PARTS,SUP-137,LOC-006,WH-F-BIN-16,3.0,10.0,285.57,2026-03-19,,false
SKU-00037,Cable Tie Assorted,PPE,SUP-007,LOC-011,WH-K-BIN-17,344.0,20.0,495.96,2026-01-23,,false
SKU-00038,Dust Mask N95 Pack,CLEANING,SUP-010,LOC-002,WH-B-BIN-18,4.0,10.0,108.16,2026-04-10,2027-01-03,false
SKU-00039,Wooden Pallet Std,MEDICAL,SUP-070,LOC-001,WH-A-BIN-19,495.0,10.0,552.23,2025-12-30,,false
SKU-00040,Steel Shelving Unit,RAW_MATERIALS,SUP-119,LOC-005,WH-E-BIN-20,284.0,25.0,522.02,2026-05-12,,false
SKU-00042,Spill Kit 20L,ELECTRONICS,SUP-191,LOC-019,WH-S-BIN-22,121.0,0.0,349.84,2026-01-19,2027-01-10,false
SKU-00043,Epoxy Resin 1L,FOOD_DRY,SUP-040,LOC-010,WH-J-BIN-23,67.0,10.0,257.74,2026-03-17,,false
SKU-00045,Temperature Logger,PACKAGING,SUP-184,LOC-014,WH-N-BIN-25,109.0,0,731.32,2026-03-24,,false
SKU-00046,Anti-Slip Tape Roll,MACHINERY_PARTS,SUP-188,LOC-002,WH-B-BIN-26,7.0,0,52.27,2026-01-10,2026-12-30,false
SKU-00047,Welding Rod 3.2mm,PPE,SUP-063,LOC-016,WH-P-BIN-27,112.0,40.0,114.16,2026-04-21,,false
SKU-00048,Compressed Air Hose,CLEANING,SUP-095,LOC-014,WH-N-BIN-28,477.0,0,598.72,2026-05-24,,false
SKU-00049,First Aid Refill,MEDICAL,SUP-057,LOC-002,WH-B-BIN-29,408.0,0.0,330.27,2026-01-04,,false
SKU-00050,Racking Beam 2.4m,RAW_MATERIALS,SUP-112,LOC-006,WH-F-BIN-30,174.0,20.0,754.87,2026-02-14,2027-05-30,false
SKU-00052,Load Cell 500kg,ELECTRONICS,SUP-155,LOC-017,WH-Q-BIN-32,477.0,10.0,785.70,2026-03-31,2027-01-12,false
SKU-00053,Dock Bumpers Pair,FOOD_DRY,SUP-047,LOC-009,WH-I-BIN-33,342.0,20.0,102.05,2026-02-09,,false
SKU-00054,,FOOD_COLD,SUP-192,LOC-014,WH-N-BIN-34,21.0,40.0,69.56,2026-04-23,,false
SKU-00055,Battery Charger 24V,PACKAGING,SUP-073,LOC-017,WH-Q-BIN-35,252.0,40.0,197.40,2026-04-21,,false
SKU-00056,Mesh Security Cage,MACHINERY_PARTS,SUP-119,Warehouse B,WH-B-BIN-36,159.0,40.0,588.72,2026-06-21,,false
SKU-00058,Pallet Strap Tool,CLEANING,SUP-036,LOC-018,WH-R-BIN-38,23.0,40.0,253.58,2026-04-18,,false
SKU-00059,Coolant Concentrate,MEDICAL,SUP-183,LOC-014,WH-N-BIN-39,13.0,20.0,530.17,2026-01-11,,false
SKU-00060,Wheel Chock Rubber,RAW_MATERIALS,SUP-028,LOC-014,WH-N-BIN-40,339.0,10.0,617.50,2026-03-01,,false
SKU-00061,Steel Bolt M8,CHEMICALS,SUP-164,LOC-007,WH-G-BIN-41,99.0,25.0,187.16,2026-04-06,,false
SKU-00062,Hydraulic Hose 2in,ELECTRONICS,SUP-080,LOC-013,WH-M-BIN-42,411.0,15.0,713.85,2026-05-24,,false
SKU-00063,Industrial Solvent 5L,FOOD_DRY,SUP-005,LOC-018,WH-R-BIN-43,184.0,40.0,791.88,2026-05-03,2027-05-21,false
SKU-00064,Forklift Battery 24V,FOOD_COLD,SUP-148,LOC-004,WH-D-BIN-44,498.0,20.0,449.04,2026-04-24,,false
SKU-00066,Conveyor Belt Patch,MACHINERY_PARTS,SUP-149,LOC-007,WH-G-BIN-46,5.0,10.0,611.33,2026-05-03,,false
SKU-00068,Label Printer Ribbon,CLEANING,SUP-041,LOC-020,WH-T-BIN-48,11.0,25.0,615.64,2026-03-23,,false
SKU-00069,Dock Leveler Seal,MEDICAL,SUP-186,LOC-012,WH-L-BIN-49,17.0,25.0,399.26,2026-03-19,,false
SKU-00070,LED Warehouse Light,RAW_MATERIALS,SUP-188,LOC-012,WH-L-BIN-50,299.0,0,648.59,2026-01-24,,false
SKU-00071,,CHEMICALS,SUP-155,Warehouse H,WH-H-BIN-51,415.0,30.0,546.27,2026-06-05,2027-05-18,false
SKU-00072,Pallet Jack Wheel,ELECTRONICS,SUP-131,LOC-017,WH-Q-BIN-52,410.0,0,737.06,2026-02-10,,false
SKU-00073,Barcode Scanner,FOOD_DRY,SUP-174,LOC-001,WH-A-BIN-53,309.0,0.0,145.73,2026-02-15,,false
SKU-00074,Fire Extinguisher 4kg,FOOD_COLD,SUP-155,LOC-008,WH-H-BIN-54,22.0,25.0,449.56,2026-02-02,,false
SKU-00075,PVC Pipe 50mm,PACKAGING,SUP-093,LOC-014,WH-N-BIN-55,349.0,40.0,419.06,2026-03-14,,false
SKU-00076,,MACHINERY_PARTS,SUP-116,LOC-001,WH-A-BIN-56,169.0,0.0,336.80,2026-01-05,,false
SKU-00077,,PPE,SUP-174,LOC-011,WH-K-BIN-57,213.0,40.0,729.94,2026-03-03,2026-11-10,false
SKU-00078,Dust Mask N95 Pack,CLEANING,SUP-137,LOC-004,WH-D-BIN-58,347.0,0.0,362.70,2026-04-02,,false
SKU-00079,Wooden Pallet Std,MEDICAL,SUP-149,LOC-002,WH-B-BIN-59,5.0,30.0,709.08,2026-01-07,2027-01-16,false
SKU-00080,,RAW_MATERIALS,SUP-012,LOC-005,WH-E-BIN-60,224.0,20.0,39.50,2026-02-27,,false
SKU-00082,Spill Kit 20L,ELECTRONICS,SUP-006,LOC-019,WH-S-BIN-62,224.0,40.0,202.61,2026-02-19,,false
SKU-00083,,FOOD_DRY,SUP-158,LOC-007,WH-G-BIN-63,11.0,15.0,660.11,2026-04-18,,false
SKU-00084,Chain Block 1T,FOOD_COLD,SUP-175,LOC-001,WH-A-BIN-64,140.0,25.0,727.32,2026-01-09,,false
SKU-00085,Temperature Logger,PACKAGING,SUP-192,LOC-020,WH-T-BIN-65,12.0,40.0,606.34,2026-02-20,2026-11-03,false
SKU-00086,Anti-Slip Tape Roll,MACHINERY_PARTS,SUP-157,LOC-006,WH-F-BIN-66,26.0,40.0,504.90,2026-05-24,,false
SKU-00087,Welding Rod 3.2mm,PPE,SUP-022,LOC-014,WH-N-BIN-67,417.0,40.0,337.40,2026-02-22,,false
SKU-00088,Compressed Air Hose,CLEANING,SUP-008,LOC-003,WH-C-BIN-68,375.0,25.0,355.49,2026-03-10,,false
SKU-00089,First Aid Refill,MEDICAL,SUP-035,LOC-012,WH-L-BIN-69,16.0,40.0,721.07,2026-05-07,2027-07-11,false
SKU-00090,Racking Beam 2.4m,RAW_MATERIALS,SUP-167,LOC-001,WH-A-BIN-70,58.0,10.0,420.86,2026-05-11,,false
SKU-00093,Dock Bumpers Pair,FOOD_DRY,SUP-016,LOC-002,WH-B-BIN-73,272.0,0.0,307.78,2026-03-21,,false
SKU-00094,,FOOD_COLD,SUP-054,LOC-009,WH-I-BIN-74,301.0,10.0,120.40,2026-01-07,,false
SKU-00095,Battery Charger 24V,PACKAGING,SUP-025,LOC-008,WH-H-BIN-75,5.0,25.0,241.96,2026-04-22,,false
SKU-00096,Mesh Security Cage,MACHINERY_PARTS,SUP-122,LOC-009,WH-I-BIN-76,39.0,10.0,50.92,2026-03-01,,false
SKU-00097,Humidity Sensor Probe,PPE,SUP-126,LOC-008,WH-H-BIN-77,290.0,25.0,59.77,2026-05-25,,false
SKU-00098,Pallet Strap Tool,CLEANING,SUP-031,LOC-018,WH-R-BIN-78,50.0,10.0,22.29,2026-01-07,,false
SKU-00101,Steel Bolt M8,CHEMICALS,SUP-186,LOC-002,WH-B-BIN-01,1.0,10.0,614.38,2026-04-17,,false
SKU-00102,Hydraulic Hose 2in,ELECTRONICS,SUP-190,LOC-014,WH-N-BIN-02,296.0,20.0,293.00,2026-01-25,,false
SKU-00103,Industrial Solvent 5L,FOOD_DRY,SUP-058,LOC-001,WH-A-BIN-03,394.0,0.0,370.01,2026-04-05,2027-06-12,false
SKU-00104,,FOOD_COLD,SUP-193,LOC-019,WH-S-BIN-04,491.0,40.0,483.36,2026-06-04,,false
SKU-00105,Safety Gloves L,PACKAGING,SUP-150,LOC-001,WH-A-BIN-05,336.0,0.0,468.01,2026-01-16,,false
SKU-00106,Conveyor Belt Patch,MACHINERY_PARTS,SUP-191,LOC-007,WH-G-BIN-06,267.0,0.0,682.78,2026-04-06,,false
SKU-00107,Shrink Wrap Film Roll,PPE,SUP-056,LOC-006,WH-F-BIN-07,42.0,0.0,671.85,2026-05-07,,false
SKU-00108,Label Printer Ribbon,CLEANING,SUP-055,LOC-009,WH-I-BIN-08,155.0,10.0,22.78,2026-02-27,,false
SKU-00109,,MEDICAL,SUP-001,LOC-002,WH-B-BIN-09,98.0,10.0,280.91,2026-04-19,,false
SKU-00110,LED Warehouse Light,RAW_MATERIALS,SUP-089,LOC-015,WH-O-BIN-10,435.0,15.0,644.34,2026-06-03,,false
SKU-00111,Nitrile Gloves Box,CHEMICALS,SUP-054,LOC-014,WH-N-BIN-11,91.0,30.0,656.52,2026-01-14,2026-10-06,true
SKU-00112,Pallet Jack Wheel,ELECTRONICS,SUP-090,LOC-007,WH-G-BIN-12,26.0,30.0,785.51,2026-04-29,,false
SKU-00113,Barcode Scanner,FOOD_DRY,SUP-008,Warehouse H,WH-H-BIN-13,412.0,30.0,599.45,2026-04-20,,false
SKU-00114,Fire Extinguisher 4kg,FOOD_COLD,SUP-164,LOC-018,WH-R-BIN-14,26.0,40.0,571.36,2025-12-30,,false
SKU-00115,PVC Pipe 50mm,PACKAGING,SUP-028,LOC-003,WH-C-BIN-15,415.0,0,562.27,2026-04-27,2026-12-28,false
SKU-00116,Rubber Gasket Set,MACHINERY_PARTS,SUP-102,LOC-002,WH-B-BIN-16,368.0,20.0,388.00,2026-06-02,,false
SKU-00117,Cable Tie Assorted,PPE,SUP-035,LOC-004,WH-D-BIN-17,74.0,25.0,2.63,2026-02-10,,false
SKU-00118,Dust Mask N95 Pack,CLEANING,SUP-169,LOC-004,WH-D-BIN-18,252.0,0.0,779.39,2026-03-23,,false
SKU-00119,Wooden Pallet Std,MEDICAL,SUP-022,LOC-005,WH-E-BIN-19,97.0,20.0,662.84,2026-03-02,,false
SKU-00120,Steel Shelving Unit,RAW_MATERIALS,SUP-019,LOC-004,WH-D-BIN-20,251.0,10.0,428.24,2026-02-11,,false
SKU-00121,Hand Truck,CHEMICALS,SUP-071,LOC-014,WH-N-BIN-21,397.0,25.0,709.33,2026-03-28,2027-03-25,false
SKU-00122,Spill Kit 20L,ELECTRONICS,SUP-110,LOC-010,WH-J-BIN-22,311.0,30.0,234.87,2026-05-09,,false
SKU-00124,Chain Block 1T,FOOD_COLD,SUP-118,LOC-011,WH-K-BIN-24,493.0,25.0,456.57,2025-12-30,,false
SKU-00125,Temperature Logger,PACKAGING,SUP-184,LOC-016,WH-P-BIN-25,435.0,25.0,458.89,2026-06-03,,false
SKU-00126,Anti-Slip Tape Roll,MACHINERY_PARTS,SUP-161,LOC-013,WH-M-BIN-26,37.0,25.0,521.35,2026-01-08,2027-07-03,false
SKU-00128,Compressed Air Hose,CLEANING,SUP-026,LOC-001,WH-A-BIN-28,366.0,20.0,517.89,2026-06-10,,false
SKU-00130,Racking Beam 2.4m,RAW_MATERIALS,SUP-090,LOC-003,WH-C-BIN-30,25.0,40.0,505.67,2026-04-30,,false
SKU-00131,Stretch Hood Film,CHEMICALS,SUP-058,LOC-005,WH-E-BIN-31,353.0,10.0,122.46,2026-01-25,,false
SKU-00132,Load Cell 500kg,ELECTRONICS,SUP-093,LOC-003,WH-C-BIN-32,348.0,40.0,549.99,2026-01-15,,false
SKU-00133,Dock Bumpers Pair,FOOD_DRY,SUP-059,LOC-008,WH-H-BIN-33,418.0,0.0,316.05,2026-01-02,,false
SKU-00134,Floor Marking Paint,FOOD_COLD,SUP-175,LOC-019,WH-S-BIN-34,28.0,0.0,611.63,2026-06-03,,false
SKU-00137,,PPE,SUP-170,LOC-002,WH-B-BIN-37,425.0,0,429.05,2026-03-28,2027-05-16,false
SKU-00138,Pallet Strap Tool,CLEANING,SUP-164,LOC-003,WH-C-BIN-38,130.0,30.0,165.46,2026-04-23,2027-05-12,false
SKU-00139,Coolant Concentrate,MEDICAL,SUP-112,LOC-011,WH-K-BIN-39,51.0,0,400.02,2026-01-19,,false
SKU-00140,Wheel Chock Rubber,RAW_MATERIALS,SUP-073,LOC-008,WH-H-BIN-40,94.0,25.0,77.09,2026-03-09,,false
SKU-00141,Steel Bolt M8,CHEMICALS,SUP-100,LOC-015,WH-O-BIN-41,68.0,15.0,233.60,2026-06-20,,false
SKU-00142,Hydraulic Hose 2in,ELECTRONICS,SUP-128,Warehouse J,WH-J-BIN-42,86.0,20.0,423.56,2026-04-09,2027-02-11,false
SKU-00143,Industrial Solvent 5L,FOOD_DRY,SUP-124,LOC-017,WH-Q-BIN-43,329.0,10.0,467.79,2026-04-01,,false
SKU-00144,Forklift Battery 24V,FOOD_COLD,SUP-108,LOC-004,WH-D-BIN-44,106.0,40.0,446.08,2026-03-28,,false
SKU-00145,Safety Gloves L,PACKAGING,SUP-135,LOC-009,WH-I-BIN-45,99.0,0.0,724.81,2026-04-29,,false
SKU-00146,Conveyor Belt Patch,MACHINERY_PARTS,SUP-048,LOC-004,WH-D-BIN-46,18.0,20.0,315.89,2026-03-14,,false
SKU-00147,Shrink Wrap Film Roll,PPE,SUP-069,LOC-008,WH-H-BIN-47,151.0,10.0,779.83,2026-04-22,,false
SKU-00148,,CLEANING,SUP-120,LOC-009,WH-I-BIN-48,194.0,25.0,104.99,2026-03-15,,false
SKU-00149,Dock Leveler Seal,MEDICAL,SUP-103,LOC-020,WH-T-BIN-49,428.0,30.0,330.95,2026-05-11,,false
SKU-00150,LED Warehouse Light,RAW_MATERIALS,SUP-123,LOC-003,WH-C-BIN-50,56.0,20.0,526.33,2026-01-15,2027-07-13,false
SKU-00151,,CHEMICALS,SUP-077,LOC-018,WH-R-BIN-51,153.0,20.0,667.54,2026-06-24,2027-06-11,false
SKU-00152,Pallet Jack Wheel,ELECTRONICS,SUP-113,LOC-012,WH-L-BIN-52,369.0,20.0,36.75,2026-03-11,,false
SKU-00153,Barcode Scanner,FOOD_DRY,SUP-080,LOC-014,WH-N-BIN-53,255.0,30.0,533.86,2026-05-26,2027-05-01,false
SKU-00154,Fire Extinguisher 4kg,FOOD_COLD,SUP-117,LOC-006,WH-F-BIN-54,43.0,25.0,158.81,2026-01-21,,false
SKU-00155,PVC Pipe 50mm,PACKAGING,SUP-139,LOC-010,WH-J-BIN-55,346.0,15.0,736.29,2026-03-25,,false
SKU-00156,Rubber Gasket Set,MACHINERY_PARTS,SUP-074,LOC-005,WH-E-BIN-56,431.0,0.0,310.75,2026-06-22,,false
SKU-00157,,PPE,SUP-094,Warehouse G,WH-G-BIN-57,147.0,0.0,560.73,2026-03-27,,false
SKU-00158,Dust Mask N95 Pack,CLEANING,SUP-105,LOC-010,WH-J-BIN-58,433.0,10.0,525.32,2026-06-17,2027-05-18,false
SKU-00159,Wooden Pallet Std,MEDICAL,SUP-075,LOC-004,WH-D-BIN-59,417.0,40.0,529.04,2026-06-05,2027-06-19,false
SKU-00160,Steel Shelving Unit,RAW_MATERIALS,SUP-148,LOC-006,WH-F-BIN-60,439.0,30.0,252.08,2026-04-22,,false
SKU-00161,Hand Truck,CHEMICALS,SUP-144,LOC-010,WH-J-BIN-61,24.0,40.0,60.64,2026-03-04,2027-03-26,false
SKU-00162,Spill Kit 20L,ELECTRONICS,SUP-083,LOC-004,WH-D-BIN-62,351.0,25.0,662.41,2026-01-22,,false
SKU-00163,Epoxy Resin 1L,FOOD_DRY,SUP-152,LOC-001,WH-A-BIN-63,368.0,10.0,728.22,2026-04-22,,false
SKU-00164,Chain Block 1T,FOOD_COLD,SUP-135,LOC-001,WH-A-BIN-64,356.0,10.0,129.66,2026-02-01,,false
SKU-00165,Temperature Logger,PACKAGING,SUP-104,LOC-002,WH-B-BIN-65,13.0,0,599.58,2026-06-17,,false
SKU-00166,Anti-Slip Tape Roll,MACHINERY_PARTS,SUP-178,LOC-005,WH-E-BIN-66,145.0,30.0,103.14,2026-03-11,,false
SKU-00167,,PPE,SUP-143,LOC-011,WH-K-BIN-67,86.0,25.0,191.93,2026-03-19,,false
SKU-00168,Compressed Air Hose,CLEANING,SUP-108,LOC-011,WH-K-BIN-68,1.0,15.0,293.31,2026-02-06,,false
SKU-00170,Racking Beam 2.4m,RAW_MATERIALS,SUP-135,LOC-004,WH-D-BIN-70,302.0,0.0,2.04,2026-04-01,2026-11-29,false
SKU-00171,,CHEMICALS,SUP-117,LOC-007,WH-G-BIN-71,98.0,30.0,420.07,2026-02-23,,false
SKU-00172,Load Cell 500kg,ELECTRONICS,SUP-014,LOC-005,WH-E-BIN-72,2.0,11.0,434.83,2026-03-09,,false
SKU-00174,Floor Marking Paint,FOOD_COLD,SUP-043,LOC-006,WH-F-BIN-74,467.0,15.0,755.92,2026-03-17,,false
SKU-00175,,PACKAGING,SUP-029,Warehouse F,WH-F-BIN-75,3.0,20.0,793.72,2026-06-10,,false
SKU-00176,Mesh Security Cage,MACHINERY_PARTS,SUP-001,LOC-015,WH-O-BIN-76,418.0,0.0,496.48,2026-05-14,2026-10-02,false
SKU-00177,Humidity Sensor Probe,PPE,SUP-079,LOC-020,WH-T-BIN-77,440.0,0.0,328.30,2026-04-01,,false
SKU-00178,Pallet Strap Tool,CLEANING,SUP-197,LOC-018,WH-R-BIN-78,141.0,0.0,161.79,2026-01-27,2027-02-10,false
SKU-00179,Coolant Concentrate,MEDICAL,SUP-125,LOC-018,WH-R-BIN-79,355.0,40.0,487.99,2026-06-12,,false
SKU-00181,Steel Bolt M8,CHEMICALS,SUP-062,LOC-008,WH-H-BIN-01,205.0,20.0,365.52,2026-05-18,,false
SKU-00182,Hydraulic Hose 2in,ELECTRONICS,SUP-068,LOC-008,WH-H-BIN-02,355.0,25.0,487.97,2026-03-06,,false
SKU-00183,,FOOD_DRY,SUP-170,LOC-003,WH-C-BIN-03,33.0,30.0,444.96,2026-03-24,,false
SKU-00184,Forklift Battery 24V,FOOD_COLD,SUP-005,LOC-007,WH-G-BIN-04,27.0,40.0,468.98,2026-01-05,2027-07-29,false
SKU-00185,Safety Gloves L,PACKAGING,SUP-174,LOC-002,WH-B-BIN-05,441.0,0.0,344.02,2026-02-01,,false
SKU-00186,,MACHINERY_PARTS,SUP-161,LOC-011,WH-K-BIN-06,100.0,40.0,625.04,2026-02-15,2027-05-27,false
SKU-00187,Shrink Wrap Film Roll,PPE,SUP-175,LOC-020,WH-T-BIN-07,22.0,40.0,737.87,2026-06-05,,false
SKU-00188,Label Printer Ribbon,CLEANING,SUP-144,Warehouse C,WH-C-BIN-08,81.0,30.0,271.08,2026-02-13,2026-12-16,false
SKU-00190,LED Warehouse Light,RAW_MATERIALS,SUP-070,LOC-016,WH-P-BIN-10,2.0,30.0,141.10,2026-05-09,,false
SKU-00191,Nitrile Gloves Box,CHEMICALS,SUP-200,LOC-018,WH-R-BIN-11,223.0,30.0,19.65,2026-02-19,,false
SKU-00192,Pallet Jack Wheel,ELECTRONICS,SUP-015,LOC-001,WH-A-BIN-12,346.0,30.0,18.49,2026-01-31,,false
SKU-00193,Barcode Scanner,FOOD_DRY,SUP-074,LOC-016,WH-P-BIN-13,127.0,0.0,795.48,2026-03-03,,false
SKU-00194,Fire Extinguisher 4kg,FOOD_COLD,SUP-176,LOC-011,WH-K-BIN-14,356.0,0,795.58,2025-12-29,2027-01-18,false
SKU-00195,PVC Pipe 50mm,PACKAGING,SUP-163,LOC-012,WH-L-BIN-15,23.0,25.0,340.63,2026-01-23,,false
SKU-00197,Cable Tie Assorted,PPE,SUP-087,LOC-004,WH-D-BIN-17,354.0,40.0,305.38,2026-05-17,2026-11-11,false
SKU-00198,Dust Mask N95 Pack,CLEANING,SUP-181,LOC-009,WH-I-BIN-18,170.0,15.0,229.78,2026-02-22,,false
SKU-00199,,MEDICAL,SUP-002,LOC-002,WH-B-BIN-19,486.0,15.0,33.75,2026-01-10,,false
SKU-00200,Steel Shelving Unit,RAW_MATERIALS,SUP-036,wh_o,WH-O-BIN-20,375.0,20.0,497.95,2026-03-25,,false
SKU-00201,Hand Truck,CHEMICALS,SUP-177,LOC-016,WH-P-BIN-21,10.0,25.0,388.55,2026-02-28,,true
SKU-00202,Spill Kit 20L,ELECTRONICS,SUP-176,LOC-002,WH-B-BIN-22,128.0,30.0,483.37,2026-01-18,2027-04-26,false
SKU-00203,Epoxy Resin 1L,FOOD_DRY,SUP-173,LOC-004,WH-D-BIN-23,38.0,10.0,201.38,2026-01-12,,false
SKU-00204,,FOOD_COLD,SUP-079,LOC-015,WH-O-BIN-24,414.0,40.0,656.34,2026-05-22,,false
SKU-00205,Temperature Logger,PACKAGING,SUP-174,LOC-002,WH-B-BIN-25,6.0,15.0,451.81,2026-03-29,,false
SKU-00207,Welding Rod 3.2mm,PPE,SUP-199,LOC-007,WH-G-BIN-27,241.0,0,601.22,2026-02-17,,false
SKU-00208,Compressed Air Hose,CLEANING,SUP-097,LOC-016,WH-P-BIN-28,250.0,20.0,112.75,2026-02-15,,false
SKU-00209,First Aid Refill,MEDICAL,SUP-143,LOC-014,WH-N-BIN-29,216.0,0,580.32,2026-03-08,,false
SKU-00210,Racking Beam 2.4m,RAW_MATERIALS,SUP-069,LOC-013,WH-M-BIN-30,264.0,30.0,249.28,2026-02-15,,false
SKU-00211,Stretch Hood Film,CHEMICALS,SUP-029,LOC-016,WH-P-BIN-31,3.0,15.0,210.43,2026-01-12,,true
SKU-00212,Load Cell 500kg,ELECTRONICS,SUP-062,LOC-008,WH-H-BIN-32,247.0,20.0,468.80,2026-01-14,,false
SKU-00213,Dock Bumpers Pair,FOOD_DRY,SUP-074,LOC-017,WH-Q-BIN-33,4.0,20.0,250.47,2026-06-16,,false
SKU-00214,Floor Marking Paint,FOOD_COLD,SUP-171,LOC-011,WH-K-BIN-34,217.0,40.0,343.06,2026-04-01,2026-08-15,false
SKU-00215,Battery Charger 24V,PACKAGING,SUP-017,LOC-004,WH-D-BIN-35,73.0,30.0,159.86,2026-01-11,,false
SKU-00216,Mesh Security Cage,MACHINERY_PARTS,SUP-094,Warehouse O,WH-O-BIN-36,335.0,40.0,132.50,2026-01-29,,false
SKU-00217,Humidity Sensor Probe,PPE,SUP-027,LOC-017,WH-Q-BIN-37,117.0,40.0,123.10,2026-06-06,,false
SKU-00218,Pallet Strap Tool,CLEANING,SUP-171,LOC-020,WH-T-BIN-38,255.0,30.0,575.60,2026-06-05,,false
SKU-00219,,MEDICAL,SUP-002,LOC-017,WH-Q-BIN-39,75.0,0.0,558.31,2026-02-28,,false
SKU-00220,,RAW_MATERIALS,SUP-050,LOC-010,WH-J-BIN-40,46.0,25.0,777.73,2026-01-25,,false
SKU-00221,Steel Bolt M8,CHEMICALS,SUP-085,LOC-017,WH-Q-BIN-41,99.0,30.0,180.23,2026-03-11,,false
SKU-00223,,FOOD_DRY,SUP-155,LOC-009,WH-I-BIN-43,345.0,0,558.40,2026-02-13,,false
SKU-00225,Safety Gloves L,PACKAGING,SUP-184,LOC-007,WH-G-BIN-45,21.0,0,561.09,2026-02-11,,false
SKU-00226,Conveyor Belt Patch,MACHINERY_PARTS,SUP-118,Warehouse P,WH-P-BIN-46,177.0,0,539.77,2026-02-07,,false
SKU-00227,Shrink Wrap Film Roll,PPE,SUP-049,LOC-010,WH-J-BIN-47,424.0,10.0,131.73,2026-06-08,,false
SKU-00228,Label Printer Ribbon,CLEANING,SUP-145,wh_o,WH-O-BIN-48,38.0,40.0,156.59,2026-06-09,2027-01-06,false
SKU-00229,Dock Leveler Seal,MEDICAL,SUP-108,LOC-005,WH-E-BIN-49,209.0,10.0,240.76,2026-05-21,,false
SKU-00230,LED Warehouse Light,RAW_MATERIALS,SUP-193,LOC-018,WH-R-BIN-50,494.0,0,610.49,2026-03-04,,false
SKU-00231,Nitrile Gloves Box,CHEMICALS,SUP-147,LOC-014,WH-N-BIN-51,211.0,0,513.03,2026-03-11,,false
SKU-00232,Pallet Jack Wheel,ELECTRONICS,SUP-009,LOC-008,WH-H-BIN-52,285.0,25.0,89.14,2026-02-12,,false
SKU-00233,Barcode Scanner,FOOD_DRY,SUP-090,LOC-008,WH-H-BIN-53,490.0,30.0,612.41,2026-04-20,2026-11-23,false
SKU-00235,PVC Pipe 50mm,PACKAGING,SUP-052,LOC-006,WH-F-BIN-55,435.0,15.0,771.77,2026-05-10,,false
SKU-00236,Rubber Gasket Set,MACHINERY_PARTS,SUP-089,Warehouse J,WH-J-BIN-56,448.0,20.0,613.15,2026-05-11,,false
SKU-00237,Cable Tie Assorted,PPE,SUP-070,LOC-015,WH-O-BIN-57,126.0,0.0,227.83,2026-05-24,,false
SKU-00238,Dust Mask N95 Pack,CLEANING,SUP-106,LOC-017,WH-Q-BIN-58,88.0,0,81.51,2026-04-21,2026-11-08,false
SKU-00239,Wooden Pallet Std,MEDICAL,SUP-034,LOC-002,WH-B-BIN-59,13.0,30.0,682.82,2026-03-18,2027-06-14,false
SKU-00240,,RAW_MATERIALS,SUP-076,LOC-008,WH-H-BIN-60,126.0,20.0,3.64,2026-01-10,,false
SKU-00241,Hand Truck,CHEMICALS,SUP-054,LOC-013,WH-M-BIN-61,390.0,15.0,568.86,2026-01-13,,true
SKU-00242,Spill Kit 20L,ELECTRONICS,SUP-170,LOC-018,WH-R-BIN-62,39.0,0,77.52,2026-06-03,,false
SKU-00243,Epoxy Resin 1L,FOOD_DRY,SUP-174,Warehouse I,WH-I-BIN-63,392.0,40.0,698.25,2026-02-24,,false
SKU-00244,Chain Block 1T,FOOD_COLD,SUP-167,LOC-005,WH-E-BIN-64,362.0,15.0,36.76,2026-01-08,,false
SKU-00245,Temperature Logger,PACKAGING,SUP-138,LOC-010,WH-J-BIN-65,106.0,20.0,601.43,2026-04-24,,false
SKU-00246,Anti-Slip Tape Roll,MACHINERY_PARTS,SUP-074,LOC-011,WH-K-BIN-66,11.0,40.0,713.48,2026-03-25,,false
SKU-00247,Welding Rod 3.2mm,PPE,SUP-012,LOC-008,WH-H-BIN-67,227.0,0.0,794.74,2026-01-20,,false
SKU-00249,First Aid Refill,MEDICAL,SUP-094,LOC-009,WH-I-BIN-69,291.0,40.0,676.82,2026-05-14,2027-01-28,false
SKU-00250,Racking Beam 2.4m,RAW_MATERIALS,SUP-069,LOC-007,WH-G-BIN-70,279.0,10.0,336.23,2026-01-06,,false
SKU-00251,Stretch Hood Film,CHEMICALS,SUP-057,LOC-008,WH-H-BIN-71,207.0,0,408.28,2026-01-25,,false
SKU-00253,Dock Bumpers Pair,FOOD_DRY,SUP-143,LOC-005,WH-E-BIN-73,472.0,20.0,352.13,2026-02-10,,false
SKU-00254,Floor Marking Paint,FOOD_COLD,SUP-149,LOC-013,WH-M-BIN-74,12.0,30.0,391.69,2026-05-03,,false
SKU-00255,Battery Charger 24V,PACKAGING,SUP-135,LOC-007,WH-G-BIN-75,255.0,10.0,102.37,2026-01-15,,false
SKU-00256,Mesh Security Cage,MACHINERY_PARTS,SUP-001,LOC-013,WH-M-BIN-76,364.0,30.0,365.85,2026-03-23,,false
SKU-00258,Pallet Strap Tool,CLEANING,SUP-081,LOC-015,WH-O-BIN-78,190.0,10.0,278.91,2026-04-04,,false
SKU-00259,Coolant Concentrate,MEDICAL,SUP-153,Warehouse Q,WH-Q-BIN-79,333.0,0.0,517.13,2026-04-04,,false
SKU-00260,Wheel Chock Rubber,RAW_MATERIALS,SUP-102,LOC-018,WH-R-BIN-80,322.0,0,569.98,2026-05-22,,false
SKU-00261,Steel Bolt M8,CHEMICALS,SUP-052,LOC-006,WH-F-BIN-01,5.0,15.0,320.64,2025-12-31,2026-08-26,true
SKU-00262,Hydraulic Hose 2in,ELECTRONICS,SUP-010,LOC-004,WH-D-BIN-02,239.0,0.0,676.95,2026-04-23,,false
SKU-00263,Industrial Solvent 5L,FOOD_DRY,SUP-195,Warehouse M,WH-M-BIN-03,194.0,15.0,637.98,2026-06-02,,false
SKU-00265,Safety Gloves L,PACKAGING,SUP-013,Warehouse E,WH-E-BIN-05,98.0,0,174.61,2026-02-04,2026-10-07,false
SKU-00267,Shrink Wrap Film Roll,PPE,SUP-070,LOC-004,WH-D-BIN-07,386.0,0,744.05,2026-04-10,,false
SKU-00268,Label Printer Ribbon,CLEANING,SUP-038,LOC-005,WH-E-BIN-08,397.0,20.0,19.84,2026-04-27,2026-11-25,false
SKU-00269,,MEDICAL,SUP-199,LOC-005,WH-E-BIN-09,7.0,0,422.09,2026-01-22,2027-03-12,false
SKU-00270,LED Warehouse Light,RAW_MATERIALS,SUP-140,LOC-006,WH-F-BIN-10,16.0,40.0,513.27,2026-02-20,,false
SKU-00271,Nitrile Gloves Box,CHEMICALS,SUP-025,Warehouse S,WH-S-BIN-11,497.0,40.0,484.12,2026-03-20,2026-10-16,true
SKU-00272,Pallet Jack Wheel,ELECTRONICS,SUP-106,LOC-016,WH-P-BIN-12,321.0,15.0,416.52,2026-03-13,,false
SKU-00273,,FOOD_DRY,SUP-097,Warehouse P,WH-P-BIN-13,48.0,20.0,773.28,2026-01-24,,false
SKU-00274,Fire Extinguisher 4kg,FOOD_COLD,SUP-118,LOC-015,WH-O-BIN-14,498.0,0,724.27,2026-06-25,,false
SKU-00275,PVC Pipe 50mm,PACKAGING,SUP-049,LOC-018,WH-R-BIN-15,348.0,10.0,314.90,2026-04-26,,false
SKU-00277,Cable Tie Assorted,PPE,SUP-125,LOC-005,WH-E-BIN-17,6.0,15.0,671.93,2026-05-15,,false
SKU-00278,Dust Mask N95 Pack,CLEANING,SUP-018,LOC-014,WH-N-BIN-18,401.0,25.0,344.60,2026-01-26,,false
SKU-00280,,RAW_MATERIALS,SUP-154,LOC-011,WH-K-BIN-20,299.0,0,692.24,2026-05-06,,false
SKU-00281,Hand Truck,CHEMICALS,SUP-186,LOC-018,WH-R-BIN-21,113.0,40.0,126.65,2026-04-15,2027-04-09,false
SKU-00282,Spill Kit 20L,ELECTRONICS,SUP-041,LOC-020,WH-T-BIN-22,115.0,15.0,683.61,2026-05-06,,false
SKU-00284,Chain Block 1T,FOOD_COLD,SUP-051,LOC-003,WH-C-BIN-24,500.0,0,175.54,2026-01-23,2026-10-17,false
SKU-00285,Temperature Logger,PACKAGING,SUP-099,LOC-001,WH-A-BIN-25,268.0,15.0,234.43,2026-06-15,,false
SKU-00286,Anti-Slip Tape Roll,MACHINERY_PARTS,SUP-072,LOC-004,WH-D-BIN-26,11.0,20.0,150.05,2026-05-17,,false
SKU-00287,Welding Rod 3.2mm,PPE,SUP-095,LOC-009,WH-I-BIN-27,246.0,25.0,659.67,2026-01-31,,false
SKU-00288,Compressed Air Hose,CLEANING,SUP-148,LOC-008,WH-H-BIN-28,136.0,40.0,280.07,2026-04-15,,false
SKU-00289,First Aid Refill,MEDICAL,SUP-041,LOC-014,WH-N-BIN-29,334.0,0,224.11,2026-03-27,2027-03-18,false
SKU-00290,Racking Beam 2.4m,RAW_MATERIALS,SUP-088,Warehouse G,WH-G-BIN-30,439.0,30.0,691.34,2026-05-03,,false
SKU-00291,,CHEMICALS,SUP-115,Warehouse Q,WH-Q-BIN-31,349.0,0,500.06,2026-01-20,,true
SKU-00292,Load Cell 500kg,ELECTRONICS,SUP-196,LOC-008,WH-H-BIN-32,316.0,0,449.99,2026-03-25,,false
SKU-00293,Dock Bumpers Pair,FOOD_DRY,SUP-089,LOC-019,WH-S-BIN-33,280.0,10.0,105.03,2026-05-10,2027-03-27,false
SKU-00294,Floor Marking Paint,FOOD_COLD,SUP-004,LOC-007,WH-G-BIN-34,7.0,0,57.89,2026-03-06,,false
SKU-00295,Battery Charger 24V,PACKAGING,SUP-078,LOC-020,WH-T-BIN-35,442.0,30.0,229.53,2026-01-15,,false
SKU-00296,Mesh Security Cage,MACHINERY_PARTS,SUP-044,LOC-012,WH-L-BIN-36,36.0,40.0,763.40,2026-03-20,2027-01-29,false
SKU-00297,Humidity Sensor Probe,PPE,SUP-011,LOC-012,WH-L-BIN-37,346.0,30.0,532.33,2026-05-21,,false
SKU-00298,Pallet Strap Tool,CLEANING,SUP-170,wh_o,WH-O-BIN-38,3.0,0,296.45,2026-01-14,,false
SKU-00299,Coolant Concentrate,MEDICAL,SUP-161,LOC-009,WH-I-BIN-39,1.0,10.0,699.65,2026-03-27,,false
SKU-00300,Wheel Chock Rubber,RAW_MATERIALS,SUP-046,LOC-014,WH-N-BIN-40,175.0,40.0,327.71,2026-03-10,2027-06-28,false
SKU-00301,Steel Bolt M8,CHEMICALS,SUP-007,LOC-017,WH-Q-BIN-41,351.0,0.0,759.83,2026-04-06,,false
SKU-00302,Hydraulic Hose 2in,ELECTRONICS,SUP-124,LOC-010,WH-J-BIN-42,147.0,10.0,138.08,2026-04-13,,false
SKU-00303,Industrial Solvent 5L,FOOD_DRY,SUP-195,LOC-011,WH-K-BIN-43,7.0,15.0,680.58,2026-04-29,,false
SKU-00304,Forklift Battery 24V,FOOD_COLD,SUP-105,LOC-005,WH-E-BIN-44,54.0,40.0,557.00,2026-05-03,2026-08-25,false
SKU-00305,Safety Gloves L,PACKAGING,SUP-019,Warehouse P,WH-P-BIN-45,96.0,20.0,153.67,2026-05-26,,false
SKU-00306,Conveyor Belt Patch,MACHINERY_PARTS,SUP-156,LOC-002,WH-B-BIN-46,191.0,10.0,427.73,2026-01-10,,false
SKU-00307,Shrink Wrap Film Roll,PPE,SUP-159,LOC-001,WH-A-BIN-47,206.0,40.0,150.70,2026-03-24,,false
SKU-00308,Label Printer Ribbon,CLEANING,SUP-189,LOC-006,WH-F-BIN-48,414.0,0.0,226.82,2026-02-05,,false
SKU-00309,Dock Leveler Seal,MEDICAL,SUP-016,LOC-015,WH-O-BIN-49,244.0,25.0,233.80,2026-05-15,,false
SKU-00310,,RAW_MATERIALS,SUP-106,LOC-017,WH-Q-BIN-50,499.0,40.0,590.17,2026-02-28,2027-06-28,false
SKU-00311,Nitrile Gloves Box,CHEMICALS,SUP-021,LOC-017,WH-Q-BIN-51,40.0,40.0,89.09,2026-04-11,,false
SKU-00312,Pallet Jack Wheel,ELECTRONICS,SUP-135,LOC-010,WH-J-BIN-52,24.0,0.0,239.25,2026-05-24,,false
SKU-00313,Barcode Scanner,FOOD_DRY,SUP-029,LOC-004,WH-D-BIN-53,280.0,40.0,523.02,2026-06-19,,false
SKU-00314,Fire Extinguisher 4kg,FOOD_COLD,SUP-066,LOC-009,WH-I-BIN-54,55.0,30.0,623.86,2026-06-10,,false
SKU-00315,,PACKAGING,SUP-044,LOC-015,WH-O-BIN-55,118.0,40.0,644.87,2026-01-31,,false
SKU-00316,Rubber Gasket Set,MACHINERY_PARTS,SUP-008,LOC-006,WH-F-BIN-56,311.0,20.0,232.75,2026-04-19,2027-02-23,false
SKU-00317,,PPE,SUP-034,LOC-003,WH-C-BIN-57,50.0,10.0,221.05,2026-05-04,,false
SKU-00318,Dust Mask N95 Pack,CLEANING,SUP-008,LOC-003,WH-C-BIN-58,198.0,0.0,292.82,2026-02-12,2026-09-09,false
SKU-00319,Wooden Pallet Std,MEDICAL,SUP-117,LOC-017,WH-Q-BIN-59,14.0,30.0,357.01,2026-03-26,2027-03-03,false
SKU-00320,Steel Shelving Unit,RAW_MATERIALS,SUP-069,Warehouse D,WH-D-BIN-60,155.0,0,59.44,2026-03-14,,false
SKU-00321,Hand Truck,CHEMICALS,SUP-146,LOC-001,WH-A-BIN-61,81.0,20.0,380.35,2026-01-01,,true
SKU-00322,,ELECTRONICS,SUP-200,LOC-011,WH-K-BIN-62,296.0,15.0,99.49,2026-06-05,2027-01-13,false
SKU-00323,Epoxy Resin 1L,FOOD_DRY,SUP-045,Warehouse N,WH-N-BIN-63,391.0,0.0,601.62,2026-01-19,2026-11-09,false
SKU-00324,Chain Block 1T,FOOD_COLD,SUP-068,Warehouse G,WH-G-BIN-64,38.0,0,338.65,2026-04-03,,false
SKU-00325,,PACKAGING,SUP-162,LOC-001,WH-A-BIN-65,377.0,20.0,279.51,2026-05-25,,false
SKU-00326,Anti-Slip Tape Roll,MACHINERY_PARTS,SUP-128,LOC-002,WH-B-BIN-66,275.0,15.0,352.09,2026-04-04,2026-07-29,false
SKU-00327,,PPE,SUP-140,LOC-002,WH-B-BIN-67,176.0,40.0,143.09,2026-06-20,,false
SKU-00328,Compressed Air Hose,CLEANING,SUP-133,LOC-018,WH-R-BIN-68,388.0,0,343.95,2026-01-25,,false
SKU-00329,First Aid Refill,MEDICAL,SUP-082,LOC-005,WH-E-BIN-69,137.0,0.0,81.11,2026-06-22,,false
SKU-00330,,RAW_MATERIALS,SUP-189,LOC-019,WH-S-BIN-70,333.0,0,666.85,2026-01-25,,false
SKU-00331,Stretch Hood Film,CHEMICALS,SUP-198,LOC-004,WH-D-BIN-71,448.0,40.0,489.70,2026-02-16,2027-05-26,true
SKU-00332,Load Cell 500kg,ELECTRONICS,SUP-116,LOC-020,WH-T-BIN-72,76.0,40.0,530.09,2026-01-12,,false
SKU-00334,Floor Marking Paint,FOOD_COLD,SUP-115,LOC-017,WH-Q-BIN-74,480.0,0.0,473.74,2026-04-21,2027-07-24,false
SKU-00335,Battery Charger 24V,PACKAGING,SUP-039,LOC-020,WH-T-BIN-75,202.0,0.0,265.96,2026-06-14,2027-07-23,false
SKU-00337,Humidity Sensor Probe,PPE,SUP-067,LOC-014,WH-N-BIN-77,108.0,40.0,568.45,2026-01-16,,false
SKU-00339,Coolant Concentrate,MEDICAL,SUP-072,LOC-014,WH-N-BIN-79,52.0,30.0,761.85,2026-05-13,2026-08-30,false
SKU-00340,Wheel Chock Rubber,RAW_MATERIALS,SUP-164,LOC-019,WH-S-BIN-80,89.0,0,655.72,2026-05-08,,false
SKU-00341,Steel Bolt M8,CHEMICALS,SUP-189,LOC-001,WH-A-BIN-01,272.0,25.0,531.25,2026-03-01,,false
SKU-00342,,ELECTRONICS,SUP-003,LOC-003,WH-C-BIN-02,21.0,25.0,202.65,2026-06-12,,false
SKU-00343,Industrial Solvent 5L,FOOD_DRY,SUP-157,LOC-017,WH-Q-BIN-03,134.0,0.0,689.27,2026-04-30,2027-07-16,false
SKU-00344,,FOOD_COLD,SUP-191,LOC-007,WH-G-BIN-04,69.0,0.0,144.37,2026-02-02,,false
SKU-00345,Safety Gloves L,PACKAGING,SUP-172,LOC-006,WH-F-BIN-05,425.0,15.0,311.13,2026-05-15,2027-07-24,false
SKU-00346,,MACHINERY_PARTS,SUP-022,Warehouse A,WH-A-BIN-06,443.0,25.0,773.79,2026-05-27,,false
SKU-00347,Shrink Wrap Film Roll,PPE,SUP-098,LOC-005,WH-E-BIN-07,451.0,40.0,450.68,2026-03-10,2027-07-10,false
SKU-00348,Label Printer Ribbon,CLEANING,SUP-109,LOC-019,WH-S-BIN-08,76.0,0,17.88,2026-04-17,,false
SKU-00349,Dock Leveler Seal,MEDICAL,SUP-173,LOC-001,WH-A-BIN-09,339.0,15.0,537.94,2026-02-23,2027-06-26,false
SKU-00350,LED Warehouse Light,RAW_MATERIALS,SUP-124,Warehouse M,WH-M-BIN-10,407.0,15.0,335.10,2026-05-04,,false
SKU-00351,Nitrile Gloves Box,CHEMICALS,SUP-150,LOC-007,WH-G-BIN-11,351.0,30.0,562.36,2026-01-12,2027-02-11,false
SKU-00352,Pallet Jack Wheel,ELECTRONICS,SUP-003,LOC-014,WH-N-BIN-12,386.0,0.0,23.15,2026-06-16,2027-06-21,false
SKU-00354,Fire Extinguisher 4kg,FOOD_COLD,SUP-014,LOC-020,WH-T-BIN-14,21.0,30.0,289.84,2025-12-30,,false
SKU-00355,PVC Pipe 50mm,PACKAGING,SUP-195,LOC-019,WH-S-BIN-15,12.0,30.0,742.65,2026-04-07,,false
SKU-00356,Rubber Gasket Set,MACHINERY_PARTS,SUP-150,LOC-003,WH-C-BIN-16,403.0,30.0,210.48,2026-03-11,2026-09-28,false
SKU-00357,Cable Tie Assorted,PPE,SUP-101,LOC-003,WH-C-BIN-17,3.0,10.0,601.77,2026-01-27,,false
SKU-00358,Dust Mask N95 Pack,CLEANING,SUP-011,LOC-020,WH-T-BIN-18,4.0,25.0,404.79,2026-04-07,,false
SKU-00359,Wooden Pallet Std,MEDICAL,SUP-138,LOC-020,WH-T-BIN-19,231.0,15.0,13.45,2026-05-22,,false
SKU-00360,Steel Shelving Unit,RAW_MATERIALS,SUP-116,LOC-003,WH-C-BIN-20,162.0,25.0,76.67,2026-05-26,,false
SKU-00361,,CHEMICALS,SUP-112,LOC-016,WH-P-BIN-21,190.0,25.0,797.47,2026-06-15,,true
SKU-00362,Spill Kit 20L,ELECTRONICS,SUP-087,LOC-016,WH-P-BIN-22,7.0,40.0,357.73,2026-01-11,,false
SKU-00363,Epoxy Resin 1L,FOOD_DRY,SUP-046,LOC-005,WH-E-BIN-23,18.0,30.0,316.14,2026-05-06,2027-05-08,false
SKU-00364,Chain Block 1T,FOOD_COLD,SUP-016,LOC-019,WH-S-BIN-24,237.0,15.0,354.80,2026-03-25,,false
SKU-00365,Temperature Logger,PACKAGING,SUP-121,LOC-013,WH-M-BIN-25,456.0,20.0,754.11,2026-04-06,,false
SKU-00366,Anti-Slip Tape Roll,MACHINERY_PARTS,SUP-067,LOC-008,WH-H-BIN-26,377.0,40.0,163.15,2026-05-22,,false
SKU-00367,Welding Rod 3.2mm,PPE,SUP-001,LOC-016,WH-P-BIN-27,15.0,30.0,610.52,2026-06-19,,false
SKU-00368,Compressed Air Hose,CLEANING,SUP-127,LOC-007,WH-G-BIN-28,65.0,30.0,507.94,2026-06-24,2026-11-30,false
SKU-00369,,MEDICAL,SUP-039,LOC-017,WH-Q-BIN-29,142.0,0.0,9.68,2026-01-01,2027-02-18,false
SKU-00370,Racking Beam 2.4m,RAW_MATERIALS,SUP-007,LOC-020,WH-T-BIN-30,257.0,30.0,428.75,2026-03-27,,false
SKU-00371,Stretch Hood Film,CHEMICALS,SUP-103,LOC-004,WH-D-BIN-31,63.0,25.0,318.20,2026-04-07,,true
SKU-00372,Load Cell 500kg,ELECTRONICS,SUP-013,Warehouse T,WH-T-BIN-32,134.0,20.0,537.77,2026-03-15,,false
SKU-00373,Dock Bumpers Pair,FOOD_DRY,SUP-112,LOC-003,WH-C-BIN-33,11.0,40.0,552.47,2026-03-04,,false
SKU-00374,Floor Marking Paint,FOOD_COLD,SUP-111,LOC-005,WH-E-BIN-34,29.0,10.0,633.70,2026-06-16,,false
SKU-00375,Battery Charger 24V,PACKAGING,SUP-186,LOC-006,WH-F-BIN-35,29.0,25.0,243.21,2026-03-12,2027-06-23,false
SKU-00376,Mesh Security Cage,MACHINERY_PARTS,SUP-185,LOC-012,WH-L-BIN-36,3.0,20.0,471.03,2026-03-19,,false
SKU-00377,Humidity Sensor Probe,PPE,SUP-130,LOC-018,WH-R-BIN-37,225.0,0.0,500.56,2026-05-01,,false
SKU-00378,,CLEANING,SUP-172,LOC-007,WH-G-BIN-38,250.0,30.0,701.71,2026-06-09,,false
SKU-00379,,MEDICAL,SUP-011,LOC-018,WH-R-BIN-39,139.0,15.0,329.67,2026-01-13,,false
SKU-00380,Wheel Chock Rubber,RAW_MATERIALS,SUP-078,LOC-010,WH-J-BIN-40,134.0,20.0,536.36,2026-03-05,,false
SKU-00381,Steel Bolt M8,CHEMICALS,SUP-097,LOC-008,WH-H-BIN-41,349.0,0.0,676.87,2026-02-14,,true
SKU-00382,Hydraulic Hose 2in,ELECTRONICS,SUP-058,LOC-011,WH-K-BIN-42,397.0,0.0,315.09,2026-05-01,,false
SKU-00383,Industrial Solvent 5L,FOOD_DRY,SUP-136,LOC-004,WH-D-BIN-43,131.0,40.0,14.80,2026-05-16,2027-05-15,false
SKU-00384,Forklift Battery 24V,FOOD_COLD,SUP-152,LOC-010,WH-J-BIN-44,348.0,15.0,274.83,2026-05-05,,false
SKU-00385,Safety Gloves L,PACKAGING,SUP-103,LOC-010,WH-J-BIN-45,5.0,40.0,718.20,2026-05-16,,false
SKU-00387,,PPE,SUP-126,LOC-014,WH-N-BIN-47,17.0,25.0,328.30,2026-06-03,,false
SKU-00388,Label Printer Ribbon,CLEANING,SUP-097,LOC-001,WH-A-BIN-48,467.0,25.0,542.78,2026-04-07,,false
SKU-00389,Dock Leveler Seal,MEDICAL,SUP-189,LOC-005,WH-E-BIN-49,453.0,20.0,604.86,2026-05-01,,false
SKU-00390,LED Warehouse Light,RAW_MATERIALS,SUP-085,Warehouse R,WH-R-BIN-50,379.0,20.0,241.83,2026-04-11,2027-06-28,false
SKU-00392,Pallet Jack Wheel,ELECTRONICS,SUP-148,LOC-008,WH-H-BIN-52,29.0,30.0,597.71,2026-03-21,,false
SKU-00393,Barcode Scanner,FOOD_DRY,SUP-155,LOC-013,WH-M-BIN-53,31.0,0.0,236.78,2026-02-10,,false
SKU-00394,Fire Extinguisher 4kg,FOOD_COLD,SUP-012,LOC-013,WH-M-BIN-54,329.0,15.0,790.59,2026-05-10,,false
SKU-00395,,PACKAGING,SUP-182,Warehouse R,WH-R-BIN-55,11.0,15.0,19.68,2026-06-21,,false
SKU-00396,Rubber Gasket Set,MACHINERY_PARTS,SUP-154,whse o,WH-O-BIN-56,73.0,0.0,564.96,2025-12-29,,false
SKU-00398,Dust Mask N95 Pack,CLEANING,SUP-006,LOC-014,WH-N-BIN-58,4.0,10.0,192.52,2026-04-16,,false
SKU-00399,Wooden Pallet Std,MEDICAL,SUP-019,LOC-011,WH-K-BIN-59,330.0,15.0,517.18,2026-04-22,,false
SKU-00400,Steel Shelving Unit,RAW_MATERIALS,SUP-070,Warehouse L,WH-L-BIN-60,64.0,0.0,448.93,2026-05-29,2027-04-06,false
SKU-00401,Hand Truck,CHEMICALS,SUP-167,LOC-010,WH-J-BIN-61,405.0,25.0,707.07,2026-06-19,,false
SKU-00402,Spill Kit 20L,ELECTRONICS,SUP-057,LOC-010,WH-J-BIN-62,27.0,30.0,661.20,2026-06-10,2027-01-24,false
SKU-00403,Epoxy Resin 1L,FOOD_DRY,SUP-114,LOC-002,WH-B-BIN-63,239.0,30.0,268.57,2026-06-17,,false
SKU-00404,Chain Block 1T,FOOD_COLD,SUP-049,LOC-011,WH-K-BIN-64,183.0,40.0,510.35,2026-03-19,,false
SKU-00405,Temperature Logger,PACKAGING,SUP-167,LOC-002,WH-B-BIN-65,220.0,15.0,56.23,2026-05-10,2027-02-10,false
SKU-00406,Anti-Slip Tape Roll,MACHINERY_PARTS,SUP-121,LOC-009,WH-I-BIN-66,63.0,0,76.34,2026-03-06,,false
SKU-00407,Welding Rod 3.2mm,PPE,SUP-039,LOC-008,WH-H-BIN-67,181.0,30.0,513.73,2026-02-15,,false
SKU-00408,Compressed Air Hose,CLEANING,SUP-180,Warehouse F,WH-F-BIN-68,354.0,20.0,274.93,2026-03-04,,false
SKU-00409,First Aid Refill,MEDICAL,SUP-042,LOC-017,WH-Q-BIN-69,250.0,40.0,380.31,2026-06-10,,false
SKU-00410,Racking Beam 2.4m,RAW_MATERIALS,SUP-018,LOC-013,WH-M-BIN-70,465.0,20.0,536.42,2026-06-03,2027-04-04,false
SKU-00411,Stretch Hood Film,CHEMICALS,SUP-097,LOC-020,WH-T-BIN-71,33.0,20.0,125.76,2026-03-12,2027-05-23,false
SKU-00412,Load Cell 500kg,ELECTRONICS,SUP-174,LOC-007,WH-G-BIN-72,494.0,20.0,663.53,2026-03-03,,false
SKU-00413,Dock Bumpers Pair,FOOD_DRY,SUP-064,LOC-017,WH-Q-BIN-73,433.0,40.0,383.88,2026-04-02,,false
SKU-00414,Floor Marking Paint,FOOD_COLD,SUP-001,LOC-009,WH-I-BIN-74,134.0,15.0,610.00,2026-04-14,,false
SKU-00415,,PACKAGING,SUP-030,Warehouse L,WH-L-BIN-75,251.0,15.0,624.09,2026-02-09,,false
SKU-00416,,MACHINERY_PARTS,SUP-108,LOC-006,WH-F-BIN-76,202.0,0.0,346.37,2026-03-30,,false
SKU-00417,Humidity Sensor Probe,PPE,SUP-146,LOC-006,WH-F-BIN-77,487.0,0,312.02,2026-03-01,,false
SKU-00418,Pallet Strap Tool,CLEANING,SUP-195,LOC-012,WH-L-BIN-78,194.0,20.0,189.02,2026-04-08,,false
SKU-00419,Coolant Concentrate,MEDICAL,SUP-163,LOC-019,WH-S-BIN-79,407.0,30.0,484.84,2026-03-25,,false
SKU-00420,,RAW_MATERIALS,SUP-092,LOC-020,WH-T-BIN-80,141.0,20.0,751.40,2026-05-10,,false
SKU-00421,Steel Bolt M8,CHEMICALS,SUP-149,LOC-002,WH-B-BIN-01,9.0,20.0,396.91,2026-03-16,,true
SKU-00422,Hydraulic Hose 2in,ELECTRONICS,SUP-157,LOC-007,WH-G-BIN-02,412.0,40.0,56.31,2026-02-02,,false
SKU-00423,Industrial Solvent 5L,FOOD_DRY,SUP-099,LOC-015,WH-O-BIN-03,373.0,0.0,51.82,2026-04-25,2027-03-11,false
SKU-00425,,PACKAGING,SUP-186,LOC-011,WH-K-BIN-05,463.0,15.0,681.33,2026-03-27,,false
SKU-00427,Shrink Wrap Film Roll,PPE,SUP-167,LOC-009,WH-I-BIN-07,418.0,0,496.66,2026-01-07,2027-05-20,false
SKU-00428,Label Printer Ribbon,CLEANING,SUP-184,LOC-015,WH-O-BIN-08,301.0,15.0,678.11,2026-04-15,,false
SKU-00429,,MEDICAL,SUP-040,LOC-002,WH-B-BIN-09,479.0,30.0,710.33,2026-06-24,,false
SKU-00430,LED Warehouse Light,RAW_MATERIALS,SUP-179,LOC-010,WH-J-BIN-10,283.0,25.0,712.12,2026-01-18,,false
SKU-00431,Nitrile Gloves Box,CHEMICALS,SUP-163,LOC-018,WH-R-BIN-11,43.0,30.0,161.09,2026-04-21,,false
SKU-00433,Barcode Scanner,FOOD_DRY,SUP-079,LOC-006,WH-F-BIN-13,432.0,0,440.80,2026-05-07,2027-03-11,false
SKU-00434,Fire Extinguisher 4kg,FOOD_COLD,SUP-138,LOC-016,WH-P-BIN-14,194.0,10.0,127.17,2026-02-20,2027-02-17,false
SKU-00435,PVC Pipe 50mm,PACKAGING,SUP-097,LOC-007,WH-G-BIN-15,24.0,25.0,397.21,2026-06-09,,false
SKU-00437,,PPE,SUP-020,LOC-007,WH-G-BIN-17,373.0,30.0,333.48,2026-05-26,,false
SKU-00438,Dust Mask N95 Pack,CLEANING,SUP-044,LOC-014,WH-N-BIN-18,402.0,20.0,580.06,2026-02-12,,false
SKU-00439,Wooden Pallet Std,MEDICAL,SUP-165,LOC-019,WH-S-BIN-19,240.0,40.0,139.49,2026-06-06,,false
SKU-00440,Steel Shelving Unit,RAW_MATERIALS,SUP-036,LOC-017,WH-Q-BIN-20,179.0,15.0,504.74,2026-05-24,,false
SKU-00441,Hand Truck,CHEMICALS,SUP-127,LOC-009,WH-I-BIN-21,353.0,25.0,340.04,2026-06-15,,false
SKU-00442,Spill Kit 20L,ELECTRONICS,SUP-027,whse o,WH-O-BIN-22,451.0,25.0,416.01,2026-01-30,,false
SKU-00443,Epoxy Resin 1L,FOOD_DRY,SUP-118,LOC-012,WH-L-BIN-23,92.0,30.0,554.10,2026-05-07,,false
SKU-00444,Chain Block 1T,FOOD_COLD,SUP-039,Warehouse K,WH-K-BIN-24,1.0,0,152.91,2026-06-08,,false
SKU-00445,Temperature Logger,PACKAGING,SUP-199,Warehouse H,WH-H-BIN-25,142.0,25.0,796.51,2026-02-23,,false
SKU-00446,Anti-Slip Tape Roll,MACHINERY_PARTS,SUP-017,LOC-004,WH-D-BIN-26,468.0,20.0,686.28,2026-06-09,,false
SKU-00447,,PPE,SUP-029,LOC-018,WH-R-BIN-27,309.0,0.0,626.19,2026-06-25,,false
SKU-00448,,CLEANING,SUP-007,LOC-015,WH-O-BIN-28,253.0,25.0,534.64,2026-05-06,,false
SKU-00449,First Aid Refill,MEDICAL,SUP-054,LOC-004,WH-D-BIN-29,426.0,10.0,239.59,2026-04-24,,false
SKU-00450,Racking Beam 2.4m,RAW_MATERIALS,SUP-051,LOC-018,WH-R-BIN-30,224.0,15.0,790.20,2026-04-29,2027-01-07,false
SKU-00451,Stretch Hood Film,CHEMICALS,SUP-063,LOC-012,WH-L-BIN-31,375.0,15.0,773.34,2026-06-03,,true
SKU-00452,Load Cell 500kg,ELECTRONICS,SUP-087,LOC-006,WH-F-BIN-32,377.0,20.0,684.95,2026-06-08,,false
SKU-00453,Dock Bumpers Pair,FOOD_DRY,SUP-149,LOC-010,WH-J-BIN-33,362.0,30.0,610.85,2026-03-03,,false
SKU-00454,Floor Marking Paint,FOOD_COLD,SUP-011,LOC-016,WH-P-BIN-34,68.0,15.0,289.58,2026-02-09,,false
SKU-00455,,PACKAGING,SUP-095,LOC-005,WH-E-BIN-35,3.0,30.0,641.69,2026-05-01,,false
SKU-00456,Mesh Security Cage,MACHINERY_PARTS,SUP-079,LOC-011,WH-K-BIN-36,218.0,0,628.91,2026-02-25,,false
SKU-00457,Humidity Sensor Probe,PPE,SUP-131,LOC-020,WH-T-BIN-37,371.0,30.0,350.68,2026-03-07,,false
SKU-00458,,CLEANING,SUP-108,LOC-008,WH-H-BIN-38,456.0,40.0,250.90,2026-04-07,,false
SKU-00459,Coolant Concentrate,MEDICAL,SUP-130,LOC-019,WH-S-BIN-39,35.0,10.0,156.80,2026-05-23,,false
SKU-00461,Steel Bolt M8,CHEMICALS,SUP-145,LOC-007,WH-G-BIN-41,14.0,15.0,20.37,2026-05-21,,false
SKU-00462,Hydraulic Hose 2in,ELECTRONICS,SUP-076,LOC-019,WH-S-BIN-42,335.0,15.0,73.48,2026-05-12,2026-09-03,false
SKU-00463,Industrial Solvent 5L,FOOD_DRY,SUP-115,LOC-009,WH-I-BIN-43,128.0,20.0,274.28,2026-03-07,,false
SKU-00464,Forklift Battery 24V,FOOD_COLD,SUP-170,LOC-020,WH-T-BIN-44,297.0,25.0,590.81,2026-02-17,2027-05-18,false
SKU-00465,Safety Gloves L,PACKAGING,SUP-035,LOC-016,WH-P-BIN-45,1.0,16.0,579.19,2026-01-19,,false
SKU-00466,Conveyor Belt Patch,MACHINERY_PARTS,SUP-050,LOC-017,WH-Q-BIN-46,407.0,30.0,667.62,2026-06-15,,false
SKU-00467,,PPE,SUP-095,Warehouse D,WH-D-BIN-47,419.0,10.0,781.24,2026-01-17,,false
SKU-00468,Label Printer Ribbon,CLEANING,SUP-077,LOC-012,WH-L-BIN-48,18.0,25.0,50.61,2026-01-16,,false
SKU-00469,,MEDICAL,SUP-132,LOC-013,WH-M-BIN-49,1.0,10.0,546.36,2025-12-29,2027-01-09,false
SKU-00470,,RAW_MATERIALS,SUP-108,LOC-009,WH-I-BIN-50,23.0,30.0,96.57,2026-04-16,,false
SKU-00471,Nitrile Gloves Box,CHEMICALS,SUP-062,LOC-007,WH-G-BIN-51,20.0,25.0,158.43,2026-05-30,,false
SKU-00472,Pallet Jack Wheel,ELECTRONICS,SUP-031,LOC-004,WH-D-BIN-52,156.0,0,591.84,2026-01-11,,false
SKU-00473,Barcode Scanner,FOOD_DRY,SUP-034,LOC-020,WH-T-BIN-53,61.0,30.0,588.85,2026-05-29,,false
SKU-00475,PVC Pipe 50mm,PACKAGING,SUP-169,LOC-020,WH-T-BIN-55,328.0,10.0,54.48,2026-01-12,2026-12-22,false
SKU-00477,Cable Tie Assorted,PPE,SUP-033,LOC-019,WH-S-BIN-57,485.0,10.0,460.01,2026-02-07,,false
SKU-00478,Dust Mask N95 Pack,CLEANING,SUP-102,LOC-007,WH-G-BIN-58,481.0,10.0,337.60,2026-02-12,2026-09-02,false
SKU-00479,Wooden Pallet Std,MEDICAL,SUP-028,LOC-001,WH-A-BIN-59,62.0,0.0,785.75,2026-01-07,,false
SKU-00480,Steel Shelving Unit,RAW_MATERIALS,SUP-190,LOC-007,WH-G-BIN-60,29.0,25.0,487.56,2026-03-24,,false
SKU-00481,Hand Truck,CHEMICALS,SUP-168,LOC-007,WH-G-BIN-61,478.0,20.0,4.38,2026-01-27,2026-08-25,false
SKU-00482,Spill Kit 20L,ELECTRONICS,SUP-096,LOC-004,WH-D-BIN-62,191.0,15.0,779.71,2026-06-18,,false
SKU-00483,Epoxy Resin 1L,FOOD_DRY,SUP-057,LOC-012,WH-L-BIN-63,426.0,0,596.53,2026-04-08,,false
SKU-00484,Chain Block 1T,FOOD_COLD,SUP-140,LOC-018,WH-R-BIN-64,459.0,40.0,656.49,2026-02-07,,false
SKU-00485,Temperature Logger,PACKAGING,SUP-077,LOC-001,WH-A-BIN-65,273.0,30.0,707.01,2026-04-02,,false
SKU-00487,Welding Rod 3.2mm,PPE,SUP-175,LOC-004,WH-D-BIN-67,311.0,25.0,27.21,2026-04-01,2026-12-17,false
SKU-00488,,CLEANING,SUP-194,LOC-015,WH-O-BIN-68,364.0,0.0,66.28,2026-01-13,,false
SKU-00490,Racking Beam 2.4m,RAW_MATERIALS,SUP-051,LOC-012,WH-L-BIN-70,70.0,30.0,621.33,2026-06-07,2027-06-20,false
SKU-00491,Stretch Hood Film,CHEMICALS,SUP-197,LOC-013,WH-M-BIN-71,274.0,25.0,787.21,2026-05-17,2027-07-08,true
SKU-00493,Dock Bumpers Pair,FOOD_DRY,SUP-097,LOC-017,WH-Q-BIN-73,468.0,30.0,796.42,2026-01-21,,false
SKU-00494,Floor Marking Paint,FOOD_COLD,SUP-037,LOC-009,WH-I-BIN-74,26.0,30.0,528.93,2026-01-26,,false
SKU-00495,Battery Charger 24V,PACKAGING,SUP-084,LOC-005,WH-E-BIN-75,486.0,0.0,260.92,2026-02-14,,false
SKU-00496,,MACHINERY_PARTS,SUP-156,LOC-007,WH-G-BIN-76,439.0,40.0,20.92,2026-03-02,2027-03-27,false
SKU-00497,Humidity Sensor Probe,PPE,SUP-053,LOC-016,WH-P-BIN-77,6.0,27.0,328.79,2026-01-12,,false
SKU-00498,Pallet Strap Tool,CLEANING,SUP-133,Warehouse J,WH-J-BIN-78,125.0,20.0,417.36,2026-02-04,,false
SKU-00499,Coolant Concentrate,MEDICAL,SUP-049,LOC-003,WH-C-BIN-79,31.0,20.0,523.76,2026-04-16,,false
SKU-00500,Wheel Chock Rubber,RAW_MATERIALS,SUP-082,LOC-001,WH-A-BIN-80,400.0,10.0,310.26,2026-02-19,2027-07-24,false
SKU-00001,Steel Bolt M8,CHEMICALS,SUP-001,LOC-002,WH-B-BIN-01,161.0,0,583.07,2026-05-29,,false
SKU-00002,,ELECTRONICS,SUP-175,LOC-005,WH-E-BIN-02,360.0,15.0,8.70,2026-01-27,,false
SKU-00003,,FOOD_DRY,SUP-174,LOC-010,WH-J-BIN-03,104.0,20.0,560.38,2026-03-19,,false
SKU-00004,Forklift Battery 24V,FOOD_COLD,SUP-083,LOC-005,WH-E-BIN-04,204.0,0.0,82.70,2026-05-17,,false
SKU-00005,Safety Gloves L,PACKAGING,SUP-139,LOC-019,WH-S-BIN-05,2.0,25.0,529.75,2026-05-25,,false
SKU-00006,,MACHINERY_PARTS,SUP-038,LOC-011,WH-K-BIN-06,26.0,30.0,90.32,2026-04-08,,false
SKU-00007,Shrink Wrap Film Roll,PPE,SUP-060,LOC-017,WH-Q-BIN-07,148.0,15.0,600.07,2026-05-22,2027-02-18,false
SKU-00008,Label Printer Ribbon,CLEANING,SUP-020,LOC-014,WH-N-BIN-08,83.0,0,797.00,2026-02-01,,false
SKU-00009,,MEDICAL,SUP-133,LOC-010,WH-J-BIN-09,489.0,10.0,3.47,2026-06-09,,false
SKU-00010,LED Warehouse Light,RAW_MATERIALS,SUP-182,LOC-006,WH-F-BIN-10,132.0,15.0,364.90,2026-03-20,2027-02-25,false
SKU-00011,,CHEMICALS,SUP-095,LOC-011,WH-K-BIN-11,219.0,40.0,151.03,2026-02-05,,false
SKU-00013,Barcode Scanner,FOOD_DRY,SUP-079,LOC-017,WH-Q-BIN-13,170.0,10.0,712.96,2026-05-12,,false
SKU-00015,PVC Pipe 50mm,PACKAGING,SUP-068,LOC-016,WH-P-BIN-15,328.0,40.0,161.37,2026-01-04,,false
SKU-00017,Cable Tie Assorted,PPE,SUP-088,LOC-001,WH-A-BIN-17,334.0,40.0,736.22,2026-04-17,,false
SKU-00019,Wooden Pallet Std,MEDICAL,SUP-112,LOC-003,WH-C-BIN-19,138.0,30.0,357.60,2026-05-11,,false
SKU-00020,Steel Shelving Unit,RAW_MATERIALS,SUP-007,LOC-003,WH-C-BIN-20,276.0,40.0,762.89,2026-05-25,,false
SKU-00021,Hand Truck,CHEMICALS,SUP-096,LOC-002,WH-B-BIN-21,60.0,30.0,593.44,2026-01-30,,false
SKU-00023,Epoxy Resin 1L,FOOD_DRY,SUP-087,LOC-011,WH-K-BIN-23,302.0,10.0,779.78,2026-03-23,,false
SKU-00024,,FOOD_COLD,SUP-160,LOC-006,WH-F-BIN-24,151.0,0,111.91,2026-02-22,,false
SKU-00025,Temperature Logger,PACKAGING,SUP-033,LOC-007,WH-G-BIN-25,25.0,30.0,741.09,2026-01-05,,false
SKU-00026,,MACHINERY_PARTS,SUP-146,LOC-006,WH-F-BIN-26,50.0,30.0,494.54,2026-01-12,2026-10-13,false
SKU-00027,Welding Rod 3.2mm,PPE,SUP-045,LOC-015,WH-O-BIN-27,180.0,25.0,196.69,2026-04-19,,false
SKU-00028,Compressed Air Hose,CLEANING,SUP-009,LOC-005,WH-E-BIN-28,340.0,20.0,603.30,2026-04-24,,false
SKU-00029,First Aid Refill,MEDICAL,SUP-075,LOC-004,WH-D-BIN-29,410.0,0,183.25,2026-05-01,2027-02-01,false
SKU-00030,,RAW_MATERIALS,SUP-036,LOC-002,WH-B-BIN-30,1.0,20.0,170.33,2026-04-14,2026-09-21,false
SKU-00031,Stretch Hood Film,CHEMICALS,SUP-078,LOC-014,WH-N-BIN-31,5.0,17.0,383.55,2026-01-03,,false
SKU-00032,Load Cell 500kg,ELECTRONICS,SUP-096,LOC-001,WH-A-BIN-32,359.0,20.0,713.47,2026-02-24,,false
SKU-00033,Dock Bumpers Pair,FOOD_DRY,SUP-170,LOC-001,WH-A-BIN-33,238.0,15.0,320.80,2026-01-10,,false
SKU-00034,Floor Marking Paint,FOOD_COLD,SUP-157,LOC-016,WH-P-BIN-34,396.0,0,557.27,2026-03-28,,false
SKU-00035,Battery Charger 24V,PACKAGING,SUP-172,LOC-013,WH-M-BIN-35,243.0,30.0,52.78,2026-03-28,,false
SKU-00036,Mesh Security Cage,MACHINERY_PARTS,SUP-115,LOC-001,WH-A-BIN-36,242.0,40.0,362.46,2025-12-28,,false
SKU-00037,Humidity Sensor Probe,PPE,SUP-181,Warehouse O,WH-O-BIN-37,117.0,25.0,22.98,2026-06-15,,false
SKU-00038,,CLEANING,SUP-029,LOC-015,WH-O-BIN-38,335.0,10.0,40.08,2026-03-26,,false
SKU-00039,Coolant Concentrate,MEDICAL,SUP-033,LOC-006,WH-F-BIN-39,8.0,10.0,778.48,2026-04-14,,false
SKU-00040,Wheel Chock Rubber,RAW_MATERIALS,SUP-033,LOC-005,WH-E-BIN-40,209.0,40.0,189.90,2026-05-21,,false
SKU-00041,Steel Bolt M8,CHEMICALS,SUP-196,LOC-007,WH-G-BIN-41,63.0,30.0,326.21,2026-06-06,2026-09-21,false
SKU-00042,Hydraulic Hose 2in,ELECTRONICS,SUP-190,LOC-013,WH-M-BIN-42,338.0,0.0,543.21,2026-03-12,,false
SKU-00043,Industrial Solvent 5L,FOOD_DRY,SUP-125,LOC-019,WH-S-BIN-43,9.0,10.0,464.87,2026-06-08,,false
SKU-00044,Forklift Battery 24V,FOOD_COLD,SUP-031,LOC-004,WH-D-BIN-44,272.0,20.0,193.42,2026-06-10,,false
SKU-00045,Safety Gloves L,PACKAGING,SUP-127,LOC-007,WH-G-BIN-45,184.0,10.0,413.59,2026-06-23,,false
SKU-00047,,PPE,SUP-034,LOC-010,WH-J-BIN-47,226.0,15.0,243.27,2026-02-15,,false
SKU-00048,Label Printer Ribbon,CLEANING,SUP-185,LOC-018,WH-R-BIN-48,384.0,20.0,166.78,2026-06-08,,false
SKU-00049,,MEDICAL,SUP-119,LOC-009,WH-I-BIN-49,302.0,40.0,416.29,2026-06-20,,false
SKU-00050,,RAW_MATERIALS,SUP-166,LOC-012,WH-L-BIN-50,255.0,40.0,423.84,2026-01-15,2027-04-06,false
SKU-00051,Nitrile Gloves Box,CHEMICALS,SUP-072,LOC-010,WH-J-BIN-51,8.0,10.0,619.55,2026-01-22,,true
SKU-00053,Barcode Scanner,FOOD_DRY,SUP-114,LOC-008,WH-H-BIN-53,442.0,0,765.59,2026-04-13,,false
SKU-00056,Rubber Gasket Set,MACHINERY_PARTS,SUP-030,LOC-015,WH-O-BIN-56,295.0,10.0,421.81,2026-02-20,,false
SKU-00057,Cable Tie Assorted,PPE,SUP-166,LOC-015,WH-O-BIN-57,171.0,15.0,471.32,2026-03-05,,false
SKU-00058,,CLEANING,SUP-190,LOC-017,WH-Q-BIN-58,211.0,20.0,189.58,2026-04-24,,false
SKU-00059,Wooden Pallet Std,MEDICAL,SUP-164,LOC-004,WH-D-BIN-59,444.0,30.0,255.48,2026-02-19,,false
SKU-00060,Steel Shelving Unit,RAW_MATERIALS,SUP-073,LOC-011,WH-K-BIN-60,439.0,10.0,503.04,2026-01-14,,false
SKU-00061,,CHEMICALS,SUP-088,LOC-012,WH-L-BIN-61,244.0,40.0,25.86,2026-02-28,,false
SKU-00062,,ELECTRONICS,SUP-122,LOC-002,WH-B-BIN-62,10.0,0,299.88,2026-05-03,,false
SKU-00063,Epoxy Resin 1L,FOOD_DRY,SUP-006,LOC-001,WH-A-BIN-63,268.0,10.0,139.33,2026-03-28,2027-03-24,false
SKU-00064,Chain Block 1T,FOOD_COLD,SUP-045,LOC-019,WH-S-BIN-64,9.0,10.0,359.34,2026-05-24,,false
SKU-00065,Temperature Logger,PACKAGING,SUP-014,LOC-009,WH-I-BIN-65,207.0,20.0,501.93,2026-04-03,,false
SKU-00066,Anti-Slip Tape Roll,MACHINERY_PARTS,SUP-128,LOC-004,WH-D-BIN-66,167.0,25.0,257.93,2026-01-10,,false
SKU-00067,Welding Rod 3.2mm,PPE,SUP-079,Warehouse M,WH-M-BIN-67,408.0,15.0,351.34,2026-05-17,,false
SKU-00069,First Aid Refill,MEDICAL,SUP-040,LOC-005,WH-E-BIN-69,5.0,10.0,235.47,2026-01-30,2027-02-25,false
SKU-00070,Racking Beam 2.4m,RAW_MATERIALS,SUP-011,LOC-013,WH-M-BIN-70,102.0,25.0,763.26,2026-01-01,2026-08-26,false
SKU-00071,Stretch Hood Film,CHEMICALS,SUP-186,LOC-004,WH-D-BIN-71,282.0,20.0,362.23,2026-04-27,2027-02-21,false
SKU-00072,Load Cell 500kg,ELECTRONICS,SUP-009,Warehouse L,WH-L-BIN-72,313.0,10.0,588.34,2026-03-30,2026-09-24,false
SKU-00073,Dock Bumpers Pair,FOOD_DRY,SUP-185,LOC-013,WH-M-BIN-73,3.0,11.0,2.85,2026-03-29,,false
SKU-00074,,FOOD_COLD,SUP-102,LOC-002,WH-B-BIN-74,218.0,30.0,614.91,2026-04-01,2027-07-30,false
SKU-00075,Battery Charger 24V,PACKAGING,SUP-134,LOC-018,WH-R-BIN-75,159.0,20.0,201.54,2026-04-19,2027-02-14,false
SKU-00076,Mesh Security Cage,MACHINERY_PARTS,SUP-027,LOC-003,WH-C-BIN-76,33.0,40.0,542.57,2026-06-17,,false
SKU-00078,Pallet Strap Tool,CLEANING,SUP-126,LOC-013,WH-M-BIN-78,2.0,25.0,330.71,2026-04-24,,false
SKU-00079,Coolant Concentrate,MEDICAL,SUP-025,Warehouse F,WH-F-BIN-79,8.0,20.0,379.28,2026-05-11,2027-02-03,false
SKU-00080,Wheel Chock Rubber,RAW_MATERIALS,SUP-105,LOC-019,WH-S-BIN-80,192.0,10.0,66.33,2026-04-17,,false
SKU-00081,Steel Bolt M8,CHEMICALS,SUP-070,LOC-007,WH-G-BIN-01,14.0,15.0,175.16,2026-01-01,2026-12-19,true
SKU-00082,Hydraulic Hose 2in,ELECTRONICS,SUP-118,LOC-015,WH-O-BIN-02,8.0,15.0,745.08,2026-01-24,,false
SKU-00083,Industrial Solvent 5L,FOOD_DRY,SUP-130,LOC-011,WH-K-BIN-03,118.0,0,235.86,2026-02-07,,false
SKU-00085,Safety Gloves L,PACKAGING,SUP-125,LOC-003,WH-C-BIN-05,220.0,0.0,377.99,2026-02-10,,false
SKU-00087,Shrink Wrap Film Roll,PPE,SUP-196,LOC-017,WH-Q-BIN-07,3.0,30.0,28.40,2026-03-28,,false
SKU-00088,Label Printer Ribbon,CLEANING,SUP-176,LOC-006,WH-F-BIN-08,97.0,30.0,292.56,2026-05-14,,false
SKU-00090,LED Warehouse Light,RAW_MATERIALS,SUP-127,wh_o,WH-O-BIN-10,42.0,20.0,641.91,2026-03-16,,false
SKU-00091,Nitrile Gloves Box,CHEMICALS,SUP-162,LOC-008,WH-H-BIN-11,155.0,15.0,320.50,2026-04-22,,false
SKU-00092,Pallet Jack Wheel,ELECTRONICS,SUP-029,LOC-009,WH-I-BIN-12,106.0,40.0,595.37,2026-04-03,,false
SKU-00093,Barcode Scanner,FOOD_DRY,SUP-034,LOC-010,WH-J-BIN-13,319.0,25.0,457.50,2026-06-11,,false
SKU-00094,Fire Extinguisher 4kg,FOOD_COLD,SUP-031,LOC-005,WH-E-BIN-14,363.0,20.0,490.90,2026-06-17,,false
SKU-00095,PVC Pipe 50mm,PACKAGING,SUP-122,LOC-010,WH-J-BIN-15,10.0,40.0,686.13,2026-01-07,,false
SKU-00096,Rubber Gasket Set,MACHINERY_PARTS,SUP-068,LOC-012,WH-L-BIN-16,62.0,20.0,160.33,2026-02-26,2026-12-08,false
SKU-00097,Cable Tie Assorted,PPE,SUP-043,LOC-002,WH-B-BIN-17,358.0,0,28.24,2026-06-23,,false
SKU-00098,Dust Mask N95 Pack,CLEANING,SUP-083,Warehouse G,WH-G-BIN-18,418.0,25.0,654.38,2026-04-16,2027-03-13,false
SKU-00099,Wooden Pallet Std,MEDICAL,SUP-171,LOC-013,WH-M-BIN-19,415.0,20.0,318.98,2026-04-11,,false
SKU-00100,Steel Shelving Unit,RAW_MATERIALS,SUP-195,LOC-018,WH-R-BIN-20,19.0,20.0,729.31,2026-04-05,,false
SKU-00101,Hand Truck,CHEMICALS,SUP-188,LOC-013,WH-M-BIN-21,110.0,15.0,389.20,2026-06-07,,false
SKU-00102,Spill Kit 20L,ELECTRONICS,SUP-126,LOC-003,WH-C-BIN-22,12.0,30.0,138.75,2026-03-01,,false
SKU-00103,Epoxy Resin 1L,FOOD_DRY,SUP-149,LOC-006,WH-F-BIN-23,227.0,10.0,610.68,2026-05-23,,false
SKU-00104,,FOOD_COLD,SUP-037,LOC-020,WH-T-BIN-24,146.0,20.0,265.62,2026-02-23,2027-03-09,false
SKU-00105,Temperature Logger,PACKAGING,SUP-023,LOC-013,WH-M-BIN-25,227.0,25.0,129.58,2026-04-20,,false
SKU-00106,Anti-Slip Tape Roll,MACHINERY_PARTS,SUP-134,LOC-012,WH-L-BIN-26,286.0,0.0,349.93,2026-06-22,,false
SKU-00107,Welding Rod 3.2mm,PPE,SUP-150,LOC-016,WH-P-BIN-27,130.0,30.0,40.03,2026-05-05,,false
SKU-00108,Compressed Air Hose,CLEANING,SUP-121,LOC-007,WH-G-BIN-28,131.0,30.0,282.64,2026-01-14,,false
SKU-00109,First Aid Refill,MEDICAL,SUP-047,LOC-019,WH-S-BIN-29,219.0,0.0,516.27,2026-06-19,,false
SKU-00110,Racking Beam 2.4m,RAW_MATERIALS,SUP-006,LOC-018,WH-R-BIN-30,321.0,25.0,42.58,2026-06-13,,false
SKU-00111,Stretch Hood Film,CHEMICALS,SUP-037,LOC-006,WH-F-BIN-31,7.0,25.0,527.89,2026-06-21,,true
SKU-00112,Load Cell 500kg,ELECTRONICS,SUP-159,LOC-001,WH-A-BIN-32,306.0,15.0,71.42,2026-05-20,,false
SKU-00113,Dock Bumpers Pair,FOOD_DRY,SUP-056,LOC-004,WH-D-BIN-33,261.0,0.0,400.06,2026-01-31,,false
SKU-00114,Floor Marking Paint,FOOD_COLD,SUP-149,LOC-008,WH-H-BIN-34,7.0,15.0,563.30,2026-01-17,,false
SKU-00115,Battery Charger 24V,PACKAGING,SUP-147,LOC-009,WH-I-BIN-35,14.0,20.0,102.52,2026-04-23,,false
SKU-00116,Mesh Security Cage,MACHINERY_PARTS,SUP-102,LOC-008,WH-H-BIN-36,313.0,40.0,114.76,2026-04-07,,false
SKU-00117,Humidity Sensor Probe,PPE,SUP-174,LOC-001,WH-A-BIN-37,109.0,25.0,663.55,2026-01-20,2027-06-06,false
SKU-00118,Pallet Strap Tool,CLEANING,SUP-027,LOC-017,WH-Q-BIN-38,485.0,40.0,532.51,2026-06-19,,false
SKU-00119,Coolant Concentrate,MEDICAL,SUP-130,LOC-019,WH-S-BIN-39,1.0,18.0,186.44,2026-05-11,2026-11-09,false
SKU-00120,Wheel Chock Rubber,RAW_MATERIALS,SUP-038,LOC-015,WH-O-BIN-40,418.0,20.0,150.17,2026-03-25,,false
SKU-00121,Steel Bolt M8,CHEMICALS,SUP-067,LOC-020,WH-T-BIN-41,219.0,15.0,552.22,2026-02-22,,true
SKU-00122,Hydraulic Hose 2in,ELECTRONICS,SUP-027,LOC-005,WH-E-BIN-42,181.0,0.0,42.05,2026-06-01,2027-01-05,false
SKU-00124,Forklift Battery 24V,FOOD_COLD,SUP-049,LOC-019,WH-S-BIN-44,8.0,18.0,70.10,2026-01-06,,false
SKU-00126,,MACHINERY_PARTS,SUP-109,LOC-003,WH-C-BIN-46,299.0,10.0,238.35,2026-01-25,,false
SKU-00129,Dock Leveler Seal,MEDICAL,SUP-109,LOC-019,WH-S-BIN-49,436.0,25.0,760.40,2026-02-27,,false
SKU-00131,Nitrile Gloves Box,CHEMICALS,SUP-104,LOC-019,WH-S-BIN-51,400.0,25.0,54.43,2026-01-02,,true
SKU-00132,Pallet Jack Wheel,ELECTRONICS,SUP-055,LOC-003,WH-C-BIN-52,3.0,15.0,96.71,2026-06-03,2027-05-15,false
SKU-00134,Fire Extinguisher 4kg,FOOD_COLD,SUP-085,LOC-013,WH-M-BIN-54,14.0,20.0,347.24,2025-12-30,,false
SKU-00135,PVC Pipe 50mm,PACKAGING,SUP-088,LOC-017,WH-Q-BIN-55,52.0,0.0,590.46,2026-03-10,,false
SKU-00136,Rubber Gasket Set,MACHINERY_PARTS,SUP-091,LOC-012,WH-L-BIN-56,336.0,30.0,753.35,2026-01-24,,false
SKU-00138,Dust Mask N95 Pack,CLEANING,SUP-114,LOC-019,WH-S-BIN-58,51.0,25.0,221.24,2026-04-08,2027-02-04,false
SKU-00139,Wooden Pallet Std,MEDICAL,SUP-182,LOC-019,WH-S-BIN-59,426.0,30.0,678.34,2026-04-26,,false
SKU-00140,Steel Shelving Unit,RAW_MATERIALS,SUP-171,LOC-015,WH-O-BIN-60,397.0,10.0,203.05,2026-05-17,,false
SKU-00142,Spill Kit 20L,ELECTRONICS,SUP-108,LOC-004,WH-D-BIN-62,8.0,15.0,611.63,2026-04-17,,false
SKU-00143,Epoxy Resin 1L,FOOD_DRY,SUP-047,LOC-005,WH-E-BIN-63,70.0,15.0,106.69,2026-01-11,,false
SKU-00144,Chain Block 1T,FOOD_COLD,SUP-184,LOC-004,WH-D-BIN-64,322.0,0.0,75.93,2026-01-02,2027-04-14,false
SKU-00145,,PACKAGING,SUP-008,LOC-019,WH-S-BIN-65,151.0,15.0,82.55,2026-01-07,2027-01-09,false
SKU-00146,Anti-Slip Tape Roll,MACHINERY_PARTS,SUP-152,LOC-006,WH-F-BIN-66,296.0,20.0,13.76,2026-05-04,,false
SKU-00147,Welding Rod 3.2mm,PPE,SUP-044,LOC-008,WH-H-BIN-67,11.0,0,71.89,2026-05-01,2027-01-07,false
SKU-00148,Compressed Air Hose,CLEANING,SUP-167,LOC-011,WH-K-BIN-68,394.0,25.0,237.22,2026-04-29,,false
SKU-00149,First Aid Refill,MEDICAL,SUP-179,LOC-003,WH-C-BIN-69,59.0,25.0,773.08,2026-03-20,,false
SKU-00150,Racking Beam 2.4m,RAW_MATERIALS,SUP-051,LOC-008,WH-H-BIN-70,198.0,0.0,561.86,2026-04-20,,false
SKU-00151,Stretch Hood Film,CHEMICALS,SUP-063,Warehouse G,WH-G-BIN-71,344.0,40.0,260.27,2026-05-29,,false
SKU-00152,Load Cell 500kg,ELECTRONICS,SUP-140,LOC-014,WH-N-BIN-72,92.0,30.0,738.59,2026-05-22,2027-02-14,false
SKU-00153,Dock Bumpers Pair,FOOD_DRY,SUP-166,Warehouse S,WH-S-BIN-73,481.0,30.0,441.74,2026-06-15,,false
SKU-00154,Floor Marking Paint,FOOD_COLD,SUP-132,Warehouse F,WH-F-BIN-74,197.0,20.0,335.26,2026-01-01,,false
SKU-00155,Battery Charger 24V,PACKAGING,SUP-194,LOC-004,WH-D-BIN-75,359.0,30.0,342.92,2026-05-11,,false
SKU-00156,Mesh Security Cage,MACHINERY_PARTS,SUP-076,LOC-012,WH-L-BIN-76,10.0,30.0,584.26,2026-03-31,,false
SKU-00157,,PPE,SUP-052,LOC-004,WH-D-BIN-77,491.0,15.0,629.78,2026-03-11,,false
SKU-00158,Pallet Strap Tool,CLEANING,SUP-178,whse o,WH-O-BIN-78,454.0,20.0,344.62,2026-06-23,,false
SKU-00159,Coolant Concentrate,MEDICAL,SUP-070,LOC-011,WH-K-BIN-79,135.0,0,635.04,2026-04-26,2027-07-03,false
SKU-00160,Wheel Chock Rubber,RAW_MATERIALS,SUP-121,LOC-013,WH-M-BIN-80,85.0,10.0,5.24,2026-01-21,,false
SKU-00161,Steel Bolt M8,CHEMICALS,SUP-062,LOC-012,WH-L-BIN-01,8.0,26.0,476.66,2026-06-25,,false
SKU-00162,Hydraulic Hose 2in,ELECTRONICS,SUP-160,LOC-013,WH-M-BIN-02,7.0,24.0,683.53,2026-04-17,,false
SKU-00163,Industrial Solvent 5L,FOOD_DRY,SUP-142,Warehouse C,WH-C-BIN-03,106.0,25.0,516.60,2026-03-04,2026-09-18,false
SKU-00164,,FOOD_COLD,SUP-162,LOC-018,WH-R-BIN-04,180.0,25.0,309.33,2026-04-20,,false
SKU-00165,Safety Gloves L,PACKAGING,SUP-067,LOC-016,WH-P-BIN-05,474.0,10.0,511.27,2026-03-29,2026-10-07,false
SKU-00166,Conveyor Belt Patch,MACHINERY_PARTS,SUP-031,LOC-008,WH-H-BIN-06,191.0,25.0,670.67,2026-03-06,2027-02-11,false
SKU-00167,Shrink Wrap Film Roll,PPE,SUP-076,LOC-004,WH-D-BIN-07,139.0,40.0,744.55,2026-06-13,,false
SKU-00169,Dock Leveler Seal,MEDICAL,SUP-033,LOC-015,WH-O-BIN-09,213.0,0,353.13,2026-01-26,,false
SKU-00171,Nitrile Gloves Box,CHEMICALS,SUP-023,LOC-010,WH-J-BIN-11,86.0,20.0,51.32,2026-03-27,,true
SKU-00172,Pallet Jack Wheel,ELECTRONICS,SUP-174,Warehouse N,WH-N-BIN-12,48.0,40.0,259.06,2026-02-16,,false
SKU-00173,Barcode Scanner,FOOD_DRY,SUP-048,LOC-017,WH-Q-BIN-13,79.0,15.0,793.39,2026-02-21,2027-06-08,false
SKU-00174,,FOOD_COLD,SUP-056,LOC-017,WH-Q-BIN-14,460.0,0.0,429.55,2026-01-02,,false
SKU-00175,PVC Pipe 50mm,PACKAGING,SUP-159,LOC-012,WH-L-BIN-15,75.0,30.0,620.63,2026-03-13,,false
SKU-00176,Rubber Gasket Set,MACHINERY_PARTS,SUP-132,LOC-008,WH-H-BIN-16,282.0,20.0,526.70,2026-05-19,,false
SKU-00177,,PPE,SUP-086,LOC-005,WH-E-BIN-17,351.0,0,391.22,2026-03-13,,false
SKU-00178,Dust Mask N95 Pack,CLEANING,SUP-108,Warehouse G,WH-G-BIN-18,110.0,25.0,650.29,2026-03-06,2027-03-19,false
SKU-00179,Wooden Pallet Std,MEDICAL,SUP-055,LOC-012,WH-L-BIN-19,195.0,40.0,781.83,2026-01-21,,false
SKU-00180,Steel Shelving Unit,RAW_MATERIALS,SUP-095,LOC-009,WH-I-BIN-20,44.0,0.0,493.04,2026-02-17,,false
SKU-00181,Hand Truck,CHEMICALS,SUP-156,LOC-005,WH-E-BIN-21,295.0,20.0,50.79,2026-01-30,,false
SKU-00182,Spill Kit 20L,ELECTRONICS,SUP-134,LOC-005,WH-E-BIN-22,186.0,20.0,358.45,2026-05-04,,false
SKU-00183,Epoxy Resin 1L,FOOD_DRY,SUP-077,LOC-020,WH-T-BIN-23,63.0,15.0,96.73,2026-05-16,,false
SKU-00187,Welding Rod 3.2mm,PPE,SUP-119,Warehouse M,WH-M-BIN-27,3.0,27.0,289.86,2026-04-20,,false
SKU-00188,Compressed Air Hose,CLEANING,SUP-080,LOC-002,WH-B-BIN-28,418.0,0,554.04,2026-01-14,,false
SKU-00189,First Aid Refill,MEDICAL,SUP-006,LOC-015,WH-O-BIN-29,208.0,0,305.53,2026-04-27,,false
SKU-00190,Racking Beam 2.4m,RAW_MATERIALS,SUP-116,LOC-002,WH-B-BIN-30,357.0,0.0,486.91,2026-04-04,,false
SKU-00191,Stretch Hood Film,CHEMICALS,SUP-171,LOC-003,WH-C-BIN-31,20.0,40.0,525.16,2026-05-31,,false
SKU-00192,Load Cell 500kg,ELECTRONICS,SUP-006,LOC-010,WH-J-BIN-32,106.0,25.0,225.83,2026-03-13,,false
SKU-00193,Dock Bumpers Pair,FOOD_DRY,SUP-093,LOC-004,WH-D-BIN-33,41.0,0,51.91,2026-06-13,,false
SKU-00194,Floor Marking Paint,FOOD_COLD,SUP-040,LOC-017,WH-Q-BIN-34,19.0,30.0,72.26,2025-12-28,2027-01-04,false
SKU-00195,Battery Charger 24V,PACKAGING,SUP-159,LOC-007,WH-G-BIN-35,6.0,10.0,244.47,2026-04-21,2026-09-11,false
SKU-00196,Mesh Security Cage,MACHINERY_PARTS,SUP-046,LOC-015,WH-O-BIN-36,12.0,30.0,258.96,2026-04-25,,false
SKU-00198,Pallet Strap Tool,CLEANING,SUP-178,LOC-007,WH-G-BIN-38,34.0,30.0,396.64,2026-02-23,,false
SKU-00199,Coolant Concentrate,MEDICAL,SUP-081,LOC-010,WH-J-BIN-39,495.0,0,660.11,2026-04-27,,false
SKU-00200,Wheel Chock Rubber,RAW_MATERIALS,SUP-054,LOC-007,WH-G-BIN-40,145.0,0.0,447.37,2026-04-08,,false
SKU-00201,,CHEMICALS,SUP-088,LOC-014,WH-N-BIN-41,312.0,10.0,450.04,2026-06-12,2026-12-21,false
SKU-00202,Hydraulic Hose 2in,ELECTRONICS,SUP-023,LOC-010,WH-J-BIN-42,13.0,15.0,617.22,2026-04-21,2027-06-29,false
SKU-00203,Industrial Solvent 5L,FOOD_DRY,SUP-149,LOC-009,WH-I-BIN-43,123.0,10.0,195.98,2026-04-12,,false
SKU-00204,Forklift Battery 24V,FOOD_COLD,SUP-125,LOC-004,WH-D-BIN-44,267.0,40.0,157.17,2026-04-14,,false
SKU-00205,Safety Gloves L,PACKAGING,SUP-193,LOC-008,WH-H-BIN-45,30.0,40.0,654.61,2026-05-31,2027-07-29,false
SKU-00206,Conveyor Belt Patch,MACHINERY_PARTS,SUP-041,LOC-018,WH-R-BIN-46,430.0,10.0,532.79,2026-01-31,2027-03-05,false
SKU-00207,Shrink Wrap Film Roll,PPE,SUP-057,LOC-006,WH-F-BIN-47,290.0,10.0,508.54,2026-02-12,,false
SKU-00208,Label Printer Ribbon,CLEANING,SUP-173,LOC-004,WH-D-BIN-48,358.0,10.0,125.09,2026-04-26,2026-08-26,false
SKU-00209,,MEDICAL,SUP-143,LOC-018,WH-R-BIN-49,474.0,15.0,384.77,2026-06-24,,false
SKU-00210,LED Warehouse Light,RAW_MATERIALS,SUP-172,LOC-005,WH-E-BIN-50,202.0,0.0,193.34,2026-03-26,,false
SKU-00211,Nitrile Gloves Box,CHEMICALS,SUP-080,LOC-014,WH-N-BIN-51,3.0,20.0,545.92,2026-03-28,,true
SKU-00213,Barcode Scanner,FOOD_DRY,SUP-134,LOC-006,WH-F-BIN-53,147.0,25.0,314.93,2026-04-08,,false
SKU-00214,Fire Extinguisher 4kg,FOOD_COLD,SUP-170,LOC-001,WH-A-BIN-54,138.0,15.0,116.83,2026-04-29,,false
SKU-00215,PVC Pipe 50mm,PACKAGING,SUP-122,LOC-003,WH-C-BIN-55,196.0,40.0,10.00,2026-06-14,,false
SKU-00216,Rubber Gasket Set,MACHINERY_PARTS,SUP-165,LOC-020,WH-T-BIN-56,6.0,10.0,112.47,2026-03-21,,false
SKU-00217,Cable Tie Assorted,PPE,SUP-062,LOC-020,WH-T-BIN-57,194.0,30.0,626.20,2026-06-03,,false
SKU-00218,Dust Mask N95 Pack,CLEANING,SUP-099,LOC-001,WH-A-BIN-58,387.0,0.0,177.70,2026-02-12,,false
SKU-00219,Wooden Pallet Std,MEDICAL,SUP-114,LOC-006,WH-F-BIN-59,183.0,25.0,237.80,2026-01-05,,false
SKU-00220,Steel Shelving Unit,RAW_MATERIALS,SUP-046,LOC-002,WH-B-BIN-60,173.0,0,493.36,2026-05-13,,false
SKU-00221,Hand Truck,CHEMICALS,SUP-143,LOC-008,WH-H-BIN-61,300.0,20.0,147.57,2026-06-07,,true
SKU-00222,Spill Kit 20L,ELECTRONICS,SUP-163,LOC-004,WH-D-BIN-62,482.0,40.0,292.59,2026-04-07,,false
SKU-00224,Chain Block 1T,FOOD_COLD,SUP-141,LOC-010,WH-J-BIN-64,178.0,0.0,218.28,2026-03-24,2027-03-11,false
SKU-00225,Temperature Logger,PACKAGING,SUP-187,LOC-004,WH-D-BIN-65,373.0,0.0,13.11,2026-05-08,,false
SKU-00227,Welding Rod 3.2mm,PPE,SUP-185,LOC-004,WH-D-BIN-67,251.0,40.0,45.61,2026-03-29,,false
SKU-00229,,MEDICAL,SUP-136,LOC-020,WH-T-BIN-69,4.0,15.0,220.90,2026-06-12,2027-07-14,false
SKU-00230,Racking Beam 2.4m,RAW_MATERIALS,SUP-164,LOC-008,WH-H-BIN-70,87.0,25.0,727.46,2026-01-24,2026-10-10,false
SKU-00231,Stretch Hood Film,CHEMICALS,SUP-045,LOC-015,WH-O-BIN-71,194.0,30.0,794.86,2026-05-27,,true
SKU-00233,Dock Bumpers Pair,FOOD_DRY,SUP-165,Warehouse B,WH-B-BIN-73,272.0,10.0,741.71,2026-01-09,,false
SKU-00234,Floor Marking Paint,FOOD_COLD,SUP-054,LOC-007,WH-G-BIN-74,31.0,40.0,374.63,2026-03-08,2026-09-16,false
SKU-00235,Battery Charger 24V,PACKAGING,SUP-137,LOC-014,WH-N-BIN-75,29.0,30.0,335.48,2026-05-31,2026-12-19,false
SKU-00236,,MACHINERY_PARTS,SUP-055,LOC-007,WH-G-BIN-76,206.0,20.0,450.25,2026-01-13,,false
SKU-00237,Humidity Sensor Probe,PPE,SUP-095,LOC-020,WH-T-BIN-77,499.0,25.0,763.60,2026-01-23,2027-05-18,false
SKU-00238,Pallet Strap Tool,CLEANING,SUP-154,LOC-011,WH-K-BIN-78,318.0,10.0,700.10,2026-06-06,,false
SKU-00239,Coolant Concentrate,MEDICAL,SUP-128,LOC-010,WH-J-BIN-79,490.0,20.0,677.09,2026-03-02,,false
SKU-00240,Wheel Chock Rubber,RAW_MATERIALS,SUP-182,LOC-018,WH-R-BIN-80,109.0,0.0,235.11,2026-02-15,,false
SKU-00241,Steel Bolt M8,CHEMICALS,SUP-140,LOC-012,WH-L-BIN-01,485.0,25.0,335.32,2026-03-26,,false
SKU-00242,Hydraulic Hose 2in,ELECTRONICS,SUP-174,LOC-011,WH-K-BIN-02,268.0,25.0,449.47,2026-03-24,,false
SKU-00243,Industrial Solvent 5L,FOOD_DRY,SUP-102,LOC-002,WH-B-BIN-03,326.0,25.0,738.86,2026-03-31,,false
SKU-00244,Forklift Battery 24V,FOOD_COLD,SUP-026,LOC-003,WH-C-BIN-04,319.0,20.0,111.60,2026-04-02,,false
SKU-00245,Safety Gloves L,PACKAGING,SUP-129,LOC-014,WH-N-BIN-05,21.0,0,303.57,2026-01-20,2026-12-07,false
SKU-00247,Shrink Wrap Film Roll,PPE,SUP-012,LOC-012,WH-L-BIN-07,393.0,0,240.92,2026-03-16,,false
SKU-00248,Label Printer Ribbon,CLEANING,SUP-002,LOC-014,WH-N-BIN-08,341.0,40.0,626.20,2026-05-10,,false
SKU-00250,,RAW_MATERIALS,SUP-184,LOC-002,WH-B-BIN-10,72.0,20.0,265.53,2026-01-15,,false
SKU-00251,Nitrile Gloves Box,CHEMICALS,SUP-008,Warehouse F,WH-F-BIN-11,22.0,40.0,613.23,2026-04-29,2026-10-28,false
SKU-00252,,ELECTRONICS,SUP-149,LOC-006,WH-F-BIN-12,364.0,0.0,656.45,2026-05-22,,false
SKU-00253,Barcode Scanner,FOOD_DRY,SUP-097,LOC-016,WH-P-BIN-13,185.0,15.0,410.17,2026-04-19,2026-12-23,false
SKU-00254,Fire Extinguisher 4kg,FOOD_COLD,SUP-121,LOC-019,WH-S-BIN-14,66.0,40.0,478.70,2026-04-02,2027-07-05,false
SKU-00255,PVC Pipe 50mm,PACKAGING,SUP-095,LOC-009,WH-I-BIN-15,432.0,0.0,251.89,2026-01-15,2027-05-01,false
SKU-00256,Rubber Gasket Set,MACHINERY_PARTS,SUP-085,LOC-008,WH-H-BIN-16,462.0,30.0,502.60,2026-01-22,,false
SKU-00257,,PPE,SUP-193,LOC-020,WH-T-BIN-17,241.0,10.0,737.95,2026-01-11,2027-01-20,false
SKU-00258,,CLEANING,SUP-183,LOC-020,WH-T-BIN-18,16.0,0,258.71,2026-05-23,,false
SKU-00259,,MEDICAL,SUP-147,LOC-001,WH-A-BIN-19,50.0,40.0,242.94,2026-01-29,,false
SKU-00260,Steel Shelving Unit,RAW_MATERIALS,SUP-064,LOC-015,WH-O-BIN-20,5.0,29.0,169.54,2026-06-19,,false
SKU-00261,Hand Truck,CHEMICALS,SUP-139,LOC-019,WH-S-BIN-21,28.0,30.0,4.33,2026-01-04,2027-07-03,false
SKU-00262,,ELECTRONICS,SUP-155,LOC-011,WH-K-BIN-22,219.0,0.0,362.92,2026-01-10,2027-06-26,false
SKU-00263,,FOOD_DRY,SUP-016,LOC-009,WH-I-BIN-23,453.0,10.0,294.89,2026-02-12,,false
SKU-00264,Chain Block 1T,FOOD_COLD,SUP-068,LOC-007,WH-G-BIN-24,168.0,40.0,136.09,2026-06-21,,false
SKU-00265,,PACKAGING,SUP-042,Warehouse J,WH-J-BIN-25,366.0,10.0,73.66,2026-02-14,,false
SKU-00266,Anti-Slip Tape Roll,MACHINERY_PARTS,SUP-140,LOC-006,WH-F-BIN-26,494.0,40.0,457.08,2026-02-26,,false
SKU-00267,Welding Rod 3.2mm,PPE,SUP-114,LOC-018,WH-R-BIN-27,186.0,15.0,250.04,2026-04-01,,false
SKU-00268,Compressed Air Hose,CLEANING,SUP-156,LOC-004,WH-D-BIN-28,313.0,10.0,359.30,2026-02-26,,false
SKU-00269,First Aid Refill,MEDICAL,SUP-114,LOC-001,WH-A-BIN-29,421.0,0.0,304.50,2026-06-18,,false
SKU-00270,Racking Beam 2.4m,RAW_MATERIALS,SUP-024,LOC-013,WH-M-BIN-30,236.0,40.0,653.39,2026-05-13,2027-01-28,false
SKU-00272,Load Cell 500kg,ELECTRONICS,SUP-053,LOC-018,WH-R-BIN-32,454.0,25.0,628.29,2026-01-26,,false
SKU-00273,Dock Bumpers Pair,FOOD_DRY,SUP-138,LOC-012,WH-L-BIN-33,268.0,15.0,467.25,2026-05-23,2027-02-20,false
SKU-00274,Floor Marking Paint,FOOD_COLD,SUP-107,LOC-005,WH-E-BIN-34,449.0,0,312.15,2026-01-04,,false
SKU-00275,Battery Charger 24V,PACKAGING,SUP-154,LOC-009,WH-I-BIN-35,242.0,10.0,516.71,2026-02-18,,false
SKU-00276,Mesh Security Cage,MACHINERY_PARTS,SUP-032,LOC-014,WH-N-BIN-36,4.0,10.0,63.41,2026-05-21,,false
SKU-00277,Humidity Sensor Probe,PPE,SUP-160,LOC-001,WH-A-BIN-37,464.0,0.0,794.17,2026-03-19,,false
SKU-00278,Pallet Strap Tool,CLEANING,SUP-029,LOC-019,WH-S-BIN-38,419.0,20.0,481.52,2026-05-07,,false
SKU-00279,Coolant Concentrate,MEDICAL,SUP-089,Warehouse R,WH-R-BIN-39,358.0,40.0,454.54,2026-02-14,2027-01-25,false
SKU-00280,Wheel Chock Rubber,RAW_MATERIALS,SUP-152,LOC-009,WH-I-BIN-40,63.0,40.0,379.89,2026-02-10,,false
SKU-00282,,ELECTRONICS,SUP-144,LOC-004,WH-D-BIN-42,65.0,30.0,684.35,2026-01-02,,false
SKU-00283,,FOOD_DRY,SUP-031,LOC-003,WH-C-BIN-43,138.0,40.0,261.99,2026-01-05,,false
SKU-00285,Safety Gloves L,PACKAGING,SUP-025,Warehouse G,WH-G-BIN-45,3.0,20.0,354.85,2026-01-05,,false
SKU-00286,Conveyor Belt Patch,MACHINERY_PARTS,SUP-195,LOC-015,WH-O-BIN-46,8.0,29.0,198.06,2026-02-15,,false
SKU-00287,Shrink Wrap Film Roll,PPE,SUP-195,Warehouse P,WH-P-BIN-47,335.0,0.0,580.27,2026-05-07,,false
SKU-00288,Label Printer Ribbon,CLEANING,SUP-045,LOC-006,WH-F-BIN-48,45.0,40.0,146.48,2026-06-12,,false
SKU-00289,Dock Leveler Seal,MEDICAL,SUP-073,LOC-010,WH-J-BIN-49,170.0,30.0,689.50,2026-05-28,,false
SKU-00290,LED Warehouse Light,RAW_MATERIALS,SUP-126,LOC-020,WH-T-BIN-50,417.0,30.0,333.48,2026-04-21,,false
SKU-00291,,CHEMICALS,SUP-091,LOC-019,WH-S-BIN-51,77.0,0,777.97,2026-01-05,2026-12-21,false
SKU-00292,Pallet Jack Wheel,ELECTRONICS,SUP-152,Warehouse T,WH-T-BIN-52,27.0,10.0,150.73,2026-04-11,,false
SKU-00293,Barcode Scanner,FOOD_DRY,SUP-035,LOC-006,WH-F-BIN-53,2.0,20.0,432.26,2026-01-09,,false
SKU-00294,Fire Extinguisher 4kg,FOOD_COLD,SUP-161,LOC-008,WH-H-BIN-54,68.0,0.0,222.06,2026-04-21,,false
SKU-00295,PVC Pipe 50mm,PACKAGING,SUP-058,LOC-002,WH-B-BIN-55,449.0,10.0,460.03,2026-04-01,,false
SKU-00296,,MACHINERY_PARTS,SUP-128,LOC-003,WH-C-BIN-56,134.0,15.0,93.94,2026-03-13,,false
SKU-00297,Cable Tie Assorted,PPE,SUP-042,LOC-017,WH-Q-BIN-57,6.0,0,742.09,2026-02-21,,false
SKU-00298,Dust Mask N95 Pack,CLEANING,SUP-108,LOC-020,WH-T-BIN-58,208.0,30.0,66.90,2026-03-19,,false
SKU-00299,Wooden Pallet Std,MEDICAL,SUP-003,LOC-015,WH-O-BIN-59,47.0,40.0,756.12,2026-05-23,2026-10-04,false
SKU-00300,Steel Shelving Unit,RAW_MATERIALS,SUP-003,LOC-009,WH-I-BIN-60,449.0,25.0,229.01,2026-01-14,,false
SKU-00301,Hand Truck,CHEMICALS,SUP-171,LOC-011,WH-K-BIN-61,129.0,0.0,104.04,2025-12-29,,true
SKU-00302,Spill Kit 20L,ELECTRONICS,SUP-012,LOC-011,WH-K-BIN-62,16.0,40.0,739.36,2026-03-21,,false
SKU-00303,Epoxy Resin 1L,FOOD_DRY,SUP-177,LOC-018,WH-R-BIN-63,316.0,0.0,656.24,2026-06-04,,false
SKU-00304,Chain Block 1T,FOOD_COLD,SUP-074,LOC-017,WH-Q-BIN-64,319.0,30.0,218.72,2026-01-27,,false
SKU-00305,Temperature Logger,PACKAGING,SUP-189,LOC-009,WH-I-BIN-65,10.0,0,119.09,2026-06-11,,false
SKU-00306,Anti-Slip Tape Roll,MACHINERY_PARTS,SUP-126,LOC-010,WH-J-BIN-66,422.0,0,543.75,2026-03-03,,false
SKU-00307,Welding Rod 3.2mm,PPE,SUP-106,Warehouse L,WH-L-BIN-67,311.0,15.0,651.02,2026-04-03,2026-12-07,false
SKU-00308,,CLEANING,SUP-073,LOC-004,WH-D-BIN-68,152.0,20.0,291.76,2026-04-07,,false
SKU-00309,First Aid Refill,MEDICAL,SUP-018,LOC-017,WH-Q-BIN-69,169.0,0.0,563.24,2026-02-15,2026-10-02,false
SKU-00310,,RAW_MATERIALS,SUP-137,LOC-017,WH-Q-BIN-70,428.0,40.0,691.94,2026-02-02,,false
SKU-00311,,CHEMICALS,SUP-059,LOC-020,WH-T-BIN-71,148.0,10.0,236.41,2026-06-06,2027-05-07,true
SKU-00312,Load Cell 500kg,ELECTRONICS,SUP-026,LOC-020,WH-T-BIN-72,417.0,15.0,758.85,2026-03-30,,false
SKU-00313,Dock Bumpers Pair,FOOD_DRY,SUP-135,LOC-009,WH-I-BIN-73,335.0,0,716.58,2026-05-23,,false
SKU-00314,,FOOD_COLD,SUP-189,LOC-015,WH-O-BIN-74,205.0,10.0,94.24,2026-04-05,2026-12-04,false
SKU-00315,,PACKAGING,SUP-184,LOC-001,WH-A-BIN-75,456.0,15.0,80.16,2026-04-13,,false
SKU-00317,Humidity Sensor Probe,PPE,SUP-059,LOC-006,WH-F-BIN-77,458.0,0.0,239.42,2026-06-08,2027-03-10,false
SKU-00318,,CLEANING,SUP-124,LOC-020,WH-T-BIN-78,130.0,20.0,43.46,2026-03-08,2027-07-06,false
SKU-00319,Coolant Concentrate,MEDICAL,SUP-042,LOC-008,WH-H-BIN-79,325.0,15.0,531.91,2026-02-03,,false
SKU-00320,Wheel Chock Rubber,RAW_MATERIALS,SUP-117,LOC-016,WH-P-BIN-80,135.0,15.0,425.72,2026-02-10,2026-07-26,false
SKU-00321,Steel Bolt M8,CHEMICALS,SUP-164,LOC-007,WH-G-BIN-01,207.0,25.0,714.25,2026-05-11,,false
SKU-00322,Hydraulic Hose 2in,ELECTRONICS,SUP-041,LOC-008,WH-H-BIN-02,290.0,0,617.20,2026-03-23,,false
SKU-00323,Industrial Solvent 5L,FOOD_DRY,SUP-187,LOC-004,WH-D-BIN-03,305.0,10.0,452.01,2025-12-31,,false
SKU-00324,Forklift Battery 24V,FOOD_COLD,SUP-133,LOC-019,WH-S-BIN-04,8.0,40.0,639.61,2026-01-22,,false
SKU-00325,Safety Gloves L,PACKAGING,SUP-070,LOC-020,WH-T-BIN-05,14.0,15.0,449.11,2026-04-13,,false
SKU-00326,Conveyor Belt Patch,MACHINERY_PARTS,SUP-200,LOC-005,WH-E-BIN-06,21.0,40.0,734.75,2026-01-09,2027-06-27,false
SKU-00327,Shrink Wrap Film Roll,PPE,SUP-087,LOC-011,WH-K-BIN-07,435.0,15.0,542.40,2026-05-31,2027-05-10,false
SKU-00328,Label Printer Ribbon,CLEANING,SUP-114,Warehouse T,WH-T-BIN-08,1.0,15.0,697.61,2026-01-04,,false
SKU-00329,Dock Leveler Seal,MEDICAL,SUP-048,LOC-007,WH-G-BIN-09,95.0,20.0,776.97,2026-06-17,2027-06-11,false
SKU-00330,LED Warehouse Light,RAW_MATERIALS,SUP-157,LOC-001,WH-A-BIN-10,74.0,40.0,155.79,2026-05-22,2027-02-03,false
SKU-00331,Nitrile Gloves Box,CHEMICALS,SUP-166,LOC-010,WH-J-BIN-11,21.0,15.0,532.62,2026-05-13,,true
SKU-00332,Pallet Jack Wheel,ELECTRONICS,SUP-129,LOC-016,WH-P-BIN-12,449.0,0,96.83,2026-05-22,2027-03-31,false
SKU-00333,Barcode Scanner,FOOD_DRY,SUP-043,LOC-003,WH-C-BIN-13,273.0,20.0,471.27,2026-01-23,,false
SKU-00335,PVC Pipe 50mm,PACKAGING,SUP-078,LOC-005,WH-E-BIN-15,77.0,0,652.61,2026-05-11,,false
SKU-00336,Rubber Gasket Set,MACHINERY_PARTS,SUP-196,LOC-016,WH-P-BIN-16,163.0,15.0,142.83,2026-06-16,,false
SKU-00337,Cable Tie Assorted,PPE,SUP-099,LOC-015,WH-O-BIN-17,318.0,30.0,653.26,2026-02-07,2026-10-07,false
SKU-00338,Dust Mask N95 Pack,CLEANING,SUP-022,Warehouse G,WH-G-BIN-18,498.0,10.0,406.37,2026-03-26,,false
SKU-00339,Wooden Pallet Std,MEDICAL,SUP-110,LOC-004,WH-D-BIN-19,203.0,25.0,703.62,2026-06-13,2026-09-18,false
SKU-00340,,RAW_MATERIALS,SUP-096,LOC-002,WH-B-BIN-20,171.0,20.0,374.48,2026-03-18,,false
SKU-00342,Spill Kit 20L,ELECTRONICS,SUP-057,LOC-005,WH-E-BIN-22,8.0,10.0,21.55,2026-06-17,,false
SKU-00343,Epoxy Resin 1L,FOOD_DRY,SUP-056,Warehouse A,WH-A-BIN-23,460.0,25.0,689.03,2026-04-25,,false
SKU-00344,Chain Block 1T,FOOD_COLD,SUP-200,LOC-019,WH-S-BIN-24,349.0,25.0,638.77,2026-01-13,,false
SKU-00345,Temperature Logger,PACKAGING,SUP-191,LOC-003,WH-C-BIN-25,299.0,40.0,403.33,2026-03-18,,false
SKU-00346,Anti-Slip Tape Roll,MACHINERY_PARTS,SUP-013,LOC-008,WH-H-BIN-26,13.0,15.0,155.22,2026-05-07,2026-10-15,false
SKU-00348,Compressed Air Hose,CLEANING,SUP-029,LOC-011,WH-K-BIN-28,91.0,10.0,26.97,2026-05-04,,false
SKU-00349,First Aid Refill,MEDICAL,SUP-014,LOC-003,WH-C-BIN-29,8.0,15.0,308.11,2026-03-01,2026-08-13,false
SKU-00350,Racking Beam 2.4m,RAW_MATERIALS,SUP-143,LOC-010,WH-J-BIN-30,23.0,0,461.46,2026-04-03,2026-10-12,false
SKU-00351,,CHEMICALS,SUP-101,LOC-010,WH-J-BIN-31,438.0,20.0,396.46,2026-04-30,,false
SKU-00352,Load Cell 500kg,ELECTRONICS,SUP-155,LOC-014,WH-N-BIN-32,172.0,10.0,761.83,2026-06-12,,false
SKU-00353,Dock Bumpers Pair,FOOD_DRY,SUP-099,LOC-007,WH-G-BIN-33,135.0,20.0,682.87,2026-04-14,,false
SKU-00354,Floor Marking Paint,FOOD_COLD,SUP-053,LOC-006,WH-F-BIN-34,101.0,25.0,340.46,2026-03-19,,false
SKU-00355,Battery Charger 24V,PACKAGING,SUP-043,LOC-005,WH-E-BIN-35,486.0,25.0,395.42,2026-01-12,,false
SKU-00356,Mesh Security Cage,MACHINERY_PARTS,SUP-151,LOC-015,WH-O-BIN-36,162.0,10.0,269.60,2026-05-14,,false
SKU-00357,Humidity Sensor Probe,PPE,SUP-076,LOC-005,WH-E-BIN-37,3.0,40.0,625.82,2026-04-20,,false
SKU-00358,Pallet Strap Tool,CLEANING,SUP-094,LOC-005,WH-E-BIN-38,329.0,20.0,185.07,2026-06-04,2026-12-12,false
SKU-00359,Coolant Concentrate,MEDICAL,SUP-168,LOC-020,WH-T-BIN-39,40.0,25.0,498.65,2026-04-30,2027-04-13,false
SKU-00360,Wheel Chock Rubber,RAW_MATERIALS,SUP-028,LOC-003,WH-C-BIN-40,13.0,25.0,189.17,2026-02-01,,false
SKU-00361,Steel Bolt M8,CHEMICALS,SUP-095,LOC-020,WH-T-BIN-41,13.0,15.0,585.37,2026-01-02,,true
SKU-00362,Hydraulic Hose 2in,ELECTRONICS,SUP-066,LOC-006,WH-F-BIN-42,67.0,10.0,210.37,2026-01-13,,false
SKU-00364,,FOOD_COLD,SUP-181,LOC-002,WH-B-BIN-44,232.0,30.0,194.29,2026-02-11,2027-04-14,false
SKU-00365,Safety Gloves L,PACKAGING,SUP-091,LOC-012,WH-L-BIN-45,350.0,30.0,257.91,2026-01-14,2026-12-06,false
SKU-00366,,MACHINERY_PARTS,SUP-115,LOC-018,WH-R-BIN-46,411.0,20.0,618.01,2026-02-22,,false
SKU-00367,Shrink Wrap Film Roll,PPE,SUP-035,LOC-009,WH-I-BIN-47,395.0,0,519.09,2026-06-11,2027-05-19,false
SKU-00368,Label Printer Ribbon,CLEANING,SUP-055,LOC-010,WH-J-BIN-48,16.0,25.0,413.07,2026-01-27,,false
SKU-00369,Dock Leveler Seal,MEDICAL,SUP-173,LOC-016,WH-P-BIN-49,23.0,30.0,363.59,2026-01-12,,false
SKU-00370,,RAW_MATERIALS,SUP-124,LOC-014,WH-N-BIN-50,410.0,15.0,87.38,2026-02-10,2027-04-13,false
SKU-00371,Nitrile Gloves Box,CHEMICALS,SUP-140,LOC-001,WH-A-BIN-51,226.0,0.0,418.91,2026-01-24,,true
SKU-00372,Pallet Jack Wheel,ELECTRONICS,SUP-028,Warehouse D,WH-D-BIN-52,478.0,0,643.16,2026-03-12,2026-10-15,false
SKU-00373,Barcode Scanner,FOOD_DRY,SUP-019,LOC-016,WH-P-BIN-53,385.0,0,125.13,2026-03-31,,false
SKU-00374,Fire Extinguisher 4kg,FOOD_COLD,SUP-056,LOC-006,WH-F-BIN-54,1.0,25.0,583.09,2026-01-17,,false
SKU-00375,,PACKAGING,SUP-157,LOC-012,WH-L-BIN-55,5.0,40.0,448.47,2026-02-21,,false
SKU-00376,Rubber Gasket Set,MACHINERY_PARTS,SUP-116,LOC-012,WH-L-BIN-56,207.0,10.0,575.23,2026-03-21,2027-05-10,false
SKU-00377,Cable Tie Assorted,PPE,SUP-057,LOC-003,WH-C-BIN-57,19.0,40.0,327.07,2026-05-29,,false
SKU-00378,Dust Mask N95 Pack,CLEANING,SUP-124,LOC-020,WH-T-BIN-58,383.0,15.0,232.60,2026-01-08,,false
SKU-00379,Wooden Pallet Std,MEDICAL,SUP-055,LOC-002,WH-B-BIN-59,272.0,0,311.31,2026-04-30,,false
SKU-00380,Steel Shelving Unit,RAW_MATERIALS,SUP-182,LOC-005,WH-E-BIN-60,415.0,40.0,473.95,2026-06-15,,false
SKU-00381,Hand Truck,CHEMICALS,SUP-024,LOC-003,WH-C-BIN-61,59.0,25.0,600.84,2026-02-21,,true
SKU-00383,Epoxy Resin 1L,FOOD_DRY,SUP-068,LOC-017,WH-Q-BIN-63,446.0,25.0,381.92,2025-12-29,2027-03-21,false
SKU-00384,Chain Block 1T,FOOD_COLD,SUP-122,LOC-008,WH-H-BIN-64,7.0,15.0,636.13,2026-03-03,,false
SKU-00385,Temperature Logger,PACKAGING,SUP-157,LOC-012,WH-L-BIN-65,271.0,15.0,69.30,2026-06-21,,false
SKU-00386,Anti-Slip Tape Roll,MACHINERY_PARTS,SUP-164,LOC-013,WH-M-BIN-66,486.0,30.0,235.06,2026-06-25,,false
SKU-00387,,PPE,SUP-177,LOC-020,WH-T-BIN-67,7.0,25.0,541.12,2026-03-16,2027-06-13,false
SKU-00388,Compressed Air Hose,CLEANING,SUP-191,LOC-013,WH-M-BIN-68,56.0,0.0,4.58,2026-03-31,,false
SKU-00389,,MEDICAL,SUP-117,LOC-008,WH-H-BIN-69,23.0,10.0,81.99,2026-05-18,,false
SKU-00390,Racking Beam 2.4m,RAW_MATERIALS,SUP-034,LOC-005,WH-E-BIN-70,26.0,40.0,176.11,2026-01-19,,false
SKU-00391,Stretch Hood Film,CHEMICALS,SUP-082,LOC-002,WH-B-BIN-71,452.0,10.0,609.57,2026-02-06,2026-09-03,false
SKU-00392,Load Cell 500kg,ELECTRONICS,SUP-145,LOC-013,WH-M-BIN-72,424.0,15.0,6.14,2026-03-20,,false
SKU-00393,Dock Bumpers Pair,FOOD_DRY,SUP-112,LOC-015,WH-O-BIN-73,285.0,30.0,33.65,2026-05-28,,false
SKU-00394,Floor Marking Paint,FOOD_COLD,SUP-158,LOC-010,WH-J-BIN-74,14.0,20.0,447.80,2026-05-18,2026-10-25,false
SKU-00395,Battery Charger 24V,PACKAGING,SUP-029,LOC-012,WH-L-BIN-75,215.0,30.0,749.64,2026-02-16,2027-05-24,false
SKU-00396,Mesh Security Cage,MACHINERY_PARTS,SUP-032,LOC-013,WH-M-BIN-76,3.0,25.0,388.78,2026-05-17,,false
SKU-00397,Humidity Sensor Probe,PPE,SUP-065,LOC-011,WH-K-BIN-77,174.0,0.0,254.28,2026-06-16,,false
SKU-00398,,CLEANING,SUP-181,Warehouse F,WH-F-BIN-78,492.0,20.0,68.74,2026-02-13,,false
SKU-00399,Coolant Concentrate,MEDICAL,SUP-084,LOC-005,WH-E-BIN-79,429.0,0.0,266.41,2026-02-26,,false
SKU-00400,Wheel Chock Rubber,RAW_MATERIALS,SUP-159,LOC-012,WH-L-BIN-80,3.0,19.0,521.38,2026-05-21,2026-12-01,false
SKU-00401,Steel Bolt M8,CHEMICALS,SUP-056,Warehouse N,WH-N-BIN-01,2.0,15.0,504.23,2026-04-13,,false
SKU-00403,Industrial Solvent 5L,FOOD_DRY,SUP-040,LOC-007,WH-G-BIN-03,2.0,0,493.26,2026-01-13,,false
SKU-00404,Forklift Battery 24V,FOOD_COLD,SUP-004,Warehouse E,WH-E-BIN-04,74.0,15.0,341.40,2026-02-27,,false
SKU-00405,Safety Gloves L,PACKAGING,SUP-079,LOC-009,WH-I-BIN-05,17.0,30.0,444.60,2026-02-18,,false
SKU-00406,Conveyor Belt Patch,MACHINERY_PARTS,SUP-158,LOC-007,WH-G-BIN-06,42.0,10.0,490.49,2026-04-28,,false
SKU-00408,,CLEANING,SUP-099,Warehouse S,WH-S-BIN-08,220.0,25.0,350.72,2026-01-31,,false
SKU-00409,Dock Leveler Seal,MEDICAL,SUP-009,LOC-013,WH-M-BIN-09,100.0,40.0,679.50,2026-01-10,,false
SKU-00410,,RAW_MATERIALS,SUP-157,LOC-010,WH-J-BIN-10,55.0,30.0,207.10,2026-02-19,,false
SKU-00411,Nitrile Gloves Box,CHEMICALS,SUP-107,LOC-004,WH-D-BIN-11,440.0,20.0,207.11,2026-04-04,,false
SKU-00412,Pallet Jack Wheel,ELECTRONICS,SUP-188,LOC-009,WH-I-BIN-12,485.0,20.0,574.14,2026-05-26,,false
SKU-00413,Barcode Scanner,FOOD_DRY,SUP-177,LOC-008,WH-H-BIN-13,480.0,0,205.22,2026-02-26,2026-11-04,false
SKU-00414,Fire Extinguisher 4kg,FOOD_COLD,SUP-192,LOC-017,WH-Q-BIN-14,128.0,30.0,616.26,2026-05-19,2027-03-20,false
SKU-00415,PVC Pipe 50mm,PACKAGING,SUP-120,LOC-006,WH-F-BIN-15,213.0,0.0,605.44,2026-02-09,,false
SKU-00416,Rubber Gasket Set,MACHINERY_PARTS,SUP-033,LOC-010,WH-J-BIN-16,460.0,25.0,639.60,2026-03-08,,false
SKU-00417,Cable Tie Assorted,PPE,SUP-088,Warehouse J,WH-J-BIN-17,160.0,40.0,576.62,2026-05-17,2026-08-10,false
SKU-00419,,MEDICAL,SUP-099,LOC-008,WH-H-BIN-19,187.0,0,451.64,2026-03-26,,false
SKU-00420,Steel Shelving Unit,RAW_MATERIALS,SUP-142,LOC-007,WH-G-BIN-20,108.0,30.0,245.91,2026-04-01,2026-11-30,false
SKU-00421,Hand Truck,CHEMICALS,SUP-056,LOC-008,WH-H-BIN-21,218.0,20.0,788.71,2026-02-11,,false
SKU-00422,Spill Kit 20L,ELECTRONICS,SUP-094,LOC-014,WH-N-BIN-22,267.0,0.0,721.50,2026-05-18,,false
SKU-00423,Epoxy Resin 1L,FOOD_DRY,SUP-057,LOC-001,WH-A-BIN-23,378.0,0.0,2.58,2026-05-05,,false
SKU-00424,Chain Block 1T,FOOD_COLD,SUP-163,Warehouse H,WH-H-BIN-24,347.0,25.0,64.23,2026-03-24,,false
SKU-00425,Temperature Logger,PACKAGING,SUP-124,whse o,WH-O-BIN-25,70.0,10.0,93.93,2026-06-05,,false
SKU-00427,Welding Rod 3.2mm,PPE,SUP-028,LOC-017,WH-Q-BIN-27,214.0,40.0,196.19,2026-04-17,2027-01-23,false
SKU-00428,Compressed Air Hose,CLEANING,SUP-141,LOC-006,WH-F-BIN-28,77.0,10.0,578.49,2026-03-14,,false
SKU-00429,First Aid Refill,MEDICAL,SUP-010,LOC-011,WH-K-BIN-29,7.0,30.0,359.89,2026-01-13,,false
SKU-00430,Racking Beam 2.4m,RAW_MATERIALS,SUP-006,LOC-012,WH-L-BIN-30,474.0,20.0,603.06,2026-05-21,,false
SKU-00431,Stretch Hood Film,CHEMICALS,SUP-095,LOC-004,WH-D-BIN-31,39.0,10.0,663.91,2026-06-10,,true
SKU-00432,Load Cell 500kg,ELECTRONICS,SUP-068,LOC-019,WH-S-BIN-32,5.0,20.0,181.78,2026-06-22,,false
SKU-00433,Dock Bumpers Pair,FOOD_DRY,SUP-086,LOC-013,WH-M-BIN-33,309.0,25.0,331.63,2026-05-08,,false
SKU-00435,Battery Charger 24V,PACKAGING,SUP-045,LOC-017,WH-Q-BIN-35,6.0,25.0,648.26,2026-03-11,,false
SKU-00436,Mesh Security Cage,MACHINERY_PARTS,SUP-178,LOC-008,WH-H-BIN-36,16.0,0,368.12,2026-04-28,2026-08-26,false
SKU-00437,Humidity Sensor Probe,PPE,SUP-129,LOC-020,WH-T-BIN-37,456.0,0.0,64.56,2026-05-29,,false
SKU-00438,Pallet Strap Tool,CLEANING,SUP-048,LOC-009,WH-I-BIN-38,389.0,25.0,26.53,2026-03-21,2026-11-16,false
SKU-00439,Coolant Concentrate,MEDICAL,SUP-188,LOC-009,WH-I-BIN-39,7.0,25.0,163.02,2026-02-16,,false
SKU-00440,Wheel Chock Rubber,RAW_MATERIALS,SUP-106,LOC-003,WH-C-BIN-40,173.0,25.0,581.56,2026-04-06,2027-04-28,false
SKU-00442,Hydraulic Hose 2in,ELECTRONICS,SUP-137,LOC-012,WH-L-BIN-42,356.0,20.0,235.67,2026-03-31,2027-05-20,false
SKU-00443,Industrial Solvent 5L,FOOD_DRY,SUP-131,LOC-005,WH-E-BIN-43,267.0,0,268.32,2026-01-21,2026-12-29,false
SKU-00444,,FOOD_COLD,SUP-145,LOC-015,WH-O-BIN-44,321.0,30.0,273.21,2025-12-30,2026-12-20,false
SKU-00446,Conveyor Belt Patch,MACHINERY_PARTS,SUP-039,LOC-009,WH-I-BIN-46,5.0,10.0,489.65,2026-05-26,,false
SKU-00447,Shrink Wrap Film Roll,PPE,SUP-195,LOC-004,WH-D-BIN-47,448.0,0.0,640.57,2026-03-22,,false
SKU-00448,Label Printer Ribbon,CLEANING,SUP-145,LOC-007,WH-G-BIN-48,448.0,40.0,353.27,2026-01-18,,false
SKU-00449,Dock Leveler Seal,MEDICAL,SUP-098,LOC-018,WH-R-BIN-49,24.0,25.0,143.03,2026-05-01,,false
SKU-00450,LED Warehouse Light,RAW_MATERIALS,SUP-146,LOC-008,WH-H-BIN-50,430.0,20.0,668.36,2026-06-17,,false
SKU-00451,Nitrile Gloves Box,CHEMICALS,SUP-168,LOC-005,WH-E-BIN-51,397.0,20.0,688.80,2026-05-10,2027-01-13,false
SKU-00453,Barcode Scanner,FOOD_DRY,SUP-117,LOC-007,WH-G-BIN-53,441.0,0.0,86.20,2026-03-26,,false
SKU-00454,,FOOD_COLD,SUP-080,Warehouse F,WH-F-BIN-54,291.0,20.0,27.50,2026-04-30,,false
SKU-00455,PVC Pipe 50mm,PACKAGING,SUP-189,LOC-004,WH-D-BIN-55,6.0,0,534.29,2026-03-24,,false
SKU-00456,Rubber Gasket Set,MACHINERY_PARTS,SUP-051,LOC-018,WH-R-BIN-56,92.0,25.0,506.32,2026-05-25,,false
SKU-00457,Cable Tie Assorted,PPE,SUP-023,LOC-011,WH-K-BIN-57,239.0,20.0,443.45,2026-02-05,,false
SKU-00458,Dust Mask N95 Pack,CLEANING,SUP-018,LOC-016,WH-P-BIN-58,11.0,25.0,707.44,2026-05-01,,false
SKU-00460,,RAW_MATERIALS,SUP-175,LOC-017,WH-Q-BIN-60,62.0,30.0,627.20,2026-04-15,,false
SKU-00462,Spill Kit 20L,ELECTRONICS,SUP-085,LOC-006,WH-F-BIN-62,101.0,25.0,489.51,2026-04-15,,false
SKU-00463,Epoxy Resin 1L,FOOD_DRY,SUP-173,LOC-007,WH-G-BIN-63,123.0,0.0,614.26,2026-06-25,,false
SKU-00464,,FOOD_COLD,SUP-158,LOC-020,WH-T-BIN-64,497.0,0,529.65,2026-02-24,,false
SKU-00465,,PACKAGING,SUP-076,LOC-018,WH-R-BIN-65,361.0,15.0,84.11,2026-04-30,,false
SKU-00466,Anti-Slip Tape Roll,MACHINERY_PARTS,SUP-169,LOC-013,WH-M-BIN-66,23.0,25.0,689.33,2026-03-27,,false
SKU-00467,,PPE,SUP-099,LOC-002,WH-B-BIN-67,335.0,25.0,514.04,2026-02-06,,false
SKU-00468,Compressed Air Hose,CLEANING,SUP-189,LOC-011,WH-K-BIN-68,285.0,25.0,234.46,2026-03-10,,false
SKU-00469,First Aid Refill,MEDICAL,SUP-147,LOC-010,WH-J-BIN-69,2.0,15.0,605.91,2026-02-07,2027-02-06,false
SKU-00470,Racking Beam 2.4m,RAW_MATERIALS,SUP-080,LOC-011,WH-K-BIN-70,107.0,10.0,81.31,2026-06-15,,false
SKU-00471,Stretch Hood Film,CHEMICALS,SUP-184,LOC-013,WH-M-BIN-71,356.0,40.0,600.66,2026-03-13,,true
SKU-00472,,ELECTRONICS,SUP-176,LOC-008,WH-H-BIN-72,11.0,20.0,117.40,2026-01-08,,false
SKU-00474,,FOOD_COLD,SUP-103,LOC-012,WH-L-BIN-74,122.0,10.0,588.27,2026-04-25,2027-03-08,false
SKU-00475,Battery Charger 24V,PACKAGING,SUP-132,LOC-020,WH-T-BIN-75,60.0,25.0,232.73,2026-04-04,,false
SKU-00477,Humidity Sensor Probe,PPE,SUP-008,LOC-007,WH-G-BIN-77,257.0,10.0,652.27,2026-03-02,,false
SKU-00478,Pallet Strap Tool,CLEANING,SUP-121,LOC-016,WH-P-BIN-78,82.0,20.0,337.25,2026-03-29,,false
SKU-00479,Coolant Concentrate,MEDICAL,SUP-129,Warehouse D,WH-D-BIN-79,69.0,15.0,708.75,2026-04-30,2026-10-23,false
SKU-00480,Wheel Chock Rubber,RAW_MATERIALS,SUP-181,LOC-008,WH-H-BIN-80,15.0,25.0,371.74,2026-02-16,,false
SKU-00481,Steel Bolt M8,CHEMICALS,SUP-104,LOC-013,WH-M-BIN-01,48.0,0.0,20.54,2026-03-20,2027-01-14,false
SKU-00482,,ELECTRONICS,SUP-099,LOC-002,WH-B-BIN-02,348.0,30.0,570.05,2026-03-08,2027-01-26,false
SKU-00483,Industrial Solvent 5L,FOOD_DRY,SUP-013,LOC-003,WH-C-BIN-03,282.0,25.0,687.89,2026-05-03,,false
SKU-00485,Safety Gloves L,PACKAGING,SUP-128,LOC-009,WH-I-BIN-05,9.0,20.0,219.07,2026-01-04,2027-07-05,false
SKU-00486,Conveyor Belt Patch,MACHINERY_PARTS,SUP-051,LOC-009,WH-I-BIN-06,243.0,30.0,169.86,2026-01-27,,false
SKU-00487,Shrink Wrap Film Roll,PPE,SUP-013,LOC-013,WH-M-BIN-07,22.0,10.0,549.75,2026-06-24,,false
SKU-00489,Dock Leveler Seal,MEDICAL,SUP-100,LOC-004,WH-D-BIN-09,130.0,40.0,474.75,2026-01-03,,false
SKU-00490,LED Warehouse Light,RAW_MATERIALS,SUP-162,LOC-019,WH-S-BIN-10,94.0,40.0,405.75,2026-01-29,,false
SKU-00491,Nitrile Gloves Box,CHEMICALS,SUP-144,LOC-008,WH-H-BIN-11,8.0,29.0,267.31,2026-06-01,2027-02-22,false
SKU-00493,,FOOD_DRY,SUP-117,LOC-012,WH-L-BIN-13,17.0,0,345.97,2026-03-05,2027-04-18,false
SKU-00496,Rubber Gasket Set,MACHINERY_PARTS,SUP-034,LOC-014,WH-N-BIN-16,325.0,20.0,549.53,2026-01-19,,false
SKU-00497,Cable Tie Assorted,PPE,SUP-044,LOC-008,WH-H-BIN-17,74.0,30.0,324.16,2026-03-06,,false
SKU-00498,Dust Mask N95 Pack,CLEANING,SUP-192,Warehouse K,WH-K-BIN-18,269.0,10.0,68.59,2026-01-19,2026-11-08,false
SKU-00001,Hand Truck,CHEMICALS,SUP-062,LOC-004,WH-D-BIN-21,90.0,20.0,392.15,2026-03-08,,false
SKU-00003,Epoxy Resin 1L,FOOD_DRY,SUP-064,LOC-020,WH-T-BIN-23,236.0,25.0,702.76,2026-04-04,2027-04-17,false
SKU-00004,Chain Block 1T,FOOD_COLD,SUP-193,LOC-014,WH-N-BIN-24,340.0,25.0,477.72,2026-03-01,2026-11-12,false
SKU-00005,Temperature Logger,PACKAGING,SUP-121,Warehouse F,WH-F-BIN-25,412.0,10.0,157.05,2026-05-12,,false
SKU-00006,Anti-Slip Tape Roll,MACHINERY_PARTS,SUP-024,LOC-018,WH-R-BIN-26,397.0,0.0,188.95,2026-04-01,2026-09-26,false
SKU-00007,Welding Rod 3.2mm,PPE,SUP-049,LOC-001,WH-A-BIN-27,165.0,15.0,793.40,2026-03-11,,false
SKU-00008,Compressed Air Hose,CLEANING,SUP-113,LOC-017,WH-Q-BIN-28,248.0,20.0,343.46,2026-04-06,,false
SKU-00009,First Aid Refill,MEDICAL,SUP-182,LOC-010,WH-J-BIN-29,17.0,0,684.30,2026-02-20,,false
SKU-00010,Racking Beam 2.4m,RAW_MATERIALS,SUP-158,Warehouse G,WH-G-BIN-30,25.0,30.0,724.59,2026-02-15,2027-01-10,false
SKU-00011,Stretch Hood Film,CHEMICALS,SUP-126,LOC-018,WH-R-BIN-31,163.0,25.0,282.39,2026-05-01,,false
SKU-00012,Load Cell 500kg,ELECTRONICS,SUP-017,LOC-011,WH-K-BIN-32,178.0,15.0,45.00,2026-01-07,,false
SKU-00013,Dock Bumpers Pair,FOOD_DRY,SUP-083,LOC-014,WH-N-BIN-33,234.0,40.0,552.41,2026-04-30,,false
SKU-00014,Floor Marking Paint,FOOD_COLD,SUP-126,LOC-018,WH-R-BIN-34,156.0,0.0,64.41,2026-04-08,,false
SKU-00016,Mesh Security Cage,MACHINERY_PARTS,SUP-191,LOC-011,WH-K-BIN-36,348.0,15.0,737.87,2026-01-13,,false
SKU-00017,Humidity Sensor Probe,PPE,SUP-068,LOC-008,WH-H-BIN-37,7.0,0,661.95,2026-05-22,,false
SKU-00018,Pallet Strap Tool,CLEANING,SUP-187,LOC-020,WH-T-BIN-38,337.0,40.0,307.19,2026-03-10,,false
SKU-00021,Steel Bolt M8,CHEMICALS,SUP-162,LOC-016,WH-P-BIN-41,463.0,10.0,172.77,2026-03-21,,false
SKU-00022,Hydraulic Hose 2in,ELECTRONICS,SUP-117,LOC-016,WH-P-BIN-42,179.0,20.0,447.83,2026-05-05,2027-07-11,false
SKU-00024,Forklift Battery 24V,FOOD_COLD,SUP-192,LOC-004,WH-D-BIN-44,3.0,11.0,175.83,2026-04-16,,false
SKU-00025,,PACKAGING,SUP-160,LOC-002,WH-B-BIN-45,145.0,0,148.18,2026-01-01,,false
SKU-00026,,MACHINERY_PARTS,SUP-125,LOC-004,WH-D-BIN-46,371.0,15.0,170.51,2026-01-06,2026-08-22,false
SKU-00027,Shrink Wrap Film Roll,PPE,SUP-112,LOC-001,WH-A-BIN-47,222.0,25.0,78.96,2026-02-17,,false
SKU-00028,Label Printer Ribbon,CLEANING,SUP-122,LOC-009,WH-I-BIN-48,424.0,30.0,514.71,2026-02-26,,false
SKU-00029,,MEDICAL,SUP-141,Warehouse Q,WH-Q-BIN-49,175.0,30.0,564.22,2026-02-20,,false
SKU-00030,LED Warehouse Light,RAW_MATERIALS,SUP-188,LOC-020,WH-T-BIN-50,258.0,20.0,80.96,2026-01-23,,false
SKU-00031,,CHEMICALS,SUP-118,LOC-003,WH-C-BIN-51,451.0,30.0,45.22,2026-03-21,2027-06-04,false
SKU-00033,Barcode Scanner,FOOD_DRY,SUP-091,LOC-019,WH-S-BIN-53,30.0,10.0,684.88,2026-05-04,,false
SKU-00034,Fire Extinguisher 4kg,FOOD_COLD,SUP-196,LOC-005,WH-E-BIN-54,363.0,0,417.14,2026-03-09,,false
SKU-00035,PVC Pipe 50mm,PACKAGING,SUP-170,LOC-018,WH-R-BIN-55,312.0,30.0,184.72,2026-03-19,2026-08-05,false
SKU-00036,Rubber Gasket Set,MACHINERY_PARTS,SUP-016,LOC-011,WH-K-BIN-56,136.0,40.0,732.86,2026-04-20,,false
SKU-00037,Cable Tie Assorted,PPE,SUP-025,LOC-004,WH-D-BIN-57,15.0,20.0,300.39,2026-06-01,,false
SKU-00038,Dust Mask N95 Pack,CLEANING,SUP-056,LOC-008,WH-H-BIN-58,111.0,20.0,300.10,2026-03-06,,false
SKU-00039,Wooden Pallet Std,MEDICAL,SUP-064,LOC-002,WH-B-BIN-59,342.0,40.0,552.10,2026-06-18,,false
SKU-00040,Steel Shelving Unit,RAW_MATERIALS,SUP-070,LOC-018,WH-R-BIN-60,343.0,0,473.29,2026-06-12,2027-07-28,false
SKU-00041,,CHEMICALS,SUP-198,LOC-010,WH-J-BIN-61,125.0,20.0,356.49,2026-06-08,,true
SKU-00042,,ELECTRONICS,SUP-115,LOC-019,WH-S-BIN-62,271.0,25.0,752.15,2026-05-06,2027-06-16,false
SKU-00043,,FOOD_DRY,SUP-077,LOC-011,WH-K-BIN-63,184.0,0,577.56,2026-05-26,2026-12-16,false
SKU-00044,Chain Block 1T,FOOD_COLD,SUP-190,LOC-012,WH-L-BIN-64,498.0,15.0,154.55,2026-04-09,,false
SKU-00045,,PACKAGING,SUP-165,LOC-018,WH-R-BIN-65,464.0,30.0,197.53,2026-06-09,,false
SKU-00047,Welding Rod 3.2mm,PPE,SUP-134,LOC-002,WH-B-BIN-67,189.0,0,777.96,2026-06-18,2026-08-19,false
SKU-00049,,MEDICAL,SUP-174,Warehouse D,WH-D-BIN-69,36.0,25.0,148.29,2026-04-24,,false
SKU-00050,Racking Beam 2.4m,RAW_MATERIALS,SUP-186,LOC-016,WH-P-BIN-70,5.0,0,120.98,2026-06-09,,false
SKU-00051,Stretch Hood Film,CHEMICALS,SUP-161,LOC-010,WH-J-BIN-71,83.0,25.0,386.91,2026-03-17,,true
SKU-00052,Load Cell 500kg,ELECTRONICS,SUP-195,LOC-003,WH-C-BIN-72,421.0,0,741.79,2026-04-11,,false
SKU-00053,Dock Bumpers Pair,FOOD_DRY,SUP-165,LOC-005,WH-E-BIN-73,27.0,30.0,397.59,2026-04-18,2026-10-03,false
SKU-00054,Floor Marking Paint,FOOD_COLD,SUP-197,LOC-018,WH-R-BIN-74,61.0,0,722.53,2026-03-31,,false
SKU-00055,Battery Charger 24V,PACKAGING,SUP-188,LOC-001,WH-A-BIN-75,370.0,0,220.54,2026-06-10,2026-10-07,false
SKU-00056,Mesh Security Cage,MACHINERY_PARTS,SUP-151,Warehouse I,WH-I-BIN-76,14.0,25.0,779.11,2026-04-05,,false
SKU-00057,,PPE,SUP-157,Warehouse C,WH-C-BIN-77,3.0,25.0,388.42,2026-03-09,,false
SKU-00058,Pallet Strap Tool,CLEANING,SUP-177,LOC-011,WH-K-BIN-78,481.0,30.0,349.83,2026-05-02,,false
SKU-00059,Coolant Concentrate,MEDICAL,SUP-131,LOC-015,WH-O-BIN-79,376.0,20.0,541.52,2026-02-27,,false
SKU-00060,,RAW_MATERIALS,SUP-046,LOC-004,WH-D-BIN-80,314.0,10.0,683.71,2026-01-09,,false
SKU-00061,Steel Bolt M8,CHEMICALS,SUP-023,LOC-020,WH-T-BIN-01,214.0,25.0,533.35,2026-02-20,,false
SKU-00062,Hydraulic Hose 2in,ELECTRONICS,SUP-033,LOC-001,WH-A-BIN-02,351.0,0,589.77,2026-04-08,,false
SKU-00063,Industrial Solvent 5L,FOOD_DRY,SUP-047,LOC-011,WH-K-BIN-03,278.0,25.0,158.37,2025-12-28,,false
SKU-00064,,FOOD_COLD,SUP-057,LOC-001,WH-A-BIN-04,299.0,30.0,337.20,2026-04-13,,false
SKU-00065,Safety Gloves L,PACKAGING,SUP-088,LOC-014,WH-N-BIN-05,308.0,0.0,478.25,2026-01-08,,false
SKU-00066,Conveyor Belt Patch,MACHINERY_PARTS,SUP-107,LOC-018,WH-R-BIN-06,350.0,0,481.64,2026-02-15,,false
SKU-00067,Shrink Wrap Film Roll,PPE,SUP-179,LOC-016,WH-P-BIN-07,328.0,20.0,8.15,2026-01-28,,false
SKU-00068,Label Printer Ribbon,CLEANING,SUP-043,LOC-005,WH-E-BIN-08,303.0,25.0,377.71,2026-01-11,,false
SKU-00069,Dock Leveler Seal,MEDICAL,SUP-121,LOC-007,WH-G-BIN-09,210.0,20.0,393.91,2026-03-23,,false
SKU-00070,LED Warehouse Light,RAW_MATERIALS,SUP-084,LOC-010,WH-J-BIN-10,381.0,25.0,260.79,2026-06-24,,false
SKU-00071,,CHEMICALS,SUP-037,LOC-019,WH-S-BIN-11,402.0,20.0,16.42,2026-02-16,,true
SKU-00072,Pallet Jack Wheel,ELECTRONICS,SUP-039,LOC-005,WH-E-BIN-12,197.0,15.0,208.43,2026-05-21,,false
SKU-00073,Barcode Scanner,FOOD_DRY,SUP-108,LOC-006,WH-F-BIN-13,176.0,25.0,300.01,2026-06-25,,false
SKU-00074,Fire Extinguisher 4kg,FOOD_COLD,SUP-072,LOC-019,WH-S-BIN-14,483.0,0.0,774.22,2026-01-11,,false
SKU-00075,,PACKAGING,SUP-060,LOC-015,WH-O-BIN-15,166.0,10.0,338.67,2026-05-19,2027-02-28,false
SKU-00076,,MACHINERY_PARTS,SUP-126,LOC-009,WH-I-BIN-16,18.0,25.0,773.49,2026-06-10,2027-07-09,false
SKU-00077,Cable Tie Assorted,PPE,SUP-018,LOC-016,WH-P-BIN-17,45.0,10.0,618.48,2026-02-10,,false
SKU-00078,Dust Mask N95 Pack,CLEANING,SUP-070,LOC-014,WH-N-BIN-18,342.0,10.0,479.06,2026-03-18,,false
SKU-00079,Wooden Pallet Std,MEDICAL,SUP-123,LOC-020,WH-T-BIN-19,145.0,30.0,631.56,2026-04-29,,false
SKU-00080,Steel Shelving Unit,RAW_MATERIALS,SUP-197,LOC-020,WH-T-BIN-20,145.0,15.0,422.53,2026-03-08,,false
SKU-00081,Hand Truck,CHEMICALS,SUP-132,Warehouse R,WH-R-BIN-21,302.0,15.0,465.52,2026-02-10,,true
SKU-00082,Spill Kit 20L,ELECTRONICS,SUP-032,Warehouse Q,WH-Q-BIN-22,127.0,25.0,773.48,2026-05-30,,false
SKU-00083,Epoxy Resin 1L,FOOD_DRY,SUP-090,LOC-013,WH-M-BIN-23,400.0,15.0,393.94,2026-01-14,,false
SKU-00084,Chain Block 1T,FOOD_COLD,SUP-182,LOC-020,WH-T-BIN-24,335.0,40.0,393.41,2026-01-15,,false
SKU-00085,Temperature Logger,PACKAGING,SUP-035,LOC-012,WH-L-BIN-25,316.0,10.0,206.01,2026-01-24,2027-04-16,false
SKU-00086,Anti-Slip Tape Roll,MACHINERY_PARTS,SUP-008,LOC-013,WH-M-BIN-26,120.0,0,142.85,2026-01-19,,false
SKU-00087,Welding Rod 3.2mm,PPE,SUP-015,LOC-012,WH-L-BIN-27,222.0,30.0,125.10,2026-01-07,,false
SKU-00088,Compressed Air Hose,CLEANING,SUP-048,LOC-014,WH-N-BIN-28,65.0,30.0,353.41,2026-03-04,,false
SKU-00089,First Aid Refill,MEDICAL,SUP-106,LOC-018,WH-R-BIN-29,363.0,25.0,386.76,2026-02-09,,false
SKU-00090,Racking Beam 2.4m,RAW_MATERIALS,SUP-156,LOC-003,WH-C-BIN-30,203.0,10.0,726.09,2026-02-17,,false
SKU-00091,Stretch Hood Film,CHEMICALS,SUP-146,LOC-019,WH-S-BIN-31,4.0,15.0,225.94,2026-01-05,,false
SKU-00092,Load Cell 500kg,ELECTRONICS,SUP-036,Warehouse I,WH-I-BIN-32,8.0,25.0,787.17,2025-12-30,2026-12-16,false
SKU-00093,,FOOD_DRY,SUP-128,LOC-016,WH-P-BIN-33,219.0,15.0,220.45,2026-01-21,,false
SKU-00094,Floor Marking Paint,FOOD_COLD,SUP-158,LOC-004,WH-D-BIN-34,441.0,30.0,170.76,2026-01-28,,false
SKU-00095,,PACKAGING,SUP-006,LOC-010,WH-J-BIN-35,141.0,0,147.62,2026-02-26,,false
SKU-00097,Humidity Sensor Probe,PPE,SUP-141,Warehouse T,WH-T-BIN-37,263.0,20.0,529.10,2026-02-12,,false
SKU-00098,Pallet Strap Tool,CLEANING,SUP-009,LOC-011,WH-K-BIN-38,258.0,10.0,566.12,2026-04-28,,false
SKU-00099,Coolant Concentrate,MEDICAL,SUP-166,LOC-017,WH-Q-BIN-39,375.0,40.0,634.08,2026-06-19,,false
SKU-00100,Wheel Chock Rubber,RAW_MATERIALS,SUP-160,LOC-019,WH-S-BIN-40,321.0,0.0,344.13,2026-01-01,,false
SKU-00102,Hydraulic Hose 2in,ELECTRONICS,SUP-166,LOC-009,WH-I-BIN-42,468.0,0.0,552.69,2026-04-03,,false
SKU-00103,Industrial Solvent 5L,FOOD_DRY,SUP-069,LOC-003,WH-C-BIN-43,34.0,30.0,598.62,2026-03-29,,false
SKU-00104,Forklift Battery 24V,FOOD_COLD,SUP-125,Warehouse T,WH-T-BIN-44,159.0,20.0,636.29,2026-04-26,,false
SKU-00105,Safety Gloves L,PACKAGING,SUP-076,LOC-013,WH-M-BIN-45,309.0,30.0,390.88,2026-01-30,,false
SKU-00107,Shrink Wrap Film Roll,PPE,SUP-117,LOC-015,WH-O-BIN-47,96.0,15.0,247.37,2026-03-21,,false
SKU-00108,Label Printer Ribbon,CLEANING,SUP-194,LOC-003,WH-C-BIN-48,498.0,20.0,10.36,2026-02-18,,false
SKU-00109,Dock Leveler Seal,MEDICAL,SUP-035,LOC-001,WH-A-BIN-49,416.0,25.0,382.05,2026-03-10,,false
SKU-00111,,CHEMICALS,SUP-178,LOC-014,WH-N-BIN-51,144.0,30.0,717.90,2026-05-29,,true
SKU-00112,Pallet Jack Wheel,ELECTRONICS,SUP-142,LOC-008,WH-H-BIN-52,352.0,25.0,413.55,2026-06-07,2027-03-05,false
SKU-00113,Barcode Scanner,FOOD_DRY,SUP-195,LOC-005,WH-E-BIN-53,274.0,10.0,323.23,2026-01-18,2026-08-07,false
SKU-00114,Fire Extinguisher 4kg,FOOD_COLD,SUP-090,LOC-003,WH-C-BIN-54,291.0,20.0,455.57,2026-01-27,,false
SKU-00115,PVC Pipe 50mm,PACKAGING,SUP-037,LOC-006,WH-F-BIN-55,152.0,0.0,286.03,2026-03-06,,false
SKU-00116,Rubber Gasket Set,MACHINERY_PARTS,SUP-047,LOC-011,WH-K-BIN-56,112.0,0,778.12,2026-01-19,,false
SKU-00117,Cable Tie Assorted,PPE,SUP-072,LOC-010,WH-J-BIN-57,62.0,0.0,460.53,2026-01-09,2027-05-14,false
SKU-00119,Wooden Pallet Std,MEDICAL,SUP-145,LOC-013,WH-M-BIN-59,121.0,30.0,65.15,2026-03-06,2027-05-04,false
SKU-00120,Steel Shelving Unit,RAW_MATERIALS,SUP-084,LOC-019,WH-S-BIN-60,1.0,30.0,528.12,2026-03-06,,false
SKU-00121,Hand Truck,CHEMICALS,SUP-095,LOC-020,WH-T-BIN-61,28.0,40.0,168.52,2026-05-28,,false
SKU-00122,Spill Kit 20L,ELECTRONICS,SUP-036,LOC-003,WH-C-BIN-62,456.0,30.0,519.21,2026-06-09,2027-04-09,false
SKU-00123,Epoxy Resin 1L,FOOD_DRY,SUP-049,LOC-015,WH-O-BIN-63,371.0,10.0,184.90,2026-02-10,,false
SKU-00124,,FOOD_COLD,SUP-018,LOC-005,WH-E-BIN-64,180.0,20.0,799.35,2026-02-13,,false
SKU-00125,,PACKAGING,SUP-155,LOC-019,WH-S-BIN-65,317.0,0.0,318.43,2026-02-16,,false
SKU-00126,Anti-Slip Tape Roll,MACHINERY_PARTS,SUP-061,LOC-019,WH-S-BIN-66,419.0,10.0,47.01,2026-05-20,,false
SKU-00127,Welding Rod 3.2mm,PPE,SUP-129,LOC-003,WH-C-BIN-67,44.0,20.0,448.59,2026-05-08,,false
SKU-00128,Compressed Air Hose,CLEANING,SUP-147,LOC-004,WH-D-BIN-68,96.0,10.0,584.19,2026-03-27,2027-07-20,false
SKU-00129,First Aid Refill,MEDICAL,SUP-146,LOC-017,WH-Q-BIN-69,186.0,25.0,56.23,2026-04-17,,false
SKU-00130,,RAW_MATERIALS,SUP-004,LOC-009,WH-I-BIN-70,467.0,0,664.32,2026-03-27,,false
SKU-00131,Stretch Hood Film,CHEMICALS,SUP-118,LOC-010,WH-J-BIN-71,338.0,10.0,513.89,2026-06-12,,false
SKU-00132,,ELECTRONICS,SUP-065,LOC-012,WH-L-BIN-72,254.0,30.0,270.33,2026-03-20,,false
SKU-00134,Floor Marking Paint,FOOD_COLD,SUP-187,LOC-001,WH-A-BIN-74,446.0,10.0,799.42,2026-04-17,,false
SKU-00135,Battery Charger 24V,PACKAGING,SUP-028,LOC-013,WH-M-BIN-75,25.0,20.0,623.36,2026-04-30,2027-07-05,false
SKU-00137,,PPE,SUP-102,LOC-014,WH-N-BIN-77,211.0,40.0,46.13,2026-03-25,,false
SKU-00138,Pallet Strap Tool,CLEANING,SUP-090,LOC-001,WH-A-BIN-78,58.0,30.0,557.59,2026-03-08,,false
SKU-00139,Coolant Concentrate,MEDICAL,SUP-125,LOC-011,WH-K-BIN-79,476.0,30.0,382.08,2025-12-28,,false
SKU-00140,,RAW_MATERIALS,SUP-150,LOC-008,WH-H-BIN-80,494.0,10.0,182.15,2026-05-18,,false
SKU-00141,Steel Bolt M8,CHEMICALS,SUP-152,LOC-019,WH-S-BIN-01,380.0,10.0,67.95,2026-01-31,,false
SKU-00142,Hydraulic Hose 2in,ELECTRONICS,SUP-005,LOC-013,WH-M-BIN-02,15.0,30.0,625.82,2026-02-18,,false
SKU-00143,Industrial Solvent 5L,FOOD_DRY,SUP-196,LOC-003,WH-C-BIN-03,465.0,0.0,202.43,2026-01-10,,false
SKU-00144,Forklift Battery 24V,FOOD_COLD,SUP-044,LOC-008,WH-H-BIN-04,1.0,10.0,334.39,2026-01-04,2027-06-22,false
SKU-00145,Safety Gloves L,PACKAGING,SUP-061,LOC-005,WH-E-BIN-05,250.0,25.0,442.67,2026-04-30,,false
SKU-00146,Conveyor Belt Patch,MACHINERY_PARTS,SUP-002,LOC-008,WH-H-BIN-06,483.0,30.0,297.26,2026-05-15,2026-12-07,false
SKU-00147,Shrink Wrap Film Roll,PPE,SUP-126,LOC-008,WH-H-BIN-07,491.0,30.0,309.93,2026-05-06,2026-12-31,false
SKU-00148,,CLEANING,SUP-132,LOC-006,WH-F-BIN-08,155.0,25.0,334.64,2026-03-14,,false
SKU-00149,Dock Leveler Seal,MEDICAL,SUP-101,LOC-018,WH-R-BIN-09,409.0,25.0,766.83,2026-02-04,,false
SKU-00152,Pallet Jack Wheel,ELECTRONICS,SUP-143,LOC-012,WH-L-BIN-12,356.0,0,603.42,2026-02-06,,false
SKU-00153,Barcode Scanner,FOOD_DRY,SUP-084,LOC-004,WH-D-BIN-13,446.0,25.0,730.47,2026-04-06,,false
SKU-00155,PVC Pipe 50mm,PACKAGING,SUP-177,LOC-018,WH-R-BIN-15,432.0,0,87.02,2026-01-14,,false
SKU-00156,Rubber Gasket Set,MACHINERY_PARTS,SUP-124,LOC-002,WH-B-BIN-16,337.0,25.0,220.44,2026-05-29,,false
SKU-00157,Cable Tie Assorted,PPE,SUP-136,LOC-010,WH-J-BIN-17,466.0,30.0,606.64,2026-01-14,,false
SKU-00158,Dust Mask N95 Pack,CLEANING,SUP-076,LOC-004,WH-D-BIN-18,238.0,0,526.94,2026-03-30,,false
SKU-00160,Steel Shelving Unit,RAW_MATERIALS,SUP-024,LOC-015,WH-O-BIN-20,21.0,10.0,292.03,2026-05-20,,false
SKU-00161,Hand Truck,CHEMICALS,SUP-101,LOC-013,WH-M-BIN-21,294.0,25.0,627.45,2026-01-06,,true
SKU-00163,Epoxy Resin 1L,FOOD_DRY,SUP-128,LOC-016,WH-P-BIN-23,241.0,25.0,283.05,2026-01-23,,false
SKU-00165,Temperature Logger,PACKAGING,SUP-071,LOC-008,WH-H-BIN-25,492.0,20.0,83.62,2026-03-08,2027-05-09,false
SKU-00166,,MACHINERY_PARTS,SUP-048,LOC-006,WH-F-BIN-26,239.0,25.0,249.16,2026-01-11,,false
SKU-00167,Welding Rod 3.2mm,PPE,SUP-135,LOC-004,WH-D-BIN-27,25.0,40.0,439.84,2026-04-27,,false
SKU-00168,Compressed Air Hose,CLEANING,SUP-056,LOC-013,WH-M-BIN-28,191.0,40.0,601.99,2026-05-05,2027-02-02,false
SKU-00170,Racking Beam 2.4m,RAW_MATERIALS,SUP-022,LOC-012,WH-L-BIN-30,13.0,40.0,92.72,2026-05-29,,false
SKU-00171,Stretch Hood Film,CHEMICALS,SUP-002,LOC-015,WH-O-BIN-31,268.0,15.0,239.09,2026-03-01,,false
SKU-00172,Load Cell 500kg,ELECTRONICS,SUP-050,LOC-019,WH-S-BIN-32,107.0,25.0,711.33,2026-05-28,2027-06-08,false
SKU-00173,Dock Bumpers Pair,FOOD_DRY,SUP-196,LOC-016,WH-P-BIN-33,58.0,25.0,327.04,2026-05-15,,false
SKU-00174,Floor Marking Paint,FOOD_COLD,SUP-089,LOC-006,WH-F-BIN-34,299.0,30.0,791.35,2026-04-17,,false
SKU-00175,Battery Charger 24V,PACKAGING,SUP-031,LOC-007,WH-G-BIN-35,344.0,0,545.82,2026-02-19,,false
SKU-00176,Mesh Security Cage,MACHINERY_PARTS,SUP-004,LOC-010,WH-J-BIN-36,249.0,30.0,692.47,2026-05-07,,false
SKU-00177,Humidity Sensor Probe,PPE,SUP-123,LOC-020,WH-T-BIN-37,314.0,15.0,279.08,2026-03-30,2027-04-01,false
SKU-00178,Pallet Strap Tool,CLEANING,SUP-125,LOC-015,WH-O-BIN-38,312.0,30.0,406.42,2026-04-24,2026-09-27,false
SKU-00179,,MEDICAL,SUP-068,LOC-010,WH-J-BIN-39,188.0,15.0,478.66,2026-04-20,,false
SKU-00180,Wheel Chock Rubber,RAW_MATERIALS,SUP-081,LOC-011,WH-K-BIN-40,319.0,10.0,232.94,2026-03-23,,false
SKU-00181,Steel Bolt M8,CHEMICALS,SUP-132,LOC-005,WH-E-BIN-41,141.0,25.0,55.20,2026-03-08,,false
SKU-00182,Hydraulic Hose 2in,ELECTRONICS,SUP-172,LOC-003,WH-C-BIN-42,44.0,25.0,305.75,2026-01-21,,false
SKU-00183,Industrial Solvent 5L,FOOD_DRY,SUP-078,LOC-004,WH-D-BIN-43,186.0,20.0,768.37,2026-05-11,2027-07-13,false
SKU-00184,Forklift Battery 24V,FOOD_COLD,SUP-025,Warehouse A,WH-A-BIN-44,204.0,0.0,78.31,2026-03-06,,false
SKU-00185,Safety Gloves L,PACKAGING,SUP-098,LOC-004,WH-D-BIN-45,172.0,40.0,380.28,2026-05-08,,false
SKU-00186,Conveyor Belt Patch,MACHINERY_PARTS,SUP-109,LOC-016,WH-P-BIN-46,20.0,30.0,59.22,2026-02-20,2026-12-09,false
SKU-00188,Label Printer Ribbon,CLEANING,SUP-159,LOC-001,WH-A-BIN-48,269.0,10.0,83.50,2026-04-10,,false
SKU-00189,Dock Leveler Seal,MEDICAL,SUP-027,LOC-012,WH-L-BIN-49,318.0,0,686.01,2026-01-10,,false
SKU-00190,,RAW_MATERIALS,SUP-084,LOC-012,WH-L-BIN-50,416.0,0,171.72,2026-02-05,,false
SKU-00191,,CHEMICALS,SUP-120,LOC-002,WH-B-BIN-51,324.0,15.0,676.23,2026-02-13,,true
SKU-00194,Fire Extinguisher 4kg,FOOD_COLD,SUP-098,LOC-003,WH-C-BIN-54,296.0,0.0,113.66,2026-02-26,,false
SKU-00196,Rubber Gasket Set,MACHINERY_PARTS,SUP-153,LOC-001,WH-A-BIN-56,36.0,30.0,579.32,2026-03-19,,false
SKU-00197,Cable Tie Assorted,PPE,SUP-065,LOC-009,WH-I-BIN-57,21.0,20.0,303.37,2026-06-25,,false
SKU-00198,Dust Mask N95 Pack,CLEANING,SUP-092,LOC-009,WH-I-BIN-58,390.0,0,39.97,2026-06-04,,false
SKU-00199,Wooden Pallet Std,MEDICAL,SUP-123,Warehouse Q,WH-Q-BIN-59,3.0,15.0,659.66,2026-04-25,,false
SKU-00200,Steel Shelving Unit,RAW_MATERIALS,SUP-117,Warehouse E,WH-E-BIN-60,105.0,15.0,666.52,2026-01-20,,false
SKU-00202,Spill Kit 20L,ELECTRONICS,SUP-054,LOC-009,WH-I-BIN-62,489.0,0,266.90,2026-06-13,,false
SKU-00203,Epoxy Resin 1L,FOOD_DRY,SUP-119,LOC-009,WH-I-BIN-63,202.0,15.0,133.12,2026-01-08,,false
SKU-00204,Chain Block 1T,FOOD_COLD,SUP-067,LOC-012,WH-L-BIN-64,26.0,30.0,276.49,2026-05-03,,false
SKU-00205,Temperature Logger,PACKAGING,SUP-120,Warehouse S,WH-S-BIN-65,413.0,15.0,157.40,2026-01-08,,false
SKU-00206,Anti-Slip Tape Roll,MACHINERY_PARTS,SUP-158,LOC-012,WH-L-BIN-66,242.0,30.0,507.50,2026-06-10,,false
SKU-00207,Welding Rod 3.2mm,PPE,SUP-157,LOC-001,WH-A-BIN-67,338.0,30.0,706.22,2025-12-28,,false
SKU-00208,,CLEANING,SUP-023,Warehouse K,WH-K-BIN-68,355.0,20.0,234.19,2026-06-08,2027-02-09,false
SKU-00210,,RAW_MATERIALS,SUP-180,LOC-003,WH-C-BIN-70,242.0,0,41.41,2026-01-12,,false
SKU-00211,,CHEMICALS,SUP-179,LOC-006,WH-F-BIN-71,493.0,20.0,343.56,2026-06-15,,false
SKU-00214,,FOOD_COLD,SUP-043,LOC-006,WH-F-BIN-74,286.0,15.0,371.07,2026-01-19,,false
SKU-00215,Battery Charger 24V,PACKAGING,SUP-138,LOC-007,WH-G-BIN-75,325.0,40.0,295.09,2026-02-02,,false
SKU-00217,Humidity Sensor Probe,PPE,SUP-084,LOC-005,WH-E-BIN-77,348.0,10.0,259.02,2026-01-24,,false
SKU-00219,Coolant Concentrate,MEDICAL,SUP-118,LOC-015,WH-O-BIN-79,223.0,0,677.11,2026-02-14,2027-04-15,false
SKU-00220,Wheel Chock Rubber,RAW_MATERIALS,SUP-172,LOC-020,WH-T-BIN-80,243.0,20.0,327.46,2026-03-29,2027-04-03,false
SKU-00222,,ELECTRONICS,SUP-021,LOC-007,WH-G-BIN-02,9.0,0,197.82,2026-01-12,,false
SKU-00223,Industrial Solvent 5L,FOOD_DRY,SUP-127,LOC-017,WH-Q-BIN-03,422.0,0,628.56,2026-05-11,,false
SKU-00225,Safety Gloves L,PACKAGING,SUP-189,LOC-010,WH-J-BIN-05,129.0,30.0,541.37,2026-04-02,,false
SKU-00226,Conveyor Belt Patch,MACHINERY_PARTS,SUP-074,whse o,WH-O-BIN-06,279.0,0,495.51,2026-02-12,,false
SKU-00227,Shrink Wrap Film Roll,PPE,SUP-144,LOC-007,WH-G-BIN-07,85.0,0,230.51,2026-06-16,,false
SKU-00228,Label Printer Ribbon,CLEANING,SUP-050,LOC-020,WH-T-BIN-08,372.0,20.0,139.96,2026-06-09,,false
SKU-00229,Dock Leveler Seal,MEDICAL,SUP-017,LOC-012,WH-L-BIN-09,120.0,25.0,305.06,2026-06-20,,false
SKU-00230,,RAW_MATERIALS,SUP-137,LOC-014,WH-N-BIN-10,313.0,40.0,588.42,2026-05-18,,false
SKU-00231,Nitrile Gloves Box,CHEMICALS,SUP-121,LOC-009,WH-I-BIN-11,203.0,10.0,713.39,2026-06-21,,false
SKU-00232,Pallet Jack Wheel,ELECTRONICS,SUP-010,LOC-003,WH-C-BIN-12,129.0,0.0,131.54,2026-05-30,,false
SKU-00233,Barcode Scanner,FOOD_DRY,SUP-054,LOC-005,WH-E-BIN-13,193.0,30.0,688.41,2026-03-11,2026-09-13,false
SKU-00234,Fire Extinguisher 4kg,FOOD_COLD,SUP-132,LOC-020,WH-T-BIN-14,89.0,15.0,729.16,2026-05-31,,false
SKU-00235,PVC Pipe 50mm,PACKAGING,SUP-033,LOC-009,WH-I-BIN-15,229.0,15.0,331.14,2026-05-24,,false
SKU-00237,Cable Tie Assorted,PPE,SUP-082,LOC-009,WH-I-BIN-17,485.0,0,31.01,2026-04-04,,false
SKU-00238,,CLEANING,SUP-159,LOC-004,WH-D-BIN-18,270.0,25.0,441.26,2026-06-17,,false
SKU-00239,,MEDICAL,SUP-174,LOC-003,WH-C-BIN-19,347.0,10.0,168.03,2026-03-09,,false
SKU-00241,Hand Truck,CHEMICALS,SUP-051,LOC-006,WH-F-BIN-21,381.0,15.0,634.89,2026-03-11,2027-01-23,false
SKU-00242,Spill Kit 20L,ELECTRONICS,SUP-054,LOC-002,WH-B-BIN-22,387.0,15.0,565.15,2026-06-03,,false
SKU-00243,,FOOD_DRY,SUP-088,LOC-002,WH-B-BIN-23,62.0,25.0,563.16,2026-05-31,2026-11-05,false
SKU-00244,Chain Block 1T,FOOD_COLD,SUP-076,LOC-012,WH-L-BIN-24,193.0,20.0,751.55,2026-02-25,,false
SKU-00245,Temperature Logger,PACKAGING,SUP-164,LOC-014,WH-N-BIN-25,102.0,0.0,7.26,2026-05-10,,false
SKU-00246,Anti-Slip Tape Roll,MACHINERY_PARTS,SUP-085,LOC-007,WH-G-BIN-26,22.0,25.0,13.61,2026-01-20,,false
SKU-00247,Welding Rod 3.2mm,PPE,SUP-137,LOC-020,WH-T-BIN-27,280.0,25.0,299.72,2026-02-22,2027-07-31,false
SKU-00248,Compressed Air Hose,CLEANING,SUP-112,Warehouse R,WH-R-BIN-28,500.0,25.0,458.00,2026-02-01,,false
SKU-00249,First Aid Refill,MEDICAL,SUP-171,LOC-007,WH-G-BIN-29,75.0,30.0,100.42,2026-01-16,,false
SKU-00250,Racking Beam 2.4m,RAW_MATERIALS,SUP-075,LOC-019,WH-S-BIN-30,438.0,30.0,312.24,2026-05-12,,false
SKU-00252,Load Cell 500kg,ELECTRONICS,SUP-154,Warehouse C,WH-C-BIN-32,10.0,40.0,291.10,2026-05-28,,false
SKU-00253,Dock Bumpers Pair,FOOD_DRY,SUP-084,LOC-016,WH-P-BIN-33,409.0,30.0,170.17,2026-05-04,2027-03-14,false
SKU-00254,Floor Marking Paint,FOOD_COLD,SUP-043,LOC-007,WH-G-BIN-34,37.0,25.0,475.32,2026-03-15,,false
SKU-00256,Mesh Security Cage,MACHINERY_PARTS,SUP-111,Warehouse Q,WH-Q-BIN-36,474.0,0.0,296.44,2026-02-07,,false
SKU-00258,Pallet Strap Tool,CLEANING,SUP-023,LOC-003,WH-C-BIN-38,102.0,25.0,555.85,2026-03-27,2027-07-04,false
SKU-00259,Coolant Concentrate,MEDICAL,SUP-079,LOC-003,WH-C-BIN-39,335.0,40.0,630.07,2026-03-14,,false
SKU-00260,Wheel Chock Rubber,RAW_MATERIALS,SUP-176,LOC-012,WH-L-BIN-40,168.0,0.0,64.38,2026-03-30,,false
SKU-00261,,CHEMICALS,SUP-113,LOC-012,WH-L-BIN-41,53.0,25.0,544.90,2026-01-07,,false
SKU-00262,Hydraulic Hose 2in,ELECTRONICS,SUP-085,whse o,WH-O-BIN-42,21.0,30.0,463.42,2026-04-02,,false
SKU-00264,Forklift Battery 24V,FOOD_COLD,SUP-116,LOC-020,WH-T-BIN-44,116.0,30.0,240.92,2026-04-21,,false
SKU-00265,,PACKAGING,SUP-049,LOC-006,WH-F-BIN-45,154.0,10.0,135.32,2026-05-31,,false
SKU-00266,Conveyor Belt Patch,MACHINERY_PARTS,SUP-089,Warehouse F,WH-F-BIN-46,465.0,40.0,38.21,2026-05-21,,false
SKU-00268,Label Printer Ribbon,CLEANING,SUP-132,LOC-020,WH-T-BIN-48,5.0,10.0,698.50,2026-01-18,2027-05-16,false
SKU-00269,Dock Leveler Seal,MEDICAL,SUP-030,LOC-019,WH-S-BIN-49,83.0,20.0,84.85,2026-06-25,,false
SKU-00270,LED Warehouse Light,RAW_MATERIALS,SUP-016,LOC-012,WH-L-BIN-50,3.0,30.0,540.25,2026-02-23,,false
SKU-00271,Nitrile Gloves Box,CHEMICALS,SUP-184,LOC-009,WH-I-BIN-51,327.0,15.0,627.31,2026-04-21,,true
SKU-00272,Pallet Jack Wheel,ELECTRONICS,SUP-044,LOC-006,WH-F-BIN-52,230.0,0.0,110.25,2025-12-30,,false
SKU-00273,,FOOD_DRY,SUP-177,LOC-009,WH-I-BIN-53,378.0,15.0,229.73,2026-05-02,,false
SKU-00274,Fire Extinguisher 4kg,FOOD_COLD,SUP-186,LOC-020,WH-T-BIN-54,26.0,25.0,430.42,2026-06-04,2026-08-08,false
SKU-00275,PVC Pipe 50mm,PACKAGING,SUP-073,LOC-015,WH-O-BIN-55,342.0,0,191.36,2026-01-30,,false
SKU-00276,Rubber Gasket Set,MACHINERY_PARTS,SUP-136,LOC-013,WH-M-BIN-56,192.0,40.0,403.49,2026-05-11,2027-03-04,false
SKU-00277,,PPE,SUP-146,LOC-001,WH-A-BIN-57,300.0,10.0,627.11,2026-03-19,2026-12-30,false
SKU-00279,Wooden Pallet Std,MEDICAL,SUP-041,LOC-009,WH-I-BIN-59,412.0,0.0,485.14,2026-02-21,,false
SKU-00280,Steel Shelving Unit,RAW_MATERIALS,SUP-042,LOC-001,WH-A-BIN-60,331.0,10.0,14.21,2026-03-06,,false
SKU-00281,Hand Truck,CHEMICALS,SUP-092,LOC-008,WH-H-BIN-61,487.0,0.0,255.89,2026-06-06,2027-07-12,true
SKU-00283,Epoxy Resin 1L,FOOD_DRY,SUP-061,LOC-007,WH-G-BIN-63,6.0,10.0,192.92,2026-01-23,,false
SKU-00285,Temperature Logger,PACKAGING,SUP-100,LOC-018,WH-R-BIN-65,177.0,10.0,736.98,2026-02-05,2027-03-28,false
SKU-00286,Anti-Slip Tape Roll,MACHINERY_PARTS,SUP-047,LOC-015,WH-O-BIN-66,208.0,0,394.89,2026-06-16,2026-09-08,false
SKU-00287,,PPE,SUP-083,LOC-004,WH-D-BIN-67,142.0,15.0,270.66,2026-03-20,2026-10-29,false
SKU-00289,First Aid Refill,MEDICAL,SUP-114,LOC-009,WH-I-BIN-69,148.0,0.0,55.59,2026-04-26,,false
SKU-00290,Racking Beam 2.4m,RAW_MATERIALS,SUP-026,LOC-003,WH-C-BIN-70,66.0,20.0,488.93,2026-02-07,,false
SKU-00291,Stretch Hood Film,CHEMICALS,SUP-041,LOC-010,WH-J-BIN-71,231.0,15.0,243.50,2026-05-02,2027-01-30,true
SKU-00292,Load Cell 500kg,ELECTRONICS,SUP-008,LOC-020,WH-T-BIN-72,348.0,15.0,553.75,2026-05-26,,false
SKU-00293,Dock Bumpers Pair,FOOD_DRY,SUP-020,LOC-008,WH-H-BIN-73,440.0,0,687.38,2026-03-20,,false
SKU-00294,Floor Marking Paint,FOOD_COLD,SUP-128,LOC-014,WH-N-BIN-74,126.0,10.0,725.75,2026-05-06,,false
SKU-00295,Battery Charger 24V,PACKAGING,SUP-022,LOC-011,WH-K-BIN-75,495.0,40.0,604.38,2026-05-22,2027-04-15,false
SKU-00296,Mesh Security Cage,MACHINERY_PARTS,SUP-036,LOC-007,WH-G-BIN-76,371.0,20.0,528.64,2026-05-09,,false
SKU-00297,Humidity Sensor Probe,PPE,SUP-115,LOC-020,WH-T-BIN-77,333.0,0.0,570.20,2026-01-24,,false
SKU-00298,,CLEANING,SUP-091,LOC-014,WH-N-BIN-78,253.0,25.0,178.52,2026-05-11,2027-06-19,false
SKU-00301,Steel Bolt M8,CHEMICALS,SUP-175,LOC-001,WH-A-BIN-01,170.0,25.0,116.65,2025-12-30,,false
SKU-00302,Hydraulic Hose 2in,ELECTRONICS,SUP-083,LOC-003,WH-C-BIN-02,40.0,20.0,369.25,2026-05-04,,false
SKU-00304,Forklift Battery 24V,FOOD_COLD,SUP-004,LOC-011,WH-K-BIN-04,224.0,10.0,18.71,2026-05-08,,false
SKU-00305,Safety Gloves L,PACKAGING,SUP-147,LOC-009,WH-I-BIN-05,1.0,10.0,102.04,2026-01-22,,false
SKU-00306,Conveyor Belt Patch,MACHINERY_PARTS,SUP-052,Warehouse M,WH-M-BIN-06,495.0,0.0,239.48,2026-02-27,,false
SKU-00307,Shrink Wrap Film Roll,PPE,SUP-187,LOC-005,WH-E-BIN-07,115.0,10.0,757.38,2026-01-01,,false
SKU-00308,Label Printer Ribbon,CLEANING,SUP-073,Warehouse K,WH-K-BIN-08,218.0,15.0,755.62,2026-02-22,,false
SKU-00309,Dock Leveler Seal,MEDICAL,SUP-111,Warehouse T,WH-T-BIN-09,357.0,25.0,684.70,2026-05-09,,false
SKU-00310,LED Warehouse Light,RAW_MATERIALS,SUP-153,LOC-013,WH-M-BIN-10,229.0,30.0,553.35,2026-05-04,2026-09-09,false
SKU-00312,Pallet Jack Wheel,ELECTRONICS,SUP-158,LOC-016,WH-P-BIN-12,307.0,0,755.31,2026-02-05,,false
SKU-00313,Barcode Scanner,FOOD_DRY,SUP-025,LOC-005,WH-E-BIN-13,251.0,0.0,760.10,2026-01-06,2027-06-19,false
SKU-00314,Fire Extinguisher 4kg,FOOD_COLD,SUP-031,LOC-016,WH-P-BIN-14,310.0,30.0,483.13,2026-01-17,,false
SKU-00315,PVC Pipe 50mm,PACKAGING,SUP-139,LOC-004,WH-D-BIN-15,81.0,20.0,339.13,2026-05-25,,false
SKU-00316,Rubber Gasket Set,MACHINERY_PARTS,SUP-190,LOC-014,WH-N-BIN-16,427.0,10.0,758.94,2025-12-31,,false
SKU-00317,Cable Tie Assorted,PPE,SUP-102,Warehouse E,WH-E-BIN-17,439.0,10.0,672.86,2026-02-17,,false
SKU-00318,Dust Mask N95 Pack,CLEANING,SUP-145,LOC-015,WH-O-BIN-18,383.0,20.0,69.53,2026-06-23,,false
SKU-00319,Wooden Pallet Std,MEDICAL,SUP-098,LOC-019,WH-S-BIN-19,55.0,25.0,137.44,2026-05-08,,false
SKU-00321,Hand Truck,CHEMICALS,SUP-116,LOC-011,WH-K-BIN-21,18.0,30.0,637.89,2026-06-14,,false
SKU-00322,,ELECTRONICS,SUP-049,LOC-001,WH-A-BIN-22,436.0,10.0,599.26,2026-02-22,,false
SKU-00323,Epoxy Resin 1L,FOOD_DRY,SUP-021,LOC-003,WH-C-BIN-23,45.0,15.0,112.90,2026-04-27,2027-06-23,false
SKU-00324,,FOOD_COLD,SUP-161,LOC-017,WH-Q-BIN-24,205.0,0.0,666.25,2025-12-28,,false
SKU-00325,Temperature Logger,PACKAGING,SUP-178,LOC-004,WH-D-BIN-25,91.0,40.0,372.83,2026-05-19,2026-08-13,false
SKU-00326,Anti-Slip Tape Roll,MACHINERY_PARTS,SUP-012,LOC-007,WH-G-BIN-26,124.0,0.0,121.78,2026-04-29,2027-05-05,false
SKU-00327,Welding Rod 3.2mm,PPE,SUP-139,LOC-019,WH-S-BIN-27,365.0,30.0,765.93,2026-01-16,2026-09-25,false
SKU-00328,Compressed Air Hose,CLEANING,SUP-150,Warehouse T,WH-T-BIN-28,410.0,0,196.43,2026-01-07,,false
SKU-00329,First Aid Refill,MEDICAL,SUP-155,LOC-015,WH-O-BIN-29,244.0,15.0,784.26,2026-02-09,,false
SKU-00330,Racking Beam 2.4m,RAW_MATERIALS,SUP-063,LOC-006,WH-F-BIN-30,23.0,25.0,147.51,2026-01-25,,false
SKU-00331,Stretch Hood Film,CHEMICALS,SUP-195,LOC-013,WH-M-BIN-31,448.0,0.0,85.03,2026-04-21,,false
SKU-00332,Load Cell 500kg,ELECTRONICS,SUP-097,LOC-017,WH-Q-BIN-32,255.0,20.0,125.87,2026-06-20,2027-02-17,false
SKU-00335,Battery Charger 24V,PACKAGING,SUP-163,LOC-018,WH-R-BIN-35,434.0,20.0,470.91,2025-12-28,,false
SKU-00336,Mesh Security Cage,MACHINERY_PARTS,SUP-037,LOC-015,WH-O-BIN-36,108.0,10.0,52.24,2026-06-23,,false
SKU-00337,Humidity Sensor Probe,PPE,SUP-133,LOC-001,WH-A-BIN-37,141.0,20.0,799.74,2026-06-04,,false
SKU-00338,Pallet Strap Tool,CLEANING,SUP-181,LOC-019,WH-S-BIN-38,79.0,30.0,351.54,2026-03-12,2027-06-15,false
SKU-00339,Coolant Concentrate,MEDICAL,SUP-050,LOC-008,WH-H-BIN-39,340.0,10.0,602.93,2026-04-15,2027-03-15,false
SKU-00340,Wheel Chock Rubber,RAW_MATERIALS,SUP-087,Warehouse S,WH-S-BIN-40,464.0,10.0,353.93,2026-01-25,2026-10-21,false
SKU-00341,Steel Bolt M8,CHEMICALS,SUP-147,LOC-006,WH-F-BIN-41,474.0,30.0,417.03,2026-01-10,2027-07-22,true
SKU-00342,Hydraulic Hose 2in,ELECTRONICS,SUP-105,Warehouse D,WH-D-BIN-42,365.0,10.0,769.33,2026-05-11,2027-07-11,false
SKU-00343,Industrial Solvent 5L,FOOD_DRY,SUP-015,LOC-009,WH-I-BIN-43,399.0,30.0,691.56,2026-01-09,,false
SKU-00344,,FOOD_COLD,SUP-060,LOC-014,WH-N-BIN-44,143.0,15.0,783.19,2026-04-05,2026-08-02,false
SKU-00345,Safety Gloves L,PACKAGING,SUP-183,LOC-016,WH-P-BIN-45,16.0,0,741.91,2026-05-12,,false
SKU-00346,Conveyor Belt Patch,MACHINERY_PARTS,SUP-187,LOC-014,WH-N-BIN-46,327.0,0,104.65,2026-02-09,,false
SKU-00347,,PPE,SUP-135,LOC-007,WH-G-BIN-47,62.0,20.0,414.58,2026-05-26,2027-04-04,false
SKU-00349,Dock Leveler Seal,MEDICAL,SUP-183,LOC-009,WH-I-BIN-49,230.0,25.0,384.13,2026-05-08,,false
SKU-00350,LED Warehouse Light,RAW_MATERIALS,SUP-176,LOC-006,WH-F-BIN-50,50.0,30.0,710.12,2026-01-22,2026-08-25,false
SKU-00351,Nitrile Gloves Box,CHEMICALS,SUP-087,LOC-004,WH-D-BIN-51,415.0,0,689.92,2026-01-01,,true
SKU-00353,,FOOD_DRY,SUP-135,Warehouse L,WH-L-BIN-53,488.0,10.0,76.81,2026-03-19,,false
SKU-00354,Fire Extinguisher 4kg,FOOD_COLD,SUP-034,LOC-002,WH-B-BIN-54,412.0,15.0,507.81,2026-01-25,2027-01-14,false
SKU-00355,PVC Pipe 50mm,PACKAGING,SUP-131,Warehouse M,WH-M-BIN-55,281.0,15.0,769.55,2026-02-08,2026-12-11,false
SKU-00356,Rubber Gasket Set,MACHINERY_PARTS,SUP-036,LOC-004,WH-D-BIN-56,144.0,40.0,320.49,2026-03-20,2026-09-05,false
SKU-00357,Cable Tie Assorted,PPE,SUP-013,LOC-013,WH-M-BIN-57,9.0,15.0,371.60,2026-01-14,,false
SKU-00358,Dust Mask N95 Pack,CLEANING,SUP-143,LOC-018,WH-R-BIN-58,465.0,0,632.71,2026-06-03,,false
SKU-00359,Wooden Pallet Std,MEDICAL,SUP-020,LOC-018,WH-R-BIN-59,335.0,0,185.18,2026-02-18,2027-04-24,false
SKU-00360,Steel Shelving Unit,RAW_MATERIALS,SUP-192,LOC-015,WH-O-BIN-60,198.0,10.0,205.90,2026-04-27,2027-07-27,false
SKU-00361,Hand Truck,CHEMICALS,SUP-161,LOC-001,WH-A-BIN-61,68.0,30.0,174.03,2026-06-05,2026-09-12,false
SKU-00362,Spill Kit 20L,ELECTRONICS,SUP-045,LOC-017,WH-Q-BIN-62,342.0,20.0,590.90,2026-06-20,2026-12-27,false
SKU-00363,Epoxy Resin 1L,FOOD_DRY,SUP-195,LOC-009,WH-I-BIN-63,178.0,0,502.17,2026-04-11,,false
SKU-00364,Chain Block 1T,FOOD_COLD,SUP-084,LOC-005,WH-E-BIN-64,231.0,30.0,669.44,2026-06-21,,false
SKU-00365,Temperature Logger,PACKAGING,SUP-024,LOC-001,WH-A-BIN-65,251.0,30.0,289.04,2026-06-10,2026-12-14,false
SKU-00366,Anti-Slip Tape Roll,MACHINERY_PARTS,SUP-027,LOC-009,WH-I-BIN-66,3.0,30.0,173.15,2026-03-04,2026-08-17,false
SKU-00370,Racking Beam 2.4m,RAW_MATERIALS,SUP-100,LOC-004,WH-D-BIN-70,390.0,40.0,684.13,2026-04-07,,false
SKU-00371,Stretch Hood Film,CHEMICALS,SUP-173,LOC-018,WH-R-BIN-71,427.0,15.0,418.72,2026-05-24,2027-05-28,false
SKU-00372,Load Cell 500kg,ELECTRONICS,SUP-019,LOC-017,WH-Q-BIN-72,74.0,30.0,484.29,2026-04-29,,false
SKU-00373,Dock Bumpers Pair,FOOD_DRY,SUP-066,LOC-009,WH-I-BIN-73,48.0,20.0,680.81,2026-04-07,,false
SKU-00375,Battery Charger 24V,PACKAGING,SUP-044,LOC-015,WH-O-BIN-75,424.0,0,683.06,2026-01-10,,false
SKU-00376,Mesh Security Cage,MACHINERY_PARTS,SUP-040,LOC-013,WH-M-BIN-76,382.0,10.0,760.37,2026-04-17,2026-07-29,false
SKU-00378,Pallet Strap Tool,CLEANING,SUP-029,LOC-010,WH-J-BIN-78,396.0,25.0,56.48,2026-01-17,,false
SKU-00379,Coolant Concentrate,MEDICAL,SUP-017,LOC-001,WH-A-BIN-79,54.0,25.0,659.42,2026-03-21,,false
SKU-00380,Wheel Chock Rubber,RAW_MATERIALS,SUP-113,LOC-008,WH-H-BIN-80,71.0,15.0,629.77,2026-01-29,,false
SKU-00381,,CHEMICALS,SUP-089,LOC-007,WH-G-BIN-01,148.0,30.0,524.86,2026-04-08,,false
SKU-00382,Hydraulic Hose 2in,ELECTRONICS,SUP-178,LOC-012,WH-L-BIN-02,65.0,25.0,665.70,2026-04-05,,false
SKU-00383,Industrial Solvent 5L,FOOD_DRY,SUP-089,LOC-013,WH-M-BIN-03,458.0,0,545.11,2026-04-06,,false
SKU-00384,Forklift Battery 24V,FOOD_COLD,SUP-100,LOC-013,WH-M-BIN-04,15.0,25.0,755.78,2026-06-04,,false
SKU-00385,Safety Gloves L,PACKAGING,SUP-036,LOC-004,WH-D-BIN-05,499.0,10.0,526.39,2025-12-30,2027-07-13,false
SKU-00386,Conveyor Belt Patch,MACHINERY_PARTS,SUP-161,LOC-011,WH-K-BIN-06,413.0,30.0,456.60,2026-02-20,,false
SKU-00387,Shrink Wrap Film Roll,PPE,SUP-048,LOC-019,WH-S-BIN-07,472.0,0.0,290.51,2026-03-31,,false
SKU-00389,Dock Leveler Seal,MEDICAL,SUP-108,whse o,WH-O-BIN-09,4.0,0,638.88,2026-02-14,2027-06-01,false
SKU-00390,LED Warehouse Light,RAW_MATERIALS,SUP-138,LOC-009,WH-I-BIN-10,450.0,10.0,538.49,2026-01-05,2027-03-03,false
SKU-00392,Pallet Jack Wheel,ELECTRONICS,SUP-193,LOC-007,WH-G-BIN-12,439.0,10.0,117.76,2026-01-25,,false
SKU-00393,Barcode Scanner,FOOD_DRY,SUP-171,LOC-020,WH-T-BIN-13,273.0,0,175.08,2026-05-25,,false
SKU-00396,Rubber Gasket Set,MACHINERY_PARTS,SUP-140,LOC-019,WH-S-BIN-16,443.0,30.0,225.89,2026-06-13,,false
SKU-00397,Cable Tie Assorted,PPE,SUP-126,LOC-008,WH-H-BIN-17,467.0,0.0,444.21,2026-01-08,,false
SKU-00398,Dust Mask N95 Pack,CLEANING,SUP-170,LOC-019,WH-S-BIN-18,28.0,0,35.82,2026-03-31,2026-12-28,false
SKU-00399,Wooden Pallet Std,MEDICAL,SUP-086,LOC-014,WH-N-BIN-19,20.0,40.0,439.52,2026-06-16,,false
SKU-00401,Hand Truck,CHEMICALS,SUP-084,LOC-020,WH-T-BIN-21,48.0,30.0,588.89,2026-02-01,,true
SKU-00403,,FOOD_DRY,SUP-155,LOC-013,WH-M-BIN-23,54.0,0.0,610.63,2026-05-28,,false
SKU-00404,Chain Block 1T,FOOD_COLD,SUP-196,LOC-017,WH-Q-BIN-24,413.0,0,425.44,2026-02-07,,false
SKU-00405,Temperature Logger,PACKAGING,SUP-098,Warehouse G,WH-G-BIN-25,229.0,15.0,65.46,2025-12-28,,false
SKU-00406,Anti-Slip Tape Roll,MACHINERY_PARTS,SUP-100,LOC-007,WH-G-BIN-26,363.0,25.0,365.42,2026-02-28,,false
SKU-00407,Welding Rod 3.2mm,PPE,SUP-048,LOC-011,WH-K-BIN-27,230.0,30.0,565.87,2026-01-04,,false
SKU-00408,Compressed Air Hose,CLEANING,SUP-177,LOC-006,WH-F-BIN-28,9.0,25.0,506.75,2026-02-27,,false
SKU-00409,First Aid Refill,MEDICAL,SUP-140,LOC-018,WH-R-BIN-29,65.0,40.0,552.75,2026-04-20,,false
SKU-00410,,RAW_MATERIALS,SUP-042,LOC-011,WH-K-BIN-30,247.0,0.0,378.91,2026-03-25,,false
SKU-00411,Stretch Hood Film,CHEMICALS,SUP-137,LOC-002,WH-B-BIN-31,261.0,0,271.70,2026-04-04,,false
SKU-00412,,ELECTRONICS,SUP-076,LOC-009,WH-I-BIN-32,441.0,0.0,435.69,2026-02-08,,false
SKU-00413,Dock Bumpers Pair,FOOD_DRY,SUP-169,LOC-018,WH-R-BIN-33,488.0,0.0,414.24,2026-01-25,,false
SKU-00414,Floor Marking Paint,FOOD_COLD,SUP-007,LOC-012,WH-L-BIN-34,135.0,10.0,162.32,2026-02-27,2027-05-17,false
SKU-00415,,PACKAGING,SUP-113,LOC-002,WH-B-BIN-35,449.0,20.0,136.26,2026-05-31,,false
SKU-00416,Mesh Security Cage,MACHINERY_PARTS,SUP-071,LOC-008,WH-H-BIN-36,339.0,0.0,632.21,2026-04-07,,false
SKU-00419,Coolant Concentrate,MEDICAL,SUP-080,LOC-003,WH-C-BIN-39,169.0,0,427.29,2026-01-01,,false
SKU-00420,Wheel Chock Rubber,RAW_MATERIALS,SUP-092,LOC-007,WH-G-BIN-40,245.0,0.0,149.60,2026-03-12,,false
SKU-00422,,ELECTRONICS,SUP-060,LOC-008,WH-H-BIN-42,276.0,10.0,256.17,2026-04-11,2026-12-29,false
SKU-00423,Industrial Solvent 5L,FOOD_DRY,SUP-102,LOC-010,WH-J-BIN-43,276.0,40.0,771.43,2026-05-11,,false
SKU-00424,,FOOD_COLD,SUP-192,LOC-003,WH-C-BIN-44,463.0,10.0,766.73,2026-03-18,,false
SKU-00425,Safety Gloves L,PACKAGING,SUP-108,LOC-018,WH-R-BIN-45,269.0,10.0,152.18,2026-02-25,,false
SKU-00426,Conveyor Belt Patch,MACHINERY_PARTS,SUP-001,LOC-019,WH-S-BIN-46,28.0,30.0,489.45,2026-01-14,,false
SKU-00427,Shrink Wrap Film Roll,PPE,SUP-072,LOC-017,WH-Q-BIN-47,248.0,25.0,478.16,2026-03-22,,false
SKU-00428,Label Printer Ribbon,CLEANING,SUP-024,LOC-004,WH-D-BIN-48,40.0,0.0,324.37,2026-05-15,2027-01-21,false
SKU-00429,Dock Leveler Seal,MEDICAL,SUP-124,LOC-011,WH-K-BIN-49,223.0,40.0,476.88,2026-05-20,2027-06-11,false
SKU-00430,LED Warehouse Light,RAW_MATERIALS,SUP-007,LOC-017,WH-Q-BIN-50,252.0,20.0,779.21,2026-03-30,,false
SKU-00431,Nitrile Gloves Box,CHEMICALS,SUP-006,LOC-012,WH-L-BIN-51,5.0,10.0,60.81,2026-03-08,,false
SKU-00432,Pallet Jack Wheel,ELECTRONICS,SUP-175,LOC-013,WH-M-BIN-52,41.0,15.0,360.16,2026-05-16,,false
SKU-00433,Barcode Scanner,FOOD_DRY,SUP-096,LOC-016,WH-P-BIN-53,99.0,0,151.53,2026-05-15,,false
SKU-00434,Fire Extinguisher 4kg,FOOD_COLD,SUP-116,LOC-004,WH-D-BIN-54,296.0,0,449.97,2026-02-01,,false
SKU-00435,PVC Pipe 50mm,PACKAGING,SUP-083,LOC-001,WH-A-BIN-55,255.0,15.0,567.67,2025-12-28,,false
SKU-00436,Rubber Gasket Set,MACHINERY_PARTS,SUP-171,LOC-001,WH-A-BIN-56,114.0,25.0,416.49,2026-01-21,2026-12-15,false
SKU-00437,,PPE,SUP-199,Warehouse G,WH-G-BIN-57,136.0,15.0,386.34,2026-03-24,,false
SKU-00438,Dust Mask N95 Pack,CLEANING,SUP-126,LOC-014,WH-N-BIN-58,333.0,25.0,311.60,2026-02-06,,false
SKU-00439,Wooden Pallet Std,MEDICAL,SUP-053,LOC-011,WH-K-BIN-59,115.0,0,774.15,2026-04-11,,false
SKU-00440,Steel Shelving Unit,RAW_MATERIALS,SUP-073,LOC-017,WH-Q-BIN-60,234.0,15.0,407.62,2026-02-05,,false
SKU-00441,Hand Truck,CHEMICALS,SUP-125,LOC-002,WH-B-BIN-61,203.0,25.0,230.05,2026-03-29,,false
SKU-00442,Spill Kit 20L,ELECTRONICS,SUP-141,LOC-015,WH-O-BIN-62,221.0,20.0,621.03,2026-01-28,,false
SKU-00443,Epoxy Resin 1L,FOOD_DRY,SUP-071,LOC-006,WH-F-BIN-63,249.0,15.0,431.45,2026-05-24,,false
SKU-00444,Chain Block 1T,FOOD_COLD,SUP-172,LOC-020,WH-T-BIN-64,12.0,30.0,418.05,2026-05-03,2027-07-02,false
SKU-00445,Temperature Logger,PACKAGING,SUP-028,LOC-011,WH-K-BIN-65,301.0,10.0,193.94,2026-01-16,,false
SKU-00446,,MACHINERY_PARTS,SUP-071,Warehouse C,WH-C-BIN-66,306.0,20.0,354.17,2026-03-04,,false
SKU-00447,Welding Rod 3.2mm,PPE,SUP-200,LOC-014,WH-N-BIN-67,319.0,15.0,763.31,2026-06-21,,false
SKU-00448,,CLEANING,SUP-018,LOC-007,WH-G-BIN-68,294.0,30.0,799.63,2026-05-11,,false
SKU-00449,First Aid Refill,MEDICAL,SUP-125,LOC-016,WH-P-BIN-69,311.0,0.0,774.97,2026-03-13,,false
SKU-00450,Racking Beam 2.4m,RAW_MATERIALS,SUP-130,LOC-018,WH-R-BIN-70,287.0,0.0,351.60,2026-04-14,,false
SKU-00452,Load Cell 500kg,ELECTRONICS,SUP-176,LOC-011,WH-K-BIN-72,35.0,40.0,377.59,2026-04-11,,false
SKU-00454,Floor Marking Paint,FOOD_COLD,SUP-018,LOC-005,WH-E-BIN-74,127.0,25.0,75.93,2026-03-14,,false
SKU-00455,,PACKAGING,SUP-198,LOC-011,WH-K-BIN-75,197.0,10.0,713.95,2026-01-03,2026-12-23,false
SKU-00458,,CLEANING,SUP-129,LOC-020,WH-T-BIN-78,450.0,40.0,529.42,2026-03-08,2027-03-03,false
SKU-00459,Coolant Concentrate,MEDICAL,SUP-028,LOC-011,WH-K-BIN-79,149.0,40.0,44.35,2026-05-30,,false
SKU-00460,Wheel Chock Rubber,RAW_MATERIALS,SUP-004,LOC-016,WH-P-BIN-80,412.0,0.0,454.20,2026-01-19,,false
SKU-00461,Steel Bolt M8,CHEMICALS,SUP-119,LOC-014,WH-N-BIN-01,74.0,10.0,269.15,2025-12-30,,false
SKU-00462,Hydraulic Hose 2in,ELECTRONICS,SUP-100,LOC-006,WH-F-BIN-02,59.0,20.0,309.90,2026-03-22,,false
SKU-00463,,FOOD_DRY,SUP-040,LOC-011,WH-K-BIN-03,356.0,40.0,575.17,2026-02-02,,false
SKU-00465,,PACKAGING,SUP-030,LOC-011,WH-K-BIN-05,298.0,25.0,128.97,2026-02-27,2026-10-26,false
SKU-00466,,MACHINERY_PARTS,SUP-022,LOC-004,WH-D-BIN-06,1.0,15.0,597.88,2026-01-23,2026-09-06,false
SKU-00467,Shrink Wrap Film Roll,PPE,SUP-014,LOC-017,WH-Q-BIN-07,388.0,10.0,355.39,2026-01-01,,false
SKU-00468,Label Printer Ribbon,CLEANING,SUP-086,LOC-011,WH-K-BIN-08,248.0,20.0,516.86,2026-05-18,2027-07-12,false
SKU-00470,,RAW_MATERIALS,SUP-156,LOC-008,WH-H-BIN-10,116.0,10.0,799.87,2026-02-05,,false
SKU-00471,,CHEMICALS,SUP-107,LOC-008,WH-H-BIN-11,317.0,25.0,499.70,2026-04-23,,true
SKU-00472,Pallet Jack Wheel,ELECTRONICS,SUP-165,LOC-017,WH-Q-BIN-12,288.0,10.0,650.76,2026-02-18,,false
SKU-00474,Fire Extinguisher 4kg,FOOD_COLD,SUP-117,LOC-019,WH-S-BIN-14,281.0,20.0,115.06,2026-05-29,,false
SKU-00475,PVC Pipe 50mm,PACKAGING,SUP-120,LOC-007,WH-G-BIN-15,340.0,0,315.11,2026-01-20,,false
SKU-00476,Rubber Gasket Set,MACHINERY_PARTS,SUP-071,LOC-017,WH-Q-BIN-16,308.0,20.0,25.23,2026-06-10,,false
SKU-00477,Cable Tie Assorted,PPE,SUP-103,LOC-013,WH-M-BIN-17,34.0,0.0,374.96,2026-05-06,,false
SKU-00479,Wooden Pallet Std,MEDICAL,SUP-109,LOC-005,WH-E-BIN-19,227.0,20.0,716.77,2026-02-01,,false
SKU-00480,Steel Shelving Unit,RAW_MATERIALS,SUP-142,LOC-019,WH-S-BIN-20,110.0,25.0,241.82,2026-04-24,,false
SKU-00482,Spill Kit 20L,ELECTRONICS,SUP-176,LOC-017,WH-Q-BIN-22,427.0,20.0,464.22,2026-05-12,,false
SKU-00483,Epoxy Resin 1L,FOOD_DRY,SUP-079,LOC-015,WH-O-BIN-23,145.0,30.0,471.94,2026-06-02,,false
SKU-00485,Temperature Logger,PACKAGING,SUP-010,LOC-005,WH-E-BIN-25,11.0,15.0,517.05,2026-02-16,2026-10-04,false
SKU-00487,Welding Rod 3.2mm,PPE,SUP-099,Warehouse G,WH-G-BIN-27,10.0,0,572.63,2026-01-05,,false
SKU-00488,Compressed Air Hose,CLEANING,SUP-043,LOC-011,WH-K-BIN-28,13.0,15.0,725.02,2026-02-18,,false
SKU-00490,Racking Beam 2.4m,RAW_MATERIALS,SUP-158,LOC-003,WH-C-BIN-30,3.0,0,23.21,2026-04-25,2027-03-03,false
SKU-00491,,CHEMICALS,SUP-195,LOC-010,WH-J-BIN-31,257.0,0.0,230.97,2026-05-15,,false
SKU-00492,Load Cell 500kg,ELECTRONICS,SUP-137,LOC-009,WH-I-BIN-32,236.0,0,63.95,2026-06-10,,false
SKU-00494,Floor Marking Paint,FOOD_COLD,SUP-060,Warehouse G,WH-G-BIN-34,497.0,30.0,207.52,2026-03-03,,false
SKU-00496,,MACHINERY_PARTS,SUP-015,LOC-008,WH-H-BIN-36,202.0,40.0,63.57,2026-03-09,,false
SKU-00497,Humidity Sensor Probe,PPE,SUP-196,LOC-009,WH-I-BIN-37,328.0,20.0,120.52,2026-04-17,,false
SKU-00498,Pallet Strap Tool,CLEANING,SUP-024,LOC-007,WH-G-BIN-38,368.0,15.0,762.21,2026-03-24,2027-01-24,false
SKU-00499,Coolant Concentrate,MEDICAL,SUP-129,LOC-017,WH-Q-BIN-39,286.0,30.0,552.08,2026-06-20,,false
SKU-00500,Wheel Chock Rubber,RAW_MATERIALS,SUP-140,LOC-016,WH-P-BIN-40,6.0,10.0,531.06,2026-03-02,,false
SKU-00001,,CHEMICALS,SUP-118,LOC-002,WH-B-BIN-41,445.0,0,778.12,2026-01-10,,false
SKU-00003,,FOOD_DRY,SUP-183,LOC-009,WH-I-BIN-43,195.0,0.0,660.93,2026-02-25,,false
SKU-00004,,FOOD_COLD,SUP-168,LOC-011,WH-K-BIN-44,8.0,30.0,300.34,2025-12-30,,false
SKU-00006,,MACHINERY_PARTS,SUP-054,LOC-016,WH-P-BIN-46,5.0,10.0,255.20,2026-03-08,2026-12-24,false
SKU-00007,Shrink Wrap Film Roll,PPE,SUP-147,LOC-008,WH-H-BIN-47,238.0,20.0,172.55,2026-05-31,,false
SKU-00008,Label Printer Ribbon,CLEANING,SUP-147,LOC-001,WH-A-BIN-48,118.0,10.0,403.73,2026-02-24,,false
SKU-00010,LED Warehouse Light,RAW_MATERIALS,SUP-175,LOC-007,WH-G-BIN-50,375.0,15.0,671.08,2026-02-20,,false
SKU-00011,Nitrile Gloves Box,CHEMICALS,SUP-156,LOC-003,WH-C-BIN-51,219.0,15.0,140.05,2026-02-05,2026-07-29,false
SKU-00012,Pallet Jack Wheel,ELECTRONICS,SUP-133,LOC-006,WH-F-BIN-52,300.0,0.0,348.89,2026-03-11,2026-11-30,false
SKU-00013,Barcode Scanner,FOOD_DRY,SUP-146,LOC-010,WH-J-BIN-53,41.0,25.0,251.69,2026-01-18,,false
SKU-00014,Fire Extinguisher 4kg,FOOD_COLD,SUP-187,LOC-001,WH-A-BIN-54,369.0,40.0,531.10,2026-04-18,,false
SKU-00015,PVC Pipe 50mm,PACKAGING,SUP-191,LOC-008,WH-H-BIN-55,384.0,40.0,152.75,2026-04-01,,false
SKU-00016,Rubber Gasket Set,MACHINERY_PARTS,SUP-045,LOC-001,WH-A-BIN-56,475.0,0,790.29,2026-02-25,,false
SKU-00017,,PPE,SUP-176,LOC-001,WH-A-BIN-57,23.0,10.0,288.44,2026-05-23,2026-08-23,false
SKU-00018,Dust Mask N95 Pack,CLEANING,SUP-011,LOC-006,WH-F-BIN-58,320.0,30.0,308.02,2026-06-13,,false
SKU-00020,,RAW_MATERIALS,SUP-008,LOC-017,WH-Q-BIN-60,237.0,20.0,95.00,2026-06-22,,false
SKU-00021,Hand Truck,CHEMICALS,SUP-074,LOC-003,WH-C-BIN-61,462.0,25.0,373.70,2026-03-27,,false
SKU-00022,,ELECTRONICS,SUP-185,LOC-020,WH-T-BIN-62,413.0,10.0,455.05,2026-03-17,,false
SKU-00023,,FOOD_DRY,SUP-083,LOC-014,WH-N-BIN-63,396.0,10.0,582.67,2026-03-24,,false
SKU-00024,Chain Block 1T,FOOD_COLD,SUP-184,LOC-015,WH-O-BIN-64,15.0,25.0,159.09,2026-03-09,,false
SKU-00025,Temperature Logger,PACKAGING,SUP-062,LOC-001,WH-A-BIN-65,198.0,0.0,245.69,2026-03-30,2027-07-13,false
SKU-00026,Anti-Slip Tape Roll,MACHINERY_PARTS,SUP-101,LOC-001,WH-A-BIN-66,122.0,0.0,628.11,2026-06-10,2027-03-20,false
SKU-00027,,PPE,SUP-040,LOC-012,WH-L-BIN-67,484.0,0,72.24,2026-03-08,,false
SKU-00028,Compressed Air Hose,CLEANING,SUP-066,LOC-020,WH-T-BIN-68,412.0,0.0,252.54,2026-04-10,,false
SKU-00029,First Aid Refill,MEDICAL,SUP-138,LOC-013,WH-M-BIN-69,213.0,25.0,746.03,2026-04-21,,false
SKU-00030,Racking Beam 2.4m,RAW_MATERIALS,SUP-158,LOC-014,WH-N-BIN-70,500.0,0.0,572.00,2026-04-08,2026-10-18,false
SKU-00031,Stretch Hood Film,CHEMICALS,SUP-005,LOC-001,WH-A-BIN-71,498.0,10.0,89.57,2026-03-04,,true
SKU-00032,Load Cell 500kg,ELECTRONICS,SUP-131,LOC-015,WH-O-BIN-72,270.0,20.0,193.72,2026-05-11,2027-03-26,false
SKU-00033,Dock Bumpers Pair,FOOD_DRY,SUP-047,LOC-007,WH-G-BIN-73,186.0,15.0,548.72,2025-12-31,,false
SKU-00034,Floor Marking Paint,FOOD_COLD,SUP-058,LOC-008,WH-H-BIN-74,238.0,25.0,514.47,2026-05-20,,false
SKU-00035,Battery Charger 24V,PACKAGING,SUP-185,LOC-007,WH-G-BIN-75,157.0,15.0,96.65,2026-02-19,2026-12-14,false
SKU-00037,Humidity Sensor Probe,PPE,SUP-138,LOC-015,WH-O-BIN-77,437.0,25.0,42.27,2026-06-21,2027-06-24,false
SKU-00038,Pallet Strap Tool,CLEANING,SUP-154,LOC-012,WH-L-BIN-78,456.0,10.0,306.21,2026-01-12,,false
SKU-00039,Coolant Concentrate,MEDICAL,SUP-128,LOC-009,WH-I-BIN-79,405.0,30.0,765.74,2026-02-15,2026-11-08,false
SKU-00040,Wheel Chock Rubber,RAW_MATERIALS,SUP-022,LOC-019,WH-S-BIN-80,48.0,20.0,514.43,2026-03-18,,false
SKU-00041,Steel Bolt M8,CHEMICALS,SUP-023,LOC-008,WH-H-BIN-01,378.0,20.0,421.51,2026-01-10,,true
SKU-00042,Hydraulic Hose 2in,ELECTRONICS,SUP-095,LOC-016,WH-P-BIN-02,415.0,25.0,757.65,2026-05-02,,false
SKU-00043,Industrial Solvent 5L,FOOD_DRY,SUP-131,LOC-004,WH-D-BIN-03,134.0,0.0,442.15,2026-05-07,,false
SKU-00045,Safety Gloves L,PACKAGING,SUP-072,LOC-018,WH-R-BIN-05,151.0,0,257.11,2026-05-30,,false
SKU-00047,,PPE,SUP-023,LOC-018,WH-R-BIN-07,279.0,15.0,541.71,2026-05-29,,false
SKU-00048,Label Printer Ribbon,CLEANING,SUP-080,LOC-018,WH-R-BIN-08,335.0,15.0,592.40,2026-04-04,,false
SKU-00049,Dock Leveler Seal,MEDICAL,SUP-012,LOC-015,WH-O-BIN-09,260.0,10.0,769.18,2026-04-23,,false
SKU-00050,LED Warehouse Light,RAW_MATERIALS,SUP-125,LOC-008,WH-H-BIN-10,28.0,40.0,322.50,2026-03-29,,false
SKU-00051,Nitrile Gloves Box,CHEMICALS,SUP-186,LOC-010,WH-J-BIN-11,309.0,0.0,148.71,2026-01-29,,true
SKU-00052,Pallet Jack Wheel,ELECTRONICS,SUP-137,LOC-002,WH-B-BIN-12,469.0,15.0,385.44,2026-04-06,,false
SKU-00053,,FOOD_DRY,SUP-199,LOC-014,WH-N-BIN-13,326.0,40.0,2.21,2025-12-30,,false
SKU-00054,Fire Extinguisher 4kg,FOOD_COLD,SUP-077,LOC-001,WH-A-BIN-14,278.0,10.0,308.61,2026-05-31,2027-01-26,false
SKU-00055,PVC Pipe 50mm,PACKAGING,SUP-189,LOC-003,WH-C-BIN-15,304.0,0.0,105.47,2026-06-03,2027-05-17,false
SKU-00056,Rubber Gasket Set,MACHINERY_PARTS,SUP-124,LOC-001,WH-A-BIN-16,277.0,20.0,647.49,2026-06-20,,false
SKU-00057,Cable Tie Assorted,PPE,SUP-127,LOC-019,WH-S-BIN-17,134.0,20.0,160.19,2026-04-19,,false
SKU-00060,Steel Shelving Unit,RAW_MATERIALS,SUP-105,LOC-019,WH-S-BIN-20,68.0,30.0,528.09,2026-04-05,,false
SKU-00061,Hand Truck,CHEMICALS,SUP-140,LOC-013,WH-M-BIN-21,131.0,25.0,221.34,2026-01-25,,false
SKU-00062,Spill Kit 20L,ELECTRONICS,SUP-171,LOC-009,WH-I-BIN-22,106.0,40.0,662.22,2026-01-31,,false
SKU-00063,,FOOD_DRY,SUP-171,LOC-019,WH-S-BIN-23,193.0,15.0,194.00,2026-06-23,,false
SKU-00064,Chain Block 1T,FOOD_COLD,SUP-090,LOC-007,WH-G-BIN-24,50.0,0,622.12,2026-03-23,,false
SKU-00065,Temperature Logger,PACKAGING,SUP-161,Warehouse M,WH-M-BIN-25,150.0,15.0,575.79,2026-06-15,,false
SKU-00066,Anti-Slip Tape Roll,MACHINERY_PARTS,SUP-133,LOC-017,WH-Q-BIN-26,451.0,20.0,732.03,2026-04-25,,false
SKU-00067,Welding Rod 3.2mm,PPE,SUP-156,LOC-003,WH-C-BIN-27,406.0,0.0,353.64,2026-05-15,,false
SKU-00068,Compressed Air Hose,CLEANING,SUP-114,LOC-015,WH-O-BIN-28,421.0,30.0,668.58,2026-01-16,2027-05-20,false
SKU-00070,Racking Beam 2.4m,RAW_MATERIALS,SUP-021,LOC-017,WH-Q-BIN-30,65.0,30.0,719.09,2026-02-20,,false
SKU-00071,Stretch Hood Film,CHEMICALS,SUP-171,LOC-015,WH-O-BIN-31,5.0,10.0,771.49,2026-02-20,2026-08-22,false
SKU-00072,Load Cell 500kg,ELECTRONICS,SUP-017,LOC-014,WH-N-BIN-32,179.0,25.0,210.85,2026-02-24,,false
SKU-00073,Dock Bumpers Pair,FOOD_DRY,SUP-017,LOC-020,WH-T-BIN-33,159.0,30.0,24.56,2026-06-22,2026-08-26,false
SKU-00074,Floor Marking Paint,FOOD_COLD,SUP-059,LOC-003,WH-C-BIN-34,50.0,15.0,136.47,2026-05-26,,false
SKU-00075,Battery Charger 24V,PACKAGING,SUP-141,LOC-009,WH-I-BIN-35,29.0,30.0,581.86,2026-04-23,2026-09-11,false
SKU-00076,Mesh Security Cage,MACHINERY_PARTS,SUP-042,LOC-019,WH-S-BIN-36,201.0,10.0,581.80,2026-06-06,,false
SKU-00077,Humidity Sensor Probe,PPE,SUP-039,LOC-019,WH-S-BIN-37,413.0,0,201.34,2026-03-03,2026-12-20,false
SKU-00078,Pallet Strap Tool,CLEANING,SUP-074,LOC-014,WH-N-BIN-38,10.0,20.0,459.58,2026-05-31,,false
SKU-00079,Coolant Concentrate,MEDICAL,SUP-177,LOC-012,WH-L-BIN-39,299.0,40.0,755.32,2026-01-18,2027-02-14,false
SKU-00080,Wheel Chock Rubber,RAW_MATERIALS,SUP-080,LOC-015,WH-O-BIN-40,21.0,25.0,85.21,2026-02-14,,false
SKU-00081,,CHEMICALS,SUP-190,wh_o,WH-O-BIN-41,80.0,40.0,487.96,2026-06-22,,false
SKU-00082,Hydraulic Hose 2in,ELECTRONICS,SUP-058,LOC-008,WH-H-BIN-42,474.0,30.0,279.34,2026-05-25,,false
SKU-00083,Industrial Solvent 5L,FOOD_DRY,SUP-121,LOC-019,WH-S-BIN-43,345.0,30.0,435.67,2026-06-07,,false
SKU-00084,Forklift Battery 24V,FOOD_COLD,SUP-097,LOC-005,WH-E-BIN-44,230.0,25.0,309.26,2026-01-30,,false
SKU-00085,Safety Gloves L,PACKAGING,SUP-041,LOC-019,WH-S-BIN-45,387.0,40.0,539.90,2026-01-04,,false
SKU-00086,Conveyor Belt Patch,MACHINERY_PARTS,SUP-163,LOC-017,WH-Q-BIN-46,376.0,25.0,736.34,2026-04-11,,false
SKU-00087,Shrink Wrap Film Roll,PPE,SUP-188,Warehouse R,WH-R-BIN-47,210.0,25.0,531.56,2026-04-05,,false
SKU-00089,Dock Leveler Seal,MEDICAL,SUP-112,Warehouse P,WH-P-BIN-49,129.0,25.0,502.07,2026-06-21,,false
SKU-00090,LED Warehouse Light,RAW_MATERIALS,SUP-119,LOC-002,WH-B-BIN-50,37.0,20.0,108.22,2026-01-09,,false
SKU-00091,Nitrile Gloves Box,CHEMICALS,SUP-200,LOC-008,WH-H-BIN-51,140.0,25.0,224.68,2026-04-14,2026-11-25,false
SKU-00092,Pallet Jack Wheel,ELECTRONICS,SUP-112,LOC-006,WH-F-BIN-52,307.0,25.0,360.14,2026-03-03,,false
SKU-00093,Barcode Scanner,FOOD_DRY,SUP-166,LOC-008,WH-H-BIN-53,298.0,0.0,295.73,2026-03-14,,false
SKU-00094,Fire Extinguisher 4kg,FOOD_COLD,SUP-191,LOC-001,WH-A-BIN-54,406.0,0,796.00,2026-05-03,,false
SKU-00095,PVC Pipe 50mm,PACKAGING,SUP-018,LOC-005,WH-E-BIN-55,6.0,0,352.17,2026-02-02,,false
SKU-00096,Rubber Gasket Set,MACHINERY_PARTS,SUP-043,LOC-019,WH-S-BIN-56,341.0,0.0,710.04,2026-05-14,,false
SKU-00098,Dust Mask N95 Pack,CLEANING,SUP-086,LOC-012,WH-L-BIN-58,404.0,0.0,400.94,2026-01-18,,false
SKU-00099,,MEDICAL,SUP-015,LOC-007,WH-G-BIN-59,287.0,30.0,547.57,2026-03-05,,false
SKU-00100,Steel Shelving Unit,RAW_MATERIALS,SUP-188,LOC-020,WH-T-BIN-60,23.0,0,627.39,2026-06-23,,false
SKU-00101,,CHEMICALS,SUP-033,LOC-014,WH-N-BIN-61,370.0,15.0,181.43,2026-04-08,2026-12-17,true
SKU-00102,Spill Kit 20L,ELECTRONICS,SUP-145,Warehouse C,WH-C-BIN-62,271.0,0,680.35,2026-06-25,,false
SKU-00103,,FOOD_DRY,SUP-074,Warehouse R,WH-R-BIN-63,400.0,30.0,353.00,2026-05-16,2027-07-21,false
SKU-00104,Chain Block 1T,FOOD_COLD,SUP-157,LOC-010,WH-J-BIN-64,343.0,30.0,193.21,2026-05-05,,false
SKU-00105,Temperature Logger,PACKAGING,SUP-096,LOC-014,WH-N-BIN-65,423.0,0.0,686.95,2026-01-19,,false
SKU-00106,Anti-Slip Tape Roll,MACHINERY_PARTS,SUP-027,Warehouse I,WH-I-BIN-66,497.0,25.0,555.90,2026-03-17,,false
SKU-00107,Welding Rod 3.2mm,PPE,SUP-046,whse o,WH-O-BIN-67,25.0,0,448.60,2026-02-19,,false
SKU-00108,Compressed Air Hose,CLEANING,SUP-022,LOC-002,WH-B-BIN-68,146.0,40.0,340.23,2026-06-10,2027-02-14,false
SKU-00110,Racking Beam 2.4m,RAW_MATERIALS,SUP-020,LOC-020,WH-T-BIN-70,4.0,0,573.22,2026-01-30,2027-01-12,false
SKU-00111,Stretch Hood Film,CHEMICALS,SUP-041,LOC-020,WH-T-BIN-71,6.0,40.0,693.40,2026-02-05,,false
SKU-00112,,ELECTRONICS,SUP-039,LOC-001,WH-A-BIN-72,60.0,15.0,319.28,2026-04-06,,false
SKU-00113,Dock Bumpers Pair,FOOD_DRY,SUP-049,Warehouse B,WH-B-BIN-73,3.0,20.0,237.70,2026-02-22,,false
SKU-00114,,FOOD_COLD,SUP-023,LOC-009,WH-I-BIN-74,228.0,20.0,241.43,2026-06-04,,false
SKU-00115,Battery Charger 24V,PACKAGING,SUP-064,LOC-006,WH-F-BIN-75,125.0,0.0,273.53,2026-01-26,,false
SKU-00116,Mesh Security Cage,MACHINERY_PARTS,SUP-107,LOC-003,WH-C-BIN-76,406.0,0.0,496.52,2026-03-28,,false
SKU-00117,,PPE,SUP-104,LOC-014,WH-N-BIN-77,32.0,15.0,187.69,2026-03-12,,false
SKU-00118,Pallet Strap Tool,CLEANING,SUP-131,LOC-010,WH-J-BIN-78,15.0,25.0,211.00,2026-04-03,,false
SKU-00119,Coolant Concentrate,MEDICAL,SUP-082,LOC-006,WH-F-BIN-79,353.0,0,71.93,2026-03-24,2027-05-12,false
SKU-00120,Wheel Chock Rubber,RAW_MATERIALS,SUP-102,LOC-008,WH-H-BIN-80,13.0,20.0,491.44,2026-01-16,,false
SKU-00121,Steel Bolt M8,CHEMICALS,SUP-125,Warehouse P,WH-P-BIN-01,28.0,30.0,248.53,2026-03-30,2026-08-28,true
SKU-00122,Hydraulic Hose 2in,ELECTRONICS,SUP-141,LOC-009,WH-I-BIN-02,160.0,25.0,174.43,2026-06-19,2027-01-03,false
SKU-00123,,FOOD_DRY,SUP-005,LOC-019,WH-S-BIN-03,155.0,40.0,606.00,2026-02-12,,false
SKU-00125,Safety Gloves L,PACKAGING,SUP-054,LOC-013,WH-M-BIN-05,98.0,30.0,585.98,2026-03-24,,false
SKU-00126,Conveyor Belt Patch,MACHINERY_PARTS,SUP-200,LOC-004,WH-D-BIN-06,94.0,15.0,240.78,2026-01-09,2026-08-12,false
SKU-00127,Shrink Wrap Film Roll,PPE,SUP-027,LOC-019,WH-S-BIN-07,108.0,0.0,762.96,2026-04-15,,false
SKU-00128,Label Printer Ribbon,CLEANING,SUP-133,LOC-008,WH-H-BIN-08,407.0,20.0,449.61,2026-01-29,2027-06-03,false
SKU-00129,Dock Leveler Seal,MEDICAL,SUP-166,Warehouse F,WH-F-BIN-09,2.0,10.0,687.34,2026-04-25,,false
SKU-00130,LED Warehouse Light,RAW_MATERIALS,SUP-174,LOC-019,WH-S-BIN-10,97.0,40.0,640.97,2026-05-24,,false
SKU-00131,Nitrile Gloves Box,CHEMICALS,SUP-150,LOC-011,WH-K-BIN-11,88.0,15.0,392.70,2026-05-26,,true
SKU-00132,Pallet Jack Wheel,ELECTRONICS,SUP-044,LOC-020,WH-T-BIN-12,170.0,0,113.72,2026-05-02,,false
SKU-00133,Barcode Scanner,FOOD_DRY,SUP-007,LOC-001,WH-A-BIN-13,108.0,25.0,729.32,2026-01-09,2026-11-11,false
SKU-00134,Fire Extinguisher 4kg,FOOD_COLD,SUP-044,LOC-020,WH-T-BIN-14,16.0,20.0,395.86,2026-03-15,,false
SKU-00135,,PACKAGING,SUP-175,LOC-004,WH-D-BIN-15,313.0,0,648.17,2026-06-01,,false
SKU-00136,,MACHINERY_PARTS,SUP-037,LOC-016,WH-P-BIN-16,488.0,30.0,262.36,2026-05-25,2027-07-21,false
SKU-00137,Cable Tie Assorted,PPE,SUP-188,LOC-008,WH-H-BIN-17,205.0,0,199.30,2026-03-07,,false
SKU-00138,Dust Mask N95 Pack,CLEANING,SUP-183,LOC-006,WH-F-BIN-18,298.0,0.0,576.19,2026-04-07,,false
SKU-00139,Wooden Pallet Std,MEDICAL,SUP-179,LOC-012,WH-L-BIN-19,344.0,0.0,575.56,2025-12-30,2026-12-12,false
SKU-00140,Steel Shelving Unit,RAW_MATERIALS,SUP-148,LOC-001,WH-A-BIN-20,73.0,20.0,73.87,2026-03-08,,false
SKU-00141,,CHEMICALS,SUP-043,LOC-018,WH-R-BIN-21,361.0,30.0,521.12,2026-04-12,2027-04-26,true
SKU-00142,Spill Kit 20L,ELECTRONICS,SUP-042,Warehouse R,WH-R-BIN-22,489.0,0.0,301.56,2026-01-23,2026-11-02,false
SKU-00143,Epoxy Resin 1L,FOOD_DRY,SUP-002,LOC-016,WH-P-BIN-23,287.0,15.0,515.80,2025-12-29,,false
SKU-00144,,FOOD_COLD,SUP-060,LOC-015,WH-O-BIN-24,386.0,15.0,766.49,2026-04-22,,false
SKU-00145,Temperature Logger,PACKAGING,SUP-111,LOC-006,WH-F-BIN-25,251.0,15.0,173.44,2026-02-14,,false
SKU-00146,,MACHINERY_PARTS,SUP-041,LOC-003,WH-C-BIN-26,11.0,0,747.22,2026-02-21,,false
SKU-00147,Welding Rod 3.2mm,PPE,SUP-072,LOC-018,WH-R-BIN-27,197.0,25.0,373.55,2025-12-29,,false
SKU-00148,Compressed Air Hose,CLEANING,SUP-114,LOC-003,WH-C-BIN-28,179.0,25.0,4.79,2026-02-28,,false
SKU-00149,First Aid Refill,MEDICAL,SUP-077,LOC-019,WH-S-BIN-29,21.0,40.0,175.11,2026-01-28,2027-01-21,false
SKU-00150,,RAW_MATERIALS,SUP-162,LOC-008,WH-H-BIN-30,157.0,15.0,431.01,2026-04-27,,false
SKU-00151,Stretch Hood Film,CHEMICALS,SUP-187,LOC-009,WH-I-BIN-31,80.0,20.0,256.77,2026-06-24,,false
SKU-00153,Dock Bumpers Pair,FOOD_DRY,SUP-082,LOC-016,WH-P-BIN-33,155.0,0,574.17,2026-05-26,,false
SKU-00154,Floor Marking Paint,FOOD_COLD,SUP-172,LOC-011,WH-K-BIN-34,34.0,0,278.33,2026-06-25,,false
SKU-00155,Battery Charger 24V,PACKAGING,SUP-181,LOC-004,WH-D-BIN-35,500.0,25.0,528.18,2026-03-03,2026-11-02,false
SKU-00156,Mesh Security Cage,MACHINERY_PARTS,SUP-032,LOC-015,WH-O-BIN-36,333.0,20.0,381.79,2026-04-14,,false
SKU-00158,,CLEANING,SUP-034,LOC-019,WH-S-BIN-38,79.0,25.0,697.46,2026-01-01,,false
SKU-00159,Coolant Concentrate,MEDICAL,SUP-002,LOC-008,WH-H-BIN-39,404.0,20.0,688.33,2026-02-02,2026-08-21,false
SKU-00160,Wheel Chock Rubber,RAW_MATERIALS,SUP-131,LOC-002,WH-B-BIN-40,30.0,0,683.25,2026-01-24,,false
SKU-00161,Steel Bolt M8,CHEMICALS,SUP-132,LOC-017,WH-Q-BIN-41,107.0,15.0,105.24,2026-05-11,,false
SKU-00163,Industrial Solvent 5L,FOOD_DRY,SUP-071,LOC-019,WH-S-BIN-43,93.0,0.0,543.63,2026-02-20,2027-01-18,false
SKU-00165,,PACKAGING,SUP-013,LOC-007,WH-G-BIN-45,100.0,40.0,106.30,2026-01-28,,false
SKU-00166,,MACHINERY_PARTS,SUP-043,Warehouse A,WH-A-BIN-46,68.0,20.0,137.16,2026-01-23,,false
SKU-00167,Shrink Wrap Film Roll,PPE,SUP-035,LOC-018,WH-R-BIN-47,204.0,0.0,458.60,2026-01-30,,false
SKU-00168,Label Printer Ribbon,CLEANING,SUP-135,LOC-017,WH-Q-BIN-48,190.0,15.0,591.88,2026-04-22,,false
SKU-00169,Dock Leveler Seal,MEDICAL,SUP-044,LOC-007,WH-G-BIN-49,6.0,25.0,241.12,2026-02-04,,false
SKU-00171,,CHEMICALS,SUP-122,LOC-015,WH-O-BIN-51,31.0,0,85.08,2026-05-29,,false
SKU-00173,Barcode Scanner,FOOD_DRY,SUP-084,LOC-018,WH-R-BIN-53,170.0,15.0,712.86,2026-02-02,,false
SKU-00174,Fire Extinguisher 4kg,FOOD_COLD,SUP-095,LOC-019,WH-S-BIN-54,314.0,0.0,41.89,2026-04-03,2027-07-06,false
SKU-00175,PVC Pipe 50mm,PACKAGING,SUP-092,LOC-004,WH-D-BIN-55,419.0,10.0,409.16,2026-03-19,,false
SKU-00176,Rubber Gasket Set,MACHINERY_PARTS,SUP-006,LOC-002,WH-B-BIN-56,318.0,30.0,552.32,2026-01-29,,false
SKU-00177,Cable Tie Assorted,PPE,SUP-029,LOC-009,WH-I-BIN-57,418.0,10.0,467.00,2026-06-10,,false
SKU-00178,Dust Mask N95 Pack,CLEANING,SUP-104,LOC-008,WH-H-BIN-58,446.0,0,199.99,2026-05-24,,false
SKU-00179,Wooden Pallet Std,MEDICAL,SUP-158,LOC-012,WH-L-BIN-59,430.0,40.0,118.50,2026-01-22,2026-09-18,false
SKU-00180,Steel Shelving Unit,RAW_MATERIALS,SUP-110,LOC-019,WH-S-BIN-60,162.0,30.0,559.52,2026-02-01,2026-11-20,false
SKU-00181,Hand Truck,CHEMICALS,SUP-139,Warehouse O,WH-O-BIN-61,238.0,40.0,782.32,2026-01-08,2027-01-01,false
SKU-00183,Epoxy Resin 1L,FOOD_DRY,SUP-173,LOC-011,WH-K-BIN-63,492.0,30.0,260.57,2026-02-21,,false
SKU-00184,Chain Block 1T,FOOD_COLD,SUP-149,LOC-003,WH-C-BIN-64,244.0,20.0,43.19,2026-02-26,,false
SKU-00185,,PACKAGING,SUP-154,LOC-003,WH-C-BIN-65,62.0,0,564.40,2026-06-13,,false
SKU-00186,Anti-Slip Tape Roll,MACHINERY_PARTS,SUP-094,LOC-008,WH-H-BIN-66,132.0,0,500.01,2026-05-27,2027-01-20,false
SKU-00187,,PPE,SUP-046,LOC-016,WH-P-BIN-67,6.0,15.0,71.15,2026-04-04,,false
SKU-00188,Compressed Air Hose,CLEANING,SUP-185,LOC-018,WH-R-BIN-68,350.0,30.0,654.79,2026-05-28,,false
SKU-00190,Racking Beam 2.4m,RAW_MATERIALS,SUP-139,LOC-008,WH-H-BIN-70,48.0,25.0,118.33,2026-05-27,2026-12-28,false
SKU-00191,Stretch Hood Film,CHEMICALS,SUP-179,Warehouse D,WH-D-BIN-71,409.0,30.0,490.23,2026-01-24,,false
SKU-00192,,ELECTRONICS,SUP-160,LOC-004,WH-D-BIN-72,391.0,15.0,465.37,2026-05-26,,false
SKU-00193,Dock Bumpers Pair,FOOD_DRY,SUP-053,LOC-016,WH-P-BIN-73,221.0,15.0,439.88,2026-04-15,,false
SKU-00194,Floor Marking Paint,FOOD_COLD,SUP-023,LOC-008,WH-H-BIN-74,423.0,15.0,792.99,2026-06-25,,false
SKU-00195,Battery Charger 24V,PACKAGING,SUP-146,LOC-003,WH-C-BIN-75,49.0,30.0,5.83,2026-03-13,,false
SKU-00196,Mesh Security Cage,MACHINERY_PARTS,SUP-143,LOC-008,WH-H-BIN-76,112.0,15.0,128.81,2026-03-29,,false
SKU-00197,Humidity Sensor Probe,PPE,SUP-146,LOC-009,WH-I-BIN-77,395.0,0.0,533.49,2026-01-21,,false
SKU-00198,Pallet Strap Tool,CLEANING,SUP-031,LOC-017,WH-Q-BIN-78,316.0,40.0,265.61,2026-04-03,,false
SKU-00199,Coolant Concentrate,MEDICAL,SUP-116,LOC-003,WH-C-BIN-79,77.0,30.0,321.76,2026-02-03,,false
SKU-00200,Wheel Chock Rubber,RAW_MATERIALS,SUP-165,LOC-002,WH-B-BIN-80,158.0,15.0,428.00,2026-01-24,,false
SKU-00202,Hydraulic Hose 2in,ELECTRONICS,SUP-158,LOC-010,WH-J-BIN-02,45.0,20.0,57.44,2026-06-24,,false
SKU-00203,Industrial Solvent 5L,FOOD_DRY,SUP-151,LOC-014,WH-N-BIN-03,225.0,20.0,561.81,2026-05-08,2027-04-26,false
SKU-00204,Forklift Battery 24V,FOOD_COLD,SUP-022,LOC-007,WH-G-BIN-04,260.0,25.0,312.71,2026-03-19,,false
SKU-00205,Safety Gloves L,PACKAGING,SUP-005,LOC-010,WH-J-BIN-05,488.0,0.0,191.65,2026-06-13,,false
SKU-00206,Conveyor Belt Patch,MACHINERY_PARTS,SUP-089,LOC-015,WH-O-BIN-06,192.0,10.0,23.61,2026-03-07,,false
SKU-00207,Shrink Wrap Film Roll,PPE,SUP-006,LOC-009,WH-I-BIN-07,15.0,30.0,85.44,2026-01-17,2027-05-16,false
SKU-00209,Dock Leveler Seal,MEDICAL,SUP-005,LOC-004,WH-D-BIN-09,431.0,0,485.04,2026-06-19,,false
SKU-00210,LED Warehouse Light,RAW_MATERIALS,SUP-098,LOC-018,WH-R-BIN-10,130.0,0,218.68,2025-12-31,,false
SKU-00212,Pallet Jack Wheel,ELECTRONICS,SUP-051,LOC-018,WH-R-BIN-12,12.0,30.0,585.19,2026-03-19,,false
SKU-00213,Barcode Scanner,FOOD_DRY,SUP-066,LOC-011,WH-K-BIN-13,145.0,30.0,409.01,2026-05-19,,false
SKU-00214,,FOOD_COLD,SUP-133,LOC-014,WH-N-BIN-14,283.0,30.0,738.15,2026-01-15,2027-06-12,false
SKU-00215,PVC Pipe 50mm,PACKAGING,SUP-097,Warehouse R,WH-R-BIN-15,341.0,40.0,479.38,2026-06-15,2026-09-05,false
SKU-00216,Rubber Gasket Set,MACHINERY_PARTS,SUP-006,LOC-007,WH-G-BIN-16,341.0,25.0,104.61,2026-05-12,2027-02-27,false
SKU-00217,Cable Tie Assorted,PPE,SUP-086,LOC-011,WH-K-BIN-17,21.0,30.0,668.11,2026-01-10,,false
SKU-00218,Dust Mask N95 Pack,CLEANING,SUP-043,LOC-004,WH-D-BIN-18,245.0,40.0,681.33,2026-02-06,2027-01-27,false
SKU-00219,Wooden Pallet Std,MEDICAL,SUP-116,LOC-001,WH-A-BIN-19,460.0,30.0,375.70,2025-12-28,,false
SKU-00220,Steel Shelving Unit,RAW_MATERIALS,SUP-016,LOC-001,WH-A-BIN-20,465.0,20.0,277.48,2026-03-04,,false
SKU-00221,Hand Truck,CHEMICALS,SUP-081,LOC-014,WH-N-BIN-21,67.0,0,699.86,2026-02-06,,true
SKU-00222,Spill Kit 20L,ELECTRONICS,SUP-146,whse o,WH-O-BIN-22,428.0,40.0,52.89,2026-01-30,,false
SKU-00223,Epoxy Resin 1L,FOOD_DRY,SUP-005,LOC-020,WH-T-BIN-23,54.0,0.0,528.08,2026-04-19,,false
SKU-00224,Chain Block 1T,FOOD_COLD,SUP-178,LOC-001,WH-A-BIN-24,76.0,0,685.09,2026-03-09,,false
SKU-00226,Anti-Slip Tape Roll,MACHINERY_PARTS,SUP-038,LOC-012,WH-L-BIN-26,76.0,0.0,198.44,2026-01-19,,false
SKU-00227,Welding Rod 3.2mm,PPE,SUP-199,LOC-015,WH-O-BIN-27,399.0,0.0,780.97,2026-01-04,2027-05-20,false
SKU-00228,Compressed Air Hose,CLEANING,SUP-118,LOC-002,WH-B-BIN-28,219.0,0,561.85,2026-04-21,,false
SKU-00229,First Aid Refill,MEDICAL,SUP-047,LOC-010,WH-J-BIN-29,451.0,10.0,613.55,2026-02-22,,false
SKU-00230,Racking Beam 2.4m,RAW_MATERIALS,SUP-152,LOC-019,WH-S-BIN-30,24.0,25.0,627.31,2026-06-09,,false
SKU-00231,Stretch Hood Film,CHEMICALS,SUP-034,LOC-004,WH-D-BIN-31,208.0,20.0,351.25,2026-04-27,,false
SKU-00232,Load Cell 500kg,ELECTRONICS,SUP-011,Warehouse K,WH-K-BIN-32,428.0,40.0,40.95,2026-05-30,,false
SKU-00233,,FOOD_DRY,SUP-036,LOC-019,WH-S-BIN-33,13.0,15.0,138.72,2026-01-21,,false
SKU-00234,Floor Marking Paint,FOOD_COLD,SUP-092,LOC-008,WH-H-BIN-34,482.0,15.0,766.63,2026-05-12,2027-06-13,false
SKU-00235,Battery Charger 24V,PACKAGING,SUP-088,Warehouse N,WH-N-BIN-35,7.0,20.0,80.67,2026-04-01,2027-03-05,false
SKU-00236,,MACHINERY_PARTS,SUP-035,LOC-009,WH-I-BIN-36,251.0,0.0,706.01,2026-06-04,,false
SKU-00237,Humidity Sensor Probe,PPE,SUP-033,LOC-018,WH-R-BIN-37,123.0,15.0,515.63,2026-06-11,,false
SKU-00238,Pallet Strap Tool,CLEANING,SUP-043,LOC-002,WH-B-BIN-38,461.0,20.0,664.35,2026-03-15,2026-12-14,false
SKU-00239,Coolant Concentrate,MEDICAL,SUP-188,LOC-016,WH-P-BIN-39,28.0,20.0,637.49,2026-04-30,2027-07-28,false
SKU-00240,,RAW_MATERIALS,SUP-029,LOC-008,WH-H-BIN-40,59.0,0.0,237.42,2026-02-16,,false
SKU-00241,Steel Bolt M8,CHEMICALS,SUP-083,LOC-008,WH-H-BIN-41,232.0,0.0,705.67,2026-03-31,2027-05-06,true
SKU-00242,,ELECTRONICS,SUP-199,LOC-004,WH-D-BIN-42,152.0,30.0,190.97,2026-03-21,,false
SKU-00243,Industrial Solvent 5L,FOOD_DRY,SUP-145,LOC-010,WH-J-BIN-43,76.0,0,696.65,2026-01-26,,false
SKU-00244,Forklift Battery 24V,FOOD_COLD,SUP-065,LOC-014,WH-N-BIN-44,286.0,20.0,156.90,2026-01-20,2027-02-07,false
SKU-00245,Safety Gloves L,PACKAGING,SUP-184,LOC-007,WH-G-BIN-45,126.0,10.0,607.01,2026-02-04,2027-03-05,false
SKU-00246,Conveyor Belt Patch,MACHINERY_PARTS,SUP-012,LOC-017,WH-Q-BIN-46,5.0,25.0,68.78,2025-12-28,,false
SKU-00247,Shrink Wrap Film Roll,PPE,SUP-087,LOC-011,WH-K-BIN-47,154.0,25.0,71.91,2026-05-22,,false
SKU-00248,Label Printer Ribbon,CLEANING,SUP-026,LOC-012,WH-L-BIN-48,73.0,15.0,157.63,2026-06-22,2027-07-15,false
SKU-00249,Dock Leveler Seal,MEDICAL,SUP-121,LOC-003,WH-C-BIN-49,29.0,30.0,795.04,2026-03-30,,false
SKU-00250,LED Warehouse Light,RAW_MATERIALS,SUP-122,LOC-012,WH-L-BIN-50,397.0,25.0,569.65,2026-05-18,,false
SKU-00251,Nitrile Gloves Box,CHEMICALS,SUP-052,LOC-012,WH-L-BIN-51,251.0,25.0,600.34,2026-06-14,2026-09-26,true
SKU-00252,Pallet Jack Wheel,ELECTRONICS,SUP-177,LOC-012,WH-L-BIN-52,374.0,25.0,774.57,2026-03-30,,false
SKU-00253,,FOOD_DRY,SUP-089,LOC-013,WH-M-BIN-53,434.0,0.0,755.60,2026-05-03,,false
SKU-00254,Fire Extinguisher 4kg,FOOD_COLD,SUP-013,LOC-001,WH-A-BIN-54,114.0,0,75.07,2026-03-19,2027-03-13,false
SKU-00255,PVC Pipe 50mm,PACKAGING,SUP-059,LOC-010,WH-J-BIN-55,358.0,15.0,682.32,2025-12-30,,false
SKU-00256,Rubber Gasket Set,MACHINERY_PARTS,SUP-022,LOC-012,WH-L-BIN-56,326.0,0.0,362.42,2026-05-16,,false
SKU-00258,,CLEANING,SUP-082,LOC-003,WH-C-BIN-58,334.0,15.0,8.96,2026-01-19,,false
SKU-00259,Wooden Pallet Std,MEDICAL,SUP-055,LOC-019,WH-S-BIN-59,48.0,0,505.18,2026-05-24,,false
SKU-00260,Steel Shelving Unit,RAW_MATERIALS,SUP-163,LOC-002,WH-B-BIN-60,377.0,40.0,76.56,2025-12-30,,false
SKU-00261,Hand Truck,CHEMICALS,SUP-020,LOC-008,WH-H-BIN-61,2.0,10.0,613.25,2026-03-17,2027-07-09,true
SKU-00262,Spill Kit 20L,ELECTRONICS,SUP-048,LOC-011,WH-K-BIN-62,38.0,40.0,310.88,2026-03-11,,false
SKU-00263,Epoxy Resin 1L,FOOD_DRY,SUP-103,LOC-018,WH-R-BIN-63,13.0,40.0,478.54,2026-05-03,,false
SKU-00264,Chain Block 1T,FOOD_COLD,SUP-176,LOC-016,WH-P-BIN-64,112.0,40.0,623.53,2026-04-28,,false
SKU-00265,Temperature Logger,PACKAGING,SUP-047,LOC-019,WH-S-BIN-65,22.0,40.0,146.74,2026-04-18,,false
SKU-00266,Anti-Slip Tape Roll,MACHINERY_PARTS,SUP-140,LOC-017,WH-Q-BIN-66,463.0,30.0,797.89,2026-01-23,,false
SKU-00267,Welding Rod 3.2mm,PPE,SUP-092,LOC-014,WH-N-BIN-67,262.0,25.0,172.24,2026-03-27,,false
SKU-00268,,CLEANING,SUP-043,LOC-020,WH-T-BIN-68,14.0,30.0,134.62,2026-01-09,2026-09-01,false
SKU-00269,First Aid Refill,MEDICAL,SUP-088,LOC-010,WH-J-BIN-69,141.0,40.0,563.31,2026-06-09,,false
SKU-00270,Racking Beam 2.4m,RAW_MATERIALS,SUP-104,LOC-003,WH-C-BIN-70,392.0,10.0,373.46,2026-01-02,,false
SKU-00271,Stretch Hood Film,CHEMICALS,SUP-143,LOC-004,WH-D-BIN-71,94.0,15.0,214.72,2026-04-17,,false
SKU-00272,Load Cell 500kg,ELECTRONICS,SUP-072,LOC-010,WH-J-BIN-72,423.0,0,429.62,2026-02-11,,false
SKU-00273,Dock Bumpers Pair,FOOD_DRY,SUP-171,LOC-012,WH-L-BIN-73,418.0,25.0,249.69,2026-04-02,,false
SKU-00275,Battery Charger 24V,PACKAGING,SUP-046,LOC-009,WH-I-BIN-75,342.0,10.0,76.25,2026-05-23,2027-05-22,false
SKU-00276,Mesh Security Cage,MACHINERY_PARTS,SUP-184,LOC-013,WH-M-BIN-76,4.0,10.0,70.08,2026-04-27,,false
SKU-00277,Humidity Sensor Probe,PPE,SUP-034,LOC-018,WH-R-BIN-77,226.0,25.0,93.98,2026-05-23,,false
SKU-00279,Coolant Concentrate,MEDICAL,SUP-091,LOC-020,WH-T-BIN-79,155.0,0,510.70,2026-05-19,,false
SKU-00280,,RAW_MATERIALS,SUP-186,Warehouse K,WH-K-BIN-80,7.0,30.0,671.41,2026-06-23,,false
SKU-00281,Steel Bolt M8,CHEMICALS,SUP-120,LOC-014,WH-N-BIN-01,346.0,25.0,770.11,2026-02-28,2027-06-08,false
SKU-00282,Hydraulic Hose 2in,ELECTRONICS,SUP-157,LOC-008,WH-H-BIN-02,391.0,30.0,317.32,2026-06-12,,false
SKU-00283,Industrial Solvent 5L,FOOD_DRY,SUP-088,LOC-016,WH-P-BIN-03,10.0,15.0,626.97,2026-01-27,2027-06-28,false
SKU-00284,Forklift Battery 24V,FOOD_COLD,SUP-141,Warehouse G,WH-G-BIN-04,284.0,15.0,68.92,2026-05-03,,false
SKU-00286,Conveyor Belt Patch,MACHINERY_PARTS,SUP-061,wh_o,WH-O-BIN-06,276.0,30.0,258.83,2026-06-23,,false
SKU-00287,Shrink Wrap Film Roll,PPE,SUP-010,LOC-012,WH-L-BIN-07,4.0,25.0,213.57,2026-05-22,,false
SKU-00288,Label Printer Ribbon,CLEANING,SUP-129,LOC-015,WH-O-BIN-08,222.0,20.0,130.51,2026-02-25,,false
SKU-00289,Dock Leveler Seal,MEDICAL,SUP-042,LOC-013,WH-M-BIN-09,256.0,40.0,654.78,2026-05-25,2026-11-20,false
SKU-00290,LED Warehouse Light,RAW_MATERIALS,SUP-069,LOC-010,WH-J-BIN-10,205.0,0.0,660.82,2026-03-28,,false
SKU-00292,Pallet Jack Wheel,ELECTRONICS,SUP-152,LOC-009,WH-I-BIN-12,251.0,30.0,57.61,2026-04-20,,false
SKU-00293,Barcode Scanner,FOOD_DRY,SUP-192,LOC-013,WH-M-BIN-13,144.0,15.0,228.57,2026-06-25,,false
SKU-00295,,PACKAGING,SUP-036,LOC-005,WH-E-BIN-15,484.0,10.0,417.95,2026-02-17,,false
SKU-00296,Rubber Gasket Set,MACHINERY_PARTS,SUP-144,LOC-010,WH-J-BIN-16,1.0,10.0,701.05,2026-04-24,,false
SKU-00297,Cable Tie Assorted,PPE,SUP-142,LOC-002,WH-B-BIN-17,286.0,30.0,561.72,2026-01-09,2027-05-11,false
SKU-00298,Dust Mask N95 Pack,CLEANING,SUP-039,LOC-006,WH-F-BIN-18,40.0,40.0,248.39,2026-06-08,,false
SKU-00299,Wooden Pallet Std,MEDICAL,SUP-110,LOC-016,WH-P-BIN-19,488.0,25.0,656.45,2026-01-02,,false
SKU-00300,Steel Shelving Unit,RAW_MATERIALS,SUP-136,Warehouse M,WH-M-BIN-20,376.0,15.0,303.76,2026-03-13,,false
SKU-00301,,CHEMICALS,SUP-075,LOC-015,WH-O-BIN-21,370.0,10.0,479.47,2026-01-07,,false
SKU-00302,Spill Kit 20L,ELECTRONICS,SUP-084,LOC-008,WH-H-BIN-22,456.0,40.0,149.86,2026-01-06,,false
SKU-00303,Epoxy Resin 1L,FOOD_DRY,SUP-090,LOC-020,WH-T-BIN-23,29.0,30.0,292.67,2026-05-08,2026-11-14,false
SKU-00304,Chain Block 1T,FOOD_COLD,SUP-031,LOC-002,WH-B-BIN-24,193.0,15.0,160.43,2026-04-20,,false
SKU-00305,Temperature Logger,PACKAGING,SUP-110,Warehouse M,WH-M-BIN-25,133.0,30.0,508.48,2026-03-06,,false
SKU-00307,,PPE,SUP-054,LOC-001,WH-A-BIN-27,64.0,40.0,496.41,2026-04-20,2026-09-01,false
SKU-00308,Compressed Air Hose,CLEANING,SUP-194,LOC-011,WH-K-BIN-28,272.0,0,278.91,2026-04-05,,false
SKU-00310,,RAW_MATERIALS,SUP-102,LOC-004,WH-D-BIN-30,499.0,0.0,519.77,2026-02-04,,false
SKU-00311,Stretch Hood Film,CHEMICALS,SUP-091,LOC-011,WH-K-BIN-31,20.0,20.0,477.44,2026-03-23,,true
SKU-00312,Load Cell 500kg,ELECTRONICS,SUP-054,LOC-017,WH-Q-BIN-32,11.0,0,403.31,2026-01-28,2027-05-08,false
SKU-00313,Dock Bumpers Pair,FOOD_DRY,SUP-052,LOC-019,WH-S-BIN-33,96.0,30.0,508.15,2026-02-02,,false
SKU-00314,,FOOD_COLD,SUP-100,LOC-014,WH-N-BIN-34,316.0,30.0,506.68,2026-03-30,2027-02-15,false
SKU-00315,Battery Charger 24V,PACKAGING,SUP-136,LOC-006,WH-F-BIN-35,165.0,20.0,27.53,2026-05-12,,false
SKU-00316,Mesh Security Cage,MACHINERY_PARTS,SUP-192,LOC-007,WH-G-BIN-36,72.0,25.0,612.76,2026-03-07,,false
SKU-00317,Humidity Sensor Probe,PPE,SUP-168,Warehouse H,WH-H-BIN-37,29.0,25.0,564.95,2026-06-18,2026-12-06,false
SKU-00318,Pallet Strap Tool,CLEANING,SUP-169,LOC-002,WH-B-BIN-38,346.0,0.0,44.25,2026-01-10,,false
SKU-00319,Coolant Concentrate,MEDICAL,SUP-076,LOC-020,WH-T-BIN-39,422.0,0.0,456.96,2026-04-28,2027-03-09,false
SKU-00320,,RAW_MATERIALS,SUP-114,LOC-020,WH-T-BIN-40,395.0,25.0,39.63,2026-04-19,,false
SKU-00321,Steel Bolt M8,CHEMICALS,SUP-095,LOC-017,WH-Q-BIN-41,71.0,30.0,21.73,2026-03-26,,false
SKU-00322,Hydraulic Hose 2in,ELECTRONICS,SUP-076,LOC-006,WH-F-BIN-42,407.0,30.0,37.15,2026-05-30,,false
SKU-00323,,FOOD_DRY,SUP-128,LOC-010,WH-J-BIN-43,9.0,10.0,726.12,2026-02-13,,false
SKU-00324,,FOOD_COLD,SUP-125,LOC-015,WH-O-BIN-44,315.0,0.0,677.99,2026-06-06,,false
SKU-00325,Safety Gloves L,PACKAGING,SUP-179,LOC-011,WH-K-BIN-45,332.0,25.0,93.48,2026-01-11,2027-05-24,false
SKU-00326,Conveyor Belt Patch,MACHINERY_PARTS,SUP-117,LOC-007,WH-G-BIN-46,413.0,40.0,319.58,2026-02-11,,false
SKU-00327,Shrink Wrap Film Roll,PPE,SUP-173,LOC-010,WH-J-BIN-47,177.0,10.0,552.32,2026-04-28,,false
SKU-00328,,CLEANING,SUP-200,LOC-001,WH-A-BIN-48,374.0,30.0,620.03,2026-01-24,,false
SKU-00329,,MEDICAL,SUP-079,LOC-004,WH-D-BIN-49,482.0,10.0,462.00,2026-02-17,,false
SKU-00330,LED Warehouse Light,RAW_MATERIALS,SUP-036,LOC-010,WH-J-BIN-50,470.0,25.0,657.49,2026-03-01,,false
SKU-00331,Nitrile Gloves Box,CHEMICALS,SUP-027,LOC-009,WH-I-BIN-51,192.0,25.0,734.27,2026-03-21,,false
SKU-00332,Pallet Jack Wheel,ELECTRONICS,SUP-143,wh_o,WH-O-BIN-52,443.0,20.0,82.86,2026-04-11,,false
SKU-00333,Barcode Scanner,FOOD_DRY,SUP-102,LOC-008,WH-H-BIN-53,354.0,10.0,644.48,2026-03-23,2027-02-18,false
SKU-00334,Fire Extinguisher 4kg,FOOD_COLD,SUP-096,LOC-019,WH-S-BIN-54,8.0,0,396.15,2026-02-20,2027-04-19,false
SKU-00335,PVC Pipe 50mm,PACKAGING,SUP-042,LOC-018,WH-R-BIN-55,228.0,20.0,592.21,2026-05-12,,false
SKU-00336,Rubber Gasket Set,MACHINERY_PARTS,SUP-023,LOC-011,WH-K-BIN-56,82.0,0,739.28,2026-02-03,2027-06-27,false
SKU-00337,,PPE,SUP-052,Warehouse Q,WH-Q-BIN-57,80.0,40.0,618.97,2026-04-17,,false
SKU-00338,,CLEANING,SUP-014,Warehouse C,WH-C-BIN-58,65.0,10.0,518.26,2026-04-08,2026-09-05,false
SKU-00339,Wooden Pallet Std,MEDICAL,SUP-067,LOC-015,WH-O-BIN-59,21.0,40.0,455.79,2026-06-01,,false
SKU-00340,Steel Shelving Unit,RAW_MATERIALS,SUP-071,LOC-019,WH-S-BIN-60,116.0,15.0,139.90,2026-04-04,2026-08-29,false
SKU-00341,,CHEMICALS,SUP-040,LOC-018,WH-R-BIN-61,458.0,20.0,408.12,2026-06-19,,false
SKU-00342,Spill Kit 20L,ELECTRONICS,SUP-150,LOC-002,WH-B-BIN-62,256.0,15.0,359.99,2026-05-07,,false
SKU-00343,Epoxy Resin 1L,FOOD_DRY,SUP-178,LOC-014,WH-N-BIN-63,103.0,20.0,543.80,2026-06-10,2026-12-31,false
SKU-00344,Chain Block 1T,FOOD_COLD,SUP-099,LOC-006,WH-F-BIN-64,11.0,30.0,529.97,2026-03-15,,false
SKU-00345,Temperature Logger,PACKAGING,SUP-112,LOC-013,WH-M-BIN-65,340.0,30.0,388.07,2025-12-29,,false
SKU-00347,Welding Rod 3.2mm,PPE,SUP-039,whse o,WH-O-BIN-67,421.0,15.0,576.69,2026-02-12,2026-09-23,false
SKU-00348,Compressed Air Hose,CLEANING,SUP-007,LOC-015,WH-O-BIN-68,470.0,30.0,168.05,2026-04-09,,false
SKU-00349,First Aid Refill,MEDICAL,SUP-090,LOC-009,WH-I-BIN-69,318.0,15.0,711.73,2026-02-05,,false
SKU-00350,Racking Beam 2.4m,RAW_MATERIALS,SUP-146,LOC-006,WH-F-BIN-70,30.0,0,576.00,2026-04-04,,false
SKU-00351,Stretch Hood Film,CHEMICALS,SUP-180,LOC-013,WH-M-BIN-71,324.0,0.0,765.19,2026-02-03,,true
SKU-00354,Floor Marking Paint,FOOD_COLD,SUP-108,LOC-007,WH-G-BIN-74,87.0,40.0,726.29,2026-04-16,,false
SKU-00355,Battery Charger 24V,PACKAGING,SUP-076,LOC-020,WH-T-BIN-75,370.0,10.0,646.49,2026-02-28,,false
SKU-00356,Mesh Security Cage,MACHINERY_PARTS,SUP-015,LOC-020,WH-T-BIN-76,166.0,20.0,716.75,2026-01-14,2026-11-23,false
SKU-00357,Humidity Sensor Probe,PPE,SUP-043,LOC-020,WH-T-BIN-77,477.0,25.0,346.17,2026-02-07,,false
SKU-00359,Coolant Concentrate,MEDICAL,SUP-038,LOC-017,WH-Q-BIN-79,3.0,0,429.99,2026-03-10,,false
SKU-00360,Wheel Chock Rubber,RAW_MATERIALS,SUP-188,LOC-016,WH-P-BIN-80,302.0,0.0,338.70,2026-01-15,2026-12-10,false
SKU-00362,Hydraulic Hose 2in,ELECTRONICS,SUP-157,LOC-001,WH-A-BIN-02,96.0,15.0,438.98,2026-03-15,2027-04-15,false
SKU-00363,Industrial Solvent 5L,FOOD_DRY,SUP-006,LOC-020,WH-T-BIN-03,426.0,15.0,655.79,2026-05-12,,false
SKU-00364,,FOOD_COLD,SUP-059,LOC-005,WH-E-BIN-04,273.0,15.0,112.27,2026-06-07,,false
SKU-00365,Safety Gloves L,PACKAGING,SUP-015,LOC-013,WH-M-BIN-05,129.0,30.0,534.66,2026-04-21,,false
SKU-00366,Conveyor Belt Patch,MACHINERY_PARTS,SUP-150,LOC-018,WH-R-BIN-06,324.0,40.0,135.07,2026-01-05,,false
SKU-00368,Label Printer Ribbon,CLEANING,SUP-033,LOC-007,WH-G-BIN-08,277.0,15.0,603.95,2026-03-16,,false
SKU-00369,,MEDICAL,SUP-155,LOC-004,WH-D-BIN-09,310.0,30.0,76.86,2026-02-15,2027-07-23,false
SKU-00370,LED Warehouse Light,RAW_MATERIALS,SUP-051,LOC-013,WH-M-BIN-10,499.0,15.0,182.97,2025-12-30,2027-06-20,false
SKU-00371,Nitrile Gloves Box,CHEMICALS,SUP-184,LOC-011,WH-K-BIN-11,457.0,0,277.10,2026-03-26,,false
SKU-00372,Pallet Jack Wheel,ELECTRONICS,SUP-115,LOC-009,WH-I-BIN-12,99.0,15.0,698.89,2026-02-13,,false
SKU-00373,,FOOD_DRY,SUP-175,LOC-020,WH-T-BIN-13,336.0,40.0,618.27,2026-05-14,,false
SKU-00374,Fire Extinguisher 4kg,FOOD_COLD,SUP-169,LOC-006,WH-F-BIN-14,334.0,20.0,27.41,2026-02-20,,false
SKU-00375,,PACKAGING,SUP-132,LOC-009,WH-I-BIN-15,432.0,0.0,43.66,2026-05-02,,false
SKU-00376,Rubber Gasket Set,MACHINERY_PARTS,SUP-069,LOC-015,WH-O-BIN-16,133.0,0.0,601.90,2026-06-12,2026-08-20,false
SKU-00377,,PPE,SUP-169,LOC-013,WH-M-BIN-17,445.0,10.0,3.57,2026-03-01,,false
SKU-00378,Dust Mask N95 Pack,CLEANING,SUP-063,LOC-016,WH-P-BIN-18,402.0,25.0,292.02,2026-02-16,,false
SKU-00379,Wooden Pallet Std,MEDICAL,SUP-149,Warehouse L,WH-L-BIN-19,246.0,30.0,582.30,2026-04-05,,false
SKU-00380,Steel Shelving Unit,RAW_MATERIALS,SUP-060,LOC-015,WH-O-BIN-20,139.0,15.0,400.06,2026-01-26,2026-11-11,false
SKU-00381,,CHEMICALS,SUP-048,LOC-002,WH-B-BIN-21,293.0,15.0,474.51,2026-04-12,,false
SKU-00382,Spill Kit 20L,ELECTRONICS,SUP-084,LOC-002,WH-B-BIN-22,324.0,25.0,367.88,2026-05-30,,false
SKU-00383,Epoxy Resin 1L,FOOD_DRY,SUP-044,LOC-020,WH-T-BIN-23,500.0,25.0,124.40,2026-01-03,,false
SKU-00384,Chain Block 1T,FOOD_COLD,SUP-119,LOC-002,WH-B-BIN-24,343.0,30.0,30.71,2026-01-29,,false
SKU-00385,Temperature Logger,PACKAGING,SUP-091,LOC-020,WH-T-BIN-25,101.0,15.0,263.52,2026-05-27,2027-03-15,false
SKU-00386,Anti-Slip Tape Roll,MACHINERY_PARTS,SUP-184,Warehouse O,WH-O-BIN-26,479.0,0,381.77,2025-12-30,2026-09-04,false
SKU-00387,Welding Rod 3.2mm,PPE,SUP-017,LOC-001,WH-A-BIN-27,248.0,10.0,314.38,2026-02-28,,false
SKU-00388,Compressed Air Hose,CLEANING,SUP-123,LOC-010,WH-J-BIN-28,7.0,15.0,244.32,2026-04-10,,false
SKU-00390,Racking Beam 2.4m,RAW_MATERIALS,SUP-156,LOC-020,WH-T-BIN-30,280.0,0.0,35.88,2026-02-20,,false
SKU-00391,Stretch Hood Film,CHEMICALS,SUP-180,LOC-004,WH-D-BIN-31,269.0,25.0,675.05,2026-02-14,,true
SKU-00392,Load Cell 500kg,ELECTRONICS,SUP-043,Warehouse A,WH-A-BIN-32,404.0,20.0,584.89,2026-06-23,2027-07-07,false
SKU-00393,Dock Bumpers Pair,FOOD_DRY,SUP-055,LOC-018,WH-R-BIN-33,174.0,15.0,644.69,2026-05-26,,false
SKU-00394,Floor Marking Paint,FOOD_COLD,SUP-181,LOC-011,WH-K-BIN-34,424.0,20.0,158.39,2026-01-16,,false
SKU-00395,Battery Charger 24V,PACKAGING,SUP-015,LOC-007,WH-G-BIN-35,450.0,0.0,153.92,2026-03-23,2026-07-31,false
SKU-00396,Mesh Security Cage,MACHINERY_PARTS,SUP-053,LOC-009,WH-I-BIN-36,443.0,10.0,177.60,2026-05-18,,false
SKU-00398,Pallet Strap Tool,CLEANING,SUP-199,Warehouse A,WH-A-BIN-38,302.0,20.0,727.04,2026-02-06,,false
SKU-00399,Coolant Concentrate,MEDICAL,SUP-198,LOC-004,WH-D-BIN-39,297.0,30.0,678.51,2026-02-01,,false
SKU-00400,Wheel Chock Rubber,RAW_MATERIALS,SUP-059,LOC-015,WH-O-BIN-40,375.0,15.0,700.06,2026-02-22,,false
SKU-00401,Steel Bolt M8,CHEMICALS,SUP-010,LOC-017,WH-Q-BIN-41,322.0,30.0,706.27,2025-12-28,,false
SKU-00402,Hydraulic Hose 2in,ELECTRONICS,SUP-102,LOC-018,WH-R-BIN-42,467.0,0,336.80,2026-06-18,,false
SKU-00403,,FOOD_DRY,SUP-110,LOC-009,WH-I-BIN-43,255.0,0.0,728.70,2026-06-15,,false
SKU-00404,Forklift Battery 24V,FOOD_COLD,SUP-139,LOC-008,WH-H-BIN-44,456.0,10.0,604.14,2026-02-06,2027-05-14,false
SKU-00405,Safety Gloves L,PACKAGING,SUP-123,LOC-013,WH-M-BIN-45,259.0,10.0,759.28,2026-03-13,,false
SKU-00406,Conveyor Belt Patch,MACHINERY_PARTS,SUP-070,LOC-009,WH-I-BIN-46,160.0,0.0,97.76,2026-03-28,,false
SKU-00407,,PPE,SUP-011,LOC-003,WH-C-BIN-47,195.0,10.0,259.70,2026-02-28,2026-10-23,false
SKU-00408,,CLEANING,SUP-004,LOC-008,WH-H-BIN-48,72.0,40.0,421.29,2026-05-22,,false
SKU-00410,LED Warehouse Light,RAW_MATERIALS,SUP-045,LOC-010,WH-J-BIN-50,134.0,0.0,513.24,2026-02-24,2026-10-16,false
SKU-00411,Nitrile Gloves Box,CHEMICALS,SUP-125,LOC-006,WH-F-BIN-51,484.0,40.0,276.39,2026-05-13,2027-07-12,false
SKU-00412,Pallet Jack Wheel,ELECTRONICS,SUP-062,Warehouse E,WH-E-BIN-52,463.0,10.0,231.17,2026-03-19,,false
SKU-00413,,FOOD_DRY,SUP-060,LOC-013,WH-M-BIN-53,101.0,30.0,293.58,2026-01-27,,false
SKU-00414,Fire Extinguisher 4kg,FOOD_COLD,SUP-034,LOC-015,WH-O-BIN-54,245.0,25.0,408.12,2026-04-16,,false
SKU-00415,PVC Pipe 50mm,PACKAGING,SUP-007,LOC-014,WH-N-BIN-55,116.0,0,316.47,2026-04-02,,false
SKU-00416,Rubber Gasket Set,MACHINERY_PARTS,SUP-074,LOC-015,WH-O-BIN-56,404.0,0.0,634.33,2026-04-27,2027-02-06,false
SKU-00418,Dust Mask N95 Pack,CLEANING,SUP-112,LOC-018,WH-R-BIN-58,340.0,0.0,392.81,2026-03-08,,false
SKU-00419,Wooden Pallet Std,MEDICAL,SUP-194,LOC-010,WH-J-BIN-59,423.0,25.0,611.10,2026-02-23,2026-09-11,false
SKU-00420,Steel Shelving Unit,RAW_MATERIALS,SUP-100,LOC-007,WH-G-BIN-60,29.0,0.0,605.39,2026-01-24,,false
SKU-00421,Hand Truck,CHEMICALS,SUP-140,LOC-001,WH-A-BIN-61,63.0,10.0,377.77,2026-04-26,2027-07-20,false
SKU-00422,Spill Kit 20L,ELECTRONICS,SUP-133,LOC-004,WH-D-BIN-62,100.0,0.0,164.28,2026-01-13,,false
SKU-00423,Epoxy Resin 1L,FOOD_DRY,SUP-019,LOC-009,WH-I-BIN-63,296.0,30.0,167.81,2026-05-10,,false
SKU-00424,Chain Block 1T,FOOD_COLD,SUP-082,LOC-006,WH-F-BIN-64,395.0,10.0,186.24,2026-01-04,,false
SKU-00425,Temperature Logger,PACKAGING,SUP-042,LOC-005,WH-E-BIN-65,467.0,25.0,296.58,2026-01-08,,false
SKU-00427,Welding Rod 3.2mm,PPE,SUP-197,LOC-010,WH-J-BIN-67,487.0,20.0,731.09,2026-01-23,2027-04-17,false
SKU-00428,Compressed Air Hose,CLEANING,SUP-075,LOC-006,WH-F-BIN-68,428.0,20.0,549.46,2026-06-06,,false
SKU-00429,First Aid Refill,MEDICAL,SUP-080,LOC-015,WH-O-BIN-69,228.0,10.0,360.59,2026-01-29,,false
SKU-00430,Racking Beam 2.4m,RAW_MATERIALS,SUP-033,LOC-009,WH-I-BIN-70,22.0,0.0,301.98,2026-05-01,,false
SKU-00431,Stretch Hood Film,CHEMICALS,SUP-110,LOC-016,WH-P-BIN-71,292.0,30.0,70.15,2026-02-02,2027-02-03,true
SKU-00432,Load Cell 500kg,ELECTRONICS,SUP-053,Warehouse T,WH-T-BIN-72,298.0,10.0,396.01,2026-06-18,,false
SKU-00433,,FOOD_DRY,SUP-018,Warehouse T,WH-T-BIN-73,276.0,15.0,754.17,2026-03-14,2026-09-06,false
SKU-00435,Battery Charger 24V,PACKAGING,SUP-029,LOC-018,WH-R-BIN-75,242.0,20.0,138.75,2026-04-03,2027-02-10,false
SKU-00437,Humidity Sensor Probe,PPE,SUP-050,LOC-007,WH-G-BIN-77,234.0,20.0,406.97,2026-04-13,,false
SKU-00439,Coolant Concentrate,MEDICAL,SUP-173,LOC-016,WH-P-BIN-79,428.0,15.0,401.04,2026-06-18,,false
SKU-00440,Wheel Chock Rubber,RAW_MATERIALS,SUP-043,LOC-004,WH-D-BIN-80,473.0,20.0,197.96,2026-06-14,2026-12-08,false
SKU-00441,Steel Bolt M8,CHEMICALS,SUP-018,LOC-019,WH-S-BIN-01,100.0,30.0,124.48,2026-02-22,,false
SKU-00442,Hydraulic Hose 2in,ELECTRONICS,SUP-169,LOC-013,WH-M-BIN-02,240.0,25.0,411.43,2026-06-19,,false
SKU-00443,Industrial Solvent 5L,FOOD_DRY,SUP-025,LOC-007,WH-G-BIN-03,106.0,25.0,492.80,2026-05-01,,false
SKU-00444,,FOOD_COLD,SUP-090,LOC-016,WH-P-BIN-04,129.0,10.0,546.41,2026-04-20,,false
SKU-00445,Safety Gloves L,PACKAGING,SUP-029,LOC-017,WH-Q-BIN-05,397.0,20.0,589.55,2026-02-19,,false
SKU-00446,Conveyor Belt Patch,MACHINERY_PARTS,SUP-158,LOC-019,WH-S-BIN-06,71.0,0.0,650.90,2026-06-08,,false
SKU-00447,Shrink Wrap Film Roll,PPE,SUP-040,Warehouse T,WH-T-BIN-07,280.0,10.0,498.01,2026-03-08,,false
SKU-00448,Label Printer Ribbon,CLEANING,SUP-064,LOC-012,WH-L-BIN-08,282.0,0,725.47,2026-04-19,,false
SKU-00449,Dock Leveler Seal,MEDICAL,SUP-096,LOC-002,WH-B-BIN-09,296.0,25.0,507.79,2026-01-28,,false
SKU-00450,LED Warehouse Light,RAW_MATERIALS,SUP-178,LOC-007,WH-G-BIN-10,47.0,20.0,292.14,2026-05-12,2027-03-19,false
SKU-00451,Nitrile Gloves Box,CHEMICALS,SUP-116,Warehouse R,WH-R-BIN-11,436.0,40.0,133.34,2026-03-31,,false
SKU-00452,Pallet Jack Wheel,ELECTRONICS,SUP-013,LOC-011,WH-K-BIN-12,485.0,15.0,715.74,2026-05-26,,false
SKU-00453,,FOOD_DRY,SUP-196,Warehouse F,WH-F-BIN-13,263.0,15.0,229.78,2026-01-31,,false
SKU-00454,Fire Extinguisher 4kg,FOOD_COLD,SUP-081,LOC-012,WH-L-BIN-14,26.0,40.0,255.12,2026-05-23,2027-05-17,false
SKU-00455,,PACKAGING,SUP-065,LOC-011,WH-K-BIN-15,239.0,0.0,353.37,2026-04-26,,false
SKU-00456,Rubber Gasket Set,MACHINERY_PARTS,SUP-097,LOC-020,WH-T-BIN-16,361.0,25.0,767.93,2026-04-05,2026-07-31,false
SKU-00457,Cable Tie Assorted,PPE,SUP-105,LOC-003,WH-C-BIN-17,7.0,15.0,497.97,2026-04-10,2027-03-30,false
SKU-00458,Dust Mask N95 Pack,CLEANING,SUP-156,LOC-001,WH-A-BIN-18,316.0,40.0,374.46,2026-05-22,,false
SKU-00459,Wooden Pallet Std,MEDICAL,SUP-159,LOC-006,WH-F-BIN-19,77.0,40.0,13.98,2026-03-15,,false
SKU-00460,Steel Shelving Unit,RAW_MATERIALS,SUP-074,LOC-003,WH-C-BIN-20,361.0,40.0,22.25,2026-05-10,,false
SKU-00461,Hand Truck,CHEMICALS,SUP-021,LOC-020,WH-T-BIN-21,205.0,30.0,598.47,2026-04-15,2027-01-08,false
SKU-00462,Spill Kit 20L,ELECTRONICS,SUP-164,LOC-003,WH-C-BIN-22,312.0,20.0,669.98,2026-03-15,2026-11-17,false
SKU-00463,Epoxy Resin 1L,FOOD_DRY,SUP-182,LOC-002,WH-B-BIN-23,89.0,15.0,722.31,2026-06-05,2027-01-24,false
SKU-00464,Chain Block 1T,FOOD_COLD,SUP-198,Warehouse P,WH-P-BIN-24,469.0,20.0,326.09,2026-03-11,,false
SKU-00465,Temperature Logger,PACKAGING,SUP-063,LOC-020,WH-T-BIN-25,18.0,30.0,770.94,2026-02-24,,false
SKU-00466,Anti-Slip Tape Roll,MACHINERY_PARTS,SUP-170,LOC-001,WH-A-BIN-26,453.0,0.0,271.15,2025-12-29,,false
SKU-00468,Compressed Air Hose,CLEANING,SUP-156,LOC-012,WH-L-BIN-28,61.0,15.0,695.93,2026-06-17,,false
SKU-00469,,MEDICAL,SUP-173,LOC-018,WH-R-BIN-29,154.0,0.0,162.38,2026-01-11,,false
SKU-00470,Racking Beam 2.4m,RAW_MATERIALS,SUP-194,LOC-003,WH-C-BIN-30,248.0,20.0,84.98,2026-05-11,,false
SKU-00471,,CHEMICALS,SUP-086,LOC-014,WH-N-BIN-31,290.0,10.0,390.10,2026-04-01,,false
SKU-00472,Load Cell 500kg,ELECTRONICS,SUP-050,Warehouse K,WH-K-BIN-32,322.0,25.0,432.02,2026-02-15,,false
SKU-00473,Dock Bumpers Pair,FOOD_DRY,SUP-110,LOC-003,WH-C-BIN-33,234.0,0,265.36,2026-05-30,2027-02-18,false
SKU-00474,Floor Marking Paint,FOOD_COLD,SUP-141,LOC-019,WH-S-BIN-34,478.0,0,357.42,2026-01-12,,false
SKU-00475,,PACKAGING,SUP-181,Warehouse J,WH-J-BIN-35,119.0,25.0,363.17,2026-02-15,2027-06-18,false
SKU-00476,Mesh Security Cage,MACHINERY_PARTS,SUP-076,LOC-011,WH-K-BIN-36,256.0,20.0,546.02,2026-06-20,,false
SKU-00477,Humidity Sensor Probe,PPE,SUP-011,LOC-013,WH-M-BIN-37,414.0,30.0,272.75,2026-02-16,,false
SKU-00478,Pallet Strap Tool,CLEANING,SUP-080,LOC-007,WH-G-BIN-38,425.0,30.0,602.72,2026-04-27,,false
SKU-00479,Coolant Concentrate,MEDICAL,SUP-120,LOC-006,WH-F-BIN-39,206.0,40.0,58.60,2026-04-04,,false
SKU-00480,Wheel Chock Rubber,RAW_MATERIALS,SUP-094,LOC-014,WH-N-BIN-40,262.0,15.0,744.46,2026-03-29,,false
SKU-00482,Hydraulic Hose 2in,ELECTRONICS,SUP-103,LOC-013,WH-M-BIN-42,339.0,0.0,66.86,2026-06-11,,false
SKU-00483,Industrial Solvent 5L,FOOD_DRY,SUP-033,LOC-012,WH-L-BIN-43,433.0,25.0,261.93,2026-03-16,2027-05-07,false
SKU-00484,Forklift Battery 24V,FOOD_COLD,SUP-027,LOC-008,WH-H-BIN-44,388.0,25.0,571.19,2026-03-13,,false
SKU-00486,Conveyor Belt Patch,MACHINERY_PARTS,SUP-163,LOC-013,WH-M-BIN-46,308.0,0,192.53,2026-04-01,,false
SKU-00488,Label Printer Ribbon,CLEANING,SUP-054,Warehouse R,WH-R-BIN-48,286.0,30.0,182.94,2026-06-03,,false
SKU-00489,Dock Leveler Seal,MEDICAL,SUP-149,LOC-009,WH-I-BIN-49,353.0,15.0,409.95,2026-01-29,,false
SKU-00490,LED Warehouse Light,RAW_MATERIALS,SUP-129,LOC-006,WH-F-BIN-50,499.0,0.0,140.74,2026-06-23,,false
SKU-00491,Nitrile Gloves Box,CHEMICALS,SUP-110,LOC-013,WH-M-BIN-51,184.0,25.0,359.87,2025-12-29,,false
SKU-00492,Pallet Jack Wheel,ELECTRONICS,SUP-146,LOC-002,WH-B-BIN-52,30.0,10.0,67.77,2026-06-15,,false
SKU-00493,Barcode Scanner,FOOD_DRY,SUP-053,LOC-001,WH-A-BIN-53,402.0,15.0,374.26,2026-06-22,,false
SKU-00494,Fire Extinguisher 4kg,FOOD_COLD,SUP-184,LOC-017,WH-Q-BIN-54,442.0,30.0,555.87,2026-01-28,,false
SKU-00495,,PACKAGING,SUP-101,LOC-003,WH-C-BIN-55,273.0,15.0,277.86,2026-05-19,,false
SKU-00497,Cable Tie Assorted,PPE,SUP-196,LOC-010,WH-J-BIN-57,2.0,15.0,94.91,2026-05-05,2027-05-15,false
SKU-00498,Dust Mask N95 Pack,CLEANING,SUP-052,LOC-012,WH-L-BIN-58,187.0,25.0,126.71,2026-02-22,,false
SKU-00499,Wooden Pallet Std,MEDICAL,SUP-152,LOC-003,WH-C-BIN-59,462.0,25.0,94.77,2026-05-14,,false
SKU-00500,Steel Shelving Unit,RAW_MATERIALS,SUP-035,LOC-010,WH-J-BIN-60,405.0,30.0,89.30,2026-01-05,2026-08-07,false
SKU-00001,Hand Truck,CHEMICALS,SUP-196,LOC-002,WH-B-BIN-61,262.0,0.0,37.46,2026-03-05,,false
SKU-00002,Spill Kit 20L,ELECTRONICS,SUP-079,LOC-010,WH-J-BIN-62,30.0,25.0,448.18,2026-03-21,,false
SKU-00003,Epoxy Resin 1L,FOOD_DRY,SUP-148,LOC-009,WH-I-BIN-63,269.0,10.0,607.72,2026-05-05,2027-05-02,false
SKU-00004,Chain Block 1T,FOOD_COLD,SUP-034,LOC-004,WH-D-BIN-64,6.0,0,182.56,2026-01-23,,false
SKU-00005,Temperature Logger,PACKAGING,SUP-097,LOC-016,WH-P-BIN-65,72.0,15.0,511.46,2026-01-13,,false
SKU-00008,Compressed Air Hose,CLEANING,SUP-028,LOC-010,WH-J-BIN-68,163.0,25.0,556.39,2026-02-10,,false
SKU-00009,First Aid Refill,MEDICAL,SUP-144,LOC-019,WH-S-BIN-69,490.0,15.0,364.20,2026-05-07,,false
SKU-00010,Racking Beam 2.4m,RAW_MATERIALS,SUP-114,LOC-005,WH-E-BIN-70,26.0,30.0,557.24,2026-03-12,,false
SKU-00012,Load Cell 500kg,ELECTRONICS,SUP-092,LOC-012,WH-L-BIN-72,361.0,40.0,526.85,2026-01-05,2026-08-28,false
SKU-00013,Dock Bumpers Pair,FOOD_DRY,SUP-021,LOC-019,WH-S-BIN-73,493.0,20.0,279.72,2026-04-04,,false
SKU-00014,Floor Marking Paint,FOOD_COLD,SUP-087,LOC-007,WH-G-BIN-74,207.0,0,311.33,2026-04-17,2027-05-15,false
SKU-00015,Battery Charger 24V,PACKAGING,SUP-187,LOC-019,WH-S-BIN-75,49.0,25.0,688.16,2026-04-21,,false
SKU-00016,Mesh Security Cage,MACHINERY_PARTS,SUP-174,LOC-012,WH-L-BIN-76,320.0,40.0,119.96,2026-06-07,,false
SKU-00017,Humidity Sensor Probe,PPE,SUP-036,LOC-001,WH-A-BIN-77,347.0,10.0,382.11,2026-01-15,,false
SKU-00018,Pallet Strap Tool,CLEANING,SUP-019,LOC-015,WH-O-BIN-78,448.0,0,678.43,2026-05-23,,false
SKU-00019,Coolant Concentrate,MEDICAL,SUP-037,LOC-003,WH-C-BIN-79,431.0,10.0,433.98,2026-01-21,2027-02-19,false
SKU-00021,Steel Bolt M8,CHEMICALS,SUP-021,LOC-005,WH-E-BIN-01,5.0,10.0,252.35,2026-05-12,,true
SKU-00022,,ELECTRONICS,SUP-182,LOC-011,WH-K-BIN-02,380.0,0,147.89,2026-01-18,,false
SKU-00023,Industrial Solvent 5L,FOOD_DRY,SUP-192,LOC-002,WH-B-BIN-03,184.0,40.0,77.51,2026-06-03,,false
SKU-00025,,PACKAGING,SUP-128,LOC-013,WH-M-BIN-05,327.0,0,559.00,2026-01-11,,false
SKU-00026,Conveyor Belt Patch,MACHINERY_PARTS,SUP-194,LOC-014,WH-N-BIN-06,1.0,30.0,202.45,2026-02-13,,false
SKU-00027,,PPE,SUP-037,LOC-016,WH-P-BIN-07,143.0,40.0,622.46,2026-05-08,,false
SKU-00028,Label Printer Ribbon,CLEANING,SUP-162,LOC-018,WH-R-BIN-08,361.0,30.0,67.93,2026-03-24,,false
SKU-00029,Dock Leveler Seal,MEDICAL,SUP-014,LOC-005,WH-E-BIN-09,257.0,0,157.92,2026-06-24,2027-04-18,false
SKU-00030,LED Warehouse Light,RAW_MATERIALS,SUP-101,LOC-015,WH-O-BIN-10,256.0,15.0,290.83,2026-05-02,,false
SKU-00031,Nitrile Gloves Box,CHEMICALS,SUP-041,LOC-018,WH-R-BIN-11,451.0,25.0,126.48,2026-03-16,2026-11-22,false
SKU-00032,,ELECTRONICS,SUP-033,LOC-006,WH-F-BIN-12,49.0,20.0,244.66,2026-05-03,,false
SKU-00033,,FOOD_DRY,SUP-061,Warehouse O,WH-O-BIN-13,368.0,40.0,187.05,2026-06-25,,false
SKU-00034,,FOOD_COLD,SUP-067,LOC-003,WH-C-BIN-14,151.0,25.0,623.44,2026-06-18,,false
SKU-00035,,PACKAGING,SUP-136,LOC-008,WH-H-BIN-15,426.0,10.0,237.52,2026-06-04,,false
SKU-00036,Rubber Gasket Set,MACHINERY_PARTS,SUP-081,LOC-018,WH-R-BIN-16,38.0,40.0,676.13,2026-05-26,,false
SKU-00037,Cable Tie Assorted,PPE,SUP-071,LOC-001,WH-A-BIN-17,158.0,0.0,292.13,2026-06-14,2026-08-13,false
SKU-00038,Dust Mask N95 Pack,CLEANING,SUP-139,LOC-019,WH-S-BIN-18,438.0,10.0,194.64,2026-04-21,,false
SKU-00039,,MEDICAL,SUP-170,LOC-002,WH-B-BIN-19,449.0,30.0,738.62,2026-03-14,2027-04-22,false
SKU-00040,Steel Shelving Unit,RAW_MATERIALS,SUP-075,LOC-017,WH-Q-BIN-20,289.0,40.0,537.19,2026-05-17,,false
SKU-00041,Hand Truck,CHEMICALS,SUP-090,LOC-006,WH-F-BIN-21,454.0,15.0,282.63,2026-04-01,,true
SKU-00042,Spill Kit 20L,ELECTRONICS,SUP-197,LOC-014,WH-N-BIN-22,179.0,0,396.42,2026-03-30,,false
SKU-00043,Epoxy Resin 1L,FOOD_DRY,SUP-023,LOC-001,WH-A-BIN-23,127.0,30.0,660.13,2026-04-07,2027-02-19,false
SKU-00044,Chain Block 1T,FOOD_COLD,SUP-072,LOC-020,WH-T-BIN-24,459.0,0,73.96,2026-03-19,,false
SKU-00045,Temperature Logger,PACKAGING,SUP-157,LOC-002,WH-B-BIN-25,109.0,20.0,780.47,2026-01-21,,false
SKU-00046,Anti-Slip Tape Roll,MACHINERY_PARTS,SUP-116,LOC-018,WH-R-BIN-26,372.0,10.0,585.47,2025-12-28,,false
SKU-00047,Welding Rod 3.2mm,PPE,SUP-171,Warehouse H,WH-H-BIN-27,253.0,0,177.89,2026-05-11,,false
SKU-00048,,CLEANING,SUP-013,LOC-009,WH-I-BIN-28,321.0,20.0,772.32,2026-03-21,,false
SKU-00049,First Aid Refill,MEDICAL,SUP-194,LOC-005,WH-E-BIN-29,54.0,15.0,282.27,2026-05-01,,false
SKU-00050,Racking Beam 2.4m,RAW_MATERIALS,SUP-052,LOC-015,WH-O-BIN-30,172.0,40.0,520.84,2026-05-01,,false
SKU-00051,,CHEMICALS,SUP-199,LOC-002,WH-B-BIN-31,242.0,40.0,408.40,2026-03-01,,false
SKU-00052,Load Cell 500kg,ELECTRONICS,SUP-092,LOC-014,WH-N-BIN-32,492.0,20.0,685.44,2026-01-17,,false
SKU-00053,Dock Bumpers Pair,FOOD_DRY,SUP-018,Warehouse S,WH-S-BIN-33,366.0,20.0,392.49,2026-01-14,,false
SKU-00055,Battery Charger 24V,PACKAGING,SUP-183,LOC-008,WH-H-BIN-35,405.0,25.0,422.96,2026-05-30,,false
SKU-00056,Mesh Security Cage,MACHINERY_PARTS,SUP-172,LOC-009,WH-I-BIN-36,366.0,0.0,514.62,2026-01-13,,false
SKU-00057,Humidity Sensor Probe,PPE,SUP-146,LOC-005,WH-E-BIN-37,457.0,30.0,375.03,2026-05-27,,false
SKU-00058,Pallet Strap Tool,CLEANING,SUP-006,LOC-020,WH-T-BIN-38,13.0,25.0,279.02,2026-03-27,2027-07-27,false
SKU-00059,,MEDICAL,SUP-025,LOC-012,WH-L-BIN-39,272.0,0,501.22,2026-05-25,,false
SKU-00060,Wheel Chock Rubber,RAW_MATERIALS,SUP-134,LOC-018,WH-R-BIN-40,427.0,25.0,708.68,2026-06-03,,false
SKU-00061,Steel Bolt M8,CHEMICALS,SUP-143,LOC-012,WH-L-BIN-41,16.0,30.0,351.83,2026-05-24,2027-04-09,false
SKU-00062,Hydraulic Hose 2in,ELECTRONICS,SUP-021,LOC-001,WH-A-BIN-42,115.0,0,286.19,2026-03-14,2026-09-23,false
SKU-00063,Industrial Solvent 5L,FOOD_DRY,SUP-166,LOC-006,WH-F-BIN-43,153.0,0.0,40.75,2026-01-13,2027-02-10,false
SKU-00064,Forklift Battery 24V,FOOD_COLD,SUP-200,LOC-003,WH-C-BIN-44,226.0,10.0,335.13,2026-06-23,,false
SKU-00065,Safety Gloves L,PACKAGING,SUP-069,LOC-011,WH-K-BIN-45,190.0,15.0,701.30,2026-05-24,,false
SKU-00067,Shrink Wrap Film Roll,PPE,SUP-182,LOC-010,WH-J-BIN-47,62.0,25.0,533.57,2026-05-12,2026-10-01,false
SKU-00068,Label Printer Ribbon,CLEANING,SUP-181,LOC-016,WH-P-BIN-48,36.0,10.0,625.78,2026-05-24,,false
SKU-00069,Dock Leveler Seal,MEDICAL,SUP-116,LOC-011,WH-K-BIN-49,339.0,20.0,193.59,2026-06-16,2026-10-26,false
SKU-00070,LED Warehouse Light,RAW_MATERIALS,SUP-077,LOC-007,WH-G-BIN-50,333.0,30.0,51.02,2026-03-13,,false
SKU-00071,,CHEMICALS,SUP-053,LOC-009,WH-I-BIN-51,246.0,10.0,590.23,2026-01-11,,false
SKU-00072,Pallet Jack Wheel,ELECTRONICS,SUP-054,LOC-013,WH-M-BIN-52,436.0,0.0,420.96,2026-03-19,2026-08-31,false
SKU-00073,Barcode Scanner,FOOD_DRY,SUP-005,Warehouse O,WH-O-BIN-53,54.0,40.0,751.78,2026-05-03,,false
SKU-00074,Fire Extinguisher 4kg,FOOD_COLD,SUP-006,LOC-012,WH-L-BIN-54,183.0,40.0,496.28,2026-05-29,,false
SKU-00075,PVC Pipe 50mm,PACKAGING,SUP-028,LOC-018,WH-R-BIN-55,68.0,15.0,355.70,2026-01-29,,false
SKU-00076,Rubber Gasket Set,MACHINERY_PARTS,SUP-128,LOC-019,WH-S-BIN-56,151.0,15.0,677.54,2026-06-20,2027-06-24,false
SKU-00078,Dust Mask N95 Pack,CLEANING,SUP-116,LOC-001,WH-A-BIN-58,230.0,0.0,708.28,2026-05-28,,false
SKU-00079,Wooden Pallet Std,MEDICAL,SUP-175,LOC-018,WH-R-BIN-59,374.0,25.0,155.11,2026-02-05,,false
SKU-00080,Steel Shelving Unit,RAW_MATERIALS,SUP-049,LOC-004,WH-D-BIN-60,171.0,10.0,754.34,2026-01-19,,false
SKU-00082,Spill Kit 20L,ELECTRONICS,SUP-200,LOC-001,WH-A-BIN-62,445.0,25.0,353.63,2026-02-09,,false
SKU-00083,,FOOD_DRY,SUP-187,LOC-009,WH-I-BIN-63,361.0,0,429.48,2026-06-12,,false
SKU-00084,Chain Block 1T,FOOD_COLD,SUP-034,LOC-006,WH-F-BIN-64,247.0,15.0,549.37,2026-05-23,,false
SKU-00085,Temperature Logger,PACKAGING,SUP-142,LOC-004,WH-D-BIN-65,236.0,10.0,102.94,2026-05-11,,false
SKU-00086,Anti-Slip Tape Roll,MACHINERY_PARTS,SUP-152,LOC-015,WH-O-BIN-66,404.0,0,205.04,2026-04-17,,false
SKU-00087,,PPE,SUP-032,LOC-012,WH-L-BIN-67,431.0,40.0,392.05,2026-01-12,,false
SKU-00088,Compressed Air Hose,CLEANING,SUP-017,LOC-005,WH-E-BIN-68,36.0,40.0,168.46,2026-04-16,2027-02-23,false
SKU-00089,,MEDICAL,SUP-052,LOC-010,WH-J-BIN-69,391.0,0.0,17.47,2026-01-05,,false
SKU-00090,,RAW_MATERIALS,SUP-066,LOC-017,WH-Q-BIN-70,189.0,15.0,278.00,2026-04-17,,false
SKU-00091,Stretch Hood Film,CHEMICALS,SUP-059,LOC-006,WH-F-BIN-71,142.0,25.0,453.28,2026-03-01,,true
SKU-00092,Load Cell 500kg,ELECTRONICS,SUP-134,LOC-010,WH-J-BIN-72,286.0,25.0,769.94,2026-01-10,,false
SKU-00093,Dock Bumpers Pair,FOOD_DRY,SUP-043,LOC-007,WH-G-BIN-73,479.0,15.0,625.36,2026-03-31,,false
SKU-00094,Floor Marking Paint,FOOD_COLD,SUP-048,LOC-001,WH-A-BIN-74,249.0,15.0,512.48,2026-06-24,,false
SKU-00095,Battery Charger 24V,PACKAGING,SUP-059,LOC-007,WH-G-BIN-75,150.0,30.0,709.71,2026-03-31,2027-03-27,false
SKU-00096,Mesh Security Cage,MACHINERY_PARTS,SUP-127,Warehouse Q,WH-Q-BIN-76,384.0,40.0,131.80,2026-06-04,,false
SKU-00097,Humidity Sensor Probe,PPE,SUP-186,LOC-006,WH-F-BIN-77,37.0,10.0,173.41,2026-04-15,2026-10-10,false
SKU-00098,Pallet Strap Tool,CLEANING,SUP-013,LOC-005,WH-E-BIN-78,135.0,15.0,513.19,2026-02-04,,false
SKU-00099,Coolant Concentrate,MEDICAL,SUP-096,LOC-010,WH-J-BIN-79,451.0,0.0,635.48,2026-05-24,2026-08-11,false
SKU-00100,Wheel Chock Rubber,RAW_MATERIALS,SUP-081,LOC-004,WH-D-BIN-80,392.0,40.0,323.53,2026-03-11,,false
SKU-00101,,CHEMICALS,SUP-072,LOC-019,WH-S-BIN-01,406.0,40.0,407.19,2026-01-17,,false
SKU-00102,,ELECTRONICS,SUP-019,LOC-020,WH-T-BIN-02,315.0,0,258.23,2025-12-30,,false
SKU-00103,Industrial Solvent 5L,FOOD_DRY,SUP-057,LOC-004,WH-D-BIN-03,349.0,40.0,253.52,2026-04-04,,false
SKU-00104,Forklift Battery 24V,FOOD_COLD,SUP-179,LOC-008,WH-H-BIN-04,325.0,15.0,394.30,2026-04-06,,false
SKU-00106,,MACHINERY_PARTS,SUP-139,LOC-005,WH-E-BIN-06,65.0,15.0,526.56,2026-05-29,,false
SKU-00107,Shrink Wrap Film Roll,PPE,SUP-108,LOC-013,WH-M-BIN-07,137.0,25.0,634.77,2026-06-17,,false
SKU-00108,,CLEANING,SUP-021,LOC-020,WH-T-BIN-08,193.0,10.0,139.44,2026-01-21,2027-04-13,false
SKU-00109,Dock Leveler Seal,MEDICAL,SUP-117,LOC-015,WH-O-BIN-09,407.0,10.0,534.16,2026-05-27,,false
SKU-00110,LED Warehouse Light,RAW_MATERIALS,SUP-173,LOC-003,WH-C-BIN-10,153.0,40.0,344.04,2026-01-12,,false
SKU-00111,Nitrile Gloves Box,CHEMICALS,SUP-127,LOC-009,WH-I-BIN-11,6.0,0,340.41,2026-01-01,,false
SKU-00112,Pallet Jack Wheel,ELECTRONICS,SUP-153,LOC-009,WH-I-BIN-12,254.0,10.0,161.84,2026-04-23,2026-09-15,false
SKU-00113,Barcode Scanner,FOOD_DRY,SUP-094,LOC-009,WH-I-BIN-13,104.0,25.0,534.03,2026-04-03,2026-12-27,false
SKU-00114,Fire Extinguisher 4kg,FOOD_COLD,SUP-085,LOC-014,WH-N-BIN-14,191.0,10.0,762.20,2026-05-02,2027-07-21,false
SKU-00115,,PACKAGING,SUP-153,LOC-002,WH-B-BIN-15,173.0,0.0,31.00,2026-01-31,,false
SKU-00117,,PPE,SUP-190,LOC-014,WH-N-BIN-17,206.0,0.0,347.33,2026-05-14,,false
SKU-00118,Dust Mask N95 Pack,CLEANING,SUP-145,Warehouse I,WH-I-BIN-18,369.0,30.0,240.23,2026-06-01,,false
SKU-00119,Wooden Pallet Std,MEDICAL,SUP-098,LOC-010,WH-J-BIN-19,428.0,25.0,586.12,2026-05-04,,false
SKU-00120,Steel Shelving Unit,RAW_MATERIALS,SUP-151,LOC-017,WH-Q-BIN-20,210.0,15.0,82.54,2026-04-13,,false
SKU-00121,Hand Truck,CHEMICALS,SUP-058,LOC-020,WH-T-BIN-21,129.0,0,526.95,2026-01-20,,true
SKU-00122,Spill Kit 20L,ELECTRONICS,SUP-022,LOC-008,WH-H-BIN-22,395.0,0.0,551.34,2026-02-14,2027-02-11,false
SKU-00123,Epoxy Resin 1L,FOOD_DRY,SUP-115,LOC-014,WH-N-BIN-23,155.0,40.0,656.16,2026-02-11,,false
SKU-00124,Chain Block 1T,FOOD_COLD,SUP-135,LOC-014,WH-N-BIN-24,122.0,25.0,426.45,2026-06-01,,false
SKU-00125,Temperature Logger,PACKAGING,SUP-158,LOC-013,WH-M-BIN-25,148.0,20.0,788.16,2026-03-17,,false
SKU-00126,,MACHINERY_PARTS,SUP-128,LOC-020,WH-T-BIN-26,62.0,40.0,549.84,2026-05-27,,false
SKU-00127,Welding Rod 3.2mm,PPE,SUP-059,LOC-011,WH-K-BIN-27,312.0,40.0,761.98,2026-06-20,,false
SKU-00128,Compressed Air Hose,CLEANING,SUP-193,LOC-012,WH-L-BIN-28,59.0,20.0,684.74,2026-01-27,,false
SKU-00129,First Aid Refill,MEDICAL,SUP-077,LOC-019,WH-S-BIN-29,474.0,40.0,256.07,2026-05-25,,false
SKU-00130,,RAW_MATERIALS,SUP-124,LOC-004,WH-D-BIN-30,106.0,20.0,115.20,2026-03-04,,false
SKU-00131,Stretch Hood Film,CHEMICALS,SUP-008,LOC-010,WH-J-BIN-31,6.0,0,420.04,2026-04-02,,false
SKU-00132,Load Cell 500kg,ELECTRONICS,SUP-145,LOC-017,WH-Q-BIN-32,417.0,40.0,25.90,2026-05-27,,false
SKU-00133,Dock Bumpers Pair,FOOD_DRY,SUP-191,LOC-002,WH-B-BIN-33,196.0,15.0,727.13,2026-02-03,,false
SKU-00135,Battery Charger 24V,PACKAGING,SUP-008,LOC-002,WH-B-BIN-35,350.0,20.0,205.66,2026-06-16,,false
SKU-00136,Mesh Security Cage,MACHINERY_PARTS,SUP-039,LOC-004,WH-D-BIN-36,340.0,30.0,456.50,2026-01-13,,false
SKU-00137,Humidity Sensor Probe,PPE,SUP-046,LOC-015,WH-O-BIN-37,416.0,0,43.96,2026-06-07,2027-01-13,false
SKU-00138,Pallet Strap Tool,CLEANING,SUP-142,LOC-001,WH-A-BIN-38,243.0,25.0,541.44,2026-05-23,,false
SKU-00139,Coolant Concentrate,MEDICAL,SUP-092,LOC-019,WH-S-BIN-39,371.0,0.0,16.73,2026-05-02,,false
SKU-00140,,RAW_MATERIALS,SUP-072,LOC-011,WH-K-BIN-40,43.0,0,121.47,2026-01-09,,false
SKU-00141,,CHEMICALS,SUP-041,LOC-017,WH-Q-BIN-41,456.0,15.0,225.36,2026-02-09,,false
SKU-00142,Hydraulic Hose 2in,ELECTRONICS,SUP-102,LOC-016,WH-P-BIN-42,23.0,30.0,227.50,2026-02-13,,false
SKU-00143,Industrial Solvent 5L,FOOD_DRY,SUP-020,LOC-010,WH-J-BIN-43,61.0,15.0,304.90,2026-03-28,,false
SKU-00145,Safety Gloves L,PACKAGING,SUP-194,LOC-007,WH-G-BIN-45,41.0,25.0,182.19,2026-05-21,2026-10-07,false
SKU-00146,Conveyor Belt Patch,MACHINERY_PARTS,SUP-070,LOC-013,WH-M-BIN-46,424.0,40.0,677.19,2026-02-13,2026-11-28,false
SKU-00147,Shrink Wrap Film Roll,PPE,SUP-122,LOC-018,WH-R-BIN-47,382.0,10.0,131.04,2026-01-18,2027-03-04,false
SKU-00148,Label Printer Ribbon,CLEANING,SUP-072,LOC-017,WH-Q-BIN-48,395.0,25.0,395.32,2026-06-14,,false
SKU-00149,,MEDICAL,SUP-146,LOC-002,WH-B-BIN-49,150.0,25.0,459.53,2026-04-15,,false
SKU-00150,LED Warehouse Light,RAW_MATERIALS,SUP-063,LOC-017,WH-Q-BIN-50,425.0,0.0,714.18,2026-03-27,,false
SKU-00151,Nitrile Gloves Box,CHEMICALS,SUP-185,LOC-013,WH-M-BIN-51,82.0,10.0,272.18,2026-03-12,,false
SKU-00152,,ELECTRONICS,SUP-135,LOC-015,WH-O-BIN-52,190.0,30.0,361.51,2026-03-31,2027-06-07,false
SKU-00153,Barcode Scanner,FOOD_DRY,SUP-157,LOC-007,WH-G-BIN-53,41.0,15.0,62.51,2026-01-20,,false
SKU-00155,,PACKAGING,SUP-033,LOC-007,WH-G-BIN-55,18.0,0,550.93,2026-03-16,,false
SKU-00156,Rubber Gasket Set,MACHINERY_PARTS,SUP-162,Warehouse D,WH-D-BIN-56,389.0,0,795.63,2026-05-23,,false
SKU-00159,Wooden Pallet Std,MEDICAL,SUP-189,LOC-015,WH-O-BIN-59,24.0,30.0,374.91,2026-02-05,,false
SKU-00161,Hand Truck,CHEMICALS,SUP-140,LOC-018,WH-R-BIN-61,253.0,10.0,94.76,2026-05-19,,true
SKU-00162,Spill Kit 20L,ELECTRONICS,SUP-087,LOC-014,WH-N-BIN-62,187.0,20.0,178.42,2026-03-19,,false
SKU-00163,Epoxy Resin 1L,FOOD_DRY,SUP-101,LOC-007,WH-G-BIN-63,381.0,15.0,168.67,2026-01-18,,false
SKU-00165,Temperature Logger,PACKAGING,SUP-046,LOC-005,WH-E-BIN-65,5.0,15.0,148.10,2026-06-11,,false
SKU-00166,Anti-Slip Tape Roll,MACHINERY_PARTS,SUP-126,LOC-008,WH-H-BIN-66,403.0,30.0,652.42,2026-06-18,,false
SKU-00167,Welding Rod 3.2mm,PPE,SUP-165,LOC-010,WH-J-BIN-67,248.0,30.0,173.50,2026-06-14,,false
SKU-00168,Compressed Air Hose,CLEANING,SUP-045,LOC-003,WH-C-BIN-68,122.0,15.0,561.88,2026-05-01,,false
SKU-00169,First Aid Refill,MEDICAL,SUP-162,LOC-016,WH-P-BIN-69,382.0,25.0,66.48,2026-01-23,,false
SKU-00170,Racking Beam 2.4m,RAW_MATERIALS,SUP-151,LOC-005,WH-E-BIN-70,368.0,0.0,496.03,2026-06-19,,false
SKU-00171,Stretch Hood Film,CHEMICALS,SUP-060,LOC-003,WH-C-BIN-71,5.0,15.0,380.49,2026-04-18,,false
SKU-00172,Load Cell 500kg,ELECTRONICS,SUP-083,LOC-018,WH-R-BIN-72,493.0,10.0,238.77,2026-01-13,,false
SKU-00173,Dock Bumpers Pair,FOOD_DRY,SUP-021,Warehouse C,WH-C-BIN-73,329.0,0,464.70,2026-04-07,2027-02-21,false
SKU-00174,,FOOD_COLD,SUP-062,LOC-020,WH-T-BIN-74,450.0,30.0,180.96,2026-04-25,,false
SKU-00175,Battery Charger 24V,PACKAGING,SUP-004,LOC-018,WH-R-BIN-75,29.0,40.0,450.54,2026-04-26,2026-11-30,false
SKU-00176,Mesh Security Cage,MACHINERY_PARTS,SUP-192,LOC-014,WH-N-BIN-76,402.0,25.0,755.56,2026-03-14,,false
SKU-00177,Humidity Sensor Probe,PPE,SUP-077,LOC-003,WH-C-BIN-77,51.0,40.0,63.08,2026-04-13,,false
SKU-00178,Pallet Strap Tool,CLEANING,SUP-108,LOC-012,WH-L-BIN-78,483.0,10.0,87.94,2026-05-28,,false
SKU-00179,,MEDICAL,SUP-003,LOC-003,WH-C-BIN-79,378.0,25.0,529.85,2026-05-18,,false
SKU-00180,,RAW_MATERIALS,SUP-048,LOC-019,WH-S-BIN-80,496.0,15.0,393.36,2026-02-16,,false
SKU-00181,Steel Bolt M8,CHEMICALS,SUP-183,Warehouse S,WH-S-BIN-01,195.0,0,419.05,2026-01-28,,true
SKU-00182,Hydraulic Hose 2in,ELECTRONICS,SUP-011,LOC-005,WH-E-BIN-02,484.0,10.0,448.52,2026-02-13,,false
SKU-00184,Forklift Battery 24V,FOOD_COLD,SUP-041,LOC-016,WH-P-BIN-04,95.0,15.0,733.42,2026-02-18,2027-07-05,false
SKU-00185,Safety Gloves L,PACKAGING,SUP-190,LOC-010,WH-J-BIN-05,285.0,25.0,712.39,2026-04-07,2027-06-10,false
SKU-00186,Conveyor Belt Patch,MACHINERY_PARTS,SUP-032,LOC-009,WH-I-BIN-06,280.0,10.0,201.80,2026-03-31,2026-12-10,false
SKU-00187,Shrink Wrap Film Roll,PPE,SUP-125,LOC-008,WH-H-BIN-07,90.0,0,75.50,2026-02-19,,false
SKU-00188,Label Printer Ribbon,CLEANING,SUP-085,LOC-017,WH-Q-BIN-08,154.0,0,125.93,2026-01-27,,false
SKU-00189,Dock Leveler Seal,MEDICAL,SUP-130,LOC-005,WH-E-BIN-09,347.0,40.0,300.60,2026-06-08,2026-08-28,false
SKU-00190,,RAW_MATERIALS,SUP-024,LOC-020,WH-T-BIN-10,169.0,10.0,356.82,2026-01-29,,false
SKU-00191,Nitrile Gloves Box,CHEMICALS,SUP-062,LOC-006,WH-F-BIN-11,5.0,20.0,242.05,2026-03-28,,true
SKU-00195,PVC Pipe 50mm,PACKAGING,SUP-196,LOC-013,WH-M-BIN-15,236.0,15.0,716.73,2026-02-05,,false
SKU-00196,Rubber Gasket Set,MACHINERY_PARTS,SUP-120,LOC-015,WH-O-BIN-16,241.0,0.0,736.96,2026-01-20,,false
SKU-00197,Cable Tie Assorted,PPE,SUP-023,LOC-014,WH-N-BIN-17,260.0,40.0,351.46,2026-05-09,,false
SKU-00198,Dust Mask N95 Pack,CLEANING,SUP-107,LOC-019,WH-S-BIN-18,390.0,15.0,615.18,2026-02-19,,false
SKU-00199,Wooden Pallet Std,MEDICAL,SUP-182,LOC-012,WH-L-BIN-19,3.0,30.0,712.73,2026-06-09,,false
SKU-00201,,CHEMICALS,SUP-135,LOC-001,WH-A-BIN-21,96.0,40.0,170.86,2026-03-18,,true
SKU-00202,Spill Kit 20L,ELECTRONICS,SUP-123,LOC-004,WH-D-BIN-22,305.0,25.0,717.08,2026-04-05,,false
SKU-00203,Epoxy Resin 1L,FOOD_DRY,SUP-130,LOC-005,WH-E-BIN-23,33.0,30.0,727.72,2026-06-19,,false
SKU-00204,Chain Block 1T,FOOD_COLD,SUP-071,LOC-012,WH-L-BIN-24,2.0,25.0,515.28,2026-01-26,,false
SKU-00205,Temperature Logger,PACKAGING,SUP-169,LOC-011,WH-K-BIN-25,263.0,10.0,102.36,2026-06-13,2026-12-05,false
SKU-00206,Anti-Slip Tape Roll,MACHINERY_PARTS,SUP-123,LOC-010,WH-J-BIN-26,9.0,15.0,448.01,2026-03-05,,false
SKU-00207,Welding Rod 3.2mm,PPE,SUP-033,LOC-011,WH-K-BIN-27,134.0,25.0,418.72,2026-04-21,,false
SKU-00208,Compressed Air Hose,CLEANING,SUP-030,Warehouse J,WH-J-BIN-28,138.0,15.0,522.39,2026-05-12,,false
SKU-00210,Racking Beam 2.4m,RAW_MATERIALS,SUP-123,LOC-007,WH-G-BIN-30,10.0,40.0,255.49,2026-05-21,2026-11-12,false
SKU-00211,Stretch Hood Film,CHEMICALS,SUP-085,Warehouse G,WH-G-BIN-31,459.0,0.0,350.44,2026-02-26,,true
SKU-00212,Load Cell 500kg,ELECTRONICS,SUP-190,LOC-003,WH-C-BIN-32,446.0,0.0,379.74,2026-06-12,,false
SKU-00214,,FOOD_COLD,SUP-043,LOC-007,WH-G-BIN-34,221.0,30.0,305.67,2026-04-07,,false
SKU-00215,Battery Charger 24V,PACKAGING,SUP-088,LOC-008,WH-H-BIN-35,163.0,0.0,244.92,2026-05-28,2027-07-26,false
SKU-00217,Humidity Sensor Probe,PPE,SUP-079,LOC-005,WH-E-BIN-37,197.0,0.0,363.18,2026-04-13,,false
SKU-00218,,CLEANING,SUP-161,LOC-014,WH-N-BIN-38,390.0,20.0,47.05,2026-06-21,,false
SKU-00219,Coolant Concentrate,MEDICAL,SUP-012,LOC-007,WH-G-BIN-39,360.0,40.0,438.92,2026-06-05,,false
SKU-00220,Wheel Chock Rubber,RAW_MATERIALS,SUP-031,LOC-017,WH-Q-BIN-40,359.0,20.0,275.86,2026-03-07,,false
SKU-00221,Steel Bolt M8,CHEMICALS,SUP-155,LOC-005,WH-E-BIN-41,204.0,15.0,28.66,2026-01-24,,false
SKU-00223,Industrial Solvent 5L,FOOD_DRY,SUP-146,LOC-003,WH-C-BIN-43,456.0,40.0,355.69,2026-05-06,,false
SKU-00224,Forklift Battery 24V,FOOD_COLD,SUP-055,LOC-008,WH-H-BIN-44,110.0,10.0,697.65,2025-12-29,,false
SKU-00225,Safety Gloves L,PACKAGING,SUP-098,Warehouse Q,WH-Q-BIN-45,460.0,40.0,621.04,2026-03-30,,false
SKU-00226,Conveyor Belt Patch,MACHINERY_PARTS,SUP-041,LOC-002,WH-B-BIN-46,24.0,0,436.10,2026-04-10,2026-10-31,false
SKU-00227,Shrink Wrap Film Roll,PPE,SUP-173,LOC-016,WH-P-BIN-47,315.0,0,296.92,2026-05-02,2027-05-26,false
SKU-00228,,CLEANING,SUP-200,LOC-006,WH-F-BIN-48,163.0,40.0,547.25,2026-01-24,2026-10-30,false
SKU-00229,,MEDICAL,SUP-066,LOC-004,WH-D-BIN-49,78.0,25.0,34.42,2026-03-01,2026-12-08,false
SKU-00230,LED Warehouse Light,RAW_MATERIALS,SUP-130,LOC-019,WH-S-BIN-50,8.0,15.0,630.99,2026-01-01,,false
SKU-00232,,ELECTRONICS,SUP-026,LOC-002,WH-B-BIN-52,35.0,40.0,177.89,2026-05-28,,false
SKU-00233,Barcode Scanner,FOOD_DRY,SUP-062,LOC-015,WH-O-BIN-53,446.0,20.0,163.92,2026-06-01,,false
SKU-00234,Fire Extinguisher 4kg,FOOD_COLD,SUP-093,LOC-012,WH-L-BIN-54,353.0,15.0,629.35,2026-04-04,,false
SKU-00235,PVC Pipe 50mm,PACKAGING,SUP-027,LOC-007,WH-G-BIN-55,187.0,0,660.37,2026-03-21,,false
SKU-00236,Rubber Gasket Set,MACHINERY_PARTS,SUP-048,Warehouse D,WH-D-BIN-56,101.0,40.0,537.25,2026-06-17,2027-06-19,false
SKU-00237,Cable Tie Assorted,PPE,SUP-081,LOC-005,WH-E-BIN-57,121.0,30.0,685.54,2026-06-04,,false
SKU-00238,Dust Mask N95 Pack,CLEANING,SUP-059,Warehouse R,WH-R-BIN-58,39.0,20.0,379.41,2026-04-18,2027-05-09,false
SKU-00239,,MEDICAL,SUP-172,LOC-001,WH-A-BIN-59,322.0,0,563.23,2026-04-20,,false
SKU-00240,Steel Shelving Unit,RAW_MATERIALS,SUP-059,LOC-005,WH-E-BIN-60,61.0,20.0,32.35,2026-05-16,,false
SKU-00241,,CHEMICALS,SUP-080,LOC-014,WH-N-BIN-61,76.0,0,697.58,2026-02-15,,true
SKU-00242,Spill Kit 20L,ELECTRONICS,SUP-185,LOC-013,WH-M-BIN-62,476.0,15.0,393.98,2026-01-10,,false
SKU-00243,Epoxy Resin 1L,FOOD_DRY,SUP-048,LOC-019,WH-S-BIN-63,349.0,25.0,671.81,2026-05-06,,false
SKU-00244,,FOOD_COLD,SUP-172,LOC-020,WH-T-BIN-64,439.0,0.0,296.22,2026-06-05,2027-01-19,false
SKU-00245,,PACKAGING,SUP-190,LOC-012,WH-L-BIN-65,17.0,40.0,694.24,2026-05-08,,false
SKU-00246,Anti-Slip Tape Roll,MACHINERY_PARTS,SUP-003,LOC-008,WH-H-BIN-66,132.0,20.0,91.07,2026-01-31,,false
SKU-00247,Welding Rod 3.2mm,PPE,SUP-131,LOC-018,WH-R-BIN-67,93.0,0.0,414.17,2026-04-12,,false
SKU-00248,Compressed Air Hose,CLEANING,SUP-057,Warehouse J,WH-J-BIN-68,364.0,15.0,90.89,2026-04-19,,false
SKU-00249,,MEDICAL,SUP-037,LOC-001,WH-A-BIN-69,36.0,30.0,633.18,2026-06-24,2026-09-18,false
SKU-00250,Racking Beam 2.4m,RAW_MATERIALS,SUP-156,LOC-008,WH-H-BIN-70,5.0,10.0,300.22,2026-01-30,2027-01-18,false
SKU-00251,Stretch Hood Film,CHEMICALS,SUP-138,LOC-015,WH-O-BIN-71,243.0,0.0,725.21,2026-04-22,2027-02-24,false
SKU-00252,Load Cell 500kg,ELECTRONICS,SUP-060,LOC-010,WH-J-BIN-72,190.0,0,745.15,2026-01-14,,false
SKU-00253,Dock Bumpers Pair,FOOD_DRY,SUP-087,LOC-016,WH-P-BIN-73,30.0,20.0,444.57,2026-02-10,2026-11-20,false
SKU-00254,Floor Marking Paint,FOOD_COLD,SUP-143,LOC-018,WH-R-BIN-74,493.0,10.0,523.05,2026-01-28,2027-03-17,false
SKU-00255,Battery Charger 24V,PACKAGING,SUP-176,LOC-011,WH-K-BIN-75,294.0,30.0,633.42,2026-05-20,2026-11-18,false
SKU-00256,Mesh Security Cage,MACHINERY_PARTS,SUP-032,LOC-016,WH-P-BIN-76,214.0,20.0,115.71,2026-04-08,,false
SKU-00257,Humidity Sensor Probe,PPE,SUP-134,LOC-014,WH-N-BIN-77,232.0,0.0,571.96,2026-02-06,2027-06-14,false
SKU-00259,Coolant Concentrate,MEDICAL,SUP-054,LOC-002,WH-B-BIN-79,105.0,0.0,611.93,2026-05-24,2026-11-17,false
SKU-00260,Wheel Chock Rubber,RAW_MATERIALS,SUP-016,LOC-016,WH-P-BIN-80,332.0,0,114.20,2025-12-30,,false
SKU-00262,Hydraulic Hose 2in,ELECTRONICS,SUP-098,LOC-006,WH-F-BIN-02,195.0,20.0,211.32,2026-02-02,,false
SKU-00263,Industrial Solvent 5L,FOOD_DRY,SUP-043,LOC-002,WH-B-BIN-03,389.0,15.0,81.34,2026-03-27,2027-04-11,false
SKU-00264,,FOOD_COLD,SUP-185,LOC-009,WH-I-BIN-04,11.0,0,630.08,2026-04-22,,false
SKU-00266,Conveyor Belt Patch,MACHINERY_PARTS,SUP-134,LOC-017,WH-Q-BIN-06,110.0,40.0,619.78,2026-04-18,,false
SKU-00267,Shrink Wrap Film Roll,PPE,SUP-012,LOC-019,WH-S-BIN-07,313.0,30.0,793.94,2026-02-09,,false
SKU-00268,Label Printer Ribbon,CLEANING,SUP-185,LOC-003,WH-C-BIN-08,443.0,15.0,32.48,2026-05-18,,false
SKU-00269,Dock Leveler Seal,MEDICAL,SUP-185,LOC-003,WH-C-BIN-09,7.0,20.0,351.39,2026-04-23,,false
SKU-00270,LED Warehouse Light,RAW_MATERIALS,SUP-016,LOC-016,WH-P-BIN-10,461.0,15.0,604.43,2025-12-31,,false
SKU-00271,Nitrile Gloves Box,CHEMICALS,SUP-049,LOC-013,WH-M-BIN-11,342.0,20.0,93.43,2026-01-11,,true
SKU-00272,Pallet Jack Wheel,ELECTRONICS,SUP-171,LOC-015,WH-O-BIN-12,8.0,10.0,452.52,2026-05-20,,false
SKU-00273,Barcode Scanner,FOOD_DRY,SUP-159,LOC-007,WH-G-BIN-13,239.0,0.0,111.02,2026-01-14,,false
SKU-00274,Fire Extinguisher 4kg,FOOD_COLD,SUP-180,LOC-012,WH-L-BIN-14,347.0,10.0,410.97,2026-05-10,,false
SKU-00275,PVC Pipe 50mm,PACKAGING,SUP-072,LOC-015,WH-O-BIN-15,356.0,20.0,280.48,2026-01-28,,false
SKU-00276,Rubber Gasket Set,MACHINERY_PARTS,SUP-039,LOC-020,WH-T-BIN-16,29.0,20.0,786.53,2026-02-24,,false
SKU-00278,Dust Mask N95 Pack,CLEANING,SUP-199,LOC-010,WH-J-BIN-18,211.0,15.0,146.25,2026-04-12,2026-09-21,false
SKU-00280,Steel Shelving Unit,RAW_MATERIALS,SUP-128,LOC-002,WH-B-BIN-20,352.0,10.0,264.26,2026-05-04,,false
SKU-00281,,CHEMICALS,SUP-066,LOC-001,WH-A-BIN-21,414.0,15.0,315.25,2026-05-18,,true
SKU-00282,Spill Kit 20L,ELECTRONICS,SUP-046,LOC-002,WH-B-BIN-22,203.0,25.0,398.74,2026-02-23,,false
SKU-00283,Epoxy Resin 1L,FOOD_DRY,SUP-175,LOC-009,WH-I-BIN-23,328.0,20.0,183.82,2026-05-20,,false
SKU-00284,Chain Block 1T,FOOD_COLD,SUP-103,LOC-004,WH-D-BIN-24,286.0,10.0,474.54,2026-04-15,2027-04-11,false
SKU-00286,Anti-Slip Tape Roll,MACHINERY_PARTS,SUP-196,LOC-007,WH-G-BIN-26,371.0,0,214.68,2026-01-20,,false
SKU-00289,First Aid Refill,MEDICAL,SUP-094,Warehouse G,WH-G-BIN-29,337.0,15.0,694.54,2026-05-15,,false
SKU-00290,,RAW_MATERIALS,SUP-190,LOC-004,WH-D-BIN-30,169.0,20.0,108.56,2026-03-12,,false
SKU-00291,Stretch Hood Film,CHEMICALS,SUP-021,LOC-015,WH-O-BIN-31,295.0,30.0,128.08,2026-03-13,,false
SKU-00293,Dock Bumpers Pair,FOOD_DRY,SUP-111,LOC-007,WH-G-BIN-33,7.0,0,150.73,2026-05-20,,false
SKU-00294,Floor Marking Paint,FOOD_COLD,SUP-180,LOC-004,WH-D-BIN-34,349.0,40.0,359.38,2026-03-28,,false
SKU-00295,Battery Charger 24V,PACKAGING,SUP-071,LOC-019,WH-S-BIN-35,54.0,0.0,390.26,2026-05-11,,false
SKU-00296,Mesh Security Cage,MACHINERY_PARTS,SUP-197,LOC-001,WH-A-BIN-36,194.0,20.0,355.05,2026-03-18,,false
SKU-00297,,PPE,SUP-117,LOC-019,WH-S-BIN-37,71.0,30.0,121.99,2026-04-17,2027-02-15,false
SKU-00298,Pallet Strap Tool,CLEANING,SUP-148,LOC-008,WH-H-BIN-38,357.0,25.0,178.19,2026-06-16,,false
SKU-00299,,MEDICAL,SUP-151,LOC-015,WH-O-BIN-39,108.0,30.0,466.27,2026-06-06,2027-05-06,false
SKU-00300,,RAW_MATERIALS,SUP-129,LOC-016,WH-P-BIN-40,406.0,25.0,691.27,2026-04-30,,false
SKU-00301,Steel Bolt M8,CHEMICALS,SUP-048,LOC-020,WH-T-BIN-41,75.0,10.0,718.44,2026-05-30,,false
SKU-00302,,ELECTRONICS,SUP-099,LOC-005,WH-E-BIN-42,460.0,40.0,177.46,2026-01-04,,false
SKU-00303,Industrial Solvent 5L,FOOD_DRY,SUP-013,LOC-004,WH-D-BIN-43,452.0,20.0,500.46,2026-05-02,,false
SKU-00304,Forklift Battery 24V,FOOD_COLD,SUP-077,LOC-010,WH-J-BIN-44,480.0,0,275.86,2026-06-25,,false
SKU-00305,,PACKAGING,SUP-159,LOC-002,WH-B-BIN-45,249.0,20.0,606.58,2026-01-25,,false
SKU-00307,Shrink Wrap Film Roll,PPE,SUP-166,LOC-008,WH-H-BIN-47,417.0,25.0,81.14,2026-03-12,,false
SKU-00308,,CLEANING,SUP-188,LOC-005,WH-E-BIN-48,332.0,0,459.61,2026-05-23,,false
SKU-00309,Dock Leveler Seal,MEDICAL,SUP-101,LOC-019,WH-S-BIN-49,471.0,30.0,705.93,2026-02-20,,false
SKU-00310,LED Warehouse Light,RAW_MATERIALS,SUP-110,LOC-015,WH-O-BIN-50,339.0,15.0,104.21,2026-04-25,2027-02-01,false
SKU-00311,Nitrile Gloves Box,CHEMICALS,SUP-003,Warehouse M,WH-M-BIN-51,424.0,10.0,10.92,2026-06-23,,false
SKU-00312,Pallet Jack Wheel,ELECTRONICS,SUP-030,LOC-009,WH-I-BIN-52,120.0,40.0,459.82,2026-05-31,2027-04-08,false
SKU-00313,Barcode Scanner,FOOD_DRY,SUP-118,LOC-003,WH-C-BIN-53,489.0,20.0,106.58,2026-01-12,,false
SKU-00314,Fire Extinguisher 4kg,FOOD_COLD,SUP-153,Warehouse P,WH-P-BIN-54,274.0,10.0,465.41,2026-02-17,,false
SKU-00316,Rubber Gasket Set,MACHINERY_PARTS,SUP-032,LOC-013,WH-M-BIN-56,109.0,30.0,332.54,2026-04-20,,false
SKU-00317,Cable Tie Assorted,PPE,SUP-044,LOC-002,WH-B-BIN-57,29.0,30.0,22.85,2026-05-13,,false
SKU-00318,,CLEANING,SUP-174,LOC-006,WH-F-BIN-58,170.0,20.0,778.00,2026-03-12,,false
SKU-00319,Wooden Pallet Std,MEDICAL,SUP-024,LOC-011,WH-K-BIN-59,377.0,25.0,319.60,2026-05-10,,false
SKU-00320,Steel Shelving Unit,RAW_MATERIALS,SUP-091,LOC-013,WH-M-BIN-60,7.0,25.0,424.88,2026-05-06,,false
SKU-00321,Hand Truck,CHEMICALS,SUP-045,LOC-019,WH-S-BIN-61,364.0,15.0,498.86,2026-05-26,,true
SKU-00322,Spill Kit 20L,ELECTRONICS,SUP-154,LOC-013,WH-M-BIN-62,253.0,10.0,447.14,2026-03-03,,false
SKU-00323,Epoxy Resin 1L,FOOD_DRY,SUP-076,LOC-015,WH-O-BIN-63,247.0,15.0,443.18,2026-04-19,,false
SKU-00324,Chain Block 1T,FOOD_COLD,SUP-174,LOC-002,WH-B-BIN-64,368.0,40.0,578.68,2026-04-04,,false
SKU-00325,Temperature Logger,PACKAGING,SUP-120,LOC-010,WH-J-BIN-65,44.0,15.0,678.78,2026-03-18,2026-12-10,false
SKU-00327,Welding Rod 3.2mm,PPE,SUP-106,LOC-019,WH-S-BIN-67,387.0,25.0,378.12,2026-02-17,,false
SKU-00328,Compressed Air Hose,CLEANING,SUP-020,LOC-020,WH-T-BIN-68,239.0,40.0,704.00,2026-05-27,2026-11-21,false
SKU-00329,,MEDICAL,SUP-008,LOC-002,WH-B-BIN-69,489.0,0,322.58,2026-01-05,,false
SKU-00330,Racking Beam 2.4m,RAW_MATERIALS,SUP-014,LOC-002,WH-B-BIN-70,11.0,15.0,551.77,2026-03-07,,false
SKU-00332,Load Cell 500kg,ELECTRONICS,SUP-056,LOC-005,WH-E-BIN-72,105.0,30.0,146.18,2026-06-18,,false
SKU-00333,Dock Bumpers Pair,FOOD_DRY,SUP-080,Warehouse T,WH-T-BIN-73,104.0,10.0,524.39,2026-03-15,,false
SKU-00334,,FOOD_COLD,SUP-163,LOC-006,WH-F-BIN-74,75.0,40.0,20.50,2026-03-25,,false
SKU-00335,Battery Charger 24V,PACKAGING,SUP-166,LOC-009,WH-I-BIN-75,33.0,0.0,86.52,2026-05-08,,false
SKU-00336,Mesh Security Cage,MACHINERY_PARTS,SUP-104,LOC-019,WH-S-BIN-76,153.0,20.0,251.89,2026-03-04,,false
SKU-00337,,PPE,SUP-082,LOC-013,WH-M-BIN-77,386.0,25.0,678.78,2026-04-04,2026-12-28,false
SKU-00338,Pallet Strap Tool,CLEANING,SUP-154,LOC-001,WH-A-BIN-78,468.0,40.0,493.51,2026-02-22,,false
SKU-00339,Coolant Concentrate,MEDICAL,SUP-174,LOC-012,WH-L-BIN-79,24.0,25.0,154.89,2026-05-31,,false
SKU-00341,Steel Bolt M8,CHEMICALS,SUP-003,LOC-007,WH-G-BIN-01,71.0,25.0,409.14,2026-03-24,,false
SKU-00342,,ELECTRONICS,SUP-160,LOC-019,WH-S-BIN-02,19.0,20.0,19.03,2026-01-23,,false
SKU-00344,Forklift Battery 24V,FOOD_COLD,SUP-030,LOC-018,WH-R-BIN-04,309.0,30.0,378.98,2026-06-10,,false
SKU-00345,Safety Gloves L,PACKAGING,SUP-078,LOC-009,WH-I-BIN-05,50.0,30.0,180.41,2026-03-09,,false
SKU-00347,,PPE,SUP-158,LOC-018,WH-R-BIN-07,468.0,10.0,719.71,2026-02-26,,false
SKU-00348,Label Printer Ribbon,CLEANING,SUP-081,LOC-017,WH-Q-BIN-08,20.0,30.0,642.17,2026-02-22,2027-06-20,false
SKU-00349,Dock Leveler Seal,MEDICAL,SUP-010,Warehouse T,WH-T-BIN-09,117.0,20.0,400.66,2026-06-06,,false
SKU-00350,LED Warehouse Light,RAW_MATERIALS,SUP-178,LOC-017,WH-Q-BIN-10,339.0,0.0,584.69,2026-04-22,,false
SKU-00351,Nitrile Gloves Box,CHEMICALS,SUP-148,LOC-006,WH-F-BIN-11,348.0,25.0,586.10,2026-02-19,2027-03-19,true
SKU-00352,Pallet Jack Wheel,ELECTRONICS,SUP-001,LOC-017,WH-Q-BIN-12,35.0,0.0,74.14,2026-01-06,,false
SKU-00353,,FOOD_DRY,SUP-043,LOC-007,WH-G-BIN-13,484.0,40.0,583.61,2026-01-11,,false
SKU-00355,PVC Pipe 50mm,PACKAGING,SUP-032,LOC-010,WH-J-BIN-15,24.0,0.0,612.98,2026-05-04,,false
SKU-00357,Cable Tie Assorted,PPE,SUP-179,LOC-002,WH-B-BIN-17,369.0,0,310.62,2026-02-06,,false
SKU-00358,Dust Mask N95 Pack,CLEANING,SUP-045,LOC-013,WH-M-BIN-18,484.0,40.0,209.11,2026-02-21,,false
SKU-00359,Wooden Pallet Std,MEDICAL,SUP-018,LOC-017,WH-Q-BIN-19,137.0,30.0,52.76,2026-04-14,2026-09-11,false
SKU-00360,Steel Shelving Unit,RAW_MATERIALS,SUP-166,LOC-015,WH-O-BIN-20,223.0,20.0,390.10,2026-05-13,,false
SKU-00361,Hand Truck,CHEMICALS,SUP-022,LOC-011,WH-K-BIN-21,341.0,0,336.97,2026-03-01,,false
SKU-00362,Spill Kit 20L,ELECTRONICS,SUP-046,LOC-003,WH-C-BIN-22,135.0,20.0,367.63,2026-05-17,,false
SKU-00363,Epoxy Resin 1L,FOOD_DRY,SUP-122,LOC-009,WH-I-BIN-23,376.0,0.0,792.57,2026-02-27,,false
SKU-00364,Chain Block 1T,FOOD_COLD,SUP-013,LOC-009,WH-I-BIN-24,187.0,15.0,33.19,2026-04-01,2026-08-14,false
SKU-00366,Anti-Slip Tape Roll,MACHINERY_PARTS,SUP-032,Warehouse I,WH-I-BIN-26,249.0,0.0,218.28,2026-03-17,2026-11-10,false
SKU-00367,Welding Rod 3.2mm,PPE,SUP-126,LOC-019,WH-S-BIN-27,188.0,0.0,183.29,2026-05-10,,false
SKU-00368,Compressed Air Hose,CLEANING,SUP-050,LOC-013,WH-M-BIN-28,7.0,40.0,667.01,2026-06-11,,false
SKU-00369,First Aid Refill,MEDICAL,SUP-165,LOC-018,WH-R-BIN-29,316.0,0,404.50,2026-06-14,2027-06-05,false
SKU-00370,Racking Beam 2.4m,RAW_MATERIALS,SUP-039,LOC-019,WH-S-BIN-30,58.0,0,26.36,2026-01-06,2027-03-20,false
SKU-00371,Stretch Hood Film,CHEMICALS,SUP-180,LOC-011,WH-K-BIN-31,130.0,10.0,777.44,2026-02-18,,true
SKU-00373,Dock Bumpers Pair,FOOD_DRY,SUP-106,LOC-002,WH-B-BIN-33,277.0,0,269.31,2026-05-21,,false
SKU-00374,Floor Marking Paint,FOOD_COLD,SUP-095,LOC-019,WH-S-BIN-34,79.0,0.0,539.80,2026-05-19,,false
SKU-00375,Battery Charger 24V,PACKAGING,SUP-188,LOC-018,WH-R-BIN-35,190.0,20.0,577.10,2026-05-26,,false
SKU-00376,,MACHINERY_PARTS,SUP-011,LOC-013,WH-M-BIN-36,99.0,40.0,775.74,2026-04-11,,false
SKU-00378,Pallet Strap Tool,CLEANING,SUP-200,Warehouse N,WH-N-BIN-38,388.0,20.0,78.28,2026-02-10,,false
SKU-00379,Coolant Concentrate,MEDICAL,SUP-105,LOC-002,WH-B-BIN-39,449.0,30.0,627.90,2026-05-16,,false
SKU-00380,Wheel Chock Rubber,RAW_MATERIALS,SUP-027,LOC-004,WH-D-BIN-40,376.0,0,171.21,2026-03-16,,false
SKU-00381,Steel Bolt M8,CHEMICALS,SUP-086,LOC-004,WH-D-BIN-41,434.0,25.0,548.54,2026-01-19,,false
SKU-00382,,ELECTRONICS,SUP-055,LOC-004,WH-D-BIN-42,5.0,0,506.25,2026-01-01,,false
SKU-00383,Industrial Solvent 5L,FOOD_DRY,SUP-018,LOC-017,WH-Q-BIN-43,158.0,10.0,536.94,2026-01-16,2027-06-13,false
SKU-00384,,FOOD_COLD,SUP-065,LOC-006,WH-F-BIN-44,337.0,25.0,287.44,2026-03-27,,false
SKU-00385,Safety Gloves L,PACKAGING,SUP-129,LOC-002,WH-B-BIN-45,185.0,20.0,270.05,2026-02-14,,false
SKU-00386,Conveyor Belt Patch,MACHINERY_PARTS,SUP-100,LOC-002,WH-B-BIN-46,45.0,30.0,439.83,2026-02-14,,false
SKU-00387,,PPE,SUP-139,LOC-017,WH-Q-BIN-47,316.0,30.0,666.48,2026-04-09,,false
SKU-00388,Label Printer Ribbon,CLEANING,SUP-001,Warehouse I,WH-I-BIN-48,39.0,25.0,605.24,2026-06-17,,false
SKU-00389,Dock Leveler Seal,MEDICAL,SUP-163,LOC-019,WH-S-BIN-49,325.0,20.0,515.72,2026-05-30,,false
SKU-00391,Nitrile Gloves Box,CHEMICALS,SUP-159,LOC-019,WH-S-BIN-51,115.0,10.0,398.64,2026-02-18,,true
SKU-00392,,ELECTRONICS,SUP-129,LOC-018,WH-R-BIN-52,188.0,10.0,177.89,2026-05-05,2027-05-18,false
SKU-00394,Fire Extinguisher 4kg,FOOD_COLD,SUP-016,LOC-015,WH-O-BIN-54,92.0,20.0,284.03,2026-02-07,,false
SKU-00395,PVC Pipe 50mm,PACKAGING,SUP-026,LOC-010,WH-J-BIN-55,418.0,40.0,360.20,2026-01-15,,false
SKU-00396,Rubber Gasket Set,MACHINERY_PARTS,SUP-058,LOC-004,WH-D-BIN-56,211.0,0,287.28,2026-02-02,2027-07-20,false
SKU-00397,Cable Tie Assorted,PPE,SUP-067,LOC-017,WH-Q-BIN-57,350.0,0.0,552.58,2026-04-09,,false
SKU-00398,Dust Mask N95 Pack,CLEANING,SUP-109,LOC-003,WH-C-BIN-58,268.0,15.0,538.04,2026-05-28,2026-09-29,false
SKU-00399,Wooden Pallet Std,MEDICAL,SUP-191,LOC-003,WH-C-BIN-59,410.0,0.0,262.19,2026-01-10,,false
SKU-00400,Steel Shelving Unit,RAW_MATERIALS,SUP-080,LOC-009,WH-I-BIN-60,491.0,40.0,118.28,2026-04-10,,false
SKU-00401,Hand Truck,CHEMICALS,SUP-179,LOC-014,WH-N-BIN-61,29.0,10.0,76.70,2026-06-25,2027-04-25,false
SKU-00402,Spill Kit 20L,ELECTRONICS,SUP-124,LOC-008,WH-H-BIN-62,367.0,25.0,186.72,2026-01-18,,false
SKU-00403,Epoxy Resin 1L,FOOD_DRY,SUP-025,LOC-011,WH-K-BIN-63,175.0,40.0,10.31,2026-05-08,,false
SKU-00406,Anti-Slip Tape Roll,MACHINERY_PARTS,SUP-063,LOC-002,WH-B-BIN-66,111.0,40.0,9.21,2026-04-09,,false
SKU-00407,Welding Rod 3.2mm,PPE,SUP-027,LOC-001,WH-A-BIN-67,58.0,15.0,770.35,2026-01-13,,false
SKU-00408,Compressed Air Hose,CLEANING,SUP-168,LOC-007,WH-G-BIN-68,178.0,0,220.57,2026-03-24,2026-08-30,false
SKU-00409,First Aid Refill,MEDICAL,SUP-022,LOC-002,WH-B-BIN-69,4.0,15.0,424.06,2026-03-06,2026-10-15,false
SKU-00410,Racking Beam 2.4m,RAW_MATERIALS,SUP-109,LOC-018,WH-R-BIN-70,254.0,25.0,320.71,2026-01-20,,false
SKU-00411,Stretch Hood Film,CHEMICALS,SUP-198,LOC-017,WH-Q-BIN-71,123.0,40.0,29.76,2026-04-14,2026-10-11,false
SKU-00412,Load Cell 500kg,ELECTRONICS,SUP-105,LOC-004,WH-D-BIN-72,449.0,0,719.10,2026-01-08,2027-05-20,false
SKU-00414,,FOOD_COLD,SUP-121,LOC-017,WH-Q-BIN-74,37.0,0.0,305.56,2026-02-14,2026-12-28,false
SKU-00415,Battery Charger 24V,PACKAGING,SUP-015,LOC-016,WH-P-BIN-75,341.0,0,382.15,2026-04-28,,false
SKU-00416,Mesh Security Cage,MACHINERY_PARTS,SUP-034,LOC-020,WH-T-BIN-76,429.0,20.0,186.51,2026-04-08,,false
SKU-00418,,CLEANING,SUP-086,LOC-006,WH-F-BIN-78,34.0,0.0,414.77,2026-05-12,,false
SKU-00419,Coolant Concentrate,MEDICAL,SUP-037,LOC-008,WH-H-BIN-79,155.0,0.0,500.14,2026-01-30,,false
SKU-00420,Wheel Chock Rubber,RAW_MATERIALS,SUP-161,LOC-014,WH-N-BIN-80,176.0,40.0,542.91,2026-02-20,,false
SKU-00421,Steel Bolt M8,CHEMICALS,SUP-039,LOC-007,WH-G-BIN-01,271.0,15.0,473.92,2026-05-14,,false
SKU-00422,Hydraulic Hose 2in,ELECTRONICS,SUP-064,LOC-003,WH-C-BIN-02,90.0,15.0,59.39,2026-03-14,2027-02-12,false
SKU-00423,Industrial Solvent 5L,FOOD_DRY,SUP-166,LOC-020,WH-T-BIN-03,13.0,20.0,729.13,2026-03-03,,false
SKU-00424,Forklift Battery 24V,FOOD_COLD,SUP-095,LOC-009,WH-I-BIN-04,493.0,10.0,494.87,2026-01-06,,false
SKU-00425,Safety Gloves L,PACKAGING,SUP-043,LOC-017,WH-Q-BIN-05,62.0,25.0,589.92,2026-06-01,,false
SKU-00426,Conveyor Belt Patch,MACHINERY_PARTS,SUP-071,LOC-007,WH-G-BIN-06,341.0,0,58.35,2026-03-31,,false
SKU-00427,Shrink Wrap Film Roll,PPE,SUP-013,LOC-018,WH-R-BIN-07,183.0,15.0,355.07,2026-02-24,2027-05-28,false
SKU-00428,,CLEANING,SUP-013,LOC-014,WH-N-BIN-08,395.0,20.0,214.55,2026-04-13,,false
SKU-00429,Dock Leveler Seal,MEDICAL,SUP-178,LOC-005,WH-E-BIN-09,233.0,40.0,696.95,2026-06-11,2026-08-31,false
SKU-00430,,RAW_MATERIALS,SUP-104,LOC-009,WH-I-BIN-10,1.0,20.0,245.85,2026-03-17,,false
SKU-00431,Nitrile Gloves Box,CHEMICALS,SUP-177,LOC-013,WH-M-BIN-11,489.0,10.0,59.27,2026-05-01,,false
SKU-00432,Pallet Jack Wheel,ELECTRONICS,SUP-194,LOC-016,WH-P-BIN-12,127.0,30.0,305.11,2026-01-22,,false
SKU-00433,Barcode Scanner,FOOD_DRY,SUP-127,LOC-008,WH-H-BIN-13,392.0,0,245.49,2026-05-11,,false
SKU-00434,Fire Extinguisher 4kg,FOOD_COLD,SUP-044,LOC-009,WH-I-BIN-14,281.0,25.0,142.58,2026-02-08,,false
SKU-00435,PVC Pipe 50mm,PACKAGING,SUP-164,LOC-016,WH-P-BIN-15,414.0,25.0,108.63,2026-02-16,,false
SKU-00436,Rubber Gasket Set,MACHINERY_PARTS,SUP-110,LOC-005,WH-E-BIN-16,101.0,10.0,490.81,2026-02-04,,false
SKU-00437,Cable Tie Assorted,PPE,SUP-115,LOC-015,WH-O-BIN-17,310.0,0,792.52,2026-02-16,,false
SKU-00438,Dust Mask N95 Pack,CLEANING,SUP-150,LOC-003,WH-C-BIN-18,374.0,20.0,442.04,2026-05-11,,false
SKU-00440,Steel Shelving Unit,RAW_MATERIALS,SUP-024,LOC-013,WH-M-BIN-20,25.0,40.0,378.82,2026-05-08,2027-02-28,false
SKU-00441,Hand Truck,CHEMICALS,SUP-083,Warehouse E,WH-E-BIN-21,286.0,0.0,403.64,2026-04-18,,false
SKU-00442,,ELECTRONICS,SUP-097,Warehouse A,WH-A-BIN-22,101.0,0.0,61.24,2026-03-18,,false
SKU-00444,Chain Block 1T,FOOD_COLD,SUP-050,LOC-020,WH-T-BIN-24,457.0,40.0,429.30,2026-03-10,,false
SKU-00445,,PACKAGING,SUP-018,LOC-011,WH-K-BIN-25,33.0,15.0,402.86,2026-02-22,2026-09-29,false
SKU-00447,,PPE,SUP-119,Warehouse J,WH-J-BIN-27,267.0,0.0,756.75,2026-03-21,2027-02-26,false
SKU-00448,Compressed Air Hose,CLEANING,SUP-005,LOC-005,WH-E-BIN-28,97.0,40.0,394.28,2026-06-18,2026-09-28,false
SKU-00449,First Aid Refill,MEDICAL,SUP-096,Warehouse M,WH-M-BIN-29,144.0,0.0,59.58,2026-02-25,,false
SKU-00451,Stretch Hood Film,CHEMICALS,SUP-100,LOC-011,WH-K-BIN-31,90.0,40.0,690.42,2026-03-24,,false
SKU-00454,Floor Marking Paint,FOOD_COLD,SUP-093,LOC-010,WH-J-BIN-34,429.0,30.0,566.90,2026-03-27,,false
SKU-00456,Mesh Security Cage,MACHINERY_PARTS,SUP-075,LOC-005,WH-E-BIN-36,459.0,0.0,47.62,2026-04-06,2026-08-15,false
SKU-00457,Humidity Sensor Probe,PPE,SUP-192,LOC-003,WH-C-BIN-37,31.0,0,514.82,2026-03-13,,false
SKU-00458,Pallet Strap Tool,CLEANING,SUP-096,LOC-001,WH-A-BIN-38,282.0,30.0,513.77,2026-05-02,,false
SKU-00460,Wheel Chock Rubber,RAW_MATERIALS,SUP-022,Warehouse Q,WH-Q-BIN-40,289.0,20.0,757.63,2026-02-20,2026-10-13,false
SKU-00461,Steel Bolt M8,CHEMICALS,SUP-044,LOC-002,WH-B-BIN-41,74.0,10.0,323.10,2026-01-06,,false
SKU-00464,Forklift Battery 24V,FOOD_COLD,SUP-135,LOC-006,WH-F-BIN-44,67.0,0.0,405.70,2026-03-17,,false
SKU-00465,Safety Gloves L,PACKAGING,SUP-112,LOC-012,WH-L-BIN-45,356.0,0.0,682.40,2026-02-22,,false
SKU-00466,Conveyor Belt Patch,MACHINERY_PARTS,SUP-029,LOC-018,WH-R-BIN-46,498.0,0.0,293.94,2026-04-20,,false
SKU-00467,Shrink Wrap Film Roll,PPE,SUP-179,LOC-018,WH-R-BIN-47,216.0,15.0,57.02,2026-04-25,,false
SKU-00469,Dock Leveler Seal,MEDICAL,SUP-097,LOC-008,WH-H-BIN-49,410.0,25.0,229.36,2026-05-06,,false
SKU-00470,LED Warehouse Light,RAW_MATERIALS,SUP-120,LOC-010,WH-J-BIN-50,164.0,40.0,115.08,2026-02-26,2027-06-20,false
SKU-00472,Pallet Jack Wheel,ELECTRONICS,SUP-088,LOC-009,WH-I-BIN-52,222.0,0.0,774.37,2026-06-09,,false
SKU-00473,Barcode Scanner,FOOD_DRY,SUP-197,LOC-004,WH-D-BIN-53,497.0,20.0,63.54,2026-03-13,,false
SKU-00474,Fire Extinguisher 4kg,FOOD_COLD,SUP-153,LOC-001,WH-A-BIN-54,177.0,25.0,395.73,2026-03-08,,false
SKU-00475,PVC Pipe 50mm,PACKAGING,SUP-008,LOC-014,WH-N-BIN-55,415.0,0,62.76,2026-02-06,,false
SKU-00477,Cable Tie Assorted,PPE,SUP-098,LOC-020,WH-T-BIN-57,69.0,0,228.84,2026-01-16,,false
SKU-00478,Dust Mask N95 Pack,CLEANING,SUP-059,LOC-016,WH-P-BIN-58,251.0,10.0,24.73,2026-03-01,,false
SKU-00479,Wooden Pallet Std,MEDICAL,SUP-128,LOC-020,WH-T-BIN-59,384.0,40.0,722.20,2026-05-05,,false
SKU-00480,Steel Shelving Unit,RAW_MATERIALS,SUP-029,LOC-001,WH-A-BIN-60,320.0,0,343.02,2026-01-27,,false
SKU-00481,Hand Truck,CHEMICALS,SUP-102,Warehouse J,WH-J-BIN-61,210.0,0.0,644.64,2026-05-29,,false
SKU-00482,Spill Kit 20L,ELECTRONICS,SUP-168,LOC-012,WH-L-BIN-62,180.0,0,437.78,2026-04-18,,false
SKU-00483,Epoxy Resin 1L,FOOD_DRY,SUP-142,LOC-007,WH-G-BIN-63,307.0,25.0,182.62,2026-02-03,,false
SKU-00484,Chain Block 1T,FOOD_COLD,SUP-171,LOC-001,WH-A-BIN-64,471.0,25.0,300.34,2026-01-29,,false
SKU-00485,,PACKAGING,SUP-089,LOC-012,WH-L-BIN-65,435.0,40.0,364.68,2026-02-04,,false
SKU-00486,Anti-Slip Tape Roll,MACHINERY_PARTS,SUP-088,LOC-003,WH-C-BIN-66,237.0,40.0,477.31,2026-02-25,,false
SKU-00487,Welding Rod 3.2mm,PPE,SUP-136,LOC-005,WH-E-BIN-67,196.0,0,19.03,2026-01-16,2027-06-23,false
SKU-00489,First Aid Refill,MEDICAL,SUP-104,LOC-016,WH-P-BIN-69,324.0,15.0,506.10,2026-01-18,,false
SKU-00490,Racking Beam 2.4m,RAW_MATERIALS,SUP-200,LOC-010,WH-J-BIN-70,275.0,30.0,463.12,2026-03-17,,false
SKU-00491,Stretch Hood Film,CHEMICALS,SUP-119,LOC-017,WH-Q-BIN-71,375.0,40.0,328.01,2026-02-18,,true
SKU-00492,Load Cell 500kg,ELECTRONICS,SUP-173,LOC-003,WH-C-BIN-72,202.0,25.0,465.60,2026-05-29,,false
SKU-00493,Dock Bumpers Pair,FOOD_DRY,SUP-164,LOC-019,WH-S-BIN-73,245.0,30.0,92.55,2026-02-21,,false
SKU-00494,Floor Marking Paint,FOOD_COLD,SUP-108,LOC-011,WH-K-BIN-74,440.0,15.0,48.65,2026-06-13,,false
SKU-00496,Mesh Security Cage,MACHINERY_PARTS,SUP-151,LOC-002,WH-B-BIN-76,473.0,10.0,147.71,2026-01-19,,false
SKU-00497,Humidity Sensor Probe,PPE,SUP-159,LOC-014,WH-N-BIN-77,492.0,25.0,365.04,2026-02-16,,false
SKU-00499,,MEDICAL,SUP-046,LOC-006,WH-F-BIN-79,492.0,25.0,53.97,2026-03-12,,false
SKU-00500,Wheel Chock Rubber,RAW_MATERIALS,SUP-045,LOC-017,WH-Q-BIN-80,119.0,20.0,58.90,2026-05-24,,false
SKU-BETA,Beta Trial Pack,FOOD_DRY,SUP-001,LOC-001,WH-A-NAMED-01,80.0,20.0,45.00,2026-06-01,,false
