txn_id,sku,location_id,txn_type,quantity_kg,unit_cost_myr,operator_id,timestamp,reference_doc
TXN-200000,SKU-00439,LOC-020,OUT,181,264.95,OP-040,2026-07-17T02:37:46,DOC-5580
TXN-200001,SKU-00260,LOC-017,OUT,105,77.49,OP-016,2026-07-18T16:37:46,DOC-8998
TXN-200002,SKU-00186,LOC-019,OUT,53,546.62,OP-040,2026-07-12T18:37:46,DOC-3929
TXN-200003,SKU-00364,LOC-014,IN,9,67.82,OP-035,2026-07-18T18:37:46,DOC-4307
TXN-200004,SKU-00162,LOC-020,OUT,54,171.51,OP-050,2026-07-29T10:37:46,DOC-5420
TXN-200005,SKU-00319,LOC-019,IN,91,146.74,OP-006,2026-07-02T08:37:46,DOC-6160
TXN-200006,SKU-00177,LOC-011,ADJUST,20,245.73,OP-001,2026-07-28T20:37:46,DOC-5233
TXN-200007,SKU-00020,LOC-020,OUT,14,190.93,OP-040,2026-07-18T20:37:46,DOC-7084
TXN-200008,SKU-00477,LOC-009,OUT,19,89.22,OP-021,2026-07-16T01:37:46,DOC-1624
TXN-200009,SKU-00019,LOC-009,OUT,35,129.67,OP-002,2026-07-19T16:37:46,DOC-8505
TXN-200010,SKU-00424,LOC-002,ADJUST,84,651.01,OP-022,2026-07-05T08:37:46,DOC-2476
TXN-200011,SKU-00175,LOC-008,ADJUST,92,474.76,OP-003,2026-07-24T12:37:46,DOC-8772
TXN-200012,SKU-00078,LOC-015,WRITE_OFF,8,93.40,OP-050,2026-07-28T15:37:46,
TXN-200013,SKU-00201,LOC-007,OUT,168,346.08,OP-042,2026-07-09T01:37:46,
TXN-200014,SKU-00033,LOC-001,OUT,100,49.08,OP-034,2026-07-30T14:37:46,DOC-4309
TXN-200015,SKU-00097,LOC-016,IN,55,214.03,OP-030,2026-07-20T11:37:46,DOC-9782
TXN-200016,SKU-00360,LOC-012,ADJUST,19,363.04,OP-003,2026-07-03T09:37:46,DOC-6477
TXN-200017,SKU-00473,LOC-001,ADJUST,169,121.62,OP-003,2026-07-23T08:37:46,DOC-1431
TXN-200018,SKU-00438,LOC-011,IN,23,113.49,OP-044,2026-07-02T04:37:46,DOC-4732
TXN-200019,SKU-00390,LOC-007,IN,110,545.67,OP-012,2026-07-26T21:37:46,DOC-6587
TXN-200020,SKU-00341,LOC-016,OUT,134,459.64,OP-033,2026-07-02T22:37:46,DOC-1807
TXN-200021,SKU-00235,LOC-010,ADJUST,115,33.37,OP-012,2026-07-09T06:37:46,
TXN-200022,SKU-00360,LOC-005,ADJUST,35,106.64,OP-003,2026-07-20T06:37:46,DOC-1597
TXN-200023,SKU-00229,LOC-006,IN,159,518.73,OP-034,2026-07-30T21:37:46,DOC-8435
TXN-200024,SKU-00391,LOC-003,IN,137,450.10,OP-050,2026-07-04T11:37:46,DOC-2444
TXN-200025,SKU-00452,LOC-014,OUT,66,23.80,OP-016,2026-07-02T03:37:46,DOC-1155
TXN-200026,SKU-00374,LOC-012,OUT,43,5.72,OP-006,2026-07-11T10:37:46,DOC-4816
TXN-200027,SKU-00375,LOC-003,OUT,50,787.92,OP-007,2026-07-21T19:37:46,DOC-6044
TXN-200028,SKU-00291,LOC-008,ADJUST,104,794.74,OP-038,2026-07-13T09:37:46,DOC-2121
TXN-200029,SKU-00097,LOC-010,IN,38,11.06,OP-017,2026-07-18T23:37:46,
TXN-200030,SKU-00246,LOC-015,IN,44,620.16,OP-033,2026-07-21T05:37:46,
TXN-200031,SKU-00499,LOC-007,OUT,42,592.86,OP-004,2026-07-06T13:37:46,DOC-8732
TXN-200032,SKU-00376,LOC-019,OUT,140,639.61,OP-050,2026-07-28T15:37:46,DOC-5009
TXN-200033,SKU-00306,LOC-002,OUT,112,397.83,OP-013,2026-07-26T14:37:46,DOC-5023
TXN-200034,SKU-00377,LOC-015,OUT,62,199.21,OP-038,2026-07-15T08:37:46,DOC-5590
TXN-200035,SKU-00267,LOC-014,IN,8,23.46,OP-027,2026-07-06T20:37:46,
TXN-200036,SKU-00134,LOC-017,OUT,167,150.82,OP-049,2026-07-20T20:37:46,DOC-3406
TXN-200037,SKU-00463,LOC-018,OUT,155,490.64,OP-023,2026-07-16T20:37:46,DOC-5194
TXN-200038,SKU-00425,LOC-001,IN,65,735.07,OP-017,2026-07-29T05:37:46,DOC-9372
TXN-200039,SKU-00279,LOC-005,IN,26,16.25,OP-029,2026-07-09T22:37:46,DOC-5867
TXN-200040,SKU-00138,LOC-010,OUT,60,148.07,OP-033,2026-07-14T07:37:46,DOC-2658
TXN-200041,SKU-00043,LOC-015,ADJUST,80,104.67,OP-007,2026-07-29T00:37:46,DOC-3539
TXN-200042,SKU-00277,LOC-014,IN,120,653.72,OP-010,2026-07-26T11:37:46,DOC-3293
TXN-200043,SKU-00385,LOC-020,IN,126,737.87,OP-002,2026-07-05T23:37:46,DOC-7153
TXN-200044,SKU-00155,LOC-018,OUT,21,509.53,OP-022,2026-07-15T08:37:46,DOC-8571
TXN-200045,SKU-00119,LOC-006,OUT,32,701.63,OP-002,2026-07-17T06:37:46,DOC-4534
TXN-200046,SKU-00325,LOC-013,IN,96,280.25,OP-020,2026-07-26T16:37:46,DOC-7303
TXN-200047,SKU-00495,LOC-004,OUT,117,209.15,OP-001,2026-07-13T21:37:46,
TXN-200048,SKU-00338,LOC-011,ADJUST,5,526.30,OP-038,2026-07-12T17:37:46,DOC-4927
TXN-200049,SKU-00122,LOC-017,OUT,93,241.49,OP-007,2026-07-02T06:37:46,DOC-1459
TXN-200050,SKU-00029,LOC-001,OUT,87,707.01,OP-001,2026-07-21T11:37:46,DOC-7477
TXN-200051,SKU-00144,LOC-008,OUT,143,62.95,OP-024,2026-07-23T17:37:46,DOC-5119
TXN-200052,SKU-00137,LOC-015,ADJUST,67,340.61,OP-015,2026-07-13T07:37:46,DOC-6645
TXN-200053,SKU-00437,LOC-019,OUT,49,666.31,OP-045,2026-07-19T11:37:46,DOC-5432
TXN-200054,SKU-00218,LOC-018,OUT,58,246.47,OP-022,2026-07-26T22:37:46,DOC-8713
TXN-200055,SKU-00168,LOC-018,ADJUST,173,321.93,OP-043,2026-07-16T20:37:46,
TXN-200056,SKU-00140,LOC-018,OUT,48,342.61,OP-032,2026-07-13T02:37:46,
TXN-200057,SKU-00257,LOC-019,OUT,197,634.87,OP-011,2026-07-12T09:37:46,DOC-5829
TXN-200058,SKU-00467,LOC-005,IN,55,636.54,OP-018,2026-07-15T04:37:46,DOC-7151
TXN-200059,SKU-00217,LOC-003,OUT,23,659.02,OP-041,2026-07-04T02:37:46,DOC-8100
TXN-200060,SKU-00070,LOC-020,OUT,3,670.34,OP-028,2026-07-04T09:37:46,DOC-1079
TXN-200061,SKU-00228,LOC-010,ADJUST,141,666.28,OP-023,2026-07-21T14:37:46,
TXN-200062,SKU-00017,LOC-020,IN,44,529.65,OP-050,2026-07-06T10:37:46,
TXN-200063,SKU-00393,LOC-011,WRITE_OFF,146,273.13,OP-026,2026-07-06T01:37:46,DOC-8188
TXN-200064,SKU-00206,LOC-018,OUT,179,494.36,OP-002,2026-07-21T09:37:46,DOC-9169
TXN-200065,SKU-00314,LOC-005,IN,76,32.35,OP-025,2026-07-29T11:37:46,DOC-6019
TXN-200066,SKU-00353,LOC-011,OUT,76,766.99,OP-019,2026-07-28T23:37:46,DOC-7542
TXN-200067,SKU-00057,LOC-006,WRITE_OFF,8,763.60,OP-035,2026-07-07T23:37:46,
TXN-200068,SKU-00233,LOC-007,OUT,195,540.27,OP-045,2026-07-08T20:37:46,DOC-8843
TXN-200069,SKU-00205,LOC-008,IN,14,613.18,OP-041,2026-07-22T07:37:46,DOC-6595
TXN-200070,SKU-00005,LOC-010,IN,30,39.80,OP-003,2026-07-05T04:37:46,
TXN-200071,SKU-00159,LOC-008,OUT,84,339.01,OP-010,2026-07-19T10:37:46,DOC-8159
TXN-200072,SKU-00287,LOC-011,OUT,35,583.07,OP-050,2026-07-25T09:37:46,DOC-3071
TXN-200073,SKU-00130,LOC-012,IN,135,736.78,OP-035,2026-07-07T08:37:46,DOC-8892
TXN-200074,SKU-00459,LOC-017,OUT,34,706.27,OP-037,2026-07-08T05:37:46,DOC-2128
TXN-200075,SKU-00118,LOC-019,IN,64,193.14,OP-034,2026-07-10T04:37:46,DOC-3828
TXN-200076,SKU-00302,LOC-006,IN,199,181.14,OP-018,2026-07-12T05:37:46,DOC-1559
TXN-200077,SKU-00347,LOC-009,OUT,158,748.94,OP-020,2026-07-28T22:37:46,DOC-8243
TXN-200078,SKU-00018,LOC-019,OUT,150,305.78,OP-014,2026-07-08T11:37:46,DOC-6020
TXN-200079,SKU-00367,LOC-006,OUT,176,377.32,OP-048,2026-07-07T15:37:46,
TXN-200080,SKU-00482,LOC-014,IN,74,443.27,OP-005,2026-07-20T14:37:46,DOC-5467
TXN-200081,SKU-00468,LOC-004,OUT,29,499.63,OP-038,2026-07-28T09:37:46,DOC-2093
TXN-200082,SKU-00154,LOC-013,IN,166,681.82,OP-043,2026-07-02T06:37:46,DOC-2648
TXN-200083,SKU-00206,LOC-007,OUT,48,470.11,OP-042,2026-07-20T14:37:46,DOC-5742
TXN-200084,SKU-00232,LOC-017,ADJUST,156,526.12,OP-036,2026-07-09T21:37:46,DOC-2962
TXN-200085,SKU-00340,LOC-005,OUT,47,275.11,OP-041,2026-07-23T13:37:46,
TXN-200086,SKU-00375,LOC-010,IN,35,275.86,OP-032,2026-07-31T00:37:46,DOC-8325
TXN-200087,SKU-00383,LOC-018,OUT,26,486.05,OP-029,2026-07-15T00:37:46,DOC-5740
TXN-200088,SKU-00334,LOC-009,OUT,20,578.48,OP-023,2026-07-17T11:37:46,DOC-7832
TXN-200089,SKU-00468,LOC-014,WRITE_OFF,163,110.70,OP-038,2026-07-05T10:37:46,DOC-7923
TXN-200090,SKU-00291,LOC-020,IN,187,363.24,OP-032,2026-07-10T18:37:46,
TXN-200091,SKU-00488,LOC-004,IN,3,663.91,OP-035,2026-07-18T22:37:46,DOC-2662
TXN-200092,SKU-00300,LOC-005,WRITE_OFF,121,130.99,OP-010,2026-07-01T19:37:46,DOC-3897
TXN-200093,SKU-00171,LOC-001,ADJUST,94,98.05,OP-015,2026-07-14T02:37:46,
TXN-200094,SKU-00403,LOC-008,OUT,22,474.34,OP-025,2026-07-15T17:37:46,DOC-4535
TXN-200095,SKU-00147,LOC-017,ADJUST,167,225.27,OP-005,2026-07-24T10:37:46,DOC-6169
TXN-200096,SKU-00237,LOC-018,OUT,117,786.77,OP-021,2026-07-17T20:37:46,DOC-5895
TXN-200097,SKU-00190,LOC-018,OUT,126,118.01,OP-004,2026-07-23T10:37:46,DOC-9372
TXN-200098,SKU-00033,LOC-014,ADJUST,149,796.30,OP-011,2026-07-13T06:37:46,DOC-8773
TXN-200099,SKU-00460,LOC-012,ADJUST,154,419.96,OP-024,2026-07-29T01:37:46,DOC-2207
TXN-200100,SKU-00435,LOC-019,OUT,105,263.83,OP-007,2026-07-28T08:37:46,DOC-1589
TXN-200101,SKU-00113,LOC-009,IN,113,95.34,OP-012,2026-07-28T23:37:46,DOC-9176
TXN-200102,SKU-00018,LOC-020,OUT,100,200.08,OP-008,2026-07-06T07:37:46,
TXN-200103,SKU-00211,LOC-009,OUT,23,274.22,OP-030,2026-07-09T07:37:46,DOC-9374
TXN-200104,SKU-00242,LOC-002,OUT,131,566.97,OP-011,2026-07-29T03:37:46,DOC-1482
TXN-200105,SKU-00203,LOC-001,OUT,28,665.32,OP-023,2026-07-25T07:37:46,DOC-5723
TXN-200106,SKU-00349,LOC-012,IN,111,410.97,OP-014,2026-07-11T09:37:46,
TXN-200107,SKU-00394,LOC-020,OUT,37,289.84,OP-025,2026-07-05T15:37:46,DOC-1475
TXN-200108,SKU-00003,LOC-015,IN,165,402.37,OP-008,2026-07-26T11:37:46,DOC-2499
TXN-200109,SKU-00172,LOC-012,ADJUST,122,229.65,OP-006,2026-07-16T16:37:46,
TXN-200110,SKU-00069,LOC-002,OUT,28,421.34,OP-025,2026-07-03T08:37:46,DOC-3780
TXN-200111,SKU-00207,LOC-001,IN,121,208.72,OP-027,2026-07-16T08:37:46,DOC-5509
TXN-200112,SKU-00358,LOC-006,IN,69,510.83,OP-048,2026-07-12T11:37:46,
TXN-200113,SKU-00229,LOC-004,ADJUST,134,334.14,OP-006,2026-07-12T23:37:46,
TXN-200114,SKU-00493,LOC-001,OUT,13,100.42,OP-026,2026-07-30T17:37:46,DOC-9504
TXN-200115,SKU-00397,LOC-011,OUT,196,695.32,OP-012,2026-07-09T04:37:46,DOC-5820
TXN-200116,SKU-00152,LOC-011,ADJUST,155,260.72,OP-018,2026-07-29T08:37:46,DOC-1583
TXN-200117,SKU-00324,LOC-003,IN,22,81.55,OP-022,2026-07-08T22:37:46,
TXN-200118,SKU-00230,LOC-017,ADJUST,191,157.85,OP-038,2026-07-15T10:37:46,DOC-9631
TXN-200119,SKU-00446,LOC-019,IN,122,788.54,OP-025,2026-07-09T20:37:46,DOC-7775
TXN-200120,SKU-00122,LOC-012,OUT,87,122.25,OP-012,2026-07-27T14:37:46,DOC-1484
TXN-200121,SKU-00303,LOC-020,IN,78,791.95,OP-034,2026-07-01T17:37:46,DOC-6316
TXN-200122,SKU-00317,LOC-006,IN,89,746.63,OP-049,2026-07-09T22:37:46,DOC-8812
TXN-200123,SKU-00454,LOC-019,ADJUST,128,162.12,OP-017,2026-07-06T07:37:46,DOC-3275
TXN-200124,SKU-00208,LOC-008,OUT,181,108.33,OP-010,2026-07-20T06:37:46,DOC-2596
TXN-200125,SKU-00063,LOC-017,IN,41,637.70,OP-030,2026-07-15T15:37:46,DOC-1715
TXN-200126,SKU-00359,LOC-018,OUT,76,398.27,OP-023,2026-07-17T05:37:46,DOC-3144
TXN-200127,SKU-00488,LOC-002,OUT,186,55.51,OP-006,2026-07-24T13:37:46,DOC-5024
TXN-200128,SKU-00381,LOC-017,OUT,60,299.86,OP-038,2026-07-31T06:37:46,DOC-8394
TXN-200129,SKU-00349,LOC-018,ADJUST,70,488.81,OP-025,2026-07-22T19:37:46,
TXN-200130,SKU-00209,LOC-005,OUT,79,675.82,OP-025,2026-07-22T03:37:46,DOC-9769
TXN-200131,SKU-00222,LOC-009,ADJUST,115,150.89,OP-010,2026-07-25T22:37:46,DOC-9904
TXN-200132,SKU-00165,LOC-014,OUT,29,630.96,OP-025,2026-07-28T10:37:46,DOC-7607
TXN-200133,SKU-00328,LOC-017,OUT,88,496.18,OP-020,2026-07-17T07:37:46,
TXN-200134,SKU-00123,LOC-004,IN,15,733.98,OP-047,2026-07-06T06:37:46,DOC-9806
TXN-200135,SKU-00248,LOC-011,IN,158,433.40,OP-044,2026-07-15T02:37:46,DOC-2429
TXN-200136,SKU-00052,LOC-013,OUT,91,399.82,OP-011,2026-07-12T04:37:46,
TXN-200137,SKU-00268,LOC-017,ADJUST,82,582.29,OP-038,2026-07-13T04:37:46,DOC-8929
TXN-200138,SKU-00057,LOC-019,IN,181,55.83,OP-039,2026-07-17T13:37:46,DOC-9337
TXN-200139,SKU-00394,LOC-020,OUT,86,289.84,OP-033,2026-07-25T22:37:46,DOC-1482
TXN-200140,SKU-00094,LOC-008,OUT,102,648.04,OP-044,2026-07-08T19:37:46,DOC-3582
TXN-200141,SKU-00351,LOC-018,OUT,3,362.44,OP-027,2026-07-12T05:37:46,DOC-3816
TXN-200142,SKU-00297,LOC-004,OUT,175,215.59,OP-021,2026-07-30T12:37:46,
TXN-200143,SKU-00168,LOC-010,ADJUST,157,211.00,OP-008,2026-07-16T04:37:46,DOC-3376
TXN-200144,SKU-00278,LOC-001,IN,147,26.92,OP-004,2026-07-10T03:37:46,DOC-8589
TXN-200145,SKU-00395,LOC-011,ADJUST,28,649.38,OP-002,2026-07-30T20:37:46,DOC-3147
TXN-200146,SKU-00353,LOC-014,OUT,106,656.45,OP-043,2026-07-28T16:37:46,
TXN-200147,SKU-00018,LOC-020,IN,3,182.14,OP-016,2026-07-13T13:37:46,DOC-6802
TXN-200148,SKU-00003,LOC-010,WRITE_OFF,34,237.98,OP-036,2026-07-29T15:37:46,DOC-5443
TXN-200149,SKU-00473,LOC-005,OUT,103,729.38,OP-019,2026-07-04T21:37:46,DOC-3330
TXN-200150,SKU-00246,LOC-014,IN,50,607.19,OP-033,2026-07-12T02:37:46,
TXN-200151,SKU-00397,LOC-003,ADJUST,198,518.26,OP-023,2026-07-31T11:37:46,DOC-9302
TXN-200152,SKU-00375,LOC-004,WRITE_OFF,138,452.01,OP-008,2026-07-08T05:37:46,DOC-2987
TXN-200153,SKU-00187,LOC-009,OUT,145,534.03,OP-026,2026-07-16T11:37:46,DOC-3478
TXN-200154,SKU-00464,LOC-008,WRITE_OFF,26,707.13,OP-033,2026-07-20T13:37:46,DOC-9563
TXN-200155,SKU-00265,LOC-002,ADJUST,11,10.46,OP-049,2026-07-04T11:37:46,DOC-5642
TXN-200156,SKU-00473,LOC-020,OUT,71,390.77,OP-043,2026-07-25T22:37:46,DOC-6815
TXN-200157,SKU-00120,LOC-017,IN,51,271.33,OP-041,2026-07-22T05:37:46,DOC-4859
TXN-200158,SKU-00175,LOC-012,IN,181,18.55,OP-003,2026-07-29T12:37:46,DOC-9044
TXN-200159,SKU-00298,LOC-014,ADJUST,10,552.14,OP-024,2026-07-06T16:37:46,DOC-5563
TXN-200160,SKU-00497,LOC-011,OUT,45,153.94,OP-033,2026-07-24T12:37:46,DOC-9449
TXN-200161,SKU-00353,LOC-016,IN,48,715.67,OP-035,2026-07-04T14:37:46,DOC-1044
TXN-200162,SKU-00179,LOC-004,ADJUST,44,521.43,OP-021,2026-07-23T04:37:46,
TXN-200163,SKU-00031,LOC-001,OUT,170,384.12,OP-002,2026-07-16T16:37:46,DOC-5359
TXN-200164,SKU-00054,LOC-020,WRITE_OFF,74,785.84,OP-021,2026-07-04T13:37:46,DOC-3291
TXN-200165,SKU-00160,LOC-013,IN,114,690.33,OP-034,2026-07-18T22:37:46,
TXN-200166,SKU-00314,LOC-002,ADJUST,5,35.11,OP-002,2026-07-20T22:37:46,DOC-9501
TXN-200167,SKU-00291,LOC-002,IN,136,664.35,OP-037,2026-07-07T02:37:46,DOC-8503
TXN-200168,SKU-00138,LOC-009,OUT,81,383.12,OP-008,2026-07-20T13:37:46,DOC-2761
TXN-200169,SKU-00426,LOC-013,OUT,200,285.42,OP-017,2026-07-27T10:37:46,DOC-3683
TXN-200170,SKU-00043,LOC-012,OUT,135,385.92,OP-029,2026-07-19T23:37:46,DOC-6100
TXN-200171,SKU-00227,LOC-011,OUT,120,625.87,OP-033,2026-07-29T11:37:46,DOC-3780
TXN-200172,SKU-00169,LOC-015,IN,99,162.64,OP-003,2026-07-25T06:37:46,DOC-7298
TXN-200173,SKU-00211,LOC-019,IN,184,381.83,OP-040,2026-07-24T22:37:46,DOC-1984
TXN-200174,SKU-00222,LOC-008,OUT,17,85.25,OP-023,2026-07-20T10:37:46,
TXN-200175,SKU-00218,LOC-008,IN,89,66.81,OP-014,2026-07-15T03:37:46,DOC-3270
TXN-200176,SKU-00201,LOC-015,ADJUST,39,13.18,OP-019,2026-07-20T03:37:46,DOC-6257
TXN-200177,SKU-00183,LOC-012,OUT,163,733.09,OP-045,2026-07-22T20:37:46,DOC-8804
TXN-200178,SKU-00030,LOC-006,OUT,134,585.46,OP-003,2026-07-09T08:37:46,DOC-4040
TXN-200179,SKU-00431,LOC-006,ADJUST,14,621.87,OP-046,2026-07-30T17:37:46,DOC-9217
TXN-200180,SKU-00376,LOC-003,IN,12,112.90,OP-022,2026-07-15T04:37:46,DOC-2935
TXN-200181,SKU-00472,LOC-006,OUT,128,343.69,OP-003,2026-07-22T21:37:46,DOC-4086
TXN-200182,SKU-00197,LOC-006,ADJUST,28,545.77,OP-027,2026-07-18T14:37:46,DOC-6680
TXN-200183,SKU-00415,LOC-003,IN,52,552.47,OP-050,2026-07-12T12:37:46,DOC-9141
TXN-200184,SKU-00132,LOC-017,OUT,7,505.28,OP-024,2026-07-19T17:37:46,DOC-7031
TXN-200185,SKU-00231,LOC-009,IN,52,68.80,OP-007,2026-07-03T17:37:46,DOC-5709
TXN-200186,SKU-00413,LOC-020,IN,45,718.73,OP-040,2026-07-27T23:37:46,DOC-1857
TXN-200187,SKU-00056,LOC-012,IN,188,600.36,OP-021,2026-07-17T05:37:46,DOC-5798
TXN-200188,SKU-00335,LOC-019,IN,43,244.48,OP-036,2026-07-30T19:37:46,
TXN-200189,SKU-00434,LOC-017,IN,65,715.54,OP-025,2026-07-10T21:37:46,DOC-2209
TXN-200190,SKU-00093,LOC-019,OUT,82,414.05,OP-013,2026-07-26T16:37:46,DOC-2646
TXN-200191,SKU-00392,LOC-004,OUT,141,3.34,OP-036,2026-07-05T16:37:46,
TXN-200192,SKU-00269,LOC-008,IN,129,523.93,OP-009,2026-07-26T07:37:46,DOC-3219
TXN-200193,SKU-00255,LOC-014,ADJUST,69,34.54,OP-024,2026-07-14T00:37:46,DOC-1289
TXN-200194,SKU-00042,LOC-002,OUT,122,291.95,OP-003,2026-07-30T14:37:46,DOC-5997
TXN-200195,SKU-00367,LOC-002,OUT,78,143.09,OP-041,2026-07-04T15:37:46,DOC-1581
TXN-200196,SKU-00156,LOC-016,IN,190,693.07,OP-010,2026-07-04T02:37:46,DOC-2591
TXN-200197,SKU-00111,LOC-013,WRITE_OFF,57,727.53,OP-002,2026-07-16T14:37:46,DOC-9057
TXN-200198,SKU-00200,LOC-019,IN,199,765.71,OP-036,2026-07-23T02:37:46,DOC-9513
TXN-200199,SKU-00323,LOC-003,OUT,31,572.71,OP-049,2026-07-14T19:37:46,DOC-5076
TXN-200200,SKU-00338,LOC-003,OUT,72,634.68,OP-041,2026-07-30T07:37:46,DOC-4345
TXN-200201,SKU-00399,LOC-018,IN,89,795.25,OP-046,2026-07-30T09:37:46,
TXN-200202,SKU-00353,LOC-016,IN,5,715.67,OP-005,2026-07-22T19:37:46,
TXN-200203,SKU-00184,LOC-016,IN,25,104.76,OP-018,2026-07-02T21:37:46,
TXN-200204,SKU-00245,LOC-009,IN,142,533.49,OP-035,2026-07-10T02:37:46,DOC-8865
TXN-200205,SKU-00406,LOC-003,OUT,13,137.32,OP-001,2026-07-09T00:37:46,DOC-8934
TXN-200206,SKU-00321,LOC-005,IN,65,35.73,OP-029,2026-07-08T05:37:46,DOC-8388
TXN-200207,SKU-00310,LOC-019,WRITE_OFF,38,318.41,OP-050,2026-07-24T06:37:46,
TXN-200208,SKU-00331,LOC-001,WRITE_OFF,154,273.54,OP-002,2026-07-11T09:37:46,DOC-8871
TXN-200209,SKU-00136,LOC-001,IN,21,507.68,OP-029,2026-07-16T18:37:46,DOC-2605
TXN-200210,SKU-00159,LOC-008,OUT,100,339.01,OP-028,2026-07-23T23:37:46,
TXN-200211,SKU-00485,LOC-013,WRITE_OFF,90,482.12,OP-017,2026-07-11T16:37:46,DOC-8523
TXN-200212,SKU-00235,LOC-020,IN,38,154.43,OP-019,2026-07-03T01:37:46,DOC-9984
TXN-200213,SKU-00122,LOC-018,IN,18,567.28,OP-034,2026-07-03T15:37:46,DOC-9567
TXN-200214,SKU-00158,LOC-009,WRITE_OFF,199,522.32,OP-032,2026-07-12T03:37:46,DOC-9859
TXN-200215,SKU-00201,LOC-001,ADJUST,2,100.04,OP-027,2026-07-30T08:37:46,
TXN-200216,SKU-00341,LOC-004,OUT,172,788.13,OP-038,2026-07-23T07:37:46,DOC-5726
TXN-200217,SKU-00079,LOC-019,OUT,112,6.57,OP-019,2026-07-12T15:37:46,DOC-8995
TXN-200218,SKU-00037,LOC-014,IN,60,626.19,OP-021,2026-07-14T13:37:46,DOC-7722
TXN-200219,SKU-00478,LOC-018,ADJUST,24,540.50,OP-028,2026-07-22T00:37:46,DOC-5340
TXN-200220,SKU-00171,LOC-019,IN,4,351.11,OP-033,2026-07-29T17:37:46,DOC-4898
TXN-200221,SKU-00297,LOC-013,IN,60,739.20,OP-030,2026-07-16T20:37:46,DOC-1551
TXN-200222,SKU-00035,LOC-014,OUT,199,635.57,OP-015,2026-07-26T03:37:46,DOC-8383
TXN-200223,SKU-00053,LOC-008,IN,129,172.55,OP-046,2026-07-05T05:37:46,DOC-1570
TXN-200224,SKU-00373,LOC-013,IN,172,351.35,OP-042,2026-07-23T19:37:46,
TXN-200225,SKU-00251,LOC-008,ADJUST,115,654.61,OP-019,2026-07-07T07:37:46,DOC-6536
TXN-200226,SKU-00154,LOC-004,OUT,53,459.59,OP-030,2026-07-26T08:37:46,DOC-8082
TXN-200227,SKU-00285,LOC-005,OUT,52,769.45,OP-046,2026-07-28T17:37:46,DOC-8609
TXN-200228,SKU-00034,LOC-003,IN,64,499.81,OP-006,2026-07-30T18:37:46,DOC-6638
TXN-200229,SKU-00207,LOC-011,OUT,4,191.93,OP-032,2026-07-28T05:37:46,DOC-6665
TXN-200230,SKU-00488,LOC-011,OUT,49,266.16,OP-016,2026-07-03T17:37:46,DOC-5000
TXN-200231,SKU-00487,LOC-008,IN,45,657.48,OP-005,2026-07-14T04:37:46,DOC-1735
TXN-200232,SKU-00172,LOC-016,OUT,80,740.65,OP-039,2026-07-22T18:37:46,DOC-8941
TXN-200233,SKU-00414,LOC-019,ADJUST,6,789.62,OP-037,2026-07-15T12:37:46,DOC-1454
TXN-200234,SKU-00238,LOC-017,IN,145,474.82,OP-006,2026-07-27T22:37:46,DOC-7159
TXN-200235,SKU-00110,LOC-020,OUT,59,362.89,OP-041,2026-07-19T21:37:46,DOC-3550
TXN-200236,SKU-00059,LOC-002,OUT,171,497.16,OP-029,2026-07-12T19:37:46,DOC-9129
TXN-200237,SKU-00138,LOC-012,OUT,126,29.74,OP-011,2026-07-15T05:37:46,DOC-3348
TXN-200238,SKU-00377,LOC-020,IN,55,265.96,OP-045,2026-07-24T21:37:46,DOC-9587
TXN-200239,SKU-00170,LOC-008,IN,98,491.44,OP-030,2026-07-21T17:37:46,
TXN-200240,SKU-00486,LOC-012,OUT,5,202.24,OP-006,2026-07-21T11:37:46,DOC-9397
TXN-200241,SKU-00001,LOC-008,OUT,50,113.38,OP-001,2026-07-17T22:37:46,DOC-6618
TXN-200242,SKU-00426,LOC-016,IN,50,775.93,OP-027,2026-07-13T18:37:46,DOC-2287
TXN-200243,SKU-00258,LOC-008,IN,149,539.70,OP-048,2026-07-23T21:37:46,
TXN-200244,SKU-00460,LOC-003,WRITE_OFF,54,333.87,OP-007,2026-07-11T09:37:46,
TXN-200245,SKU-00160,LOC-006,OUT,92,129.24,OP-017,2026-07-16T18:37:46,DOC-9226
TXN-200246,SKU-00364,LOC-008,IN,166,326.89,OP-021,2026-07-24T23:37:46,DOC-1562
TXN-200247,SKU-00168,LOC-020,IN,134,233.42,OP-048,2026-07-28T11:37:46,DOC-8670
TXN-200248,SKU-00105,LOC-015,IN,90,575.91,OP-045,2026-07-07T20:37:46,DOC-6490
TXN-200249,SKU-00269,LOC-005,OUT,175,259.88,OP-026,2026-07-04T00:37:46,DOC-3938
TXN-200250,SKU-00325,LOC-003,IN,121,440.02,OP-038,2026-07-14T19:37:46,DOC-9413
TXN-200251,SKU-00215,LOC-018,OUT,33,550.35,OP-017,2026-07-12T23:37:46,
TXN-200252,SKU-00293,LOC-006,OUT,134,108.93,OP-050,2026-07-19T11:37:46,DOC-5676
TXN-200253,SKU-00189,LOC-002,IN,163,31.00,OP-018,2026-07-26T06:37:46,DOC-8187
TXN-200254,SKU-00089,LOC-002,OUT,187,574.63,OP-002,2026-07-15T20:37:46,DOC-6670
TXN-200255,SKU-00141,LOC-004,OUT,173,218.60,OP-024,2026-07-18T18:37:46,DOC-2881
TXN-200256,SKU-00480,LOC-011,IN,28,694.19,OP-025,2026-07-07T23:37:46,
TXN-200257,SKU-00439,LOC-010,OUT,138,9.07,OP-036,2026-07-07T19:37:46,DOC-8216
TXN-200258,SKU-00168,LOC-015,IN,193,79.88,OP-035,2026-07-17T08:37:46,DOC-9165
TXN-200259,SKU-00398,LOC-020,OUT,159,404.79,OP-047,2026-07-24T01:37:46,DOC-8600
TXN-200260,SKU-00096,LOC-009,OUT,26,649.04,OP-026,2026-07-05T04:37:46,DOC-2366
TXN-200261,SKU-00285,LOC-001,ADJUST,181,691.71,OP-034,2026-07-06T18:37:46,DOC-8022
TXN-200262,SKU-00085,LOC-002,IN,75,517.75,OP-020,2026-07-18T06:37:46,
TXN-200263,SKU-00012,LOC-004,IN,36,136.07,OP-027,2026-07-16T17:37:46,DOC-2608
TXN-200264,SKU-00223,LOC-017,IN,92,462.33,OP-012,2026-07-08T08:37:46,DOC-3308
TXN-200265,SKU-00285,LOC-010,OUT,53,205.68,OP-038,2026-07-24T01:37:46,
TXN-200266,SKU-00172,LOC-005,OUT,64,197.60,OP-002,2026-07-31T03:37:46,DOC-2388
TXN-200267,SKU-00475,LOC-020,OUT,73,3.49,OP-021,2026-07-02T05:37:46,DOC-9305
TXN-200268,SKU-00475,LOC-013,IN,184,753.21,OP-013,2026-07-25T21:37:46,DOC-1066
TXN-200269,SKU-00370,LOC-016,OUT,141,691.27,OP-027,2026-07-04T21:37:46,DOC-8970
TXN-200270,SKU-00408,LOC-011,OUT,64,148.25,OP-037,2026-07-26T08:37:46,DOC-4155
TXN-200271,SKU-00268,LOC-008,OUT,48,228.35,OP-015,2026-07-02T02:37:46,DOC-1552
TXN-200272,SKU-00309,LOC-017,IN,57,73.17,OP-026,2026-07-26T05:37:46,DOC-3144
TXN-200273,SKU-00170,LOC-003,WRITE_OFF,16,53.89,OP-016,2026-07-10T23:37:46,DOC-8491
TXN-200274,SKU-00019,LOC-003,OUT,17,283.99,OP-029,2026-07-30T19:37:46,DOC-9573
TXN-200275,SKU-00164,LOC-008,IN,108,71.39,OP-037,2026-07-16T05:37:46,DOC-7130
TXN-200276,SKU-00368,LOC-015,IN,29,108.88,OP-019,2026-07-17T01:37:46,DOC-2092
TXN-200277,SKU-00241,LOC-016,ADJUST,174,202.05,OP-012,2026-07-11T22:37:46,DOC-1416
TXN-200278,SKU-00187,LOC-009,IN,125,534.03,OP-017,2026-07-19T04:37:46,DOC-6676
TXN-200279,SKU-00009,LOC-007,OUT,131,621.48,OP-005,2026-07-29T15:37:46,
TXN-200280,SKU-00123,LOC-019,IN,148,661.05,OP-024,2026-07-25T03:37:46,DOC-7143
TXN-200281,SKU-00188,LOC-001,IN,86,289.85,OP-004,2026-07-06T22:37:46,DOC-5814
TXN-200282,SKU-00096,LOC-010,OUT,152,26.59,OP-011,2026-07-11T06:37:46,DOC-2380
TXN-200283,SKU-00309,LOC-011,IN,54,301.75,OP-017,2026-07-10T05:37:46,DOC-1556
TXN-200284,SKU-00306,LOC-005,IN,39,774.77,OP-022,2026-07-15T01:37:46,DOC-4257
TXN-200285,SKU-00342,LOC-012,OUT,77,213.57,OP-033,2026-07-16T22:37:46,
TXN-200286,SKU-00107,LOC-016,OUT,79,550.90,OP-042,2026-07-20T18:37:46,DOC-3122
TXN-200287,SKU-00250,LOC-004,OUT,69,591.33,OP-026,2026-07-30T22:37:46,DOC-1009
TXN-200288,SKU-00178,LOC-015,OUT,195,233.60,OP-042,2026-07-16T14:37:46,DOC-4746
TXN-200289,SKU-00194,LOC-017,IN,145,261.43,OP-046,2026-07-28T04:37:46,DOC-9565
TXN-200290,SKU-00223,LOC-003,OUT,170,444.96,OP-008,2026-07-06T08:37:46,DOC-3963
TXN-200291,SKU-00342,LOC-004,OUT,2,350.51,OP-027,2026-07-10T08:37:46,DOC-3788
TXN-200292,SKU-00221,LOC-001,ADJUST,160,268.25,OP-023,2026-07-11T00:37:46,
TXN-200293,SKU-00028,LOC-019,OUT,88,523.47,OP-025,2026-07-10T03:37:46,DOC-6335
TXN-200294,SKU-00170,LOC-013,OUT,162,355.19,OP-037,2026-07-19T08:37:46,DOC-3132
TXN-200295,SKU-00108,LOC-009,OUT,31,490.61,OP-048,2026-07-10T15:37:46,
TXN-200296,SKU-00126,LOC-009,IN,112,514.62,OP-044,2026-07-18T23:37:46,DOC-1934
TXN-200297,SKU-00315,LOC-002,OUT,17,39.00,OP-029,2026-07-04T15:37:46,DOC-7261
TXN-200298,SKU-00173,LOC-007,ADJUST,148,706.66,OP-050,2026-07-03T18:37:46,DOC-6897
TXN-200299,SKU-00260,LOC-010,ADJUST,103,330.83,OP-011,2026-07-08T13:37:46,DOC-1447
TXN-200300,SKU-00482,LOC-019,OUT,151,417.30,OP-003,2026-07-10T10:37:46,DOC-4520
TXN-200301,SKU-00115,LOC-002,IN,127,780.47,OP-005,2026-07-23T20:37:46,DOC-6009
TXN-200302,SKU-00099,LOC-018,IN,67,393.39,OP-028,2026-07-07T12:37:46,DOC-7310
TXN-200303,SKU-00106,LOC-017,OUT,150,19.84,OP-003,2026-07-23T14:37:46,DOC-7414
TXN-200304,SKU-00023,LOC-018,OUT,41,315.76,OP-049,2026-07-28T05:37:46,
TXN-200305,SKU-00368,LOC-015,OUT,20,108.88,OP-019,2026-07-29T14:37:46,DOC-1170
TXN-200306,SKU-00291,LOC-020,IN,72,363.24,OP-024,2026-07-10T15:37:46,DOC-9264
TXN-200307,SKU-00381,LOC-016,ADJUST,128,67.43,OP-025,2026-07-21T13:37:46,
TXN-200308,SKU-00016,LOC-003,OUT,9,610.47,OP-040,2026-07-06T03:37:46,DOC-9659
TXN-200309,SKU-00353,LOC-008,IN,1,616.40,OP-008,2026-07-24T20:37:46,DOC-7891
TXN-200310,SKU-00121,LOC-004,ADJUST,33,363.34,OP-019,2026-07-29T01:37:46,DOC-9922
TXN-200311,SKU-00198,LOC-019,ADJUST,124,311.98,OP-034,2026-07-10T09:37:46,DOC-8957
TXN-200312,SKU-00011,LOC-007,OUT,85,721.67,OP-022,2026-07-31T07:37:46,
TXN-200313,SKU-00093,LOC-002,OUT,7,368.76,OP-032,2026-07-13T06:37:46,DOC-6727
TXN-200314,SKU-00196,LOC-007,IN,161,494.35,OP-038,2026-07-24T14:37:46,DOC-1181
TXN-200315,SKU-00188,LOC-017,OUT,71,676.11,OP-050,2026-07-05T13:37:46,
TXN-200316,SKU-00109,LOC-017,IN,160,582.51,OP-003,2026-07-18T06:37:46,DOC-4923
TXN-200317,SKU-00107,LOC-018,ADJUST,163,470.45,OP-040,2026-07-14T09:37:46,
TXN-200318,SKU-00061,LOC-015,IN,106,558.38,OP-038,2026-07-02T19:37:46,
TXN-200319,SKU-00434,LOC-001,OUT,173,573.62,OP-033,2026-07-08T09:37:46,DOC-8270
TXN-200320,SKU-00352,LOC-020,OUT,200,555.91,OP-016,2026-07-13T07:37:46,DOC-7599
TXN-200321,SKU-00149,LOC-017,OUT,19,103.26,OP-013,2026-07-18T02:37:46,DOC-4488
TXN-200322,SKU-00172,LOC-020,WRITE_OFF,54,467.87,OP-031,2026-07-25T23:37:46,
TXN-200323,SKU-00438,LOC-005,IN,79,302.90,OP-016,2026-07-07T00:37:46,DOC-3450
TXN-200324,SKU-00153,LOC-007,OUT,81,626.52,OP-050,2026-07-31T10:37:46,DOC-9399
TXN-200325,SKU-00334,LOC-008,OUT,67,581.91,OP-007,2026-07-03T15:37:46,DOC-9032
TXN-200326,SKU-00431,LOC-020,OUT,55,158.25,OP-024,2026-07-29T03:37:46,DOC-2984
TXN-200327,SKU-00432,LOC-015,ADJUST,20,97.99,OP-029,2026-07-21T20:37:46,DOC-6343
TXN-200328,SKU-00063,LOC-014,OUT,82,229.46,OP-021,2026-07-28T08:37:46,DOC-2845
TXN-200329,SKU-00256,LOC-017,ADJUST,80,796.56,OP-011,2026-07-30T06:37:46,DOC-3211
TXN-200330,SKU-00484,LOC-017,ADJUST,68,291.98,OP-039,2026-07-12T00:37:46,DOC-5823
TXN-200331,SKU-00465,LOC-004,IN,129,260.12,OP-013,2026-07-21T18:37:46,
TXN-200332,SKU-00496,LOC-019,ADJUST,171,536.02,OP-034,2026-07-24T17:37:46,DOC-8620
TXN-200333,SKU-00481,LOC-003,OUT,113,343.97,OP-022,2026-07-02T02:37:46,DOC-6578
TXN-200334,SKU-00041,LOC-006,OUT,188,48.21,OP-042,2026-07-05T23:37:46,DOC-4318
TXN-200335,SKU-00335,LOC-015,IN,103,595.04,OP-039,2026-07-03T05:37:46,DOC-5819
TXN-200336,SKU-00347,LOC-006,ADJUST,105,606.85,OP-039,2026-07-18T06:37:46,DOC-8732
TXN-200337,SKU-00058,LOC-016,OUT,22,18.97,OP-025,2026-07-23T13:37:46,
TXN-200338,SKU-00043,LOC-012,IN,76,345.97,OP-034,2026-07-21T07:37:46,DOC-4540
TXN-200339,SKU-00173,LOC-014,IN,11,557.08,OP-023,2026-07-13T06:37:46,DOC-2525
TXN-200340,SKU-00111,LOC-012,OUT,60,447.56,OP-033,2026-07-07T07:37:46,DOC-6096
TXN-200341,SKU-00110,LOC-010,ADJUST,127,499.68,OP-036,2026-07-02T08:37:46,DOC-7836
TXN-200342,SKU-00342,LOC-017,WRITE_OFF,141,325.55,OP-042,2026-07-22T13:37:46,DOC-8468
TXN-200343,SKU-00017,LOC-014,OUT,134,421.52,OP-010,2026-07-30T15:37:46,DOC-4896
TXN-200344,SKU-00458,LOC-012,IN,47,451.04,OP-022,2026-07-06T22:37:46,
TXN-200345,SKU-00235,LOC-016,IN,157,630.17,OP-018,2026-07-04T21:37:46,DOC-4513
TXN-200346,SKU-00163,LOC-007,OUT,154,770.67,OP-018,2026-07-02T13:37:46,DOC-2459
TXN-200347,SKU-00183,LOC-014,OUT,197,744.99,OP-040,2026-07-21T09:37:46,DOC-4228
TXN-200348,SKU-00485,LOC-010,OUT,19,432.04,OP-036,2026-07-18T07:37:46,DOC-3600
TXN-200349,SKU-00441,LOC-017,IN,11,765.44,OP-025,2026-07-10T06:37:46,DOC-6073
TXN-200350,SKU-00030,LOC-018,OUT,133,326.16,OP-037,2026-07-09T18:37:46,DOC-7329
TXN-200351,SKU-00100,LOC-020,ADJUST,144,109.12,OP-011,2026-07-05T00:37:46,DOC-3929
TXN-200352,SKU-00338,LOC-001,IN,75,307.47,OP-033,2026-07-06T16:37:46,
TXN-200353,SKU-00351,LOC-011,OUT,167,592.09,OP-022,2026-07-22T03:37:46,DOC-9575
TXN-200354,SKU-00008,LOC-011,OUT,187,663.97,OP-041,2026-07-24T05:37:46,DOC-7007
TXN-200355,SKU-00494,LOC-010,IN,130,787.22,OP-019,2026-07-09T01:37:46,DOC-8309
TXN-200356,SKU-00056,LOC-014,OUT,96,344.59,OP-016,2026-07-05T09:37:46,DOC-8205
TXN-200357,SKU-00230,LOC-011,OUT,124,681.36,OP-025,2026-07-29T21:37:46,DOC-5087
TXN-200358,SKU-00110,LOC-004,IN,182,285.67,OP-047,2026-07-19T01:37:46,DOC-1655
TXN-200359,SKU-00443,LOC-015,ADJUST,20,459.84,OP-010,2026-07-30T06:37:46,DOC-3536
TXN-200360,SKU-00358,LOC-004,WRITE_OFF,174,633.70,OP-034,2026-07-17T17:37:46,DOC-3666
TXN-200361,SKU-00235,LOC-010,IN,134,221.92,OP-007,2026-07-26T04:37:46,DOC-8084
TXN-200362,SKU-00172,LOC-012,WRITE_OFF,144,229.65,OP-022,2026-07-08T18:37:46,DOC-1171
TXN-200363,SKU-00119,LOC-009,IN,55,309.08,OP-011,2026-07-30T17:37:46,DOC-3895
TXN-200364,SKU-00470,LOC-001,IN,2,451.56,OP-030,2026-07-30T13:37:46,DOC-4748
TXN-200365,SKU-00095,LOC-002,IN,188,781.69,OP-022,2026-07-09T05:37:46,DOC-8165
TXN-200366,SKU-00099,LOC-006,OUT,78,244.66,OP-033,2026-07-17T06:37:46,DOC-8809
TXN-200367,SKU-00495,LOC-007,OUT,128,593.64,OP-044,2026-07-06T11:37:46,
TXN-200368,SKU-00457,LOC-011,ADJUST,45,721.04,OP-020,2026-07-17T23:37:46,DOC-8697
TXN-200369,SKU-00375,LOC-006,IN,89,328.22,OP-030,2026-07-12T09:37:46,DOC-4275
TXN-200370,SKU-00276,LOC-004,OUT,91,407.51,OP-040,2026-07-21T18:37:46,DOC-1508
TXN-200371,SKU-00105,LOC-018,IN,168,627.19,OP-027,2026-07-16T11:37:46,DOC-1735
TXN-200372,SKU-00164,LOC-005,ADJUST,53,229.37,OP-046,2026-07-21T02:37:46,DOC-3923
TXN-200373,SKU-00158,LOC-016,ADJUST,49,584.05,OP-017,2026-07-08T06:37:46,DOC-1364
TXN-200374,SKU-00481,LOC-009,OUT,89,340.04,OP-022,2026-07-07T20:37:46,DOC-6492
TXN-200375,SKU-00265,LOC-009,OUT,74,620.89,OP-039,2026-07-18T14:37:46,DOC-7206
TXN-200376,SKU-00237,LOC-001,IN,37,305.38,OP-007,2026-07-29T16:37:46,DOC-2646
TXN-200377,SKU-00460,LOC-010,OUT,102,471.51,OP-044,2026-07-16T18:37:46,DOC-4899
TXN-200378,SKU-00365,LOC-001,ADJUST,118,279.51,OP-023,2026-07-20T20:37:46,DOC-7038
TXN-200379,SKU-00408,LOC-004,IN,114,20.38,OP-007,2026-07-30T06:37:46,
TXN-200380,SKU-00342,LOC-017,IN,193,325.55,OP-008,2026-07-27T03:37:46,DOC-4183
TXN-200381,SKU-00418,LOC-020,ADJUST,7,379.96,OP-038,2026-07-16T10:37:46,
TXN-200382,SKU-00192,LOC-016,IN,158,591.18,OP-015,2026-07-07T14:37:46,DOC-1116
TXN-200383,SKU-00004,LOC-009,ADJUST,138,473.38,OP-022,2026-07-28T22:37:46,
TXN-200384,SKU-00091,LOC-002,OUT,197,738.03,OP-016,2026-07-17T04:37:46,
TXN-200385,SKU-00358,LOC-019,IN,87,494.90,OP-013,2026-07-08T10:37:46,DOC-9287
TXN-200386,SKU-00268,LOC-011,ADJUST,181,610.54,OP-048,2026-07-25T10:37:46,DOC-7001
TXN-200387,SKU-00118,LOC-019,IN,12,193.14,OP-049,2026-07-13T19:37:46,
TXN-200388,SKU-00279,LOC-018,OUT,9,681.79,OP-032,2026-07-15T18:37:46,DOC-5109
TXN-200389,SKU-00097,LOC-009,OUT,172,476.18,OP-035,2026-07-16T21:37:46,DOC-7281
TXN-200390,SKU-00473,LOC-001,IN,155,121.62,OP-042,2026-07-02T01:37:46,DOC-3624
TXN-200391,SKU-00094,LOC-008,OUT,15,648.04,OP-022,2026-07-08T11:37:46,
TXN-200392,SKU-00251,LOC-013,OUT,191,303.37,OP-012,2026-07-14T05:37:46,DOC-8936
TXN-200393,SKU-00230,LOC-006,IN,2,533.34,OP-044,2026-07-28T09:37:46,
TXN-200394,SKU-00495,LOC-016,IN,92,289.58,OP-034,2026-07-21T00:37:46,DOC-1546
TXN-200395,SKU-00111,LOC-012,WRITE_OFF,150,399.26,OP-007,2026-07-28T05:37:46,
TXN-200396,SKU-00215,LOC-008,OUT,16,351.09,OP-014,2026-07-11T10:37:46,DOC-2514
TXN-200397,SKU-00044,LOC-007,IN,108,377.86,OP-035,2026-07-23T17:37:46,DOC-5745
TXN-200398,SKU-00267,LOC-017,IN,136,317.45,OP-031,2026-07-18T07:37:46,DOC-8623
TXN-200399,SKU-00418,LOC-017,ADJUST,179,641.49,OP-015,2026-07-08T08:37:46,DOC-6194
TXN-200400,SKU-00405,LOC-020,OUT,168,319.99,OP-043,2026-07-07T13:37:46,DOC-9584
TXN-200401,SKU-00175,LOC-011,OUT,130,409.60,OP-032,2026-07-05T07:37:46,DOC-8667
TXN-200402,SKU-00475,LOC-010,WRITE_OFF,109,96.52,OP-043,2026-07-14T11:37:46,DOC-8209
TXN-200403,SKU-00485,LOC-003,IN,50,147.13,OP-007,2026-07-20T04:37:46,DOC-8478
TXN-200404,SKU-00037,LOC-009,ADJUST,54,670.59,OP-001,2026-07-21T15:37:46,DOC-9848
TXN-200405,SKU-00203,LOC-017,IN,46,266.72,OP-004,2026-07-26T22:37:46,DOC-1507
TXN-200406,SKU-00235,LOC-010,IN,171,33.37,OP-049,2026-07-03T14:37:46,DOC-7268
TXN-200407,SKU-00467,LOC-019,IN,142,502.72,OP-025,2026-07-08T04:37:46,DOC-6847
TXN-200408,SKU-00002,LOC-006,OUT,82,25.43,OP-026,2026-07-21T21:37:46,DOC-6566
TXN-200409,SKU-00088,LOC-015,IN,43,205.49,OP-046,2026-07-25T00:37:46,DOC-1454
TXN-200410,SKU-00385,LOC-012,OUT,20,2.62,OP-048,2026-07-10T01:37:46,DOC-4408
TXN-200411,SKU-00100,LOC-014,IN,16,271.41,OP-015,2026-07-14T17:37:46,
TXN-200412,SKU-00281,LOC-013,OUT,116,358.76,OP-011,2026-07-06T16:37:46,
TXN-200413,SKU-00296,LOC-008,OUT,47,656.75,OP-021,2026-07-18T09:37:46,
TXN-200414,SKU-00227,LOC-007,IN,47,689.27,OP-015,2026-07-31T00:37:46,
TXN-200415,SKU-00331,LOC-003,OUT,156,629.04,OP-021,2026-07-04T13:37:46,
TXN-200416,SKU-00018,LOC-005,IN,4,307.09,OP-021,2026-07-16T19:37:46,DOC-1343
TXN-200417,SKU-00055,LOC-019,IN,149,621.54,OP-005,2026-07-02T10:37:46,
TXN-200418,SKU-00153,LOC-012,OUT,180,649.81,OP-010,2026-07-26T16:37:46,
TXN-200419,SKU-00452,LOC-018,IN,121,248.58,OP-044,2026-07-10T17:37:46,DOC-1749
TXN-200420,SKU-00289,LOC-015,IN,138,40.76,OP-041,2026-07-07T22:37:46,
TXN-200421,SKU-00203,LOC-020,IN,156,732.28,OP-002,2026-07-29T05:37:46,DOC-6111
TXN-200422,SKU-00163,LOC-002,OUT,196,237.70,OP-028,2026-07-19T22:37:46,DOC-6464
TXN-200423,SKU-00134,LOC-018,IN,91,137.11,OP-024,2026-07-02T06:37:46,DOC-5393
TXN-200424,SKU-00400,LOC-009,IN,129,494.95,OP-046,2026-07-31T03:37:46,DOC-4167
TXN-200425,SKU-00262,LOC-008,OUT,1,656.51,OP-018,2026-07-25T20:37:46,DOC-1420
TXN-200426,SKU-00454,LOC-017,OUT,175,425.44,OP-024,2026-07-12T22:37:46,DOC-4945
TXN-200427,SKU-00177,LOC-011,OUT,185,245.73,OP-044,2026-07-22T23:37:46,DOC-6885
TXN-200428,SKU-00481,LOC-004,OUT,99,164.28,OP-050,2026-07-14T03:37:46,DOC-6950
TXN-200429,SKU-00176,LOC-015,OUT,104,628.56,OP-050,2026-07-14T00:37:46,DOC-3796
TXN-200430,SKU-00481,LOC-018,IN,182,332.11,OP-030,2026-07-06T10:37:46,DOC-8373
TXN-200431,SKU-00094,LOC-015,IN,47,666.38,OP-009,2026-07-24T16:37:46,DOC-3099
TXN-200432,SKU-00479,LOC-009,OUT,143,440.93,OP-013,2026-07-15T02:37:46,
TXN-200433,SKU-00085,LOC-017,IN,95,450.23,OP-003,2026-07-25T18:37:46,
TXN-200434,SKU-00492,LOC-003,OUT,78,767.13,OP-023,2026-07-16T22:37:46,DOC-3850
TXN-200435,SKU-00252,LOC-010,IN,79,191.65,OP-007,2026-07-15T14:37:46,DOC-9126
TXN-200436,SKU-00450,LOC-005,ADJUST,54,634.64,OP-040,2026-07-24T06:37:46,
TXN-200437,SKU-00254,LOC-004,ADJUST,135,522.73,OP-047,2026-07-27T13:37:46,DOC-5644
TXN-200438,SKU-00423,LOC-018,OUT,125,135.07,OP-015,2026-07-13T10:37:46,DOC-8330
TXN-200439,SKU-00492,LOC-013,OUT,44,530.87,OP-020,2026-07-02T13:37:46,DOC-3693
TXN-200440,SKU-00307,LOC-018,IN,165,319.92,OP-017,2026-07-14T02:37:46,
TXN-200441,SKU-00311,LOC-009,WRITE_OFF,72,185.68,OP-026,2026-07-09T00:37:46,DOC-5249
TXN-200442,SKU-00170,LOC-004,IN,94,443.19,OP-028,2026-07-18T07:37:46,
TXN-200443,SKU-00447,LOC-008,IN,34,225.89,OP-045,2026-07-19T14:37:46,DOC-3588
TXN-200444,SKU-00165,LOC-014,IN,184,7.10,OP-028,2026-07-15T18:37:46,DOC-3078
TXN-200445,SKU-00468,LOC-007,IN,42,396.74,OP-034,2026-07-08T04:37:46,DOC-2526
TXN-200446,SKU-00045,LOC-013,IN,119,9.21,OP-030,2026-07-08T14:37:46,DOC-3917
TXN-200447,SKU-00336,LOC-005,IN,16,642.85,OP-044,2026-07-14T07:37:46,DOC-1854
TXN-200448,SKU-00494,LOC-010,OUT,173,787.22,OP-016,2026-07-25T04:37:46,DOC-8385
TXN-200449,SKU-00177,LOC-003,OUT,124,271.35,OP-005,2026-07-02T09:37:46,DOC-5166
TXN-200450,SKU-00145,LOC-002,OUT,33,19.29,OP-011,2026-07-30T13:37:46,DOC-4936
TXN-200451,SKU-00052,LOC-009,ADJUST,121,508.40,OP-024,2026-07-02T23:37:46,DOC-2804
TXN-200452,SKU-00276,LOC-019,OUT,135,791.26,OP-023,2026-07-16T05:37:46,DOC-1380
TXN-200453,SKU-00349,LOC-008,OUT,46,401.67,OP-003,2026-07-16T13:37:46,DOC-5109
TXN-200454,SKU-00140,LOC-014,IN,177,406.56,OP-036,2026-07-23T07:37:46,DOC-1234
TXN-200455,SKU-00465,LOC-007,OUT,11,56.31,OP-020,2026-07-31T12:37:46,DOC-2100
TXN-200456,SKU-00449,LOC-002,ADJUST,70,609.57,OP-012,2026-07-17T01:37:46,DOC-6189
TXN-200457,SKU-00292,LOC-020,ADJUST,51,481.54,OP-041,2026-07-08T16:37:46,DOC-7872
TXN-200458,SKU-00299,LOC-004,OUT,61,270.16,OP-045,2026-07-23T04:37:46,DOC-9017
TXN-200459,SKU-00018,LOC-012,OUT,20,255.12,OP-013,2026-07-12T19:37:46,DOC-7010
TXN-200460,SKU-00149,LOC-002,WRITE_OFF,11,280.91,OP-039,2026-07-26T06:37:46,DOC-9212
TXN-200461,SKU-00277,LOC-018,OUT,183,54.16,OP-044,2026-07-04T01:37:46,DOC-9456
TXN-200462,SKU-00016,LOC-011,OUT,197,641.32,OP-026,2026-07-23T02:37:46,
TXN-200463,SKU-00104,LOC-009,IN,169,467.93,OP-033,2026-07-18T13:37:46,DOC-7543
TXN-200464,SKU-00499,LOC-015,IN,196,559.06,OP-016,2026-07-05T13:37:46,DOC-4484
TXN-200465,SKU-00060,LOC-015,OUT,105,285.64,OP-027,2026-07-11T23:37:46,DOC-8285
TXN-200466,SKU-00235,LOC-016,IN,28,71.15,OP-021,2026-07-27T14:37:46,DOC-4306
TXN-200467,SKU-00211,LOC-016,OUT,159,147.59,OP-015,2026-07-15T17:37:46,DOC-5846
TXN-200468,SKU-00073,LOC-007,OUT,86,10.59,OP-013,2026-07-29T23:37:46,DOC-5238
TXN-200469,SKU-00115,LOC-011,ADJUST,122,788.79,OP-011,2026-07-16T07:37:46,DOC-5957
TXN-200470,SKU-00278,LOC-003,IN,15,626.24,OP-033,2026-07-17T22:37:46,DOC-4864
TXN-200471,SKU-00386,LOC-019,OUT,192,455.98,OP-023,2026-07-04T12:37:46,DOC-9691
TXN-200472,SKU-00311,LOC-019,IN,74,484.12,OP-028,2026-07-02T14:37:46,DOC-8375
TXN-200473,SKU-00210,LOC-002,IN,13,427.01,OP-001,2026-07-17T07:37:46,DOC-7092
TXN-200474,SKU-00015,LOC-003,OUT,25,622.65,OP-034,2026-07-07T15:37:46,DOC-3842
TXN-200475,SKU-00399,LOC-013,IN,104,354.15,OP-035,2026-07-05T21:37:46,DOC-5710
TXN-200476,SKU-00169,LOC-014,ADJUST,187,778.12,OP-046,2026-07-22T23:37:46,
TXN-200477,SKU-00406,LOC-003,IN,120,137.32,OP-021,2026-07-09T16:37:46,DOC-8604
TXN-200478,SKU-00068,LOC-018,OUT,75,123.51,OP-007,2026-07-27T20:37:46,DOC-1982
TXN-200479,SKU-00344,LOC-019,OUT,180,475.53,OP-041,2026-07-29T10:37:46,
TXN-200480,SKU-00072,LOC-003,IN,85,158.31,OP-002,2026-07-17T04:37:46,DOC-1120
TXN-200481,SKU-00482,LOC-020,OUT,65,374.45,OP-018,2026-07-26T07:37:46,DOC-9012
TXN-200482,SKU-00068,LOC-018,IN,127,123.51,OP-033,2026-07-07T22:37:46,
TXN-200483,SKU-00049,LOC-001,ADJUST,86,749.57,OP-049,2026-07-07T18:37:46,DOC-8149
TXN-200484,SKU-00332,LOC-004,IN,105,269.14,OP-029,2026-07-08T18:37:46,DOC-3283
TXN-200485,SKU-00464,LOC-017,IN,120,92.09,OP-020,2026-07-14T13:37:46,DOC-6221
TXN-200486,SKU-00098,LOC-003,OUT,92,535.31,OP-041,2026-07-24T13:37:46,DOC-7947
TXN-200487,SKU-00354,LOC-009,WRITE_OFF,164,144.62,OP-042,2026-07-06T21:37:46,
TXN-200488,SKU-00126,LOC-013,OUT,103,294.38,OP-042,2026-07-12T00:37:46,DOC-5961
TXN-200489,SKU-00096,LOC-002,OUT,54,25.28,OP-037,2026-07-11T15:37:46,DOC-7373
TXN-200490,SKU-00059,LOC-011,ADJUST,117,298.58,OP-038,2026-07-10T17:37:46,DOC-6343
TXN-200491,SKU-00159,LOC-005,IN,91,602.01,OP-001,2026-07-02T09:37:46,DOC-5228
TXN-200492,SKU-00370,LOC-017,IN,164,252.08,OP-002,2026-07-14T11:37:46,DOC-5894
TXN-200493,SKU-00410,LOC-006,OUT,164,683.09,OP-050,2026-07-07T21:37:46,DOC-8751
TXN-200494,SKU-00123,LOC-004,IN,187,733.98,OP-029,2026-07-20T12:37:46,
TXN-200495,SKU-00484,LOC-010,IN,56,670.51,OP-018,2026-07-30T06:37:46,
TXN-200496,SKU-00243,LOC-018,OUT,44,402.13,OP-027,2026-07-17T08:37:46,
TXN-200497,SKU-00482,LOC-017,OUT,148,263.63,OP-013,2026-07-18T19:37:46,DOC-9035
TXN-200498,SKU-00134,LOC-014,WRITE_OFF,45,312.29,OP-036,2026-07-15T06:37:46,
TXN-200499,SKU-00070,LOC-015,OUT,84,474.68,OP-022,2026-07-14T06:37:46,DOC-4635
TXN-200500,SKU-00271,LOC-020,OUT,142,422.67,OP-018,2026-07-27T14:37:46,DOC-2694
TXN-200501,SKU-00289,LOC-009,OUT,109,706.01,OP-041,2026-07-06T22:37:46,
TXN-200502,SKU-00261,LOC-019,IN,75,453.27,OP-026,2026-07-13T18:37:46,DOC-3883
TXN-200503,SKU-00400,LOC-017,ADJUST,174,679.90,OP-020,2026-07-08T05:37:46,DOC-7570
TXN-200504,SKU-00384,LOC-013,ADJUST,94,16.80,OP-016,2026-07-23T09:37:46,DOC-6007
TXN-200505,SKU-00366,LOC-019,OUT,124,606.46,OP-025,2026-07-19T05:37:46,DOC-1194
TXN-200506,SKU-00428,LOC-004,IN,126,656.84,OP-037,2026-07-20T08:37:46,
TXN-200507,SKU-00042,LOC-002,OUT,178,291.95,OP-038,2026-07-15T03:37:46,DOC-1189
TXN-200508,SKU-00378,LOC-006,IN,82,37.15,OP-041,2026-07-20T22:37:46,DOC-1050
TXN-200509,SKU-00051,LOC-011,IN,48,7.28,OP-021,2026-07-09T18:37:46,DOC-1220
TXN-200510,SKU-00285,LOC-011,WRITE_OFF,138,496.41,OP-030,2026-07-01T21:37:46,DOC-1289
TXN-200511,SKU-00172,LOC-009,IN,83,174.43,OP-048,2026-07-26T03:37:46,DOC-5118
TXN-200512,SKU-00281,LOC-019,IN,140,781.52,OP-002,2026-07-23T18:37:46,DOC-6988
TXN-200513,SKU-00407,LOC-002,IN,50,363.32,OP-048,2026-07-28T00:37:46,DOC-4327
TXN-200514,SKU-00230,LOC-003,ADJUST,181,286.27,OP-017,2026-07-26T10:37:46,DOC-9827
TXN-200515,SKU-00016,LOC-017,OUT,169,453.33,OP-017,2026-07-11T20:37:46,DOC-6988
TXN-200516,SKU-00420,LOC-001,IN,149,7.69,OP-022,2026-07-17T18:37:46,
TXN-200517,SKU-00373,LOC-010,IN,89,288.63,OP-020,2026-07-17T07:37:46,DOC-3909
TXN-200518,SKU-00088,LOC-010,ADJUST,52,752.92,OP-027,2026-07-15T11:37:46,DOC-6444
TXN-200519,SKU-00096,LOC-007,OUT,128,790.41,OP-026,2026-07-28T15:37:46,DOC-1373
TXN-200520,SKU-00059,LOC-002,ADJUST,198,497.16,OP-003,2026-07-15T17:37:46,DOC-2980
TXN-200521,SKU-00493,LOC-002,ADJUST,104,362.02,OP-047,2026-07-11T08:37:46,
TXN-200522,SKU-00105,LOC-018,OUT,157,676.13,OP-011,2026-07-08T15:37:46,DOC-3311
TXN-200523,SKU-00042,LOC-007,WRITE_OFF,84,745.77,OP-039,2026-07-18T07:37:46,DOC-9603
TXN-200524,SKU-00372,LOC-009,OUT,93,639.07,OP-003,2026-07-20T16:37:46,DOC-1703
TXN-200525,SKU-00322,LOC-020,OUT,160,431.40,OP-004,2026-07-04T02:37:46,DOC-1288
TXN-200526,SKU-00244,LOC-013,OUT,4,300.64,OP-039,2026-07-30T19:37:46,DOC-9204
TXN-200527,SKU-00114,LOC-002,IN,169,325.84,OP-047,2026-07-13T19:37:46,DOC-7099
TXN-200528,SKU-00415,LOC-008,IN,59,293.67,OP-039,2026-07-12T15:37:46,DOC-4031
TXN-200529,SKU-00364,LOC-005,IN,53,731.39,OP-012,2026-07-26T07:37:46,DOC-8676
TXN-200530,SKU-00258,LOC-001,IN,47,411.36,OP-038,2026-07-26T14:37:46,DOC-5461
TXN-200531,SKU-00292,LOC-002,OUT,40,287.48,OP-021,2026-07-23T14:37:46,DOC-5881
TXN-200532,SKU-00369,LOC-006,IN,155,502.93,OP-002,2026-07-18T18:37:46,DOC-1553
TXN-200533,SKU-00244,LOC-013,IN,96,300.64,OP-013,2026-07-05T10:37:46,DOC-5261
TXN-200534,SKU-00385,LOC-014,IN,170,55.38,OP-009,2026-07-29T12:37:46,DOC-6467
TXN-200535,SKU-00461,LOC-002,IN,135,625.27,OP-013,2026-07-02T20:37:46,DOC-4903
TXN-200536,SKU-00239,LOC-006,OUT,130,156.26,OP-027,2026-07-24T18:37:46,DOC-7311
TXN-200537,SKU-00072,LOC-017,ADJUST,191,584.55,OP-027,2026-07-31T04:37:46,DOC-1636
TXN-200538,SKU-00195,LOC-017,WRITE_OFF,102,501.01,OP-003,2026-07-30T21:37:46,DOC-6752
TXN-200539,SKU-00194,LOC-012,OUT,104,692.55,OP-030,2026-07-18T23:37:46,
TXN-200540,SKU-00222,LOC-008,OUT,176,85.25,OP-041,2026-07-13T05:37:46,DOC-4484
TXN-200541,SKU-00309,LOC-012,OUT,5,547.13,OP-043,2026-07-09T04:37:46,DOC-3077
TXN-200542,SKU-00310,LOC-010,IN,74,390.47,OP-024,2026-07-20T13:37:46,DOC-4047
TXN-200543,SKU-00067,LOC-014,ADJUST,119,59.75,OP-005,2026-07-02T08:37:46,DOC-9515
TXN-200544,SKU-00339,LOC-017,OUT,157,121.89,OP-018,2026-07-18T17:37:46,
TXN-200545,SKU-00386,LOC-003,ADJUST,20,401.78,OP-039,2026-07-24T07:37:46,
TXN-200546,SKU-00033,LOC-019,OUT,159,353.61,OP-028,2026-07-16T06:37:46,DOC-4186
TXN-200547,SKU-00403,LOC-004,IN,7,134.75,OP-032,2026-07-16T19:37:46,DOC-5209
TXN-200548,SKU-00300,LOC-004,OUT,31,330.60,OP-026,2026-07-06T02:37:46,DOC-5220
TXN-200549,SKU-00347,LOC-009,IN,139,748.94,OP-019,2026-07-28T01:37:46,
TXN-200550,SKU-00099,LOC-006,ADJUST,31,244.66,OP-032,2026-07-25T02:37:46,DOC-1096
TXN-200551,SKU-00354,LOC-009,OUT,30,144.62,OP-009,2026-07-25T21:37:46,DOC-6302
TXN-200552,SKU-00059,LOC-001,OUT,17,140.94,OP-043,2026-07-23T06:37:46,DOC-6940
TXN-200553,SKU-00063,LOC-014,IN,139,229.46,OP-031,2026-07-28T19:37:46,DOC-3614
TXN-200554,SKU-00374,LOC-012,OUT,58,5.72,OP-022,2026-07-30T10:37:46,DOC-8904
TXN-200555,SKU-00054,LOC-015,ADJUST,26,555.97,OP-042,2026-07-08T00:37:46,DOC-8050
TXN-200556,SKU-00197,LOC-014,IN,193,702.21,OP-019,2026-07-26T02:37:46,
TXN-200557,SKU-00084,LOC-019,IN,125,661.47,OP-031,2026-07-18T02:37:46,DOC-8422
TXN-200558,SKU-00463,LOC-017,IN,11,592.41,OP-012,2026-07-05T04:37:46,DOC-3229
TXN-200559,SKU-00040,LOC-004,IN,199,431.66,OP-005,2026-07-10T10:37:46,DOC-1070
TXN-200560,SKU-00111,LOC-003,ADJUST,52,300.34,OP-018,2026-07-27T23:37:46,DOC-4993
TXN-200561,SKU-00237,LOC-018,OUT,77,786.77,OP-009,2026-07-07T22:37:46,DOC-4434
TXN-200562,SKU-00279,LOC-018,ADJUST,27,507.07,OP-012,2026-07-24T12:37:46,DOC-7931
TXN-200563,SKU-00363,LOC-011,IN,129,113.90,OP-044,2026-07-26T15:37:46,DOC-6819
TXN-200564,SKU-00124,LOC-004,IN,93,51.42,OP-039,2026-07-30T14:37:46,DOC-1543
TXN-200565,SKU-00370,LOC-012,OUT,177,400.20,OP-033,2026-07-15T10:37:46,DOC-5164
TXN-200566,SKU-00377,LOC-014,OUT,162,370.05,OP-047,2026-07-09T21:37:46,
TXN-200567,SKU-00300,LOC-020,IN,163,261.37,OP-001,2026-07-30T03:37:46,DOC-9864
TXN-200568,SKU-00206,LOC-008,ADJUST,142,140.39,OP-005,2026-07-24T16:37:46,
TXN-200569,SKU-00052,LOC-006,OUT,36,611.90,OP-039,2026-07-05T12:37:46,DOC-9227
TXN-200570,SKU-00151,LOC-014,IN,176,656.52,OP-016,2026-07-31T08:37:46,DOC-3310
TXN-200571,SKU-00440,LOC-007,IN,191,596.68,OP-017,2026-07-04T23:37:46,DOC-4243
TXN-200572,SKU-00248,LOC-005,OUT,113,168.29,OP-027,2026-07-24T20:37:46,DOC-5554
TXN-200573,SKU-00003,LOC-011,WRITE_OFF,10,272.02,OP-027,2026-07-24T22:37:46,DOC-6323
TXN-200574,SKU-00449,LOC-019,OUT,68,240.22,OP-049,2026-07-12T02:37:46,DOC-9820
TXN-200575,SKU-00219,LOC-017,OUT,150,429.55,OP-019,2026-07-27T17:37:46,DOC-1819
TXN-200576,SKU-00318,LOC-008,OUT,48,442.99,OP-044,2026-07-24T03:37:46,DOC-4420
TXN-200577,SKU-00415,LOC-020,OUT,44,716.75,OP-032,2026-07-03T15:37:46,DOC-2923
TXN-200578,SKU-00057,LOC-014,IN,196,337.53,OP-030,2026-07-10T12:37:46,DOC-2435
TXN-200579,SKU-00117,LOC-008,IN,93,177.89,OP-011,2026-07-17T10:37:46,DOC-9129
TXN-200580,SKU-00189,LOC-005,ADJUST,44,25.27,OP-023,2026-07-16T21:37:46,DOC-5077
TXN-200581,SKU-00493,LOC-002,OUT,52,607.86,OP-020,2026-07-18T03:37:46,DOC-7585
TXN-200582,SKU-00170,LOC-011,OUT,115,406.05,OP-019,2026-07-26T11:37:46,DOC-2244
TXN-200583,SKU-00282,LOC-007,OUT,192,345.46,OP-048,2026-07-24T23:37:46,DOC-8319
TXN-200584,SKU-00220,LOC-003,ADJUST,35,696.06,OP-005,2026-07-22T14:37:46,DOC-5234
TXN-200585,SKU-00256,LOC-017,IN,49,374.74,OP-047,2026-07-23T17:37:46,DOC-6255
TXN-200586,SKU-00371,LOC-018,OUT,53,411.93,OP-010,2026-07-20T08:37:46,DOC-9480
TXN-200587,SKU-00184,LOC-009,IN,77,217.67,OP-007,2026-07-29T07:37:46,DOC-1767
TXN-200588,SKU-00060,LOC-010,IN,47,530.88,OP-027,2026-07-07T17:37:46,
TXN-200589,SKU-00478,LOC-018,WRITE_OFF,36,605.47,OP-031,2026-07-15T23:37:46,DOC-7149
TXN-200590,SKU-00162,LOC-005,ADJUST,12,360.82,OP-044,2026-07-17T09:37:46,DOC-5325
TXN-200591,SKU-00062,LOC-006,OUT,148,522.59,OP-004,2026-07-30T16:37:46,DOC-1942
TXN-200592,SKU-00258,LOC-020,OUT,127,528.17,OP-035,2026-07-30T10:37:46,DOC-7826
TXN-200593,SKU-00076,LOC-014,ADJUST,126,572.00,OP-022,2026-07-26T16:37:46,
TXN-200594,SKU-00371,LOC-020,OUT,126,80.51,OP-011,2026-07-19T10:37:46,
TXN-200595,SKU-00084,LOC-004,OUT,50,652.02,OP-005,2026-07-18T07:37:46,DOC-9907
TXN-200596,SKU-00076,LOC-007,OUT,35,233.32,OP-037,2026-07-11T20:37:46,DOC-8175
TXN-200597,SKU-00217,LOC-009,OUT,26,453.12,OP-020,2026-07-27T04:37:46,DOC-8214
TXN-200598,SKU-00436,LOC-018,IN,1,414.71,OP-026,2026-07-29T13:37:46,DOC-6109
TXN-200599,SKU-00031,LOC-009,IN,163,758.70,OP-047,2026-07-09T22:37:46,
TXN-200600,SKU-00244,LOC-013,ADJUST,101,300.64,OP-047,2026-07-13T14:37:46,
TXN-200601,SKU-00434,LOC-006,IN,185,693.37,OP-040,2026-07-05T07:37:46,
TXN-200602,SKU-00468,LOC-020,IN,148,453.26,OP-016,2026-07-05T17:37:46,
TXN-200603,SKU-00238,LOC-002,OUT,69,54.45,OP-006,2026-07-31T15:37:46,DOC-1309
TXN-200604,SKU-00236,LOC-011,WRITE_OFF,81,552.91,OP-007,2026-07-26T08:37:46,DOC-1900
TXN-200605,SKU-00121,LOC-009,IN,5,736.24,OP-044,2026-07-16T05:37:46,DOC-8132
TXN-200606,SKU-00095,LOC-003,OUT,35,303.74,OP-022,2026-07-08T21:37:46,
TXN-200607,SKU-00004,LOC-012,OUT,28,333.73,OP-046,2026-07-05T05:37:46,DOC-4276
TXN-200608,SKU-00030,LOC-016,OUT,101,30.73,OP-017,2026-07-28T20:37:46,DOC-8187
TXN-200609,SKU-00474,LOC-004,IN,123,303.54,OP-041,2026-07-25T17:37:46,DOC-6397
TXN-200610,SKU-00358,LOC-008,IN,128,738.52,OP-025,2026-07-23T01:37:46,DOC-1185
TXN-200611,SKU-00425,LOC-019,ADJUST,66,303.94,OP-040,2026-07-29T13:37:46,DOC-8726
TXN-200612,SKU-00146,LOC-018,OUT,114,432.69,OP-006,2026-07-08T08:37:46,
TXN-200613,SKU-00165,LOC-016,OUT,192,458.89,OP-004,2026-07-31T09:37:46,DOC-3571
TXN-200614,SKU-00280,LOC-002,IN,59,374.34,OP-022,2026-07-20T07:37:46,
TXN-200615,SKU-00392,LOC-006,IN,158,374.82,OP-044,2026-07-31T02:37:46,DOC-9743
TXN-200616,SKU-00299,LOC-003,IN,166,529.39,OP-037,2026-07-22T15:37:46,
TXN-200617,SKU-00141,LOC-014,OUT,56,353.41,OP-019,2026-07-17T19:37:46,DOC-4934
TXN-200618,SKU-00219,LOC-020,IN,155,416.88,OP-041,2026-07-15T14:37:46,
TXN-200619,SKU-00031,LOC-004,OUT,27,708.75,OP-039,2026-07-15T17:37:46,DOC-7929
TXN-200620,SKU-00222,LOC-018,ADJUST,183,41.89,OP-037,2026-07-12T11:37:46,DOC-9760
TXN-200621,SKU-00026,LOC-001,OUT,105,518.22,OP-005,2026-07-05T18:37:46,DOC-4362
TXN-200622,SKU-00360,LOC-005,ADJUST,58,106.64,OP-044,2026-07-05T02:37:46,DOC-6588
TXN-200623,SKU-00089,LOC-008,OUT,198,407.55,OP-043,2026-07-09T03:37:46,DOC-5339
TXN-200624,SKU-00109,LOC-004,ADJUST,98,359.34,OP-041,2026-07-09T09:37:46,DOC-2336
TXN-200625,SKU-00455,LOC-018,OUT,74,623.49,OP-027,2026-07-18T12:37:46,DOC-6060
TXN-200626,SKU-00371,LOC-019,IN,148,538.15,OP-007,2026-07-14T02:37:46,DOC-8744
TXN-200627,SKU-00222,LOC-014,OUT,145,500.60,OP-004,2026-07-11T20:37:46,DOC-9415
TXN-200628,SKU-00032,LOC-010,OUT,157,597.60,OP-029,2026-07-22T10:37:46,DOC-9632
TXN-200629,SKU-00192,LOC-019,IN,172,63.31,OP-026,2026-07-28T23:37:46,
TXN-200630,SKU-00268,LOC-005,OUT,83,642.04,OP-039,2026-07-27T20:37:46,
TXN-200631,SKU-00322,LOC-010,IN,113,725.25,OP-018,2026-07-05T02:37:46,DOC-7534
TXN-200632,SKU-00077,LOC-014,IN,91,786.68,OP-006,2026-07-09T14:37:46,DOC-5070
TXN-200633,SKU-00047,LOC-002,IN,2,318.86,OP-043,2026-07-26T21:37:46,
TXN-200634,SKU-00176,LOC-011,ADJUST,79,400.02,OP-017,2026-07-22T19:37:46,
TXN-200635,SKU-00074,LOC-014,OUT,38,316.67,OP-014,2026-07-14T06:37:46,DOC-1502
TXN-200636,SKU-00010,LOC-012,WRITE_OFF,125,297.27,OP-045,2026-07-28T00:37:46,DOC-7214
TXN-200637,SKU-00175,LOC-003,OUT,199,363.87,OP-024,2026-07-26T22:37:46,DOC-4365
TXN-200638,SKU-00107,LOC-001,OUT,142,139.33,OP-021,2026-07-09T21:37:46,DOC-8242
TXN-200639,SKU-00402,LOC-009,OUT,6,627.40,OP-034,2026-07-11T14:37:46,DOC-5160
TXN-200640,SKU-00252,LOC-017,OUT,60,469.01,OP-037,2026-07-20T17:37:46,
TXN-200641,SKU-00167,LOC-006,IN,138,512.48,OP-001,2026-07-28T00:37:46,
TXN-200642,SKU-00161,LOC-006,IN,44,788.10,OP-044,2026-07-11T05:37:46,DOC-8459
TXN-200643,SKU-00442,LOC-012,IN,8,754.15,OP-040,2026-07-22T04:37:46,DOC-5491
TXN-200644,SKU-00022,LOC-019,IN,138,306.45,OP-040,2026-07-23T04:37:46,DOC-2840
TXN-200645,SKU-00029,LOC-015,OUT,129,727.94,OP-035,2026-07-31T16:37:46,DOC-3161
TXN-200646,SKU-00392,LOC-002,ADJUST,5,136.43,OP-018,2026-07-30T05:37:46,DOC-8580
TXN-200647,SKU-00443,LOC-007,OUT,102,517.20,OP-047,2026-07-12T02:37:46,DOC-4293
TXN-200648,SKU-00426,LOC-004,WRITE_OFF,163,76.86,OP-005,2026-07-26T18:37:46,DOC-1701
TXN-200649,SKU-00292,LOC-001,OUT,89,612.42,OP-028,2026-07-27T17:37:46,
TXN-200650,SKU-00235,LOC-010,OUT,2,33.37,OP-011,2026-07-10T11:37:46,DOC-7002
TXN-200651,SKU-00441,LOC-014,ADJUST,1,393.29,OP-028,2026-07-04T17:37:46,DOC-5637
TXN-200652,SKU-00110,LOC-008,OUT,43,619.30,OP-008,2026-07-07T07:37:46,
TXN-200653,SKU-00018,LOC-019,IN,117,305.78,OP-008,2026-07-16T19:37:46,DOC-5839
TXN-200654,SKU-00492,LOC-018,OUT,196,627.85,OP-004,2026-07-05T14:37:46,
TXN-200655,SKU-00099,LOC-004,OUT,196,42.06,OP-029,2026-07-09T13:37:46,DOC-6748
TXN-200656,SKU-00126,LOC-015,OUT,183,351.14,OP-009,2026-07-04T04:37:46,DOC-2965
TXN-200657,SKU-00388,LOC-018,IN,145,165.19,OP-040,2026-07-13T17:37:46,DOC-4498
TXN-200658,SKU-00466,LOC-002,IN,190,360.39,OP-016,2026-07-29T14:37:46,DOC-6184
TXN-200659,SKU-00008,LOC-013,ADJUST,177,440.70,OP-018,2026-07-05T10:37:46,DOC-3009
TXN-200660,SKU-00389,LOC-017,OUT,153,152.91,OP-013,2026-07-29T06:37:46,DOC-2331
TXN-200661,SKU-00254,LOC-004,OUT,65,63.38,OP-004,2026-07-30T06:37:46,DOC-1900
TXN-200662,SKU-00399,LOC-012,ADJUST,165,595.96,OP-004,2026-07-05T04:37:46,
TXN-200663,SKU-00464,LOC-015,OUT,157,216.27,OP-016,2026-07-20T01:37:46,DOC-4859
TXN-200664,SKU-00276,LOC-016,IN,108,281.79,OP-037,2026-07-12T20:37:46,DOC-3341
TXN-200665,SKU-00038,LOC-011,WRITE_OFF,84,276.77,OP-022,2026-07-13T21:37:46,
TXN-200666,SKU-00233,LOC-013,IN,19,18.15,OP-030,2026-07-11T03:37:46,
TXN-200667,SKU-00097,LOC-009,ADJUST,112,247.50,OP-033,2026-07-24T20:37:46,DOC-3158
TXN-200668,SKU-00326,LOC-008,OUT,180,29.28,OP-041,2026-07-11T16:37:46,DOC-8870
TXN-200669,SKU-00033,LOC-006,IN,161,315.32,OP-006,2026-07-06T14:37:46,
TXN-200670,SKU-00371,LOC-008,IN,119,669.40,OP-045,2026-07-01T21:37:46,DOC-1433
TXN-200671,SKU-00333,LOC-020,OUT,79,531.63,OP-050,2026-07-06T12:37:46,DOC-6161
TXN-200672,SKU-00101,LOC-003,OUT,133,23.67,OP-011,2026-07-15T22:37:46,DOC-3972
TXN-200673,SKU-00413,LOC-002,IN,28,602.95,OP-006,2026-07-12T10:37:46,DOC-2480
TXN-200674,SKU-00197,LOC-016,OUT,48,79.03,OP-045,2026-07-20T22:37:46,DOC-6462
TXN-200675,SKU-00480,LOC-006,IN,18,159.31,OP-021,2026-07-12T13:37:46,DOC-9493
TXN-200676,SKU-00252,LOC-017,IN,162,469.01,OP-005,2026-07-19T18:37:46,DOC-9380
TXN-200677,SKU-00446,LOC-002,WRITE_OFF,149,358.28,OP-008,2026-07-05T09:37:46,DOC-1843
TXN-200678,SKU-00113,LOC-019,OUT,69,65.40,OP-027,2026-07-26T14:37:46,
TXN-200679,SKU-00304,LOC-012,ADJUST,138,600.34,OP-036,2026-07-23T16:37:46,
TXN-200680,SKU-00458,LOC-008,OUT,16,437.64,OP-042,2026-07-09T00:37:46,
TXN-200681,SKU-00054,LOC-012,ADJUST,54,424.81,OP-049,2026-07-28T21:37:46,DOC-9353
TXN-200682,SKU-00474,LOC-013,IN,124,489.91,OP-036,2026-07-23T20:37:46,
TXN-200683,SKU-00232,LOC-002,IN,102,554.04,OP-020,2026-07-22T03:37:46,DOC-2658
TXN-200684,SKU-00317,LOC-010,IN,104,529.26,OP-025,2026-07-13T09:37:46,
TXN-200685,SKU-00182,LOC-016,OUT,136,122.15,OP-031,2026-07-31T13:37:46,DOC-5515
TXN-200686,SKU-00421,LOC-011,OUT,126,503.12,OP-024,2026-07-09T16:37:46,DOC-5103
TXN-200687,SKU-00219,LOC-011,OUT,95,540.25,OP-016,2026-07-05T12:37:46,DOC-8928
TXN-200688,SKU-00040,LOC-016,IN,130,508.68,OP-048,2026-07-10T09:37:46,DOC-8280
TXN-200689,SKU-00027,LOC-014,IN,112,684.89,OP-003,2026-07-03T11:37:46,DOC-1077
TXN-200690,SKU-00115,LOC-018,IN,172,90.08,OP-014,2026-07-18T17:37:46,DOC-9681
TXN-200691,SKU-00150,LOC-004,IN,38,521.93,OP-033,2026-07-31T16:37:46,DOC-7137
TXN-200692,SKU-00156,LOC-004,IN,146,259.45,OP-015,2026-07-03T08:37:46,DOC-5010
TXN-200693,SKU-00444,LOC-011,OUT,138,272.19,OP-031,2026-07-05T15:37:46,DOC-6516
TXN-200694,SKU-00057,LOC-006,ADJUST,183,258.85,OP-023,2026-07-06T18:37:46,DOC-3134
TXN-200695,SKU-00453,LOC-011,OUT,20,158.39,OP-007,2026-07-25T19:37:46,
TXN-200696,SKU-90007,LOC-001,OUT,81,129.30,OP-046,2026-07-03T11:37:46,DOC-1256
TXN-200697,SKU-00475,LOC-010,IN,189,96.52,OP-024,2026-07-13T19:37:46,
TXN-200698,SKU-00472,LOC-005,OUT,143,527.55,OP-030,2026-07-25T01:37:46,DOC-6036
TXN-200699,SKU-00183,LOC-012,OUT,146,733.09,OP-027,2026-07-16T04:37:46,
TXN-200700,SKU-00476,LOC-014,OUT,157,678.70,OP-006,2026-07-02T09:37:46,
TXN-200701,SKU-00102,LOC-013,WRITE_OFF,196,443.67,OP-016,2026-07-10T10:37:46,DOC-2857
TXN-200702,SKU-00134,LOC-019,IN,53,583.47,OP-036,2026-07-24T20:37:46,DOC-5238
TXN-200703,SKU-00145,LOC-005,IN,134,125.10,OP-009,2026-07-01T23:37:46,
TXN-200704,SKU-00452,LOC-018,IN,119,248.58,OP-029,2026-07-18T19:37:46,DOC-5146
TXN-200705,SKU-00164,LOC-005,OUT,110,671.70,OP-025,2026-07-28T09:37:46,DOC-3868
TXN-200706,SKU-00276,LOC-017,OUT,82,196.08,OP-006,2026-07-15T12:37:46,
TXN-200707,SKU-00152,LOC-011,IN,199,407.48,OP-010,2026-07-31T04:37:46,DOC-7374
TXN-200708,SKU-00110,LOC-009,OUT,110,501.93,OP-047,2026-07-15T02:37:46,DOC-3329
TXN-200709,SKU-00258,LOC-014,ADJUST,11,434.34,OP-013,2026-07-03T10:37:46,DOC-1860
TXN-200710,SKU-00313,LOC-007,IN,134,419.65,OP-011,2026-07-10T20:37:46,DOC-2445
TXN-200711,SKU-00454,LOC-007,IN,182,153.92,OP-011,2026-07-07T22:37:46,DOC-6090
TXN-200712,SKU-00004,LOC-009,OUT,157,473.38,OP-043,2026-07-10T17:37:46,DOC-6708
TXN-200713,SKU-00138,LOC-011,IN,124,367.90,OP-033,2026-07-01T23:37:46,DOC-4865
TXN-200714,SKU-00433,LOC-016,OUT,17,691.27,OP-003,2026-07-28T03:37:46,DOC-1467
TXN-200715,SKU-00048,LOC-007,ADJUST,135,501.29,OP-024,2026-07-02T21:37:46,DOC-4773
TXN-200716,SKU-00265,LOC-001,OUT,167,123.86,OP-029,2026-07-26T02:37:46,
TXN-200717,SKU-00263,LOC-009,IN,115,406.50,OP-042,2026-07-12T06:37:46,DOC-6601
TXN-200718,SKU-00359,LOC-002,IN,167,602.21,OP-006,2026-07-29T16:37:46,DOC-7898
TXN-200719,SKU-00220,LOC-013,IN,188,601.99,OP-006,2026-07-05T15:37:46,
TXN-200720,SKU-00273,LOC-016,ADJUST,184,625.77,OP-044,2026-07-14T21:37:46,DOC-5948
TXN-200721,SKU-00288,LOC-015,OUT,28,447.01,OP-028,2026-07-31T09:37:46,
TXN-200722,SKU-00312,LOC-011,IN,25,649.09,OP-008,2026-07-19T19:37:46,DOC-6065
TXN-200723,SKU-00283,LOC-003,OUT,126,432.25,OP-034,2026-07-09T22:37:46,DOC-9548
TXN-200724,SKU-00179,LOC-004,OUT,77,521.43,OP-014,2026-07-21T03:37:46,DOC-5072
TXN-200725,SKU-00305,LOC-020,IN,9,683.84,OP-022,2026-07-29T10:37:46,DOC-1579
TXN-200726,SKU-00357,LOC-007,OUT,122,190.58,OP-010,2026-07-03T23:37:46,
TXN-200727,SKU-00217,LOC-001,ADJUST,58,12.82,OP-015,2026-07-15T12:37:46,DOC-6701
TXN-200728,SKU-00286,LOC-007,IN,110,632.63,OP-012,2026-07-07T10:37:46,DOC-4836
TXN-200729,SKU-00192,LOC-008,IN,107,618.87,OP-024,2026-07-08T07:37:46,DOC-1318
TXN-200730,SKU-00094,LOC-006,ADJUST,25,754.87,OP-009,2026-07-05T02:37:46,
TXN-200731,SKU-00048,LOC-004,OUT,6,68.00,OP-042,2026-07-29T22:37:46,DOC-6401
TXN-200732,SKU-00347,LOC-002,OUT,183,83.25,OP-027,2026-07-10T21:37:46,DOC-8736
TXN-200733,SKU-00274,LOC-011,IN,111,308.01,OP-013,2026-07-15T16:37:46,DOC-7861
TXN-200734,SKU-00327,LOC-020,WRITE_OFF,146,621.00,OP-018,2026-07-28T16:37:46,DOC-9787
TXN-200735,SKU-00396,LOC-012,OUT,66,15.88,OP-027,2026-07-28T02:37:46,DOC-5496
TXN-200736,SKU-00263,LOC-014,IN,192,285.61,OP-041,2026-07-12T14:37:46,DOC-3308
TXN-200737,SKU-00020,LOC-015,WRITE_OFF,135,725.41,OP-040,2026-07-29T18:37:46,
TXN-200738,SKU-00189,LOC-007,IN,121,356.93,OP-038,2026-07-28T14:37:46,DOC-3260
TXN-200739,SKU-00453,LOC-005,OUT,116,446.76,OP-022,2026-07-12T17:37:46,DOC-6889
TXN-200740,SKU-00362,LOC-010,IN,22,158.18,OP-039,2026-07-18T00:37:46,
TXN-200741,SKU-00310,LOC-010,ADJUST,30,464.82,OP-005,2026-07-17T22:37:46,
TXN-200742,SKU-00135,LOC-013,IN,63,374.73,OP-042,2026-07-21T20:37:46,DOC-6117
TXN-200743,SKU-00144,LOC-018,OUT,167,639.65,OP-019,2026-07-13T15:37:46,DOC-1215
TXN-200744,SKU-00059,LOC-004,IN,185,702.08,OP-017,2026-07-14T02:37:46,DOC-6160
TXN-200745,SKU-00476,LOC-001,IN,140,248.21,OP-023,2026-07-19T17:37:46,
TXN-200746,SKU-00429,LOC-007,IN,148,710.20,OP-019,2026-07-17T01:37:46,
TXN-200747,SKU-00110,LOC-009,OUT,8,679.44,OP-039,2026-07-28T19:37:46,
TXN-200748,SKU-00445,LOC-008,OUT,86,664.59,OP-040,2026-07-04T19:37:46,
TXN-200749,SKU-00440,LOC-007,WRITE_OFF,96,596.68,OP-031,2026-07-18T08:37:46,
TXN-200750,SKU-00069,LOC-009,ADJUST,142,47.39,OP-006,2026-07-29T23:37:46,DOC-6017
TXN-200751,SKU-00146,LOC-018,ADJUST,103,432.69,OP-004,2026-07-05T11:37:46,DOC-6770
TXN-200752,SKU-00061,LOC-013,OUT,57,796.03,OP-030,2026-07-25T11:37:46,
TXN-200753,SKU-00299,LOC-004,WRITE_OFF,160,449.89,OP-031,2026-07-24T22:37:46,DOC-4143
TXN-200754,SKU-00345,LOC-012,WRITE_OFF,149,680.40,OP-003,2026-07-30T10:37:46,DOC-9506
TXN-200755,SKU-00031,LOC-004,IN,137,708.75,OP-039,2026-07-22T00:37:46,DOC-6206
TXN-200756,SKU-00016,LOC-010,IN,184,699.58,OP-038,2026-07-02T03:37:46,DOC-4082
TXN-200757,SKU-00376,LOC-002,ADJUST,95,618.29,OP-009,2026-07-14T05:37:46,
TXN-200758,SKU-00031,LOC-002,OUT,194,538.43,OP-011,2026-07-18T17:37:46,DOC-5059
TXN-200759,SKU-00453,LOC-011,ADJUST,2,728.19,OP-041,2026-07-08T06:37:46,DOC-1588
TXN-200760,SKU-00114,LOC-002,ADJUST,11,471.09,OP-027,2026-07-09T09:37:46,
TXN-200761,SKU-00420,LOC-001,ADJUST,76,290.02,OP-015,2026-07-31T13:37:46,DOC-6673
TXN-200762,SKU-00362,LOC-004,OUT,82,689.04,OP-010,2026-07-24T15:37:46,DOC-6025
TXN-200763,SKU-00243,LOC-008,IN,39,734.81,OP-019,2026-07-06T13:37:46,DOC-3310
TXN-200764,SKU-00375,LOC-004,IN,3,452.01,OP-019,2026-07-31T16:37:46,DOC-1504
TXN-200765,SKU-00413,LOC-010,IN,45,506.15,OP-027,2026-07-20T19:37:46,DOC-1880
TXN-200766,SKU-00181,LOC-002,OUT,77,201.55,OP-019,2026-07-15T09:37:46,
TXN-200767,SKU-00105,LOC-013,IN,35,669.67,OP-014,2026-07-19T22:37:46,DOC-2599
TXN-200768,SKU-00299,LOC-003,OUT,58,529.39,OP-042,2026-07-22T03:37:46,DOC-9884
TXN-200769,SKU-00029,LOC-015,OUT,135,277.59,OP-048,2026-07-09T01:37:46,DOC-7744
TXN-200770,SKU-00378,LOC-006,ADJUST,82,37.15,OP-029,2026-07-21T21:37:46,DOC-9248
TXN-200771,SKU-00405,LOC-012,OUT,126,440.98,OP-001,2026-07-26T10:37:46,DOC-6675
TXN-200772,SKU-00351,LOC-006,OUT,61,505.28,OP-020,2026-07-14T13:37:46,DOC-6510
TXN-200773,SKU-00290,LOC-020,WRITE_OFF,120,725.68,OP-035,2026-07-08T03:37:46,DOC-2567
TXN-200774,SKU-00053,LOC-015,OUT,79,401.38,OP-009,2026-07-12T09:37:46,DOC-8991
TXN-200775,SKU-00146,LOC-002,OUT,163,525.48,OP-045,2026-07-24T00:37:46,
TXN-200776,SKU-00258,LOC-004,OUT,53,524.65,OP-003,2026-07-26T12:37:46,DOC-2915
TXN-200777,SKU-00427,LOC-016,IN,3,272.81,OP-010,2026-07-19T17:37:46,DOC-2095
TXN-200778,SKU-00444,LOC-002,ADJUST,120,536.01,OP-043,2026-07-28T23:37:46,DOC-8663
TXN-200779,SKU-00288,LOC-015,OUT,61,447.01,OP-014,2026-07-09T22:37:46,DOC-5171
TXN-200780,SKU-00268,LOC-008,OUT,49,228.35,OP-037,2026-07-08T10:37:46,DOC-3274
TXN-200781,SKU-00182,LOC-016,OUT,116,122.15,OP-026,2026-07-19T04:37:46,
TXN-200782,SKU-00134,LOC-005,ADJUST,122,428.68,OP-036,2026-07-21T14:37:46,
TXN-200783,SKU-00114,LOC-005,ADJUST,78,736.88,OP-042,2026-07-10T15:37:46,DOC-9337
TXN-200784,SKU-00077,LOC-001,IN,145,139.05,OP-029,2026-07-02T18:37:46,
TXN-200785,SKU-00377,LOC-020,WRITE_OFF,118,271.21,OP-006,2026-07-14T16:37:46,DOC-1311
TXN-200786,SKU-00090,LOC-010,ADJUST,134,453.68,OP-001,2026-07-09T16:37:46,DOC-4997
TXN-200787,SKU-00302,LOC-009,OUT,193,90.55,OP-012,2026-07-18T08:37:46,DOC-2081
TXN-200788,SKU-00332,LOC-006,IN,91,750.37,OP-039,2026-07-18T19:37:46,DOC-3995
TXN-200789,SKU-00479,LOC-015,OUT,133,709.42,OP-001,2026-07-03T18:37:46,DOC-7159
TXN-200790,SKU-00396,LOC-006,OUT,21,484.89,OP-001,2026-07-30T20:37:46,DOC-9804
TXN-200791,SKU-00312,LOC-011,IN,57,649.09,OP-010,2026-07-03T13:37:46,
TXN-200792,SKU-00210,LOC-001,ADJUST,76,565.42,OP-001,2026-07-02T00:37:46,DOC-8264
TXN-200793,SKU-00276,LOC-017,ADJUST,93,196.08,OP-049,2026-07-10T22:37:46,DOC-3576
TXN-200794,SKU-00484,LOC-007,IN,50,278.31,OP-012,2026-07-13T20:37:46,DOC-5516
TXN-200795,SKU-00194,LOC-015,OUT,137,766.49,OP-036,2026-07-14T21:37:46,DOC-9939
TXN-200796,SKU-00304,LOC-002,OUT,173,91.51,OP-009,2026-07-31T03:37:46,DOC-4554
TXN-200797,SKU-00071,LOC-003,WRITE_OFF,42,391.11,OP-031,2026-07-07T00:37:46,DOC-5568
TXN-200798,SKU-00041,LOC-006,IN,144,48.21,OP-042,2026-07-25T07:37:46,DOC-8477
TXN-200799,SKU-00486,LOC-020,OUT,126,755.71,OP-047,2026-07-03T00:37:46,DOC-7972
TXN-200800,SKU-00275,LOC-009,OUT,20,744.82,OP-024,2026-07-09T10:37:46,DOC-8913
TXN-200801,SKU-00455,LOC-002,OUT,62,632.48,OP-033,2026-07-25T04:37:46,DOC-7802
TXN-200802,SKU-00479,LOC-019,IN,131,139.49,OP-050,2026-07-09T04:37:46,DOC-8179
TXN-200803,SKU-00396,LOC-017,WRITE_OFF,149,618.97,OP-009,2026-07-04T09:37:46,DOC-3282
TXN-200804,SKU-00123,LOC-006,IN,140,379.28,OP-004,2026-07-11T10:37:46,DOC-4188
TXN-200805,SKU-00001,LOC-009,IN,2,26.88,OP-027,2026-07-30T13:37:46,DOC-5446
TXN-200806,SKU-00486,LOC-003,WRITE_OFF,193,472.40,OP-015,2026-07-14T03:37:46,
TXN-200807,SKU-00092,LOC-020,OUT,159,570.67,OP-018,2026-07-15T23:37:46,DOC-5055
TXN-200808,SKU-00365,LOC-007,OUT,34,60.25,OP-033,2026-07-09T06:37:46,DOC-3424
TXN-200809,SKU-00101,LOC-019,IN,187,32.38,OP-001,2026-07-20T15:37:46,DOC-7842
TXN-200810,SKU-00382,LOC-016,WRITE_OFF,22,309.78,OP-036,2026-07-10T00:37:46,
TXN-200811,SKU-00006,LOC-010,OUT,113,503.64,OP-046,2026-07-24T15:37:46,DOC-1872
TXN-200812,SKU-00238,LOC-018,IN,147,192.21,OP-013,2026-07-29T16:37:46,DOC-4164
TXN-200813,SKU-00427,LOC-005,ADJUST,3,442.17,OP-007,2026-07-06T23:37:46,DOC-4988
TXN-200814,SKU-00445,LOC-015,IN,176,541.12,OP-033,2026-07-10T06:37:46,DOC-9144
TXN-200815,SKU-00477,LOC-007,ADJUST,107,467.50,OP-008,2026-07-31T03:37:46,DOC-7099
TXN-200816,SKU-00176,LOC-006,WRITE_OFF,158,82.59,OP-012,2026-07-20T13:37:46,
TXN-200817,SKU-00389,LOC-010,OUT,189,90.77,OP-007,2026-07-03T20:37:46,DOC-6566
TXN-200818,SKU-00028,LOC-015,IN,21,337.30,OP-031,2026-07-07T23:37:46,
TXN-200819,SKU-00030,LOC-006,OUT,115,585.46,OP-021,2026-07-13T06:37:46,DOC-8612
TXN-200820,SKU-00240,LOC-020,IN,40,281.32,OP-008,2026-07-23T23:37:46,DOC-8272
TXN-200821,SKU-00147,LOC-012,IN,99,754.20,OP-050,2026-07-02T23:37:46,DOC-3984
TXN-200822,SKU-00425,LOC-004,OUT,185,306.84,OP-050,2026-07-10T13:37:46,DOC-4442
TXN-200823,SKU-00313,LOC-013,IN,105,669.42,OP-048,2026-07-18T18:37:46,
TXN-200824,SKU-00258,LOC-004,IN,51,524.65,OP-044,2026-07-26T07:37:46,DOC-5680
TXN-200825,SKU-00324,LOC-007,IN,27,314.58,OP-030,2026-07-06T18:37:46,
TXN-200826,SKU-00127,LOC-006,OUT,164,504.09,OP-025,2026-07-23T19:37:46,DOC-7441
TXN-200827,SKU-00371,LOC-014,OUT,175,468.41,OP-039,2026-07-08T06:37:46,DOC-3166
TXN-200828,SKU-00273,LOC-002,ADJUST,6,197.82,OP-015,2026-07-02T20:37:46,DOC-9369
TXN-200829,SKU-00338,LOC-001,IN,53,642.67,OP-048,2026-07-27T22:37:46,DOC-1452
TXN-200830,SKU-00322,LOC-003,IN,142,616.23,OP-017,2026-07-20T04:37:46,DOC-1706
TXN-200831,SKU-00013,LOC-012,OUT,44,172.86,OP-015,2026-07-24T01:37:46,DOC-2091
TXN-200832,SKU-00486,LOC-020,ADJUST,164,755.71,OP-043,2026-07-23T07:37:46,DOC-7208
TXN-200833,SKU-00033,LOC-004,ADJUST,76,156.56,OP-037,2026-07-31T13:37:46,DOC-9538
TXN-200834,SKU-00311,LOC-001,OUT,128,396.22,OP-019,2026-07-31T08:37:46,DOC-2192
TXN-200835,SKU-00494,LOC-010,IN,131,155.65,OP-046,2026-07-05T12:37:46,DOC-6528
TXN-200836,SKU-00081,LOC-006,IN,135,232.49,OP-036,2026-07-08T05:37:46,DOC-3682
TXN-200837,SKU-00028,LOC-002,IN,194,221.54,OP-017,2026-07-02T00:37:46,DOC-9015
TXN-200838,SKU-00185,LOC-015,IN,173,379.80,OP-005,2026-07-22T22:37:46,DOC-4402
TXN-200839,SKU-00044,LOC-012,IN,73,31.32,OP-031,2026-07-22T07:37:46,DOC-8677
TXN-200840,SKU-00187,LOC-002,IN,99,395.69,OP-018,2026-07-27T09:37:46,DOC-6842
TXN-200841,SKU-00170,LOC-019,IN,37,87.94,OP-031,2026-07-21T09:37:46,DOC-2547
TXN-200842,SKU-00055,LOC-003,IN,125,405.06,OP-050,2026-07-24T03:37:46,DOC-4467
TXN-200843,SKU-00149,LOC-001,ADJUST,41,798.39,OP-048,2026-07-29T21:37:46,
TXN-200844,SKU-00194,LOC-018,IN,188,276.82,OP-027,2026-07-08T12:37:46,DOC-8195
TXN-200845,SKU-00399,LOC-018,OUT,68,795.25,OP-039,2026-07-23T05:37:46,
TXN-200846,SKU-00287,LOC-020,ADJUST,131,744.55,OP-032,2026-07-13T06:37:46,DOC-4070
TXN-200847,SKU-00096,LOC-005,OUT,196,157.92,OP-032,2026-07-03T23:37:46,DOC-3358
TXN-200848,SKU-00324,LOC-013,IN,67,139.06,OP-029,2026-07-24T15:37:46,
TXN-200849,SKU-00107,LOC-020,ADJUST,68,403.75,OP-024,2026-07-29T15:37:46,
TXN-200850,SKU-00024,LOC-007,OUT,172,72.06,OP-028,2026-07-25T17:37:46,
TXN-200851,SKU-00271,LOC-020,IN,161,422.67,OP-029,2026-07-25T14:37:46,DOC-3313
TXN-200852,SKU-00307,LOC-004,OUT,138,486.28,OP-004,2026-07-25T12:37:46,DOC-7909
TXN-200853,SKU-00431,LOC-013,OUT,4,389.71,OP-004,2026-07-12T03:37:46,DOC-1900
TXN-200854,SKU-00202,LOC-008,IN,69,140.62,OP-037,2026-07-16T05:37:46,DOC-6158
TXN-200855,SKU-00164,LOC-014,ADJUST,60,612.03,OP-020,2026-07-23T03:37:46,DOC-1469
TXN-200856,SKU-00238,LOC-018,OUT,111,421.75,OP-033,2026-07-10T13:37:46,DOC-1381
TXN-200857,SKU-00205,LOC-007,OUT,118,574.82,OP-027,2026-07-28T10:37:46,DOC-3296
TXN-200858,SKU-00299,LOC-004,WRITE_OFF,63,270.16,OP-015,2026-07-24T15:37:46,DOC-1966
TXN-200859,SKU-00407,LOC-018,IN,27,43.57,OP-032,2026-07-02T08:37:46,DOC-7421
TXN-200860,SKU-00398,LOC-015,IN,62,221.51,OP-009,2026-07-21T22:37:46,
TXN-200861,SKU-00467,LOC-015,OUT,94,111.10,OP-030,2026-07-30T13:37:46,
TXN-200862,SKU-00424,LOC-002,ADJUST,111,375.34,OP-040,2026-07-28T06:37:46,DOC-5888
TXN-200863,SKU-00315,LOC-018,OUT,172,487.11,OP-029,2026-07-25T04:37:46,
TXN-200864,SKU-00120,LOC-017,OUT,41,126.42,OP-019,2026-07-30T16:37:46,DOC-4729
TXN-200865,SKU-00227,LOC-013,OUT,41,667.28,OP-002,2026-07-05T07:37:46,
TXN-200866,SKU-00481,LOC-001,OUT,112,332.40,OP-020,2026-07-16T12:37:46,DOC-9258
TXN-200867,SKU-00134,LOC-017,IN,193,150.82,OP-001,2026-07-20T12:37:46,DOC-2091
TXN-200868,SKU-00473,LOC-001,IN,30,121.62,OP-012,2026-07-21T20:37:46,DOC-3473
TXN-200869,SKU-00185,LOC-015,ADJUST,111,379.80,OP-045,2026-07-25T03:37:46,DOC-2919
TXN-200870,SKU-00003,LOC-005,OUT,177,631.04,OP-008,2026-07-23T12:37:46,DOC-8378
TXN-200871,SKU-00447,LOC-008,IN,37,225.89,OP-038,2026-07-30T08:37:46,
TXN-200872,SKU-00405,LOC-011,IN,99,777.49,OP-035,2026-07-06T18:37:46,
TXN-200873,SKU-00424,LOC-006,OUT,197,756.84,OP-042,2026-07-03T11:37:46,DOC-4221
TXN-200874,SKU-00223,LOC-013,OUT,37,636.69,OP-016,2026-07-12T08:37:46,
TXN-200875,SKU-00230,LOC-017,OUT,136,157.85,OP-038,2026-07-20T08:37:46,DOC-8568
TXN-200876,SKU-00454,LOC-007,OUT,66,153.92,OP-045,2026-07-04T04:37:46,DOC-3337
TXN-200877,SKU-00321,LOC-005,OUT,108,536.29,OP-032,2026-07-06T01:37:46,DOC-1556
TXN-200878,SKU-00389,LOC-016,OUT,93,636.84,OP-001,2026-07-21T09:37:46,DOC-7502
TXN-200879,SKU-00294,LOC-001,OUT,172,153.14,OP-046,2026-07-26T20:37:46,DOC-7322
TXN-200880,SKU-00045,LOC-005,IN,167,725.77,OP-011,2026-07-29T13:37:46,DOC-8255
TXN-200881,SKU-00023,LOC-007,IN,63,435.69,OP-008,2026-07-27T06:37:46,DOC-7683
TXN-200882,SKU-00312,LOC-014,IN,80,691.32,OP-028,2026-07-23T20:37:46,DOC-8613
TXN-200883,SKU-00201,LOC-004,OUT,145,629.78,OP-009,2026-07-13T00:37:46,DOC-4871
TXN-200884,SKU-00017,LOC-020,IN,154,529.65,OP-020,2026-07-16T04:37:46,DOC-5031
TXN-200885,SKU-00340,LOC-012,OUT,191,92.44,OP-039,2026-07-03T07:37:46,DOC-6449
TXN-200886,SKU-00410,LOC-004,ADJUST,134,67.60,OP-016,2026-07-12T08:37:46,DOC-3908
TXN-200887,SKU-00117,LOC-015,IN,185,450.84,OP-041,2026-07-21T20:37:46,DOC-9562
TXN-200888,SKU-00149,LOC-013,IN,81,430.91,OP-037,2026-07-10T13:37:46,DOC-5857
TXN-200889,SKU-00158,LOC-008,IN,146,64.20,OP-013,2026-07-30T02:37:46,
TXN-200890,SKU-00498,LOC-012,IN,22,452.33,OP-022,2026-07-05T10:37:46,DOC-7539
TXN-200891,SKU-00002,LOC-010,OUT,185,510.89,OP-028,2026-07-14T16:37:46,DOC-4656
TXN-200892,SKU-00463,LOC-018,OUT,1,490.64,OP-009,2026-07-20T18:37:46,DOC-9659
TXN-200893,SKU-00139,LOC-020,ADJUST,106,326.95,OP-047,2026-07-27T16:37:46,DOC-4626
TXN-200894,SKU-00114,LOC-012,IN,9,193.51,OP-008,2026-07-11T00:37:46,DOC-5150
TXN-200895,SKU-00066,LOC-003,OUT,175,94.77,OP-008,2026-07-25T03:37:46,DOC-1135
TXN-200896,SKU-00036,LOC-017,OUT,43,758.62,OP-015,2026-07-09T07:37:46,DOC-4750
TXN-200897,SKU-00352,LOC-017,ADJUST,176,640.29,OP-041,2026-07-20T00:37:46,DOC-6378
TXN-200898,SKU-00108,LOC-007,OUT,72,507.63,OP-016,2026-07-02T18:37:46,DOC-7691
TXN-200899,SKU-00262,LOC-009,OUT,84,401.93,OP-033,2026-07-08T00:37:46,
TXN-200900,SKU-00033,LOC-014,ADJUST,23,796.30,OP-019,2026-07-29T03:37:46,
TXN-200901,SKU-00422,LOC-011,IN,117,274.02,OP-014,2026-07-25T13:37:46,DOC-7114
TXN-200902,SKU-00188,LOC-001,WRITE_OFF,134,289.85,OP-050,2026-07-14T16:37:46,DOC-3134
TXN-200903,SKU-00211,LOC-001,OUT,145,198.92,OP-004,2026-07-22T08:37:46,DOC-1898
TXN-200904,SKU-00289,LOC-009,IN,111,706.01,OP-026,2026-07-09T01:37:46,DOC-1428
TXN-200905,SKU-00263,LOC-008,WRITE_OFF,180,314.09,OP-013,2026-07-09T13:37:46,DOC-5424
TXN-200906,SKU-00380,LOC-019,IN,36,106.43,OP-039,2026-07-15T23:37:46,DOC-3586
TXN-200907,SKU-00174,LOC-015,OUT,194,595.61,OP-022,2026-07-10T10:37:46,DOC-7483
TXN-200908,SKU-00479,LOC-017,OUT,35,779.21,OP-034,2026-07-19T13:37:46,DOC-9840
TXN-200909,SKU-00142,LOC-018,IN,77,10.43,OP-043,2026-07-28T04:37:46,DOC-7855
TXN-200910,SKU-00228,LOC-003,OUT,62,271.08,OP-031,2026-07-20T21:37:46,DOC-6788
TXN-200911,SKU-00470,LOC-014,IN,55,674.97,OP-006,2026-07-02T15:37:46,
TXN-200912,SKU-00291,LOC-002,OUT,178,664.35,OP-011,2026-07-22T23:37:46,DOC-9478
TXN-200913,SKU-00098,LOC-020,IN,104,158.18,OP-014,2026-07-16T18:37:46,DOC-5647
TXN-200914,SKU-00083,LOC-016,IN,33,148.84,OP-018,2026-07-08T21:37:46,DOC-2428
TXN-200915,SKU-00427,LOC-005,OUT,39,442.17,OP-029,2026-07-03T18:37:46,DOC-1295
TXN-200916,SKU-00048,LOC-006,OUT,153,118.59,OP-035,2026-07-24T10:37:46,
TXN-200917,SKU-00441,LOC-010,IN,124,527.60,OP-031,2026-07-04T06:37:46,DOC-3773
TXN-200918,SKU-00267,LOC-017,OUT,27,728.46,OP-034,2026-07-18T01:37:46,DOC-9838
TXN-200919,SKU-00060,LOC-011,OUT,97,636.60,OP-049,2026-07-22T18:37:46,DOC-1732
TXN-200920,SKU-00007,LOC-005,OUT,100,487.77,OP-004,2026-07-15T06:37:46,DOC-4828
TXN-200921,SKU-00429,LOC-018,IN,84,135.44,OP-020,2026-07-17T05:37:46,DOC-8716
TXN-200922,SKU-00433,LOC-020,OUT,2,760.79,OP-039,2026-07-06T06:37:46,
TXN-200923,SKU-00017,LOC-003,IN,50,70.49,OP-007,2026-07-29T00:37:46,DOC-4062
TXN-200924,SKU-00056,LOC-004,OUT,130,475.28,OP-022,2026-07-10T08:37:46,DOC-6636
TXN-200925,SKU-00173,LOC-018,IN,43,65.58,OP-015,2026-07-05T03:37:46,DOC-7892
TXN-200926,SKU-00329,LOC-018,OUT,128,519.40,OP-005,2026-07-16T13:37:46,DOC-6896
TXN-200927,SKU-00408,LOC-004,OUT,186,20.38,OP-010,2026-07-27T04:37:46,
TXN-200928,SKU-00345,LOC-014,OUT,139,157.95,OP-011,2026-07-30T08:37:46,DOC-6500
TXN-200929,SKU-00020,LOC-015,ADJUST,77,725.41,OP-025,2026-07-27T03:37:46,DOC-9445
TXN-200930,SKU-00320,LOC-017,OUT,11,797.89,OP-043,2026-07-20T11:37:46,DOC-7935
TXN-200931,SKU-00475,LOC-015,OUT,17,175.35,OP-011,2026-07-17T08:37:46,DOC-2076
TXN-200932,SKU-00015,LOC-003,OUT,150,622.65,OP-023,2026-07-30T03:37:46,DOC-9173
TXN-200933,SKU-00125,LOC-016,OUT,55,240.16,OP-046,2026-07-03T17:37:46,DOC-7546
TXN-200934,SKU-00056,LOC-011,WRITE_OFF,115,151.03,OP-028,2026-07-14T10:37:46,DOC-4574
TXN-200935,SKU-00047,LOC-014,ADJUST,20,744.46,OP-047,2026-07-13T23:37:46,DOC-8712
TXN-200936,SKU-00348,LOC-009,WRITE_OFF,71,525.04,OP-049,2026-07-14T06:37:46,DOC-5483
TXN-200937,SKU-00491,LOC-012,ADJUST,153,7.25,OP-019,2026-07-17T08:37:46,DOC-4911
TXN-200938,SKU-00310,LOC-011,IN,166,374.82,OP-047,2026-07-22T13:37:46,DOC-6032
TXN-200939,SKU-00109,LOC-017,OUT,40,582.51,OP-047,2026-07-22T03:37:46,DOC-7209
TXN-200940,SKU-00037,LOC-014,IN,157,626.19,OP-006,2026-07-27T05:37:46,DOC-2279
TXN-200941,SKU-00031,LOC-009,OUT,146,758.70,OP-042,2026-07-29T08:37:46,DOC-5683
TXN-200942,SKU-00101,LOC-012,WRITE_OFF,70,463.89,OP-023,2026-07-12T20:37:46,DOC-4806
TXN-200943,SKU-00133,LOC-016,OUT,129,286.45,OP-011,2026-07-13T01:37:46,
TXN-200944,SKU-00284,LOC-014,OUT,99,42.37,OP-022,2026-07-20T19:37:46,DOC-3953
TXN-200945,SKU-00293,LOC-006,IN,1,286.97,OP-044,2026-07-24T07:37:46,
TXN-200946,SKU-00014,LOC-012,OUT,88,731.36,OP-027,2026-07-15T23:37:46,DOC-1530
TXN-200947,SKU-00191,LOC-004,IN,183,426.45,OP-006,2026-07-12T01:37:46,DOC-7056
TXN-200948,SKU-00251,LOC-009,IN,170,463.80,OP-025,2026-07-28T08:37:46,
TXN-200949,SKU-00242,LOC-016,ADJUST,21,130.50,OP-044,2026-07-19T00:37:46,DOC-9527
TXN-200950,SKU-00466,LOC-002,OUT,34,360.39,OP-050,2026-07-21T23:37:46,DOC-5050
TXN-200951,SKU-00475,LOC-004,ADJUST,37,676.11,OP-049,2026-07-17T05:37:46,DOC-7739
TXN-200952,SKU-00143,LOC-001,IN,56,252.67,OP-015,2026-07-20T06:37:46,DOC-7722
TXN-200953,SKU-00493,LOC-016,IN,67,11.96,OP-005,2026-07-20T08:37:46,DOC-7478
TXN-200954,SKU-00219,LOC-016,IN,72,101.92,OP-030,2026-07-21T10:37:46,
TXN-200955,SKU-00091,LOC-015,OUT,143,173.42,OP-030,2026-07-19T09:37:46,DOC-9745
TXN-200956,SKU-00312,LOC-014,OUT,47,691.32,OP-039,2026-07-19T13:37:46,DOC-3839
TXN-200957,SKU-00157,LOC-017,IN,68,451.73,OP-009,2026-07-11T12:37:46,DOC-2559
TXN-200958,SKU-00089,LOC-002,WRITE_OFF,102,353.77,OP-032,2026-07-12T23:37:46,DOC-4963
TXN-200959,SKU-00112,LOC-015,OUT,14,673.69,OP-035,2026-07-09T06:37:46,DOC-6422
TXN-200960,SKU-00291,LOC-004,IN,47,270.19,OP-037,2026-07-10T03:37:46,
TXN-200961,SKU-00257,LOC-011,IN,50,792.67,OP-013,2026-07-09T17:37:46,DOC-9170
TXN-200962,SKU-00453,LOC-016,IN,153,730.11,OP-016,2026-07-01T17:37:46,
TXN-200963,SKU-00154,LOC-004,IN,142,459.59,OP-042,2026-07-23T09:37:46,DOC-4937
TXN-200964,SKU-00103,LOC-019,OUT,148,789.34,OP-015,2026-07-13T21:37:46,DOC-4209
TXN-200965,SKU-00179,LOC-014,ADJUST,111,683.84,OP-001,2026-07-30T16:37:46,DOC-3375
TXN-200966,SKU-00204,LOC-018,ADJUST,160,734.48,OP-023,2026-07-02T07:37:46,DOC-5221
TXN-200967,SKU-00458,LOC-018,IN,125,124.63,OP-011,2026-07-24T10:37:46,DOC-8028
TXN-200968,SKU-00027,LOC-003,ADJUST,35,593.66,OP-013,2026-07-29T20:37:46,DOC-7750
TXN-200969,SKU-00352,LOC-001,IN,75,254.09,OP-026,2026-07-29T05:37:46,DOC-5159
TXN-200970,SKU-00428,LOC-017,OUT,152,721.00,OP-007,2026-07-06T14:37:46,DOC-3480
TXN-200971,SKU-00409,LOC-005,OUT,61,219.14,OP-030,2026-07-16T20:37:46,DOC-9084
TXN-200972,SKU-00002,LOC-006,OUT,54,25.43,OP-002,2026-07-12T18:37:46,DOC-3581
TXN-200973,SKU-00298,LOC-018,IN,72,176.00,OP-003,2026-07-15T16:37:46,DOC-3208
TXN-200974,SKU-00131,LOC-005,OUT,127,4.22,OP-005,2026-07-26T02:37:46,DOC-6165
TXN-200975,SKU-00438,LOC-010,IN,178,748.32,OP-048,2026-07-12T06:37:46,DOC-6639
TXN-200976,SKU-00095,LOC-003,ADJUST,149,123.54,OP-009,2026-07-12T08:37:46,DOC-5947
TXN-200977,SKU-00418,LOC-003,OUT,10,425.42,OP-037,2026-07-28T15:37:46,
TXN-200978,SKU-00444,LOC-006,IN,47,342.50,OP-045,2026-07-15T20:37:46,DOC-8164
TXN-200979,SKU-00277,LOC-019,OUT,77,185.18,OP-026,2026-07-15T21:37:46,DOC-8155
TXN-200980,SKU-00361,LOC-013,ADJUST,131,448.99,OP-017,2026-07-23T00:37:46,DOC-3729
TXN-200981,SKU-00134,LOC-016,IN,136,660.28,OP-001,2026-07-14T00:37:46,DOC-3086
TXN-200982,SKU-00053,LOC-019,WRITE_OFF,111,144.00,OP-012,2026-07-06T04:37:46,DOC-3714
TXN-200983,SKU-00228,LOC-016,IN,183,748.65,OP-009,2026-07-26T03:37:46,DOC-8142
TXN-200984,SKU-00311,LOC-003,OUT,3,362.58,OP-021,2026-07-13T13:37:46,DOC-6482
TXN-200985,SKU-00294,LOC-008,OUT,56,705.67,OP-034,2026-07-27T11:37:46,DOC-5497
TXN-200986,SKU-00272,LOC-018,IN,116,650.60,OP-039,2026-07-02T08:37:46,DOC-2369
TXN-200987,SKU-00080,LOC-004,OUT,132,118.60,OP-044,2026-07-05T10:37:46,DOC-9067
TXN-200988,SKU-00471,LOC-001,ADJUST,183,349.10,OP-024,2026-07-08T22:37:46,DOC-6356
TXN-200989,SKU-00433,LOC-007,OUT,134,413.32,OP-022,2026-07-24T16:37:46,DOC-4118
TXN-200990,SKU-00099,LOC-020,OUT,147,169.30,OP-013,2026-07-18T17:37:46,DOC-4371
TXN-200991,SKU-00231,LOC-019,IN,161,628.03,OP-045,2026-07-02T01:37:46,DOC-1999
TXN-200992,SKU-00121,LOC-008,IN,6,568.75,OP-033,2026-07-18T20:37:46,DOC-6192
TXN-200993,SKU-00071,LOC-010,IN,195,571.63,OP-046,2026-07-16T00:37:46,DOC-2679
TXN-200994,SKU-00144,LOC-015,ADJUST,116,791.19,OP-023,2026-07-17T04:37:46,
TXN-200995,SKU-00016,LOC-003,IN,95,610.47,OP-011,2026-07-14T05:37:46,DOC-3081
TXN-200996,SKU-00274,LOC-001,OUT,80,263.91,OP-031,2026-07-10T13:37:46,
TXN-200997,SKU-00137,LOC-012,ADJUST,76,86.62,OP-023,2026-07-08T03:37:46,
TXN-200998,SKU-00364,LOC-007,IN,81,338.65,OP-045,2026-07-07T21:37:46,
TXN-200999,SKU-00138,LOC-020,OUT,133,60.14,OP-026,2026-07-27T22:37:46,
TXN-201000,SKU-00353,LOC-013,IN,187,654.11,OP-044,2026-07-23T12:37:46,DOC-5428
TXN-201001,SKU-00297,LOC-007,ADJUST,46,71.07,OP-028,2026-07-16T21:37:46,DOC-4112
TXN-201002,SKU-00369,LOC-015,IN,59,466.27,OP-021,2026-07-25T23:37:46,DOC-4557
TXN-201003,SKU-00472,LOC-015,IN,121,597.61,OP-049,2026-07-08T05:37:46,DOC-7536
TXN-201004,SKU-00358,LOC-012,OUT,154,245.02,OP-003,2026-07-17T20:37:46,
TXN-201005,SKU-00144,LOC-003,ADJUST,189,315.55,OP-015,2026-07-20T11:37:46,DOC-6874
TXN-201006,SKU-00283,LOC-020,OUT,27,37.97,OP-040,2026-07-30T01:37:46,DOC-5339
TXN-201007,SKU-00410,LOC-016,OUT,145,252.65,OP-046,2026-07-07T00:37:46,DOC-5324
TXN-201008,SKU-00254,LOC-003,IN,82,17.79,OP-005,2026-07-07T01:37:46,DOC-5303
TXN-201009,SKU-00116,LOC-007,IN,41,718.34,OP-009,2026-07-22T14:37:46,
TXN-201010,SKU-00467,LOC-019,IN,110,502.72,OP-040,2026-07-29T11:37:46,DOC-6312
TXN-201011,SKU-00284,LOC-013,OUT,167,204.95,OP-047,2026-07-04T21:37:46,DOC-8651
TXN-201012,SKU-00319,LOC-016,OUT,134,10.32,OP-031,2026-07-06T09:37:46,DOC-5416
TXN-201013,SKU-00476,LOC-009,ADJUST,7,362.75,OP-019,2026-07-07T11:37:46,DOC-1893
TXN-201014,SKU-00015,LOC-016,OUT,162,63.87,OP-032,2026-07-20T08:37:46,DOC-1796
TXN-201015,SKU-00402,LOC-010,IN,18,717.98,OP-008,2026-07-03T20:37:46,DOC-8875
TXN-201016,SKU-00092,LOC-016,OUT,191,10.94,OP-031,2026-07-22T22:37:46,DOC-6254
TXN-201017,SKU-00015,LOC-011,OUT,102,715.92,OP-007,2026-07-15T09:37:46,DOC-9955
TXN-201018,SKU-00011,LOC-007,OUT,174,721.67,OP-037,2026-07-10T18:37:46,
TXN-201019,SKU-00386,LOC-001,IN,65,773.79,OP-038,2026-07-03T16:37:46,DOC-6881
TXN-201020,SKU-00141,LOC-003,ADJUST,25,716.47,OP-013,2026-07-30T16:37:46,DOC-7065
TXN-201021,SKU-00328,LOC-020,IN,157,39.55,OP-014,2026-07-25T07:37:46,
TXN-201022,SKU-00451,LOC-006,IN,167,591.04,OP-006,2026-07-30T07:37:46,DOC-5817
TXN-201023,SKU-00452,LOC-018,OUT,163,248.58,OP-041,2026-07-11T01:37:46,DOC-6845
TXN-201024,SKU-00445,LOC-015,IN,12,541.12,OP-015,2026-07-21T09:37:46,DOC-8976
TXN-201025,SKU-00278,LOC-005,OUT,26,477.16,OP-001,2026-07-13T05:37:46,DOC-7678
TXN-201026,SKU-00101,LOC-009,IN,180,214.86,OP-035,2026-07-26T02:37:46,DOC-7273
TXN-201027,SKU-00186,LOC-009,OUT,81,161.84,OP-032,2026-07-30T14:37:46,DOC-5326
TXN-201028,SKU-00070,LOC-015,ADJUST,110,412.13,OP-039,2026-07-18T07:37:46,
TXN-201029,SKU-00429,LOC-002,OUT,151,309.03,OP-026,2026-07-09T12:37:46,
TXN-201030,SKU-00393,LOC-006,WRITE_OFF,78,530.05,OP-017,2026-07-14T15:37:46,
TXN-201031,SKU-00087,LOC-008,IN,182,248.77,OP-028,2026-07-01T19:37:46,
TXN-201032,SKU-00452,LOC-002,IN,175,199.08,OP-034,2026-07-16T07:37:46,DOC-4569
TXN-201033,SKU-00005,LOC-010,IN,118,39.80,OP-048,2026-07-31T01:37:46,DOC-6177
TXN-201034,SKU-00430,LOC-020,OUT,133,721.74,OP-029,2026-07-20T08:37:46,DOC-9361
TXN-201035,SKU-00411,LOC-010,OUT,19,494.67,OP-001,2026-07-27T14:37:46,DOC-8569
TXN-201036,SKU-00041,LOC-005,ADJUST,29,685.09,OP-002,2026-07-20T04:37:46,DOC-8126
TXN-201037,SKU-00485,LOC-013,IN,195,482.12,OP-002,2026-07-11T12:37:46,
TXN-201038,SKU-00242,LOC-001,IN,101,754.52,OP-016,2026-07-14T09:37:46,
TXN-201039,SKU-00261,LOC-012,OUT,45,184.28,OP-001,2026-07-24T18:37:46,
TXN-201040,SKU-00054,LOC-002,OUT,170,64.99,OP-001,2026-07-28T23:37:46,DOC-8486
TXN-201041,SKU-00016,LOC-019,OUT,91,222.48,OP-043,2026-07-30T18:37:46,DOC-2869
TXN-201042,SKU-00489,LOC-004,IN,79,42.48,OP-012,2026-07-19T01:37:46,DOC-3458
TXN-201043,SKU-00091,LOC-016,IN,126,114.16,OP-038,2026-07-07T14:37:46,
TXN-201044,SKU-00191,LOC-014,IN,26,63.86,OP-021,2026-07-02T01:37:46,DOC-4621
TXN-201045,SKU-00466,LOC-005,OUT,122,211.39,OP-041,2026-07-10T17:37:46,
TXN-201046,SKU-00047,LOC-008,IN,101,668.64,OP-035,2026-07-04T21:37:46,DOC-3861
TXN-201047,SKU-00046,LOC-007,OUT,127,680.19,OP-012,2026-07-10T22:37:46,DOC-4864
TXN-201048,SKU-00354,LOC-020,OUT,73,617.64,OP-039,2026-07-20T03:37:46,DOC-7463
TXN-201049,SKU-00136,LOC-011,WRITE_OFF,200,416.92,OP-010,2026-07-06T20:37:46,
TXN-201050,SKU-00426,LOC-005,OUT,188,200.10,OP-043,2026-07-13T20:37:46,
TXN-201051,SKU-00398,LOC-003,OUT,158,304.38,OP-031,2026-07-04T14:37:46,DOC-7643
TXN-201052,SKU-00163,LOC-016,IN,84,569.67,OP-004,2026-07-15T00:37:46,DOC-6422
TXN-201053,SKU-00250,LOC-013,OUT,78,44.89,OP-021,2026-07-06T08:37:46,DOC-1678
TXN-201054,SKU-00073,LOC-003,OUT,86,413.22,OP-008,2026-07-16T16:37:46,
TXN-201055,SKU-00210,LOC-004,IN,11,599.58,OP-031,2026-07-18T09:37:46,
TXN-201056,SKU-00272,LOC-014,IN,166,699.86,OP-049,2026-07-04T11:37:46,DOC-8634
TXN-201057,SKU-00370,LOC-001,IN,143,293.74,OP-035,2026-07-02T17:37:46,DOC-1447
TXN-201058,SKU-00099,LOC-011,ADJUST,186,371.63,OP-010,2026-07-28T20:37:46,
TXN-201059,SKU-00396,LOC-013,OUT,183,316.18,OP-030,2026-07-28T12:37:46,DOC-5395
TXN-201060,SKU-00089,LOC-002,OUT,20,574.63,OP-021,2026-07-09T06:37:46,DOC-2467
TXN-201061,SKU-00344,LOC-011,OUT,166,183.69,OP-047,2026-07-21T02:37:46,DOC-5578
TXN-201062,SKU-00261,LOC-012,IN,139,623.94,OP-037,2026-07-25T16:37:46,DOC-3297
TXN-201063,SKU-00427,LOC-020,IN,93,676.63,OP-023,2026-07-11T01:37:46,DOC-4035
TXN-201064,SKU-00477,LOC-008,OUT,197,347.72,OP-033,2026-07-25T11:37:46,
TXN-201065,SKU-00232,LOC-014,ADJUST,120,248.51,OP-031,2026-07-18T07:37:46,
TXN-201066,SKU-00357,LOC-010,IN,113,226.25,OP-032,2026-07-29T22:37:46,DOC-6489
TXN-201067,SKU-00322,LOC-010,OUT,77,553.16,OP-018,2026-07-26T15:37:46,DOC-3201
TXN-201068,SKU-00359,LOC-010,OUT,83,651.35,OP-047,2026-07-16T20:37:46,DOC-6034
TXN-201069,SKU-00495,LOC-011,ADJUST,99,27.63,OP-022,2026-07-20T15:37:46,DOC-5545
TXN-201070,SKU-00381,LOC-005,IN,118,399.15,OP-043,2026-07-13T10:37:46,DOC-3666
TXN-201071,SKU-00152,LOC-018,OUT,63,754.34,OP-034,2026-07-02T23:37:46,DOC-9500
TXN-201072,SKU-00183,LOC-018,OUT,136,31.03,OP-033,2026-07-22T18:37:46,DOC-4980
TXN-201073,SKU-00387,LOC-014,OUT,80,62.36,OP-024,2026-07-28T15:37:46,DOC-7283
TXN-201074,SKU-00158,LOC-016,ADJUST,151,584.05,OP-018,2026-07-19T17:37:46,DOC-4403
TXN-201075,SKU-00276,LOC-020,ADJUST,41,614.27,OP-026,2026-07-12T14:37:46,DOC-1533
TXN-201076,SKU-00289,LOC-017,OUT,36,30.50,OP-001,2026-07-11T16:37:46,DOC-7438
TXN-201077,SKU-00497,LOC-009,IN,57,202.83,OP-018,2026-07-24T01:37:46,DOC-3844
TXN-201078,SKU-00204,LOC-011,OUT,20,595.62,OP-005,2026-07-04T12:37:46,DOC-5875
TXN-201079,SKU-00026,LOC-001,IN,122,518.22,OP-050,2026-07-29T22:37:46,DOC-3590
TXN-201080,SKU-00052,LOC-008,ADJUST,191,600.07,OP-003,2026-07-12T09:37:46,DOC-5202
TXN-201081,SKU-00224,LOC-016,OUT,187,347.10,OP-002,2026-07-24T16:37:46,DOC-8792
TXN-201082,SKU-00335,LOC-015,IN,83,595.04,OP-019,2026-07-10T17:37:46,DOC-4795
TXN-201083,SKU-00391,LOC-015,IN,88,274.42,OP-029,2026-07-17T12:37:46,DOC-8218
TXN-201084,SKU-00210,LOC-017,OUT,40,227.84,OP-042,2026-07-28T04:37:46,
TXN-201085,SKU-00077,LOC-017,OUT,115,536.57,OP-019,2026-07-02T04:37:46,DOC-2099
TXN-201086,SKU-00454,LOC-006,ADJUST,87,287.44,OP-007,2026-07-21T21:37:46,DOC-9974
TXN-201087,SKU-00089,LOC-019,WRITE_OFF,172,435.11,OP-040,2026-07-11T14:37:46,DOC-4958
TXN-201088,SKU-00100,LOC-015,OUT,92,8.63,OP-023,2026-07-18T17:37:46,
TXN-201089,SKU-00225,LOC-006,WRITE_OFF,66,68.80,OP-028,2026-07-31T04:37:46,DOC-9805
TXN-201090,SKU-00420,LOC-007,OUT,105,701.71,OP-017,2026-07-12T05:37:46,DOC-9195
TXN-201091,SKU-00149,LOC-001,IN,44,798.39,OP-006,2026-07-17T04:37:46,DOC-1534
TXN-201092,SKU-00128,LOC-014,OUT,1,337.40,OP-006,2026-07-31T04:37:46,DOC-2457
TXN-201093,SKU-00116,LOC-008,IN,118,693.71,OP-008,2026-07-28T11:37:46,DOC-1162
TXN-201094,SKU-00374,LOC-007,OUT,48,607.01,OP-006,2026-07-26T11:37:46,DOC-5317
TXN-201095,SKU-00222,LOC-014,IN,174,711.86,OP-006,2026-07-28T08:37:46,DOC-9008
TXN-201096,SKU-00099,LOC-004,IN,146,592.38,OP-046,2026-07-27T14:37:46,DOC-7311
TXN-201097,SKU-00490,LOC-016,IN,188,185.16,OP-034,2026-07-14T12:37:46,DOC-1344
TXN-201098,SKU-00110,LOC-003,WRITE_OFF,105,717.37,OP-026,2026-07-25T15:37:46,DOC-2855
TXN-201099,SKU-00487,LOC-005,OUT,127,730.86,OP-040,2026-07-06T02:37:46,DOC-9004
TXN-201100,SKU-00460,LOC-003,IN,28,333.87,OP-014,2026-07-16T14:37:46,
TXN-201101,SKU-00154,LOC-004,WRITE_OFF,63,428.74,OP-046,2026-07-27T03:37:46,DOC-3610
TXN-201102,SKU-00398,LOC-004,OUT,35,278.07,OP-011,2026-07-23T18:37:46,DOC-8487
TXN-201103,SKU-00472,LOC-011,IN,48,602.57,OP-047,2026-07-10T14:37:46,
TXN-201104,SKU-00341,LOC-013,IN,40,84.28,OP-040,2026-07-11T15:37:46,DOC-2222
TXN-201105,SKU-00341,LOC-011,IN,190,511.57,OP-050,2026-07-24T17:37:46,DOC-7235
TXN-201106,SKU-00009,LOC-014,IN,188,618.54,OP-031,2026-07-14T12:37:46,DOC-6096
TXN-201107,SKU-00444,LOC-002,WRITE_OFF,113,536.01,OP-011,2026-07-10T20:37:46,DOC-1211
TXN-201108,SKU-00299,LOC-004,IN,97,270.16,OP-028,2026-07-04T20:37:46,DOC-3077
TXN-201109,SKU-00192,LOC-018,IN,79,127.74,OP-048,2026-07-10T21:37:46,
TXN-201110,SKU-00115,LOC-010,OUT,79,200.42,OP-049,2026-07-16T22:37:46,DOC-1614
TXN-201111,SKU-00027,LOC-014,WRITE_OFF,41,684.89,OP-043,2026-07-03T04:37:46,DOC-9806
TXN-201112,SKU-00369,LOC-002,IN,153,548.42,OP-010,2026-07-10T16:37:46,DOC-8864
TXN-201113,SKU-00012,LOC-020,OUT,87,440.01,OP-040,2026-07-18T14:37:46,DOC-1999
TXN-201114,SKU-00034,LOC-010,OUT,160,556.12,OP-028,2026-07-03T00:37:46,
TXN-201115,SKU-00182,LOC-020,OUT,127,113.72,OP-016,2026-07-04T05:37:46,DOC-1886
TXN-201116,SKU-00291,LOC-012,IN,94,69.25,OP-036,2026-07-04T11:37:46,DOC-2221
TXN-201117,SKU-00477,LOC-004,OUT,90,379.30,OP-039,2026-07-05T14:37:46,DOC-4452
TXN-201118,SKU-00281,LOC-003,IN,30,419.79,OP-034,2026-07-22T12:37:46,DOC-5570
TXN-201119,SKU-00345,LOC-017,IN,51,56.94,OP-039,2026-07-23T08:37:46,
TXN-201120,SKU-00023,LOC-003,OUT,59,750.38,OP-049,2026-07-26T10:37:46,DOC-7202
TXN-201121,SKU-00070,LOC-013,OUT,5,301.46,OP-050,2026-07-08T16:37:46,DOC-7985
TXN-201122,SKU-00430,LOC-012,OUT,166,456.11,OP-032,2026-07-11T18:37:46,DOC-7889
TXN-201123,SKU-00213,LOC-007,ADJUST,32,170.84,OP-003,2026-07-16T15:37:46,DOC-9909
TXN-201124,SKU-00152,LOC-003,WRITE_OFF,125,184.93,OP-038,2026-07-16T18:37:46,
TXN-201125,SKU-00005,LOC-003,OUT,116,454.63,OP-017,2026-07-07T21:37:46,DOC-4109
TXN-201126,SKU-00294,LOC-020,IN,16,520.77,OP-023,2026-07-02T21:37:46,DOC-1094
TXN-201127,SKU-00039,LOC-001,IN,62,548.51,OP-022,2026-07-24T07:37:46,DOC-5843
TXN-201128,SKU-00277,LOC-017,ADJUST,77,698.77,OP-026,2026-07-21T06:37:46,DOC-5638
TXN-201129,SKU-00456,LOC-006,OUT,160,551.99,OP-012,2026-07-23T22:37:46,DOC-8866
TXN-201130,SKU-00267,LOC-014,ADJUST,80,23.46,OP-026,2026-07-28T09:37:46,DOC-3882
TXN-201131,SKU-00343,LOC-003,OUT,104,769.52,OP-050,2026-07-31T03:37:46,DOC-9187
TXN-201132,SKU-00474,LOC-015,IN,193,69.89,OP-034,2026-07-31T01:37:46,DOC-5997
TXN-201133,SKU-00415,LOC-003,IN,13,552.47,OP-029,2026-07-11T06:37:46,DOC-1363
TXN-201134,SKU-00126,LOC-013,IN,58,294.38,OP-009,2026-07-29T17:37:46,DOC-3470
TXN-201135,SKU-00019,LOC-015,IN,106,366.62,OP-033,2026-07-03T05:37:46,DOC-9768
TXN-201136,SKU-00157,LOC-005,IN,77,257.32,OP-044,2026-07-25T04:37:46,
TXN-201137,SKU-00409,LOC-020,OUT,65,318.61,OP-011,2026-07-02T17:37:46,DOC-4053
TXN-201138,SKU-00126,LOC-006,OUT,145,364.95,OP-046,2026-07-12T09:37:46,
TXN-201139,SKU-00105,LOC-014,IN,111,299.74,OP-050,2026-07-23T14:37:46,DOC-9819
TXN-201140,SKU-00375,LOC-005,OUT,191,283.94,OP-043,2026-07-01T19:37:46,DOC-3953
TXN-201141,SKU-00490,LOC-007,IN,85,251.55,OP-047,2026-07-21T05:37:46,DOC-9403
TXN-201142,SKU-00210,LOC-013,IN,39,687.49,OP-049,2026-07-24T21:37:46,DOC-9277
TXN-201143,SKU-00079,LOC-002,IN,117,691.50,OP-044,2026-07-08T09:37:46,
TXN-201144,SKU-00085,LOC-006,IN,34,31.78,OP-028,2026-07-25T16:37:46,DOC-6865
TXN-201145,SKU-00104,LOC-013,IN,59,206.07,OP-040,2026-07-25T07:37:46,DOC-9276
TXN-201146,SKU-00189,LOC-002,OUT,130,730.99,OP-011,2026-07-22T14:37:46,DOC-5631
TXN-201147,SKU-00400,LOC-015,IN,83,503.24,OP-047,2026-07-17T01:37:46,
TXN-201148,SKU-00417,LOC-015,ADJUST,57,470.23,OP-050,2026-07-17T17:37:46,DOC-5112
TXN-201149,SKU-00129,LOC-013,OUT,194,21.60,OP-044,2026-07-11T12:37:46,DOC-4459
TXN-201150,SKU-00175,LOC-012,IN,65,70.47,OP-001,2026-07-11T03:37:46,
TXN-201151,SKU-00445,LOC-017,IN,110,130.52,OP-004,2026-07-24T17:37:46,DOC-1063
TXN-201152,SKU-00239,LOC-015,OUT,182,624.48,OP-028,2026-07-11T03:37:46,DOC-8746
TXN-201153,SKU-00163,LOC-017,IN,133,355.30,OP-041,2026-07-05T20:37:46,DOC-6249
TXN-201154,SKU-00403,LOC-013,OUT,85,355.13,OP-026,2026-07-07T03:37:46,DOC-5072
TXN-201155,SKU-00416,LOC-020,IN,21,799.81,OP-009,2026-07-18T21:37:46,
TXN-201156,SKU-00220,LOC-001,IN,155,85.08,OP-048,2026-07-23T12:37:46,DOC-8488
TXN-201157,SKU-00318,LOC-002,WRITE_OFF,81,20.00,OP-043,2026-07-03T10:37:46,DOC-5515
TXN-201158,SKU-00130,LOC-002,OUT,163,479.39,OP-030,2026-07-09T03:37:46,DOC-3720
TXN-201159,SKU-00291,LOC-006,ADJUST,10,674.35,OP-040,2026-07-03T10:37:46,DOC-4324
TXN-201160,SKU-00063,LOC-001,ADJUST,41,237.41,OP-029,2026-07-15T17:37:46,DOC-7192
TXN-201161,SKU-00066,LOC-006,OUT,177,262.13,OP-018,2026-07-13T15:37:46,
TXN-201162,SKU-00256,LOC-017,IN,183,197.74,OP-010,2026-07-13T04:37:46,
TXN-201163,SKU-00226,LOC-007,OUT,27,235.06,OP-032,2026-07-14T02:37:46,
TXN-201164,SKU-00065,LOC-004,WRITE_OFF,43,259.65,OP-022,2026-07-11T15:37:46,DOC-5729
TXN-201165,SKU-00474,LOC-015,OUT,128,69.89,OP-043,2026-07-05T11:37:46,DOC-8601
TXN-201166,SKU-00419,LOC-002,OUT,114,606.35,OP-013,2026-07-08T09:37:46,DOC-2080
TXN-201167,SKU-00474,LOC-014,OUT,111,316.47,OP-046,2026-07-23T02:37:46,DOC-8087
TXN-201168,SKU-00190,LOC-009,IN,49,532.77,OP-043,2026-07-10T15:37:46,DOC-3882
TXN-201169,SKU-00014,LOC-012,ADJUST,95,731.36,OP-012,2026-07-12T12:37:46,DOC-3627
TXN-201170,SKU-00015,LOC-020,IN,115,379.13,OP-024,2026-07-11T08:37:46,DOC-8565
TXN-201171,SKU-00418,LOC-008,OUT,149,658.72,OP-047,2026-07-04T23:37:46,
TXN-201172,SKU-00331,LOC-015,ADJUST,171,366.13,OP-045,2026-07-18T06:37:46,DOC-5999
TXN-201173,SKU-00106,LOC-020,ADJUST,31,153.52,OP-004,2026-07-02T09:37:46,DOC-8983
TXN-201174,SKU-00431,LOC-017,OUT,178,678.33,OP-020,2026-07-25T12:37:46,DOC-6079
TXN-201175,SKU-00369,LOC-007,OUT,33,469.81,OP-005,2026-07-28T12:37:46,DOC-9374
TXN-201176,SKU-00400,LOC-019,ADJUST,71,295.35,OP-005,2026-07-19T23:37:46,DOC-8906
TXN-201177,SKU-00075,LOC-015,WRITE_OFF,102,538.87,OP-003,2026-07-20T01:37:46,DOC-3825
TXN-201178,SKU-00416,LOC-002,IN,56,443.55,OP-039,2026-07-12T04:37:46,DOC-1264
TXN-201179,SKU-00295,LOC-018,OUT,56,616.86,OP-042,2026-07-02T06:37:46,
TXN-201180,SKU-00451,LOC-006,IN,52,705.65,OP-032,2026-07-28T07:37:46,
TXN-201181,SKU-00085,LOC-006,IN,94,31.78,OP-033,2026-07-17T13:37:46,DOC-9591
TXN-201182,SKU-00105,LOC-005,IN,42,668.00,OP-022,2026-07-11T10:37:46,DOC-3710
TXN-201183,SKU-00199,LOC-019,OUT,139,142.44,OP-036,2026-07-25T05:37:46,DOC-4086
TXN-201184,SKU-00075,LOC-017,ADJUST,11,369.81,OP-027,2026-07-09T14:37:46,DOC-1157
TXN-201185,SKU-00134,LOC-017,OUT,165,519.22,OP-016,2026-07-20T05:37:46,
TXN-201186,SKU-00247,LOC-004,IN,156,296.73,OP-010,2026-07-27T04:37:46,DOC-7648
TXN-201187,SKU-00116,LOC-013,ADJUST,184,489.81,OP-042,2026-07-09T10:37:46,DOC-2492
TXN-201188,SKU-00436,LOC-004,OUT,42,233.47,OP-047,2026-07-29T03:37:46,DOC-6375
TXN-201189,SKU-00144,LOC-004,IN,182,35.21,OP-040,2026-07-27T04:37:46,DOC-8610
TXN-201190,SKU-00384,LOC-003,OUT,15,127.27,OP-007,2026-07-12T12:37:46,DOC-5647
TXN-201191,SKU-00347,LOC-012,IN,128,263.00,OP-015,2026-07-17T11:37:46,DOC-1569
TXN-201192,SKU-00175,LOC-003,WRITE_OFF,153,363.87,OP-037,2026-07-18T06:37:46,DOC-9796
TXN-201193,SKU-00400,LOC-020,OUT,32,701.85,OP-022,2026-07-23T04:37:46,DOC-3194
TXN-201194,SKU-00310,LOC-015,IN,16,748.53,OP-037,2026-07-29T14:37:46,DOC-6591
TXN-201195,SKU-00202,LOC-013,IN,61,212.89,OP-034,2026-07-17T15:37:46,DOC-2748
TXN-201196,SKU-00321,LOC-010,WRITE_OFF,28,450.76,OP-045,2026-07-12T08:37:46,DOC-2762
TXN-201197,SKU-00029,LOC-017,OUT,44,670.42,OP-041,2026-07-26T06:37:46,DOC-2639
TXN-201198,SKU-00057,LOC-018,OUT,48,282.39,OP-041,2026-07-23T18:37:46,DOC-1159
TXN-201199,SKU-00329,LOC-007,ADJUST,97,691.34,OP-045,2026-07-27T20:37:46,DOC-4015
TXN-201200,SKU-00222,LOC-002,IN,180,314.30,OP-031,2026-07-31T09:37:46,DOC-6838
TXN-201201,SKU-00266,LOC-001,OUT,85,506.50,OP-045,2026-07-13T16:37:46,DOC-9915
TXN-201202,SKU-00235,LOC-020,OUT,196,607.99,OP-020,2026-07-04T07:37:46,DOC-5185
TXN-201203,SKU-00165,LOC-001,IN,99,517.64,OP-009,2026-07-02T08:37:46,DOC-8810
TXN-201204,SKU-00021,LOC-013,OUT,101,261.80,OP-025,2026-07-22T13:37:46,DOC-6279
TXN-201205,SKU-00434,LOC-020,OUT,92,419.77,OP-044,2026-07-30T15:37:46,DOC-6075
TXN-201206,SKU-00024,LOC-010,WRITE_OFF,96,94.81,OP-032,2026-07-16T09:37:46,DOC-5930
TXN-201207,SKU-00322,LOC-020,ADJUST,164,431.40,OP-024,2026-07-14T22:37:46,
TXN-201208,SKU-00479,LOC-007,ADJUST,24,100.38,OP-021,2026-07-13T22:37:46,
TXN-201209,SKU-00274,LOC-010,OUT,135,505.12,OP-023,2026-07-06T09:37:46,DOC-3189
TXN-201210,SKU-00137,LOC-019,ADJUST,122,63.76,OP-021,2026-07-03T15:37:46,DOC-3619
TXN-201211,SKU-00305,LOC-016,IN,43,299.88,OP-050,2026-07-20T11:37:46,DOC-8477
TXN-201212,SKU-00311,LOC-009,ADJUST,110,677.31,OP-037,2026-07-28T16:37:46,
TXN-201213,SKU-00057,LOC-018,OUT,29,282.39,OP-020,2026-07-12T19:37:46,DOC-7620
TXN-201214,SKU-00372,LOC-015,OUT,14,20.86,OP-005,2026-07-21T10:37:46,
TXN-201215,SKU-00495,LOC-014,IN,6,479.88,OP-008,2026-07-05T08:37:46,DOC-2975
TXN-201216,SKU-00144,LOC-019,IN,177,223.66,OP-037,2026-07-23T08:37:46,DOC-3702
TXN-201217,SKU-00436,LOC-011,ADJUST,99,361.19,OP-009,2026-07-29T04:37:46,
TXN-201218,SKU-00110,LOC-013,OUT,189,164.95,OP-014,2026-07-10T13:37:46,DOC-9137
TXN-201219,SKU-00277,LOC-006,IN,44,446.92,OP-041,2026-07-10T04:37:46,DOC-5998
TXN-201220,SKU-00078,LOC-014,ADJUST,183,621.41,OP-030,2026-07-24T21:37:46,DOC-4611
TXN-201221,SKU-00067,LOC-011,IN,3,114.96,OP-006,2026-07-21T17:37:46,DOC-7128
TXN-201222,SKU-00135,LOC-010,OUT,56,94.31,OP-013,2026-07-04T03:37:46,DOC-2029
TXN-201223,SKU-00116,LOC-019,IN,9,395.51,OP-021,2026-07-23T16:37:46,DOC-1440
TXN-201224,SKU-00015,LOC-007,OUT,120,97.38,OP-037,2026-07-03T03:37:46,
TXN-201225,SKU-00369,LOC-007,OUT,167,380.90,OP-015,2026-07-02T11:37:46,
TXN-201226,SKU-00183,LOC-001,IN,175,729.32,OP-014,2026-07-20T03:37:46,DOC-1780
TXN-201227,SKU-00293,LOC-007,IN,7,682.83,OP-034,2026-07-15T12:37:46,
TXN-201228,SKU-00089,LOC-013,IN,6,515.40,OP-022,2026-07-09T05:37:46,DOC-3536
TXN-201229,SKU-00170,LOC-011,WRITE_OFF,14,406.05,OP-028,2026-07-11T13:37:46,
TXN-201230,SKU-00211,LOC-012,WRITE_OFF,109,341.44,OP-037,2026-07-15T17:37:46,DOC-2766
TXN-201231,SKU-00467,LOC-009,OUT,7,31.00,OP-042,2026-07-22T00:37:46,DOC-3201
TXN-201232,SKU-00209,LOC-020,IN,124,425.90,OP-029,2026-07-16T00:37:46,DOC-6410
TXN-201233,SKU-00366,LOC-013,ADJUST,188,131.32,OP-030,2026-07-08T09:37:46,DOC-8110
TXN-201234,SKU-00057,LOC-010,IN,132,172.76,OP-044,2026-07-03T00:37:46,DOC-4293
TXN-201235,SKU-00100,LOC-014,OUT,132,521.27,OP-049,2026-07-13T19:37:46,DOC-2483
TXN-201236,SKU-00089,LOC-008,OUT,172,407.55,OP-031,2026-07-17T20:37:46,DOC-1817
TXN-201237,SKU-00446,LOC-010,OUT,28,129.53,OP-008,2026-07-24T19:37:46,DOC-1943
TXN-201238,SKU-00316,LOC-010,OUT,69,405.61,OP-007,2026-07-23T22:37:46,
TXN-201239,SKU-00183,LOC-012,OUT,21,733.09,OP-027,2026-07-15T10:37:46,
TXN-201240,SKU-00459,LOC-019,IN,31,60.99,OP-039,2026-07-26T16:37:46,DOC-5425
TXN-201241,SKU-00308,LOC-014,IN,20,680.13,OP-021,2026-07-17T20:37:46,DOC-8235
TXN-201242,SKU-00021,LOC-019,OUT,17,655.91,OP-004,2026-07-28T04:37:46,
TXN-201243,SKU-00257,LOC-018,IN,165,218.68,OP-014,2026-07-07T06:37:46,DOC-3491
TXN-201244,SKU-00196,LOC-004,OUT,108,81.65,OP-020,2026-07-16T06:37:46,DOC-1618
TXN-201245,SKU-00491,LOC-007,IN,74,132.24,OP-028,2026-07-20T12:37:46,DOC-2904
TXN-201246,SKU-00213,LOC-013,IN,163,88.43,OP-031,2026-07-30T06:37:46,
TXN-201247,SKU-00463,LOC-020,OUT,169,200.35,OP-008,2026-07-13T04:37:46,DOC-7942
TXN-201248,SKU-00083,LOC-007,IN,58,96.65,OP-033,2026-07-06T04:37:46,
TXN-201249,SKU-00360,LOC-012,IN,131,363.04,OP-014,2026-07-11T00:37:46,DOC-5756
TXN-201250,SKU-00218,LOC-019,ADJUST,14,742.43,OP-037,2026-07-19T09:37:46,DOC-5639
TXN-201251,SKU-00250,LOC-010,IN,7,248.65,OP-016,2026-07-04T12:37:46,DOC-2316
TXN-201252,SKU-00237,LOC-002,OUT,54,228.40,OP-024,2026-07-18T03:37:46,DOC-5710
TXN-201253,SKU-00370,LOC-016,IN,187,691.27,OP-028,2026-07-27T11:37:46,DOC-6282
TXN-201254,SKU-00489,LOC-014,IN,156,779.15,OP-030,2026-07-10T00:37:46,
TXN-201255,SKU-00446,LOC-012,OUT,53,407.82,OP-040,2026-07-01T21:37:46,
TXN-201256,SKU-00449,LOC-011,IN,85,443.75,OP-028,2026-07-23T18:37:46,DOC-9214
TXN-201257,SKU-00057,LOC-002,IN,60,764.38,OP-026,2026-07-22T09:37:46,
TXN-201258,SKU-00199,LOC-007,OUT,101,198.87,OP-048,2026-07-29T02:37:46,DOC-2145
TXN-201259,SKU-00326,LOC-001,OUT,199,23.65,OP-044,2026-07-31T12:37:46,DOC-2968
TXN-201260,SKU-00248,LOC-005,IN,102,168.29,OP-007,2026-07-31T08:37:46,DOC-5024
TXN-201261,SKU-00044,LOC-010,OUT,119,618.57,OP-014,2026-07-11T18:37:46,DOC-5260
TXN-201262,SKU-00251,LOC-008,IN,70,654.61,OP-014,2026-07-08T02:37:46,DOC-8536
TXN-201263,SKU-00416,LOC-020,OUT,194,799.81,OP-018,2026-07-27T15:37:46,DOC-6214
TXN-201264,SKU-00346,LOC-002,IN,180,75.71,OP-041,2026-07-21T10:37:46,DOC-8539
TXN-201265,SKU-00194,LOC-008,ADJUST,160,704.30,OP-029,2026-07-01T23:37:46,DOC-3413
TXN-201266,SKU-00384,LOC-012,IN,54,777.89,OP-042,2026-07-05T16:37:46,
TXN-201267,SKU-00303,LOC-019,OUT,138,377.37,OP-048,2026-07-04T07:37:46,DOC-9603
TXN-201268,SKU-00044,LOC-003,OUT,145,315.87,OP-031,2026-07-14T00:37:46,DOC-6761
TXN-201269,SKU-00080,LOC-001,ADJUST,148,185.27,OP-012,2026-07-21T13:37:46,DOC-5692
TXN-201270,SKU-00262,LOC-018,IN,193,479.38,OP-008,2026-07-05T19:37:46,DOC-9196
TXN-201271,SKU-00437,LOC-019,IN,64,666.31,OP-018,2026-07-16T09:37:46,DOC-8103
TXN-201272,SKU-00163,LOC-001,OUT,11,37.70,OP-045,2026-07-25T03:37:46,DOC-8563
TXN-201273,SKU-00147,LOC-014,OUT,123,194.81,OP-017,2026-07-06T15:37:46,DOC-3939
TXN-201274,SKU-00068,LOC-017,IN,92,792.80,OP-004,2026-07-16T18:37:46,
TXN-201275,SKU-00055,LOC-012,WRITE_OFF,164,326.74,OP-012,2026-07-10T11:37:46,DOC-7732
TXN-201276,SKU-00441,LOC-001,IN,186,132.58,OP-003,2026-07-09T00:37:46,DOC-1577
TXN-201277,SKU-00323,LOC-003,OUT,137,572.71,OP-037,2026-07-27T01:37:46,DOC-4447
TXN-201278,SKU-00392,LOC-004,IN,9,3.34,OP-009,2026-07-21T18:37:46,DOC-6892
TXN-201279,SKU-00110,LOC-012,OUT,104,369.91,OP-049,2026-07-12T09:37:46,
TXN-201280,SKU-00394,LOC-019,OUT,93,432.66,OP-008,2026-07-31T08:37:46,DOC-7626
TXN-201281,SKU-00500,LOC-002,OUT,49,290.22,OP-025,2026-07-23T01:37:46,DOC-1546
TXN-201282,SKU-00051,LOC-004,WRITE_OFF,98,312.47,OP-010,2026-07-24T15:37:46,DOC-8741
TXN-201283,SKU-00444,LOC-018,IN,131,737.51,OP-047,2026-07-08T03:37:46,DOC-3284
TXN-201284,SKU-00013,LOC-011,IN,78,575.17,OP-014,2026-07-30T09:37:46,DOC-2993
TXN-201285,SKU-00464,LOC-002,IN,65,790.66,OP-041,2026-07-26T09:37:46,DOC-7320
TXN-201286,SKU-00296,LOC-015,OUT,185,241.11,OP-042,2026-07-16T19:37:46,DOC-2346
TXN-201287,SKU-00442,LOC-006,OUT,195,721.38,OP-034,2026-07-18T05:37:46,DOC-9354
TXN-201288,SKU-00070,LOC-015,IN,56,474.68,OP-004,2026-07-07T01:37:46,DOC-4771
TXN-201289,SKU-00337,LOC-001,OUT,117,605.42,OP-018,2026-07-23T00:37:46,DOC-7262
TXN-201290,SKU-00091,LOC-015,IN,55,173.42,OP-029,2026-07-27T22:37:46,DOC-3528
TXN-201291,SKU-00460,LOC-009,IN,78,605.24,OP-006,2026-07-08T15:37:46,DOC-7077
TXN-201292,SKU-00148,LOC-010,WRITE_OFF,90,220.19,OP-022,2026-07-29T17:37:46,DOC-7054
TXN-201293,SKU-00273,LOC-016,OUT,113,625.77,OP-018,2026-07-14T11:37:46,DOC-9744
TXN-201294,SKU-00043,LOC-008,OUT,162,28.64,OP-005,2026-07-23T14:37:46,DOC-3715
TXN-201295,SKU-00321,LOC-002,WRITE_OFF,14,97.02,OP-031,2026-07-09T22:37:46,
TXN-201296,SKU-00296,LOC-013,IN,22,76.61,OP-003,2026-07-28T05:37:46,DOC-4189
TXN-201297,SKU-00381,LOC-019,OUT,154,643.43,OP-025,2026-07-03T21:37:46,
TXN-201298,SKU-00182,LOC-004,IN,145,745.79,OP-018,2026-07-15T16:37:46,DOC-3700
TXN-201299,SKU-00475,LOC-006,OUT,159,240.84,OP-014,2026-07-26T11:37:46,DOC-9631
TXN-201300,SKU-00157,LOC-015,ADJUST,41,110.87,OP-022,2026-07-12T05:37:46,DOC-6776
TXN-201301,SKU-00322,LOC-002,OUT,159,532.79,OP-046,2026-07-24T20:37:46,DOC-3969
TXN-201302,SKU-00292,LOC-002,IN,81,287.48,OP-039,2026-07-13T05:37:46,DOC-8412
TXN-201303,SKU-00012,LOC-020,IN,144,440.01,OP-032,2026-07-04T08:37:46,DOC-1783
TXN-201304,SKU-00375,LOC-005,WRITE_OFF,106,401.09,OP-010,2026-07-22T03:37:46,
TXN-201305,SKU-00192,LOC-018,OUT,69,127.74,OP-007,2026-07-26T05:37:46,DOC-8258
TXN-201306,SKU-00341,LOC-010,IN,33,243.50,OP-025,2026-07-12T10:37:46,DOC-2336
TXN-201307,SKU-00310,LOC-003,OUT,7,624.37,OP-049,2026-07-07T12:37:46,DOC-7978
TXN-201308,SKU-00339,LOC-005,IN,180,143.43,OP-049,2026-07-01T21:37:46,DOC-3894
TXN-201309,SKU-00443,LOC-010,ADJUST,35,197.26,OP-028,2026-07-27T23:37:46,
TXN-201310,SKU-00099,LOC-004,ADJUST,57,42.06,OP-040,2026-07-14T07:37:46,
TXN-201311,SKU-00421,LOC-006,IN,144,208.72,OP-047,2026-07-14T13:37:46,DOC-6820
TXN-201312,SKU-00054,LOC-014,OUT,148,574.48,OP-008,2026-07-28T10:37:46,
TXN-201313,SKU-00234,LOC-018,IN,47,418.54,OP-048,2026-07-10T12:37:46,DOC-7148
TXN-201314,SKU-00395,LOC-001,ADJUST,71,739.28,OP-031,2026-07-22T21:37:46,
TXN-201315,SKU-00294,LOC-004,OUT,82,430.31,OP-037,2026-07-20T06:37:46,DOC-2575
TXN-201316,SKU-00152,LOC-018,OUT,4,648.57,OP-027,2026-07-27T04:37:46,DOC-6794
TXN-201317,SKU-00293,LOC-003,IN,54,565.40,OP-001,2026-07-15T13:37:46,DOC-6803
TXN-201318,SKU-00060,LOC-006,ADJUST,106,605.22,OP-034,2026-07-07T17:37:46,DOC-1693
TXN-201319,SKU-00292,LOC-002,OUT,81,287.48,OP-024,2026-07-14T22:37:46,DOC-8464
TXN-201320,SKU-00006,LOC-007,OUT,3,78.03,OP-045,2026-07-28T11:37:46,DOC-4966
TXN-201321,SKU-00351,LOC-004,WRITE_OFF,39,214.07,OP-015,2026-07-22T00:37:46,DOC-9271
TXN-201322,SKU-00394,LOC-019,IN,9,432.66,OP-038,2026-07-25T09:37:46,DOC-3662
TXN-201323,SKU-00047,LOC-006,OUT,161,103.83,OP-050,2026-07-23T10:37:46,DOC-2796
TXN-201324,SKU-00464,LOC-008,OUT,120,137.97,OP-043,2026-07-20T07:37:46,DOC-1252
TXN-201325,SKU-00382,LOC-020,OUT,153,181.53,OP-018,2026-07-23T13:37:46,
TXN-201326,SKU-00489,LOC-006,ADJUST,15,639.90,OP-041,2026-07-27T11:37:46,
TXN-201327,SKU-00131,LOC-010,OUT,200,636.59,OP-039,2026-07-25T11:37:46,DOC-1549
TXN-201328,SKU-00215,LOC-008,OUT,26,360.77,OP-010,2026-07-06T20:37:46,
TXN-201329,SKU-00305,LOC-008,IN,49,556.32,OP-033,2026-07-04T15:37:46,DOC-9166
TXN-201330,SKU-00027,LOC-019,OUT,93,54.47,OP-016,2026-07-20T00:37:46,DOC-5849
TXN-201331,SKU-00107,LOC-001,IN,82,139.33,OP-005,2026-07-03T08:37:46,DOC-8426
TXN-201332,SKU-00262,LOC-002,IN,111,133.94,OP-018,2026-07-25T02:37:46,DOC-7876
TXN-201333,SKU-00124,LOC-004,IN,24,51.42,OP-022,2026-07-29T20:37:46,DOC-3739
TXN-201334,SKU-00181,LOC-002,ADJUST,181,201.55,OP-038,2026-07-11T16:37:46,DOC-3272
TXN-201335,SKU-00181,LOC-014,IN,26,799.06,OP-001,2026-07-13T02:37:46,DOC-2590
TXN-201336,SKU-00347,LOC-006,OUT,77,606.85,OP-025,2026-07-24T09:37:46,DOC-7360
TXN-201337,SKU-00493,LOC-017,IN,173,585.79,OP-005,2026-07-27T21:37:46,DOC-9141
TXN-201338,SKU-00154,LOC-003,OUT,75,591.78,OP-019,2026-07-27T17:37:46,DOC-8047
TXN-201339,SKU-00456,LOC-013,OUT,50,423.41,OP-032,2026-07-09T20:37:46,
TXN-201340,SKU-00405,LOC-008,IN,80,72.31,OP-026,2026-07-19T17:37:46,DOC-6968
TXN-201341,SKU-00270,LOC-006,OUT,102,665.73,OP-039,2026-07-05T00:37:46,DOC-3110
TXN-201342,SKU-00101,LOC-019,IN,4,32.38,OP-008,2026-07-24T21:37:46,DOC-9704
TXN-201343,SKU-00204,LOC-018,ADJUST,72,734.48,OP-019,2026-07-17T13:37:46,DOC-2420
TXN-201344,SKU-00003,LOC-019,OUT,113,549.13,OP-029,2026-07-20T11:37:46,DOC-1157
TXN-201345,SKU-00393,LOC-016,IN,152,767.87,OP-012,2026-07-26T02:37:46,DOC-8741
TXN-201346,SKU-00138,LOC-019,OUT,118,630.04,OP-046,2026-07-10T10:37:46,DOC-4755
TXN-201347,SKU-00411,LOC-019,OUT,49,617.96,OP-030,2026-07-28T12:37:46,DOC-1125
TXN-201348,SKU-00229,LOC-011,ADJUST,76,499.20,OP-020,2026-07-21T23:37:46,DOC-5825
TXN-201349,SKU-00267,LOC-009,IN,74,283.85,OP-039,2026-07-24T06:37:46,
TXN-201350,SKU-00033,LOC-004,OUT,73,322.18,OP-001,2026-07-24T22:37:46,
TXN-201351,SKU-00309,LOC-007,IN,130,223.82,OP-027,2026-07-07T05:37:46,DOC-5382
TXN-201352,SKU-00318,LOC-006,WRITE_OFF,119,237.39,OP-025,2026-07-30T08:37:46,DOC-9402
TXN-201353,SKU-00267,LOC-009,IN,166,283.85,OP-033,2026-07-26T13:37:46,DOC-8627
TXN-201354,SKU-00255,LOC-002,IN,32,370.93,OP-012,2026-07-09T18:37:46,DOC-4532
TXN-201355,SKU-00340,LOC-009,OUT,6,110.36,OP-046,2026-07-23T09:37:46,DOC-3103
TXN-201356,SKU-00057,LOC-019,ADJUST,104,55.83,OP-011,2026-07-14T23:37:46,
TXN-201357,SKU-00228,LOC-015,OUT,149,273.83,OP-004,2026-07-05T22:37:46,DOC-3041
TXN-201358,SKU-00261,LOC-006,IN,31,47.95,OP-005,2026-07-28T03:37:46,DOC-6653
TXN-201359,SKU-00080,LOC-017,WRITE_OFF,128,293.73,OP-028,2026-07-03T20:37:46,DOC-1036
TXN-201360,SKU-00314,LOC-003,IN,105,183.66,OP-047,2026-07-10T23:37:46,DOC-3819
TXN-201361,SKU-00390,LOC-008,OUT,68,574.52,OP-021,2026-07-26T04:37:46,DOC-6978
TXN-201362,SKU-00337,LOC-012,IN,29,98.31,OP-005,2026-07-06T01:37:46,DOC-4751
TXN-201363,SKU-00161,LOC-006,IN,145,693.40,OP-015,2026-07-02T21:37:46,
TXN-201364,SKU-00040,LOC-013,IN,46,581.26,OP-037,2026-07-28T16:37:46,DOC-9246
TXN-201365,SKU-00418,LOC-008,OUT,50,169.16,OP-048,2026-07-09T19:37:46,DOC-2307
TXN-201366,SKU-00179,LOC-018,OUT,102,316.33,OP-017,2026-07-18T20:37:46,DOC-5316
TXN-201367,SKU-00260,LOC-017,OUT,43,131.71,OP-021,2026-07-21T00:37:46,
TXN-201368,SKU-00183,LOC-019,ADJUST,56,747.14,OP-023,2026-07-12T11:37:46,DOC-4960
TXN-201369,SKU-00074,LOC-013,OUT,105,268.94,OP-036,2026-07-19T01:37:46,
TXN-201370,SKU-00417,LOC-015,IN,73,470.23,OP-012,2026-07-31T15:37:46,DOC-5369
TXN-201371,SKU-00067,LOC-016,IN,157,660.71,OP-008,2026-07-22T10:37:46,DOC-8491
TXN-201372,SKU-00048,LOC-007,IN,103,501.29,OP-020,2026-07-02T06:37:46,DOC-7438
TXN-201373,SKU-00095,LOC-014,OUT,49,233.57,OP-028,2026-07-05T13:37:46,DOC-3223
TXN-201374,SKU-00136,LOC-011,OUT,199,416.92,OP-046,2026-07-04T06:37:46,DOC-6763
TXN-201375,SKU-00217,LOC-008,IN,98,778.05,OP-024,2026-07-06T10:37:46,DOC-1013
TXN-201376,SKU-00277,LOC-010,OUT,117,529.80,OP-001,2026-07-17T13:37:46,DOC-2963
TXN-201377,SKU-00210,LOC-006,IN,60,759.13,OP-012,2026-07-23T19:37:46,DOC-1669
TXN-201378,SKU-00237,LOC-012,OUT,155,202.05,OP-048,2026-07-30T19:37:46,DOC-6985
TXN-201379,SKU-00402,LOC-005,IN,49,101.82,OP-022,2026-07-29T22:37:46,DOC-9257
TXN-201380,SKU-00032,LOC-019,IN,88,189.09,OP-007,2026-07-28T01:37:46,DOC-1466
TXN-201381,SKU-00065,LOC-017,OUT,73,749.66,OP-026,2026-07-10T23:37:46,DOC-3854
TXN-201382,SKU-00417,LOC-012,OUT,16,660.25,OP-047,2026-07-02T16:37:46,DOC-1776
TXN-201383,SKU-00460,LOC-012,OUT,141,419.96,OP-002,2026-07-28T14:37:46,DOC-5178
TXN-201384,SKU-00395,LOC-001,IN,121,192.41,OP-020,2026-07-03T03:37:46,DOC-1593
TXN-201385,SKU-00326,LOC-019,WRITE_OFF,68,651.87,OP-003,2026-07-28T10:37:46,DOC-8777
TXN-201386,SKU-00309,LOC-012,IN,169,547.13,OP-040,2026-07-22T04:37:46,DOC-5555
TXN-201387,SKU-00409,LOC-015,IN,89,168.05,OP-016,2026-07-11T01:37:46,DOC-3902
TXN-201388,SKU-00222,LOC-009,WRITE_OFF,33,150.89,OP-005,2026-07-28T21:37:46,DOC-2200
TXN-201389,SKU-00233,LOC-009,IN,44,513.61,OP-019,2026-07-15T10:37:46,DOC-3040
TXN-201390,SKU-00456,LOC-003,IN,41,609.48,OP-035,2026-07-09T01:37:46,
TXN-201391,SKU-00141,LOC-009,OUT,15,381.31,OP-048,2026-07-28T06:37:46,DOC-4005
TXN-201392,SKU-00348,LOC-003,OUT,58,520.09,OP-009,2026-07-09T00:37:46,
TXN-201393,SKU-00492,LOC-003,IN,120,767.13,OP-035,2026-07-26T08:37:46,DOC-9557
TXN-201394,SKU-00271,LOC-010,IN,7,667.18,OP-043,2026-07-21T12:37:46,DOC-2202
TXN-201395,SKU-00005,LOC-002,IN,154,358.26,OP-022,2026-07-15T09:37:46,DOC-8446
TXN-201396,SKU-00333,LOC-006,IN,81,528.21,OP-003,2026-07-08T23:37:46,DOC-1225
TXN-201397,SKU-00196,LOC-003,OUT,23,452.09,OP-022,2026-07-31T04:37:46,DOC-1394
TXN-201398,SKU-00133,LOC-016,IN,61,286.45,OP-028,2026-07-31T01:37:46,
TXN-201399,SKU-00407,LOC-005,OUT,175,395.42,OP-027,2026-07-17T01:37:46,DOC-3728
TXN-201400,SKU-00383,LOC-006,WRITE_OFF,102,760.71,OP-009,2026-07-03T12:37:46,DOC-1121
TXN-201401,SKU-00089,LOC-003,IN,54,216.03,OP-048,2026-07-03T04:37:46,DOC-4384
TXN-201402,SKU-00211,LOC-009,OUT,63,274.22,OP-049,2026-07-08T16:37:46,DOC-1321
TXN-201403,SKU-00204,LOC-018,ADJUST,26,734.48,OP-004,2026-07-18T21:37:46,DOC-9668
TXN-201404,SKU-00316,LOC-004,WRITE_OFF,142,400.73,OP-017,2026-07-04T20:37:46,DOC-1119
TXN-201405,SKU-00184,LOC-008,IN,57,779.83,OP-027,2026-07-07T15:37:46,DOC-1267
TXN-201406,SKU-00351,LOC-008,WRITE_OFF,33,65.31,OP-047,2026-07-31T14:37:46,DOC-7291
TXN-201407,SKU-00210,LOC-007,ADJUST,166,480.56,OP-017,2026-07-29T03:37:46,DOC-9627
TXN-201408,SKU-00458,LOC-006,ADJUST,24,760.26,OP-047,2026-07-20T06:37:46,DOC-5221
TXN-201409,SKU-00121,LOC-008,IN,37,568.75,OP-003,2026-07-22T03:37:46,DOC-6008
TXN-201410,SKU-00057,LOC-002,ADJUST,46,764.38,OP-028,2026-07-20T14:37:46,DOC-4246
TXN-201411,SKU-00480,LOC-018,ADJUST,150,446.88,OP-016,2026-07-31T02:37:46,DOC-3631
TXN-201412,SKU-00427,LOC-005,OUT,159,442.17,OP-033,2026-07-18T04:37:46,DOC-9277
TXN-201413,SKU-00454,LOC-006,IN,46,330.18,OP-011,2026-07-22T23:37:46,DOC-3804
TXN-201414,SKU-00468,LOC-004,ADJUST,61,499.63,OP-032,2026-07-24T13:37:46,
TXN-201415,SKU-00481,LOC-004,IN,64,164.28,OP-042,2026-07-29T20:37:46,
TXN-201416,SKU-00054,LOC-010,IN,196,3.47,OP-030,2026-07-14T03:37:46,DOC-1411
TXN-201417,SKU-00171,LOC-009,OUT,182,406.06,OP-017,2026-07-17T14:37:46,
TXN-201418,SKU-00020,LOC-020,OUT,27,190.93,OP-030,2026-07-29T11:37:46,DOC-9971
TXN-201419,SKU-00128,LOC-017,IN,182,694.80,OP-039,2026-07-30T07:37:46,
TXN-201420,SKU-00449,LOC-011,OUT,144,122.81,OP-043,2026-07-16T03:37:46,DOC-8143
TXN-201421,SKU-00337,LOC-006,OUT,43,414.30,OP-016,2026-07-20T10:37:46,DOC-2491
TXN-201422,SKU-00229,LOC-015,OUT,115,246.92,OP-035,2026-07-18T09:37:46,
TXN-201423,SKU-00027,LOC-008,IN,30,377.27,OP-024,2026-07-28T01:37:46,DOC-6703
TXN-201424,SKU-00198,LOC-016,OUT,76,557.88,OP-005,2026-07-02T11:37:46,
TXN-201425,SKU-00238,LOC-003,ADJUST,33,65.97,OP-040,2026-07-06T15:37:46,DOC-2503
TXN-201426,SKU-00007,LOC-015,IN,122,600.98,OP-024,2026-07-12T04:37:46,DOC-3723
TXN-201427,SKU-00442,LOC-019,IN,58,242.54,OP-041,2026-07-08T21:37:46,DOC-8105
TXN-201428,SKU-00004,LOC-009,OUT,85,473.38,OP-026,2026-07-23T14:37:46,DOC-9604
TXN-201429,SKU-00189,LOC-007,IN,131,356.93,OP-007,2026-07-16T02:37:46,
TXN-201430,SKU-00240,LOC-011,OUT,36,233.80,OP-017,2026-07-26T05:37:46,
TXN-201431,SKU-00350,LOC-007,IN,71,197.55,OP-029,2026-07-15T15:37:46,DOC-5010
TXN-201432,SKU-00117,LOC-015,IN,162,698.00,OP-017,2026-07-30T05:37:46,DOC-4939
TXN-201433,SKU-00398,LOC-015,OUT,28,396.16,OP-015,2026-07-12T21:37:46,DOC-8466
TXN-201434,SKU-00022,LOC-012,OUT,23,400.24,OP-027,2026-07-25T17:37:46,
TXN-201435,SKU-00177,LOC-003,IN,42,271.35,OP-023,2026-07-15T16:37:46,DOC-6908
TXN-201436,SKU-00394,LOC-019,OUT,50,432.66,OP-044,2026-07-20T03:37:46,
TXN-201437,SKU-00237,LOC-002,ADJUST,20,228.57,OP-050,2026-07-25T17:37:46,DOC-9295
TXN-201438,SKU-00365,LOC-014,ADJUST,145,535.60,OP-006,2026-07-06T10:37:46,DOC-1123
TXN-201439,SKU-00450,LOC-001,OUT,138,470.03,OP-035,2026-07-18T23:37:46,DOC-1209
TXN-201440,SKU-00400,LOC-013,OUT,114,59.31,OP-021,2026-07-02T16:37:46,
TXN-201441,SKU-00234,LOC-009,IN,147,354.07,OP-024,2026-07-19T19:37:46,
TXN-201442,SKU-00189,LOC-005,ADJUST,36,25.27,OP-023,2026-07-07T00:37:46,DOC-6697
TXN-201443,SKU-00147,LOC-006,OUT,27,671.85,OP-044,2026-07-13T20:37:46,DOC-5382
TXN-201444,SKU-00458,LOC-011,ADJUST,61,710.41,OP-029,2026-07-12T10:37:46,
TXN-201445,SKU-00478,LOC-014,IN,134,580.06,OP-048,2026-07-03T11:37:46,DOC-1041
TXN-201446,SKU-00267,LOC-001,WRITE_OFF,50,420.05,OP-048,2026-07-16T04:37:46,DOC-6762
TXN-201447,SKU-00016,LOC-011,IN,50,229.46,OP-049,2026-07-18T03:37:46,DOC-3558
TXN-201448,SKU-00370,LOC-015,IN,62,251.34,OP-004,2026-07-22T05:37:46,DOC-1925
TXN-201449,SKU-00274,LOC-009,IN,60,776.31,OP-005,2026-07-10T05:37:46,DOC-6109
TXN-201450,SKU-00298,LOC-014,ADJUST,160,552.14,OP-049,2026-07-31T06:37:46,DOC-3664
TXN-201451,SKU-00284,LOC-019,OUT,104,777.75,OP-011,2026-07-04T07:37:46,DOC-4365
TXN-201452,SKU-00267,LOC-008,OUT,173,162.45,OP-001,2026-07-27T22:37:46,DOC-9619
TXN-201453,SKU-00269,LOC-006,OUT,109,560.10,OP-006,2026-07-25T09:37:46,DOC-4266
TXN-201454,SKU-00122,LOC-001,OUT,177,732.07,OP-009,2026-07-23T13:37:46,DOC-8993
TXN-201455,SKU-00308,LOC-006,OUT,158,244.67,OP-003,2026-07-21T12:37:46,
TXN-201456,SKU-00188,LOC-009,OUT,143,237.60,OP-038,2026-07-11T22:37:46,DOC-7909
TXN-201457,SKU-00027,LOC-008,ADJUST,183,377.27,OP-021,2026-07-21T19:37:46,DOC-5830
TXN-201458,SKU-00329,LOC-003,IN,102,140.60,OP-040,2026-07-29T17:37:46,
TXN-201459,SKU-00457,LOC-003,OUT,124,232.29,OP-024,2026-07-11T12:37:46,DOC-1799
TXN-201460,SKU-00425,LOC-001,IN,122,735.07,OP-033,2026-07-11T00:37:46,
TXN-201461,SKU-00378,LOC-015,WRITE_OFF,93,732.83,OP-038,2026-07-31T06:37:46,DOC-1719
TXN-201462,SKU-00316,LOC-019,IN,174,772.92,OP-050,2026-07-06T02:37:46,DOC-3286
TXN-201463,SKU-00016,LOC-011,IN,27,229.46,OP-015,2026-07-26T21:37:46,DOC-3148
TXN-201464,SKU-00113,LOC-019,OUT,101,65.40,OP-040,2026-07-30T08:37:46,
TXN-201465,SKU-00302,LOC-002,IN,88,578.60,OP-020,2026-07-15T09:37:46,DOC-5893
TXN-201466,SKU-00204,LOC-004,ADJUST,81,531.17,OP-049,2026-07-15T18:37:46,DOC-7481
TXN-201467,SKU-00350,LOC-007,IN,187,197.55,OP-020,2026-07-16T01:37:46,DOC-4315
TXN-201468,SKU-00312,LOC-020,IN,7,745.33,OP-046,2026-07-03T01:37:46,DOC-2998
TXN-201469,SKU-00388,LOC-004,IN,64,177.86,OP-003,2026-07-23T02:37:46,DOC-5424
TXN-201470,SKU-00260,LOC-017,OUT,90,24.79,OP-036,2026-07-05T22:37:46,
TXN-201471,SKU-00086,LOC-018,IN,37,579.22,OP-002,2026-07-08T06:37:46,DOC-2057
TXN-201472,SKU-00333,LOC-008,IN,44,5.57,OP-007,2026-07-22T20:37:46,DOC-1022
TXN-201473,SKU-00058,LOC-012,IN,110,786.09,OP-032,2026-07-26T11:37:46,DOC-2787
TXN-201474,SKU-00433,LOC-012,ADJUST,197,636.29,OP-045,2026-07-21T10:37:46,DOC-7430
TXN-201475,SKU-00333,LOC-005,OUT,66,354.31,OP-020,2026-07-14T00:37:46,DOC-8414
TXN-201476,SKU-00331,LOC-003,IN,199,629.04,OP-017,2026-07-11T22:37:46,
TXN-201477,SKU-00164,LOC-012,IN,182,457.15,OP-004,2026-07-11T02:37:46,DOC-6122
TXN-201478,SKU-00348,LOC-001,IN,61,425.43,OP-047,2026-07-09T03:37:46,DOC-3296
TXN-201479,SKU-00015,LOC-020,OUT,140,379.13,OP-049,2026-07-06T06:37:46,DOC-8525
TXN-201480,SKU-00357,LOC-012,OUT,70,436.70,OP-029,2026-07-15T06:37:46,DOC-9939
TXN-201481,SKU-00219,LOC-018,OUT,115,315.54,OP-007,2026-07-09T09:37:46,DOC-4540
TXN-201482,SKU-00396,LOC-012,ADJUST,87,15.88,OP-015,2026-07-07T06:37:46,DOC-5000
TXN-201483,SKU-00058,LOC-011,OUT,195,349.98,OP-023,2026-07-01T17:37:46,
TXN-201484,SKU-00452,LOC-002,IN,160,199.08,OP-023,2026-07-10T08:37:46,DOC-8993
TXN-201485,SKU-00182,LOC-005,IN,15,88.26,OP-005,2026-07-09T00:37:46,DOC-3918
TXN-201486,SKU-00235,LOC-006,WRITE_OFF,15,540.48,OP-014,2026-07-02T22:37:46,DOC-2357
TXN-201487,SKU-00107,LOC-009,IN,84,267.58,OP-030,2026-07-12T06:37:46,DOC-1803
TXN-201488,SKU-00086,LOC-002,OUT,190,274.50,OP-022,2026-07-18T16:37:46,DOC-1753
TXN-201489,SKU-00437,LOC-013,IN,45,179.90,OP-039,2026-07-13T03:37:46,DOC-9709
TXN-201490,SKU-00247,LOC-002,OUT,17,33.42,OP-005,2026-07-18T22:37:46,DOC-8968
TXN-201491,SKU-00293,LOC-018,OUT,120,759.16,OP-029,2026-07-27T08:37:46,DOC-6039
TXN-201492,SKU-00341,LOC-004,OUT,61,788.13,OP-029,2026-07-17T01:37:46,DOC-3956
TXN-201493,SKU-00369,LOC-012,IN,59,90.13,OP-046,2026-07-12T03:37:46,DOC-8900
TXN-201494,SKU-00386,LOC-020,ADJUST,52,81.85,OP-012,2026-07-17T14:37:46,DOC-2114
TXN-201495,SKU-00006,LOC-018,ADJUST,76,134.44,OP-019,2026-07-25T08:37:46,DOC-8593
TXN-201496,SKU-00417,LOC-006,OUT,79,243.21,OP-002,2026-07-28T02:37:46,DOC-7368
TXN-201497,SKU-00183,LOC-008,IN,162,57.37,OP-024,2026-07-05T19:37:46,DOC-6429
TXN-201498,SKU-00322,LOC-011,ADJUST,103,50.68,OP-040,2026-07-22T03:37:46,DOC-4069
TXN-201499,SKU-00128,LOC-007,OUT,17,655.51,OP-033,2026-07-28T13:37:46,DOC-5404
TXN-201500,SKU-00010,LOC-019,IN,27,650.90,OP-024,2026-07-29T13:37:46,DOC-9636
TXN-201501,SKU-00228,LOC-019,OUT,195,559.52,OP-023,2026-07-15T20:37:46,DOC-6578
TXN-201502,SKU-00280,LOC-020,OUT,114,167.86,OP-008,2026-07-27T07:37:46,
TXN-201503,SKU-00029,LOC-015,IN,169,277.59,OP-033,2026-07-17T08:37:46,DOC-3307
TXN-201504,SKU-00328,LOC-008,IN,8,233.56,OP-029,2026-07-05T03:37:46,DOC-3432
TXN-201505,SKU-00123,LOC-007,ADJUST,108,731.98,OP-004,2026-07-27T21:37:46,DOC-1677
TXN-201506,SKU-00268,LOC-011,OUT,61,680.94,OP-041,2026-07-02T01:37:46,DOC-8756
TXN-201507,SKU-00196,LOC-006,IN,40,605.76,OP-008,2026-07-20T03:37:46,DOC-3538
TXN-201508,SKU-00359,LOC-011,WRITE_OFF,191,300.28,OP-025,2026-07-26T02:37:46,
TXN-201509,SKU-00434,LOC-015,IN,141,232.57,OP-029,2026-07-07T13:37:46,DOC-8564
TXN-201510,SKU-00437,LOC-012,IN,141,404.40,OP-010,2026-07-03T22:37:46,
TXN-201511,SKU-00125,LOC-010,OUT,102,644.22,OP-047,2026-07-18T07:37:46,DOC-2257
TXN-201512,SKU-00206,LOC-018,OUT,58,494.36,OP-042,2026-07-24T11:37:46,DOC-6760
TXN-201513,SKU-00334,LOC-012,OUT,77,527.52,OP-004,2026-07-22T10:37:46,DOC-2763
TXN-201514,SKU-00323,LOC-016,IN,123,677.54,OP-020,2026-07-02T11:37:46,DOC-1532
TXN-201515,SKU-00320,LOC-007,IN,115,74.09,OP-010,2026-07-04T13:37:46,DOC-7863
TXN-201516,SKU-00190,LOC-015,ADJUST,115,685.55,OP-010,2026-07-30T02:37:46,DOC-6313
TXN-201517,SKU-00448,LOC-018,OUT,111,724.85,OP-050,2026-07-30T10:37:46,DOC-7734
TXN-201518,SKU-00277,LOC-019,OUT,79,185.18,OP-038,2026-07-01T23:37:46,DOC-8892
TXN-201519,SKU-00055,LOC-019,OUT,195,621.54,OP-037,2026-07-21T06:37:46,DOC-5276
TXN-201520,SKU-00392,LOC-006,OUT,27,374.82,OP-002,2026-07-20T18:37:46,DOC-1651
TXN-201521,SKU-00056,LOC-016,IN,152,90.13,OP-020,2026-07-11T02:37:46,DOC-8394
TXN-201522,SKU-00158,LOC-001,OUT,69,15.78,OP-009,2026-07-22T00:37:46,DOC-8340
TXN-201523,SKU-00017,LOC-020,IN,86,529.65,OP-012,2026-07-18T20:37:46,
TXN-201524,SKU-00438,LOC-011,IN,81,113.49,OP-025,2026-07-23T03:37:46,DOC-1887
TXN-201525,SKU-00123,LOC-004,IN,40,733.98,OP-019,2026-07-23T07:37:46,DOC-6890
TXN-201526,SKU-00271,LOC-001,IN,75,431.43,OP-047,2026-07-25T10:37:46,DOC-7312
TXN-201527,SKU-00251,LOC-014,OUT,94,381.23,OP-005,2026-07-26T15:37:46,DOC-4837
TXN-201528,SKU-00240,LOC-014,OUT,8,726.71,OP-004,2026-07-05T09:37:46,
TXN-201529,SKU-00388,LOC-001,OUT,11,612.70,OP-043,2026-07-07T06:37:46,DOC-2441
TXN-201530,SKU-00474,LOC-013,OUT,133,258.06,OP-033,2026-07-27T17:37:46,DOC-3441
TXN-201531,SKU-00329,LOC-011,IN,98,444.57,OP-034,2026-07-22T05:37:46,DOC-8439
TXN-201532,SKU-00062,LOC-020,OUT,34,549.45,OP-008,2026-07-14T07:37:46,DOC-1768
TXN-201533,SKU-00028,LOC-019,IN,123,547.29,OP-047,2026-07-04T07:37:46,DOC-1966
TXN-201534,SKU-00119,LOC-013,OUT,19,476.33,OP-028,2026-07-05T22:37:46,DOC-9969
TXN-201535,SKU-00348,LOC-001,OUT,4,425.43,OP-041,2026-07-16T14:37:46,DOC-2437
TXN-201536,SKU-00070,LOC-015,OUT,130,474.68,OP-042,2026-07-17T10:37:46,
TXN-201537,SKU-00022,LOC-009,ADJUST,114,539.29,OP-017,2026-07-09T18:37:46,DOC-1770
TXN-201538,SKU-00300,LOC-002,OUT,48,436.10,OP-008,2026-07-31T04:37:46,DOC-9412
TXN-201539,SKU-00195,LOC-002,OUT,3,551.34,OP-007,2026-07-20T06:37:46,DOC-4648
TXN-201540,SKU-00218,LOC-017,WRITE_OFF,152,793.39,OP-036,2026-07-16T19:37:46,DOC-4055
TXN-201541,SKU-00455,LOC-016,OUT,49,629.78,OP-011,2026-07-15T08:37:46,DOC-7525
TXN-201542,SKU-00500,LOC-019,IN,63,141.12,OP-039,2026-07-05T02:37:46,
TXN-201543,SKU-00080,LOC-009,IN,4,538.85,OP-010,2026-07-14T01:37:46,DOC-4724
TXN-201544,SKU-00473,LOC-002,OUT,91,736.47,OP-027,2026-07-19T11:37:46,DOC-3931
TXN-201545,SKU-00495,LOC-007,OUT,51,593.64,OP-042,2026-07-09T05:37:46,DOC-8688
TXN-201546,SKU-00085,LOC-010,IN,114,594.01,OP-033,2026-07-03T15:37:46,
TXN-201547,SKU-00053,LOC-005,WRITE_OFF,12,459.81,OP-022,2026-07-25T19:37:46,DOC-8438
TXN-201548,SKU-00073,LOC-006,WRITE_OFF,181,422.96,OP-003,2026-07-13T21:37:46,DOC-2602
TXN-201549,SKU-00055,LOC-012,OUT,12,326.74,OP-034,2026-07-04T17:37:46,
TXN-201550,SKU-00004,LOC-018,IN,151,709.80,OP-016,2026-07-23T02:37:46,DOC-6149
TXN-201551,SKU-00157,LOC-009,OUT,66,27.72,OP-023,2026-07-26T00:37:46,
TXN-201552,SKU-00164,LOC-012,IN,9,170.43,OP-029,2026-07-28T01:37:46,DOC-3706
TXN-201553,SKU-00236,LOC-007,IN,125,755.75,OP-035,2026-07-18T10:37:46,DOC-5138
TXN-201554,SKU-00432,LOC-019,OUT,140,733.41,OP-026,2026-07-19T14:37:46,DOC-3738
TXN-201555,SKU-00241,LOC-008,IN,21,332.29,OP-050,2026-07-12T20:37:46,DOC-3571
TXN-201556,SKU-00319,LOC-016,ADJUST,183,186.84,OP-047,2026-07-14T09:37:46,DOC-2417
TXN-201557,SKU-00245,LOC-019,ADJUST,117,585.91,OP-002,2026-07-14T19:37:46,DOC-5932
TXN-201558,SKU-00416,LOC-009,IN,20,12.86,OP-034,2026-07-13T19:37:46,DOC-6402
TXN-201559,SKU-00241,LOC-010,OUT,170,560.61,OP-017,2026-07-17T16:37:46,DOC-9306
TXN-201560,SKU-00272,LOC-018,OUT,125,610.49,OP-014,2026-07-12T19:37:46,DOC-3001
TXN-201561,SKU-00400,LOC-010,OUT,12,322.93,OP-023,2026-07-08T00:37:46,
TXN-201562,SKU-00142,LOC-008,OUT,55,407.95,OP-032,2026-07-17T05:37:46,
TXN-201563,SKU-00121,LOC-002,ADJUST,101,406.77,OP-030,2026-07-26T02:37:46,DOC-7020
TXN-201564,SKU-00353,LOC-013,IN,161,654.11,OP-049,2026-07-30T12:37:46,DOC-3544
TXN-201565,SKU-00478,LOC-013,IN,88,476.88,OP-018,2026-07-10T21:37:46,DOC-1310
TXN-201566,SKU-00208,LOC-008,IN,178,689.86,OP-020,2026-07-19T00:37:46,DOC-1247
TXN-201567,SKU-00234,LOC-020,ADJUST,83,263.67,OP-050,2026-07-19T12:37:46,DOC-1728
TXN-201568,SKU-00181,LOC-019,IN,172,678.34,OP-010,2026-07-04T15:37:46,DOC-8259
TXN-201569,SKU-00160,LOC-014,IN,158,605.45,OP-050,2026-07-03T23:37:46,
TXN-201570,SKU-00117,LOC-020,ADJUST,185,579.01,OP-001,2026-07-16T10:37:46,DOC-4837
TXN-201571,SKU-00116,LOC-013,OUT,99,489.81,OP-014,2026-07-29T10:37:46,
TXN-201572,SKU-00391,LOC-020,OUT,152,522.15,OP-038,2026-07-30T01:37:46,DOC-7388
TXN-201573,SKU-00487,LOC-012,IN,167,603.06,OP-007,2026-07-26T04:37:46,DOC-4541
TXN-201574,SKU-00092,LOC-019,ADJUST,32,317.32,OP-020,2026-07-12T21:37:46,DOC-7274
TXN-201575,SKU-00120,LOC-012,ADJUST,45,183.07,OP-040,2026-07-12T00:37:46,DOC-1763
TXN-201576,SKU-00150,LOC-018,IN,1,383.77,OP-024,2026-07-20T14:37:46,DOC-7187
TXN-201577,SKU-00396,LOC-012,OUT,184,15.88,OP-025,2026-07-29T22:37:46,DOC-9017
TXN-201578,SKU-00125,LOC-009,OUT,43,606.80,OP-043,2026-07-07T02:37:46,DOC-3243
TXN-201579,SKU-00105,LOC-005,OUT,74,668.00,OP-023,2026-07-26T02:37:46,DOC-8042
TXN-201580,SKU-00052,LOC-009,IN,93,508.40,OP-024,2026-07-12T12:37:46,DOC-2143
TXN-201581,SKU-00394,LOC-005,ADJUST,20,610.23,OP-002,2026-07-30T08:37:46,
TXN-201582,SKU-00196,LOC-018,IN,54,108.10,OP-006,2026-07-26T14:37:46,DOC-8962
TXN-201583,SKU-00459,LOC-017,IN,21,666.48,OP-047,2026-07-24T03:37:46,DOC-8847
TXN-201584,SKU-00261,LOC-009,WRITE_OFF,41,281.52,OP-028,2026-07-25T08:37:46,DOC-8672
TXN-201585,SKU-00321,LOC-015,IN,33,510.87,OP-039,2026-07-30T03:37:46,DOC-8223
TXN-201586,SKU-00354,LOC-010,ADJUST,63,45.15,OP-042,2026-07-19T18:37:46,DOC-1032
TXN-201587,SKU-00195,LOC-004,OUT,28,136.37,OP-032,2026-07-16T08:37:46,DOC-6383
TXN-201588,SKU-00162,LOC-009,OUT,22,709.33,OP-039,2026-07-07T09:37:46,DOC-8981
TXN-201589,SKU-00453,LOC-016,OUT,75,730.11,OP-028,2026-07-26T04:37:46,DOC-2210
TXN-201590,SKU-00038,LOC-011,IN,77,19.18,OP-035,2026-07-22T08:37:46,DOC-6148
TXN-201591,SKU-00078,LOC-014,IN,62,621.41,OP-003,2026-07-21T23:37:46,
TXN-201592,SKU-00052,LOC-009,OUT,70,508.40,OP-040,2026-07-16T03:37:46,DOC-9749
TXN-201593,SKU-00086,LOC-017,OUT,98,796.35,OP-005,2026-07-18T22:37:46,DOC-4711
TXN-201594,SKU-00030,LOC-013,ADJUST,97,673.78,OP-044,2026-07-14T01:37:46,DOC-8934
TXN-201595,SKU-00450,LOC-004,IN,101,675.05,OP-044,2026-07-05T23:37:46,DOC-4887
TXN-201596,SKU-00151,LOC-013,IN,21,76.22,OP-031,2026-07-21T14:37:46,
TXN-201597,SKU-00162,LOC-015,IN,57,793.59,OP-011,2026-07-30T15:37:46,DOC-2357
TXN-201598,SKU-00263,LOC-002,OUT,16,76.71,OP-022,2026-07-10T08:37:46,DOC-7010
TXN-201599,SKU-00242,LOC-012,IN,119,711.23,OP-047,2026-07-26T21:37:46,
TXN-201600,SKU-00023,LOC-007,IN,187,570.62,OP-012,2026-07-27T17:37:46,DOC-7024
TXN-201601,SKU-00200,LOC-001,IN,25,535.04,OP-033,2026-07-14T12:37:46,DOC-1661
TXN-201602,SKU-00005,LOC-004,IN,186,557.66,OP-044,2026-07-11T02:37:46,DOC-4792
TXN-201603,SKU-00417,LOC-020,ADJUST,88,670.99,OP-003,2026-07-25T04:37:46,DOC-1453
TXN-201604,SKU-00242,LOC-008,OUT,98,206.04,OP-028,2026-07-21T20:37:46,
TXN-201605,SKU-00187,LOC-005,OUT,149,665.86,OP-023,2026-07-10T22:37:46,DOC-9423
TXN-201606,SKU-00188,LOC-019,IN,101,296.46,OP-010,2026-07-13T23:37:46,DOC-9265
TXN-201607,SKU-00111,LOC-005,IN,96,286.08,OP-017,2026-07-02T06:37:46,DOC-8688
TXN-201608,SKU-00317,LOC-003,IN,175,325.00,OP-007,2026-07-29T20:37:46,
TXN-201609,SKU-00453,LOC-014,ADJUST,48,676.67,OP-011,2026-07-29T11:37:46,DOC-5603
TXN-201610,SKU-00176,LOC-009,IN,15,29.44,OP-047,2026-07-25T10:37:46,DOC-6132
TXN-201611,SKU-00490,LOC-004,IN,132,710.67,OP-034,2026-07-07T15:37:46,
TXN-201612,SKU-00056,LOC-004,OUT,143,475.28,OP-005,2026-07-03T05:37:46,
TXN-201613,SKU-00075,LOC-011,WRITE_OFF,141,453.34,OP-002,2026-07-26T05:37:46,
TXN-201614,SKU-00095,LOC-019,IN,134,374.12,OP-030,2026-07-07T18:37:46,DOC-7557
TXN-201615,SKU-00205,LOC-018,OUT,64,202.96,OP-025,2026-07-20T07:37:46,DOC-2729
TXN-201616,SKU-00318,LOC-018,IN,156,458.87,OP-042,2026-07-01T20:37:46,DOC-5084
TXN-201617,SKU-00329,LOC-007,OUT,34,691.34,OP-003,2026-07-02T05:37:46,
TXN-201618,SKU-00229,LOC-010,IN,27,504.29,OP-016,2026-07-14T08:37:46,DOC-2861
TXN-201619,SKU-00250,LOC-013,IN,26,44.89,OP-025,2026-07-26T19:37:46,DOC-4170
TXN-201620,SKU-00315,LOC-009,IN,127,73.03,OP-008,2026-07-08T07:37:46,DOC-4300
TXN-201621,SKU-00491,LOC-007,IN,116,132.24,OP-028,2026-07-23T04:37:46,DOC-8458
TXN-201622,SKU-00009,LOC-013,IN,143,795.53,OP-041,2026-07-17T17:37:46,
TXN-201623,SKU-00485,LOC-003,OUT,167,92.30,OP-023,2026-07-21T15:37:46,DOC-1489
TXN-201624,SKU-00280,LOC-009,OUT,185,275.67,OP-016,2026-07-19T22:37:46,DOC-2858
TXN-201625,SKU-00437,LOC-010,IN,96,728.22,OP-042,2026-07-13T17:37:46,DOC-6757
TXN-201626,SKU-00134,LOC-013,IN,55,734.08,OP-023,2026-07-08T06:37:46,DOC-4268
TXN-201627,SKU-00454,LOC-019,OUT,114,162.12,OP-002,2026-07-07T14:37:46,DOC-4048
TXN-201628,SKU-00401,LOC-011,IN,174,225.17,OP-027,2026-07-10T07:37:46,
TXN-201629,SKU-00431,LOC-007,OUT,110,491.15,OP-040,2026-07-24T23:37:46,
TXN-201630,SKU-00084,LOC-017,OUT,163,384.04,OP-040,2026-07-30T01:37:46,
TXN-201631,SKU-00179,LOC-019,OUT,133,640.97,OP-040,2026-07-20T10:37:46,DOC-2205
TXN-201632,SKU-00401,LOC-015,IN,115,112.76,OP-037,2026-07-21T23:37:46,
TXN-201633,SKU-00141,LOC-004,IN,127,275.81,OP-006,2026-07-23T07:37:46,DOC-2450
TXN-201634,SKU-00371,LOC-003,IN,3,305.53,OP-044,2026-07-04T22:37:46,DOC-1170
TXN-201635,SKU-00402,LOC-017,OUT,22,563.40,OP-033,2026-07-05T00:37:46,DOC-1869
TXN-201636,SKU-00103,LOC-011,OUT,170,757.56,OP-023,2026-07-06T18:37:46,DOC-4029
TXN-201637,SKU-00173,LOC-007,OUT,93,89.88,OP-039,2026-07-28T21:37:46,DOC-1836
TXN-201638,SKU-00494,LOC-015,IN,26,498.43,OP-014,2026-07-23T11:37:46,
TXN-201639,SKU-00324,LOC-007,OUT,115,314.58,OP-001,2026-07-16T11:37:46,DOC-7456
TXN-201640,SKU-00234,LOC-018,IN,153,418.54,OP-047,2026-07-10T22:37:46,DOC-3458
TXN-201641,SKU-00199,LOC-020,ADJUST,130,316.32,OP-032,2026-07-13T00:37:46,DOC-3319
TXN-201642,SKU-00206,LOC-014,IN,79,667.28,OP-036,2026-07-29T13:37:46,
TXN-201643,SKU-00266,LOC-001,ADJUST,59,506.50,OP-046,2026-07-10T01:37:46,DOC-9171
TXN-201644,SKU-00357,LOC-013,IN,125,475.93,OP-006,2026-07-24T17:37:46,
TXN-201645,SKU-00078,LOC-008,IN,57,325.25,OP-005,2026-07-18T13:37:46,DOC-8129
TXN-201646,SKU-00109,LOC-017,IN,80,582.51,OP-025,2026-07-04T18:37:46,DOC-2107
TXN-201647,SKU-00464,LOC-002,ADJUST,125,790.66,OP-029,2026-07-11T09:37:46,DOC-4505
TXN-201648,SKU-00432,LOC-020,ADJUST,91,720.86,OP-010,2026-07-26T12:37:46,DOC-4627
TXN-201649,SKU-00100,LOC-020,IN,198,701.80,OP-006,2026-07-29T11:37:46,DOC-3014
TXN-201650,SKU-00087,LOC-009,OUT,159,8.92,OP-027,2026-07-26T02:37:46,DOC-1529
TXN-201651,SKU-00041,LOC-008,OUT,36,158.06,OP-008,2026-07-05T07:37:46,DOC-7074
TXN-201652,SKU-00323,LOC-020,IN,109,428.52,OP-042,2026-07-11T07:37:46,DOC-8793
TXN-201653,SKU-00078,LOC-001,WRITE_OFF,155,602.80,OP-003,2026-07-05T23:37:46,DOC-2208
TXN-201654,SKU-00384,LOC-012,OUT,28,777.89,OP-012,2026-07-21T18:37:46,DOC-9633
TXN-201655,SKU-00184,LOC-008,IN,44,50.84,OP-005,2026-07-23T19:37:46,DOC-8734
TXN-201656,SKU-00316,LOC-013,WRITE_OFF,174,42.28,OP-008,2026-07-16T10:37:46,DOC-5903
TXN-201657,SKU-00492,LOC-013,ADJUST,142,530.87,OP-016,2026-07-04T20:37:46,DOC-6891
TXN-201658,SKU-00314,LOC-003,OUT,70,268.34,OP-011,2026-07-25T13:37:46,
TXN-201659,SKU-00385,LOC-004,OUT,58,701.23,OP-044,2026-07-26T04:37:46,DOC-2927
TXN-201660,SKU-00433,LOC-016,IN,72,691.27,OP-037,2026-07-10T23:37:46,
TXN-201661,SKU-00223,LOC-009,ADJUST,100,534.64,OP-033,2026-07-13T19:37:46,DOC-8216
TXN-201662,SKU-00133,LOC-014,OUT,91,594.74,OP-049,2026-07-27T20:37:46,DOC-3912
TXN-201663,SKU-00315,LOC-004,IN,104,621.30,OP-017,2026-07-30T01:37:46,DOC-1352
TXN-201664,SKU-00339,LOC-012,OUT,157,158.49,OP-044,2026-07-17T11:37:46,
TXN-201665,SKU-00068,LOC-008,IN,94,365.08,OP-008,2026-07-09T18:37:46,DOC-1805
TXN-201666,SKU-00168,LOC-010,OUT,113,211.00,OP-006,2026-07-02T10:37:46,
TXN-201667,SKU-00334,LOC-016,ADJUST,167,577.09,OP-025,2026-07-16T22:37:46,DOC-3069
TXN-201668,SKU-00377,LOC-008,IN,121,601.94,OP-038,2026-07-07T17:37:46,DOC-6603
TXN-201669,SKU-00491,LOC-014,OUT,74,307.35,OP-007,2026-07-01T23:37:46,DOC-2964
TXN-201670,SKU-00212,LOC-018,IN,157,273.86,OP-043,2026-07-22T00:37:46,DOC-8244
TXN-201671,SKU-00438,LOC-014,OUT,138,232.32,OP-048,2026-07-21T09:37:46,DOC-3846
TXN-201672,SKU-00032,LOC-015,OUT,49,229.45,OP-038,2026-07-29T22:37:46,
TXN-201673,SKU-00439,LOC-019,IN,67,475.91,OP-021,2026-07-03T09:37:46,DOC-1469
TXN-201674,SKU-00043,LOC-011,IN,178,596.77,OP-001,2026-07-21T20:37:46,DOC-8476
TXN-201675,SKU-00338,LOC-011,IN,51,526.30,OP-032,2026-07-04T09:37:46,DOC-4506
TXN-201676,SKU-00308,LOC-017,IN,172,556.22,OP-028,2026-07-29T14:37:46,DOC-3901
TXN-201677,SKU-00065,LOC-014,OUT,172,740.04,OP-015,2026-07-31T13:37:46,DOC-1406
TXN-201678,SKU-00147,LOC-012,ADJUST,125,754.20,OP-017,2026-07-20T19:37:46,DOC-8794
TXN-201679,SKU-00494,LOC-012,ADJUST,76,708.23,OP-013,2026-07-18T21:37:46,DOC-3362
TXN-201680,SKU-00481,LOC-006,OUT,89,654.05,OP-039,2026-07-15T04:37:46,DOC-3424
TXN-201681,SKU-00347,LOC-020,WRITE_OFF,115,92.33,OP-039,2026-07-14T13:37:46,DOC-2306
TXN-201682,SKU-00027,LOC-015,IN,19,211.72,OP-046,2026-07-24T05:37:46,DOC-1836
TXN-201683,SKU-00140,LOC-019,OUT,147,498.48,OP-009,2026-07-03T05:37:46,DOC-6675
TXN-201684,SKU-00496,LOC-003,OUT,90,354.17,OP-002,2026-07-08T01:37:46,DOC-9311
TXN-201685,SKU-00336,LOC-015,IN,55,541.15,OP-047,2026-07-12T07:37:46,DOC-3980
TXN-201686,SKU-00397,LOC-020,IN,48,350.81,OP-026,2026-07-02T17:37:46,DOC-8131
TXN-201687,SKU-00343,LOC-003,ADJUST,126,769.52,OP-038,2026-07-10T17:37:46,DOC-5347
TXN-201688,SKU-00425,LOC-015,OUT,23,611.82,OP-040,2026-07-05T16:37:46,DOC-4161
TXN-201689,SKU-00379,LOC-020,IN,88,200.09,OP-026,2026-07-05T10:37:46,
TXN-201690,SKU-00197,LOC-010,IN,155,307.65,OP-023,2026-07-24T09:37:46,DOC-6854
TXN-201691,SKU-00368,LOC-008,ADJUST,22,212.15,OP-022,2026-07-24T12:37:46,
TXN-201692,SKU-00105,LOC-003,IN,142,666.99,OP-033,2026-07-15T17:37:46,DOC-9433
TXN-201693,SKU-00040,LOC-011,IN,184,315.87,OP-023,2026-07-21T09:37:46,DOC-7036
TXN-201694,SKU-00281,LOC-006,OUT,97,45.28,OP-016,2026-07-11T18:37:46,
TXN-201695,SKU-00369,LOC-015,OUT,16,466.27,OP-033,2026-07-06T22:37:46,
TXN-201696,SKU-00343,LOC-007,OUT,152,52.41,OP-023,2026-07-09T15:37:46,DOC-4664
TXN-201697,SKU-00149,LOC-004,OUT,162,63.36,OP-019,2026-07-21T10:37:46,DOC-5908
TXN-201698,SKU-00243,LOC-012,OUT,174,370.23,OP-041,2026-07-30T02:37:46,DOC-4352
TXN-201699,SKU-00407,LOC-016,OUT,46,499.71,OP-030,2026-07-08T22:37:46,
TXN-201700,SKU-00067,LOC-016,OUT,124,660.71,OP-035,2026-07-06T19:37:46,DOC-3588
TXN-201701,SKU-00194,LOC-005,OUT,52,4.55,OP-049,2026-07-18T04:37:46,DOC-2853
TXN-201702,SKU-00083,LOC-007,OUT,73,96.65,OP-028,2026-07-06T01:37:46,DOC-7183
TXN-201703,SKU-00188,LOC-013,OUT,59,216.93,OP-024,2026-07-16T09:37:46,DOC-8433
TXN-201704,SKU-00263,LOC-011,IN,49,234.19,OP-019,2026-07-24T14:37:46,DOC-3483
TXN-201705,SKU-00397,LOC-013,OUT,175,262.66,OP-027,2026-07-02T02:37:46,DOC-5067
TXN-201706,SKU-00340,LOC-016,IN,178,408.38,OP-010,2026-07-10T02:37:46,DOC-4351
TXN-201707,SKU-00446,LOC-003,OUT,90,314.38,OP-023,2026-07-15T05:37:46,DOC-8805
TXN-201708,SKU-00491,LOC-010,OUT,180,352.31,OP-045,2026-07-12T01:37:46,DOC-1651
TXN-201709,SKU-00043,LOC-012,WRITE_OFF,65,385.92,OP-007,2026-07-20T08:37:46,DOC-7896
TXN-201710,SKU-00475,LOC-013,ADJUST,3,753.21,OP-045,2026-07-14T16:37:46,DOC-4382
TXN-201711,SKU-00440,LOC-006,IN,2,731.79,OP-010,2026-07-28T16:37:46,DOC-4825
TXN-201712,SKU-00115,LOC-010,ADJUST,90,134.97,OP-027,2026-07-09T14:37:46,DOC-4042
TXN-201713,SKU-00463,LOC-019,IN,195,623.19,OP-024,2026-07-14T13:37:46,DOC-1944
TXN-201714,SKU-00209,LOC-005,OUT,40,675.82,OP-035,2026-07-07T00:37:46,
TXN-201715,SKU-00257,LOC-019,IN,153,634.87,OP-030,2026-07-08T03:37:46,
TXN-201716,SKU-00343,LOC-011,IN,148,680.58,OP-001,2026-07-15T20:37:46,DOC-6697
TXN-201717,SKU-00435,LOC-003,OUT,148,745.58,OP-009,2026-07-27T15:37:46,DOC-7672
TXN-201718,SKU-00450,LOC-018,OUT,85,417.53,OP-047,2026-07-16T02:37:46,DOC-1569
TXN-201719,SKU-00196,LOC-019,IN,162,672.87,OP-032,2026-07-30T09:37:46,DOC-7101
TXN-201720,SKU-00132,LOC-017,OUT,49,505.28,OP-030,2026-07-20T06:37:46,
TXN-201721,SKU-00255,LOC-016,ADJUST,175,719.29,OP-013,2026-07-04T12:37:46,DOC-2752
TXN-201722,SKU-00136,LOC-014,IN,180,799.73,OP-044,2026-07-16T17:37:46,DOC-1953
TXN-201723,SKU-00466,LOC-017,OUT,177,368.17,OP-048,2026-07-17T14:37:46,DOC-4256
TXN-201724,SKU-00380,LOC-004,OUT,11,627.46,OP-038,2026-07-04T18:37:46,DOC-9279
TXN-201725,SKU-00285,LOC-020,IN,183,186.94,OP-042,2026-07-19T17:37:46,DOC-4349
TXN-201726,SKU-00177,LOC-011,OUT,11,245.73,OP-050,2026-07-20T16:37:46,
TXN-201727,SKU-00208,LOC-003,OUT,200,516.60,OP-045,2026-07-21T10:37:46,DOC-2812
TXN-201728,SKU-00453,LOC-018,OUT,58,372.21,OP-032,2026-07-25T17:37:46,DOC-8181
TXN-201729,SKU-00035,LOC-004,IN,140,681.66,OP-003,2026-07-31T06:37:46,
TXN-201730,SKU-00228,LOC-013,WRITE_OFF,72,272.18,OP-023,2026-07-14T07:37:46,DOC-3125
TXN-201731,SKU-00284,LOC-004,OUT,162,464.92,OP-004,2026-07-17T12:37:46,DOC-7375
TXN-201732,SKU-00305,LOC-004,IN,160,131.43,OP-048,2026-07-24T20:37:46,DOC-1723
TXN-201733,SKU-00078,LOC-015,IN,139,93.40,OP-046,2026-07-06T13:37:46,DOC-5194
TXN-201734,SKU-00463,LOC-017,IN,193,592.41,OP-019,2026-07-24T17:37:46,DOC-6794
TXN-201735,SKU-00043,LOC-001,IN,190,20.00,OP-020,2026-07-19T22:37:46,
TXN-201736,SKU-00376,LOC-006,IN,6,402.62,OP-020,2026-07-13T20:37:46,DOC-7322
TXN-201737,SKU-00089,LOC-005,OUT,64,601.69,OP-017,2026-07-04T13:37:46,DOC-1323
TXN-201738,SKU-00224,LOC-014,IN,163,520.41,OP-024,2026-07-08T20:37:46,DOC-1257
TXN-201739,SKU-00331,LOC-004,ADJUST,44,455.18,OP-032,2026-07-22T02:37:46,DOC-5926
TXN-201740,SKU-00040,LOC-018,OUT,86,687.87,OP-010,2026-07-05T21:37:46,DOC-9722
TXN-201741,SKU-00080,LOC-019,IN,32,684.88,OP-049,2026-07-11T06:37:46,DOC-4853
TXN-201742,SKU-00206,LOC-015,IN,27,735.14,OP-047,2026-07-14T13:37:46,DOC-9722
TXN-201743,SKU-00047,LOC-004,IN,162,396.41,OP-035,2026-07-11T13:37:46,DOC-9661
TXN-201744,SKU-00083,LOC-005,WRITE_OFF,1,165.46,OP-044,2026-07-05T03:37:46,DOC-3431
TXN-201745,SKU-00132,LOC-001,OUT,98,462.27,OP-027,2026-07-14T10:37:46,
TXN-201746,SKU-00279,LOC-002,OUT,29,561.85,OP-036,2026-07-05T06:37:46,DOC-8794
TXN-201747,SKU-00442,LOC-019,IN,163,242.54,OP-032,2026-07-13T23:37:46,DOC-9556
TXN-201748,SKU-00154,LOC-014,OUT,87,780.78,OP-042,2026-07-26T22:37:46,DOC-6269
TXN-201749,SKU-00113,LOC-016,WRITE_OFF,89,737.06,OP-037,2026-07-09T19:37:46,DOC-8627
TXN-201750,SKU-00276,LOC-011,OUT,86,715.39,OP-002,2026-07-09T03:37:46,DOC-2129
TXN-201751,SKU-00370,LOC-008,IN,89,480.16,OP-024,2026-07-19T12:37:46,DOC-5803
TXN-201752,SKU-00315,LOC-016,IN,147,57.67,OP-033,2026-07-08T06:37:46,
TXN-201753,SKU-00035,LOC-008,ADJUST,60,794.59,OP-022,2026-07-04T17:37:46,
TXN-201754,SKU-00397,LOC-013,IN,179,52.76,OP-008,2026-07-20T23:37:46,
TXN-201755,SKU-00290,LOC-013,OUT,68,647.29,OP-021,2026-07-19T18:37:46,DOC-8067
TXN-201756,SKU-00330,LOC-017,ADJUST,187,500.06,OP-004,2026-07-06T05:37:46,
TXN-201757,SKU-00226,LOC-014,OUT,159,714.97,OP-025,2026-07-11T18:37:46,DOC-1974
TXN-201758,SKU-00061,LOC-002,IN,39,626.50,OP-037,2026-07-26T15:37:46,DOC-3804
TXN-201759,SKU-00232,LOC-001,WRITE_OFF,24,26.60,OP-020,2026-07-18T21:37:46,DOC-5234
TXN-201760,SKU-00037,LOC-001,IN,72,299.43,OP-022,2026-07-06T03:37:46,DOC-3256
TXN-201761,SKU-00436,LOC-012,OUT,28,740.52,OP-034,2026-07-22T12:37:46,DOC-7436
TXN-201762,SKU-00287,LOC-017,OUT,101,282.13,OP-049,2026-07-18T21:37:46,DOC-1805
TXN-201763,SKU-00229,LOC-010,WRITE_OFF,149,673.65,OP-006,2026-07-05T23:37:46,DOC-2673
TXN-201764,SKU-00426,LOC-013,IN,78,285.42,OP-019,2026-07-07T18:37:46,DOC-2029
TXN-201765,SKU-00253,LOC-009,OUT,103,554.49,OP-028,2026-07-15T05:37:46,DOC-7417
TXN-201766,SKU-00452,LOC-018,OUT,25,248.58,OP-018,2026-07-21T09:37:46,
TXN-201767,SKU-00016,LOC-010,OUT,67,699.58,OP-014,2026-07-22T18:37:46,DOC-5381
TXN-201768,SKU-00483,LOC-018,IN,153,19.46,OP-045,2026-07-28T00:37:46,
TXN-201769,SKU-00051,LOC-001,IN,97,534.52,OP-004,2026-07-20T04:37:46,DOC-1452
TXN-201770,SKU-00246,LOC-012,OUT,116,308.16,OP-049,2026-07-24T15:37:46,DOC-6495
TXN-201771,SKU-00244,LOC-008,OUT,20,128.81,OP-029,2026-07-17T12:37:46,DOC-6647
TXN-201772,SKU-00150,LOC-010,IN,79,147.62,OP-003,2026-07-02T13:37:46,
TXN-201773,SKU-00423,LOC-006,ADJUST,62,287.65,OP-024,2026-07-30T21:37:46,DOC-3644
TXN-201774,SKU-00361,LOC-003,IN,131,727.97,OP-029,2026-07-28T23:37:46,DOC-9074
TXN-201775,SKU-00380,LOC-016,ADJUST,25,102.05,OP-031,2026-07-22T22:37:46,DOC-2722
TXN-201776,SKU-00482,LOC-014,IN,194,716.46,OP-048,2026-07-24T07:37:46,DOC-1369
TXN-201777,SKU-00178,LOC-012,IN,57,474.00,OP-018,2026-07-23T23:37:46,DOC-7455
TXN-201778,SKU-00071,LOC-015,OUT,134,110.79,OP-039,2026-07-29T09:37:46,DOC-2328
TXN-201779,SKU-00393,LOC-006,OUT,197,530.05,OP-046,2026-07-31T05:37:46,DOC-8481
TXN-201780,SKU-00495,LOC-007,OUT,185,593.64,OP-034,2026-07-19T09:37:46,DOC-5373
TXN-201781,SKU-00143,LOC-015,IN,172,774.21,OP-028,2026-07-06T05:37:46,DOC-5384
TXN-201782,SKU-00484,LOC-008,OUT,180,155.61,OP-039,2026-07-12T21:37:46,DOC-3813
TXN-201783,SKU-00387,LOC-001,ADJUST,34,165.06,OP-011,2026-07-25T00:37:46,DOC-5816
TXN-201784,SKU-00480,LOC-017,ADJUST,28,774.28,OP-048,2026-07-23T07:37:46,
TXN-201785,SKU-00037,LOC-017,IN,88,86.46,OP-020,2026-07-27T17:37:46,
TXN-201786,SKU-00165,LOC-017,OUT,175,490.56,OP-045,2026-07-06T16:37:46,DOC-2443
TXN-201787,SKU-00187,LOC-009,OUT,159,534.03,OP-011,2026-07-11T10:37:46,DOC-2388
TXN-201788,SKU-00461,LOC-014,OUT,46,504.23,OP-017,2026-07-19T13:37:46,DOC-6766
TXN-201789,SKU-00291,LOC-018,OUT,21,601.18,OP-001,2026-07-07T21:37:46,DOC-6105
TXN-201790,SKU-00498,LOC-020,IN,200,350.68,OP-001,2026-07-29T22:37:46,DOC-3399
TXN-201791,SKU-00212,LOC-015,IN,2,357.32,OP-033,2026-07-14T06:37:46,
TXN-201792,SKU-00469,LOC-008,OUT,37,373.99,OP-004,2026-07-11T13:37:46,DOC-7567
TXN-201793,SKU-00280,LOC-010,WRITE_OFF,104,613.55,OP-009,2026-07-19T12:37:46,DOC-3616
TXN-201794,SKU-00286,LOC-015,ADJUST,176,712.29,OP-038,2026-07-26T23:37:46,DOC-8122
TXN-201795,SKU-00273,LOC-014,IN,62,513.03,OP-002,2026-07-29T20:37:46,DOC-6441
TXN-201796,SKU-00456,LOC-011,OUT,123,201.03,OP-028,2026-07-18T10:37:46,DOC-6631
TXN-201797,SKU-00199,LOC-019,IN,71,142.44,OP-044,2026-07-26T11:37:46,DOC-4410
TXN-201798,SKU-00322,LOC-018,WRITE_OFF,86,769.55,OP-018,2026-07-23T13:37:46,DOC-1343
TXN-201799,SKU-00249,LOC-001,OUT,9,754.24,OP-028,2026-07-23T11:37:46,DOC-8454
TXN-201800,SKU-00012,LOC-002,OUT,70,245.22,OP-019,2026-07-17T12:37:46,DOC-2825
TXN-201801,SKU-00415,LOC-011,OUT,159,541.92,OP-012,2026-07-21T04:37:46,DOC-6789
TXN-201802,SKU-00256,LOC-002,IN,55,386.94,OP-046,2026-07-10T15:37:46,DOC-8607
TXN-201803,SKU-00005,LOC-003,OUT,180,454.63,OP-035,2026-07-02T16:37:46,
TXN-201804,SKU-00483,LOC-001,IN,104,156.82,OP-043,2026-07-18T03:37:46,DOC-2218
TXN-201805,SKU-00391,LOC-003,OUT,76,363.94,OP-005,2026-07-01T17:37:46,DOC-2547
TXN-201806,SKU-00094,LOC-019,OUT,42,355.07,OP-043,2026-07-16T12:37:46,DOC-3367
TXN-201807,SKU-00171,LOC-016,IN,145,248.53,OP-044,2026-07-02T03:37:46,DOC-7306
TXN-201808,SKU-00369,LOC-016,IN,128,557.88,OP-031,2026-07-19T00:37:46,DOC-2748
TXN-201809,SKU-00071,LOC-008,OUT,187,562.15,OP-036,2026-07-13T00:37:46,DOC-6609
TXN-201810,SKU-00327,LOC-007,OUT,88,481.88,OP-039,2026-07-15T17:37:46,DOC-2053
TXN-201811,SKU-00186,LOC-018,OUT,184,658.09,OP-031,2026-07-14T12:37:46,DOC-8461
TXN-201812,SKU-00436,LOC-001,ADJUST,67,306.70,OP-020,2026-07-13T22:37:46,DOC-7669
TXN-201813,SKU-00337,LOC-009,OUT,139,161.16,OP-007,2026-07-08T09:37:46,DOC-6676
TXN-201814,SKU-00008,LOC-007,OUT,46,425.61,OP-014,2026-07-04T18:37:46,DOC-6996
TXN-201815,SKU-00243,LOC-002,IN,157,682.36,OP-043,2026-07-21T19:37:46,DOC-5541
TXN-201816,SKU-00276,LOC-017,ADJUST,200,196.08,OP-004,2026-07-22T07:37:46,
TXN-201817,SKU-00087,LOC-019,IN,71,759.00,OP-047,2026-07-07T04:37:46,
TXN-201818,SKU-00082,LOC-014,OUT,144,493.53,OP-038,2026-07-29T02:37:46,
TXN-201819,SKU-00091,LOC-014,IN,102,304.70,OP-013,2026-07-12T05:37:46,
TXN-201820,SKU-00174,LOC-015,ADJUST,76,160.53,OP-040,2026-07-24T18:37:46,DOC-9753
TXN-201821,SKU-00164,LOC-007,OUT,59,776.45,OP-049,2026-07-21T03:37:46,DOC-5940
TXN-201822,SKU-00432,LOC-013,IN,37,50.80,OP-025,2026-07-26T04:37:46,DOC-4972
TXN-201823,SKU-00481,LOC-003,IN,149,343.97,OP-015,2026-07-17T14:37:46,
TXN-201824,SKU-00365,LOC-015,OUT,196,85.62,OP-014,2026-07-24T05:37:46,DOC-3464
TXN-201825,SKU-00466,LOC-007,OUT,19,40.69,OP-049,2026-07-21T14:37:46,
TXN-201826,SKU-00420,LOC-001,OUT,199,290.02,OP-028,2026-07-10T02:37:46,DOC-7063
TXN-201827,SKU-00180,LOC-019,ADJUST,2,221.24,OP-004,2026-07-04T05:37:46,DOC-7776
TXN-201828,SKU-00287,LOC-020,OUT,116,744.55,OP-001,2026-07-19T04:37:46,DOC-8652
TXN-201829,SKU-00374,LOC-001,OUT,147,353.46,OP-043,2026-07-26T11:37:46,DOC-8167
TXN-201830,SKU-00219,LOC-011,IN,93,155.50,OP-003,2026-07-27T06:37:46,
TXN-201831,SKU-00204,LOC-006,IN,141,663.91,OP-007,2026-07-02T01:37:46,DOC-9929
TXN-201832,SKU-00423,LOC-020,ADJUST,145,21.56,OP-027,2026-07-25T05:37:46,DOC-5931
TXN-201833,SKU-00046,LOC-020,OUT,139,261.04,OP-050,2026-07-09T17:37:46,
TXN-201834,SKU-00056,LOC-010,IN,39,277.42,OP-033,2026-07-23T07:37:46,DOC-7980
TXN-201835,SKU-BETA,LOC-001,OUT,44,22.61,OP-011,2026-07-25T17:37:46,DOC-9429
TXN-201836,SKU-00445,LOC-003,IN,52,465.12,OP-020,2026-07-12T01:37:46,DOC-3881
TXN-201837,SKU-00179,LOC-004,IN,33,521.43,OP-010,2026-07-29T21:37:46,DOC-3202
TXN-201838,SKU-00356,LOC-007,WRITE_OFF,19,94.33,OP-008,2026-07-19T09:37:46,DOC-9079
TXN-201839,SKU-00417,LOC-001,ADJUST,110,575.18,OP-017,2026-07-03T03:37:46,
TXN-201840,SKU-00143,LOC-002,IN,51,795.20,OP-008,2026-07-31T04:37:46,DOC-3170
TXN-201841,SKU-00022,LOC-011,ADJUST,10,632.12,OP-027,2026-07-28T23:37:46,DOC-9567
TXN-201842,SKU-00437,LOC-016,IN,169,676.00,OP-020,2026-07-28T12:37:46,DOC-2450
TXN-201843,SKU-00013,LOC-002,IN,162,293.29,OP-022,2026-07-27T03:37:46,DOC-7954
TXN-201844,SKU-00041,LOC-016,IN,28,345.88,OP-005,2026-07-05T07:37:46,DOC-6152
TXN-201845,SKU-00139,LOC-020,OUT,189,326.95,OP-017,2026-07-17T23:37:46,DOC-3156
TXN-201846,SKU-00096,LOC-013,IN,54,681.26,OP-036,2026-07-26T13:37:46,
TXN-201847,SKU-00138,LOC-018,WRITE_OFF,174,253.02,OP-017,2026-07-08T11:37:46,DOC-8906
TXN-201848,SKU-00203,LOC-020,IN,148,732.28,OP-002,2026-07-03T19:37:46,DOC-6138
TXN-201849,SKU-00035,LOC-019,IN,129,776.81,OP-047,2026-07-21T10:37:46,DOC-2051
TXN-201850,SKU-00038,LOC-018,IN,92,601.22,OP-004,2026-07-27T01:37:46,DOC-8414
TXN-201851,SKU-00352,LOC-005,IN,136,191.98,OP-022,2026-07-20T16:37:46,DOC-7563
TXN-201852,SKU-00185,LOC-010,IN,191,209.71,OP-037,2026-07-27T07:37:46,DOC-4471
TXN-201853,SKU-00421,LOC-015,OUT,129,681.83,OP-028,2026-07-04T16:37:46,DOC-5844
TXN-201854,SKU-00233,LOC-001,OUT,2,648.97,OP-007,2026-07-05T15:37:46,DOC-8174
TXN-201855,SKU-00388,LOC-013,IN,145,58.28,OP-036,2026-07-10T13:37:46,DOC-6781
TXN-201856,SKU-00467,LOC-006,IN,94,308.50,OP-013,2026-07-12T19:37:46,DOC-3386
TXN-201857,SKU-00114,LOC-017,OUT,19,737.06,OP-011,2026-07-17T17:37:46,DOC-1948
TXN-201858,SKU-00329,LOC-020,ADJUST,183,147.01,OP-044,2026-07-11T12:37:46,
TXN-201859,SKU-00224,LOC-007,IN,42,380.38,OP-026,2026-07-09T18:37:46,DOC-5275
TXN-201860,SKU-00241,LOC-019,OUT,173,229.06,OP-010,2026-07-29T05:37:46,DOC-9066
TXN-201861,SKU-00012,LOC-018,OUT,64,625.71,OP-023,2026-07-23T11:37:46,DOC-3583
TXN-201862,SKU-00384,LOC-013,IN,65,16.80,OP-019,2026-07-20T00:37:46,
TXN-201863,SKU-00054,LOC-015,WRITE_OFF,47,476.79,OP-008,2026-07-13T16:37:46,DOC-3834
TXN-201864,SKU-00390,LOC-001,IN,95,673.08,OP-032,2026-07-30T10:37:46,
TXN-201865,SKU-00023,LOC-013,WRITE_OFF,7,301.88,OP-009,2026-07-17T13:37:46,DOC-2750
TXN-201866,SKU-00365,LOC-001,OUT,8,279.51,OP-022,2026-07-04T16:37:46,DOC-3817
TXN-201867,SKU-00295,LOC-017,OUT,124,275.86,OP-029,2026-07-15T23:37:46,DOC-1076
TXN-201868,SKU-00200,LOC-020,IN,185,584.26,OP-030,2026-07-16T04:37:46,DOC-5798
TXN-201869,SKU-00361,LOC-004,WRITE_OFF,150,224.90,OP-003,2026-07-06T13:37:46,DOC-3035
TXN-201870,SKU-00443,LOC-013,OUT,157,302.07,OP-035,2026-07-14T14:37:46,DOC-5776
TXN-201871,SKU-00461,LOC-001,IN,113,555.75,OP-042,2026-07-20T20:37:46,DOC-5400
TXN-201872,SKU-00493,LOC-004,OUT,123,84.28,OP-029,2026-07-29T03:37:46,DOC-7898
TXN-201873,SKU-00209,LOC-013,IN,73,494.16,OP-027,2026-07-29T06:37:46,DOC-6714
TXN-201874,SKU-00301,LOC-011,WRITE_OFF,135,599.48,OP-005,2026-07-07T16:37:46,DOC-8331
TXN-201875,SKU-00361,LOC-001,IN,21,380.35,OP-029,2026-07-06T16:37:46,DOC-1222
TXN-201876,SKU-00146,LOC-013,IN,88,293.40,OP-008,2026-07-07T08:37:46,
TXN-201877,SKU-00014,LOC-015,ADJUST,165,752.67,OP-012,2026-07-22T09:37:46,DOC-7383
TXN-201878,SKU-00316,LOC-018,ADJUST,13,324.24,OP-018,2026-07-15T10:37:46,
TXN-201879,SKU-00407,LOC-018,ADJUST,23,43.57,OP-007,2026-07-06T04:37:46,DOC-2784
TXN-201880,SKU-00208,LOC-008,OUT,102,689.86,OP-021,2026-07-06T19:37:46,DOC-1932
TXN-201881,SKU-00011,LOC-020,OUT,36,498.01,OP-041,2026-07-21T03:37:46,DOC-6325
TXN-201882,SKU-00319,LOC-001,IN,148,157.74,OP-039,2026-07-22T12:37:46,
TXN-201883,SKU-00188,LOC-001,IN,84,289.85,OP-007,2026-07-04T16:37:46,DOC-4317
TXN-201884,SKU-00250,LOC-014,OUT,35,755.56,OP-038,2026-07-02T02:37:46,
TXN-201885,SKU-00040,LOC-016,WRITE_OFF,112,508.68,OP-050,2026-07-31T11:37:46,DOC-1962
TXN-201886,SKU-00014,LOC-015,OUT,188,752.67,OP-001,2026-07-28T07:37:46,DOC-1482
TXN-201887,SKU-00031,LOC-015,IN,145,612.53,OP-020,2026-07-05T21:37:46,DOC-1244
TXN-201888,SKU-00089,LOC-013,IN,81,128.16,OP-024,2026-07-05T22:37:46,
TXN-201889,SKU-00389,LOC-010,OUT,131,90.77,OP-031,2026-07-08T05:37:46,
TXN-201890,SKU-00265,LOC-003,OUT,112,312.69,OP-042,2026-07-14T21:37:46,DOC-6247
TXN-201891,SKU-00110,LOC-012,OUT,27,369.91,OP-021,2026-07-31T04:37:46,DOC-1026
TXN-201892,SKU-00372,LOC-009,OUT,174,188.38,OP-034,2026-07-27T02:37:46,DOC-2360
TXN-201893,SKU-00493,LOC-009,OUT,124,479.56,OP-018,2026-07-02T05:37:46,DOC-4294
TXN-201894,SKU-00221,LOC-014,IN,117,662.70,OP-010,2026-07-29T00:37:46,
TXN-201895,SKU-00226,LOC-007,IN,117,581.14,OP-046,2026-07-25T12:37:46,
TXN-201896,SKU-00120,LOC-011,IN,167,256.67,OP-031,2026-07-06T08:37:46,DOC-2952
TXN-201897,SKU-00466,LOC-006,OUT,123,525.73,OP-024,2026-07-09T07:37:46,DOC-3642
TXN-201898,SKU-00432,LOC-020,IN,8,133.91,OP-031,2026-07-11T23:37:46,DOC-5366
TXN-201899,SKU-00312,LOC-003,OUT,147,379.41,OP-040,2026-07-04T08:37:46,DOC-7855
TXN-201900,SKU-00135,LOC-016,IN,66,714.81,OP-042,2026-07-07T18:37:46,
TXN-201901,SKU-00400,LOC-010,ADJUST,74,322.93,OP-041,2026-07-08T09:37:46,
TXN-201902,SKU-00491,LOC-017,OUT,114,620.88,OP-005,2026-07-20T05:37:46,
TXN-201903,SKU-00056,LOC-016,IN,103,90.13,OP-033,2026-07-21T18:37:46,DOC-9845
TXN-201904,SKU-00353,LOC-004,OUT,165,519.79,OP-037,2026-07-16T12:37:46,DOC-5619
TXN-201905,SKU-00056,LOC-011,IN,176,151.03,OP-025,2026-07-29T06:37:46,DOC-4149
TXN-201906,SKU-00142,LOC-010,OUT,17,648.02,OP-023,2026-07-06T08:37:46,
TXN-201907,SKU-00268,LOC-005,OUT,102,642.04,OP-030,2026-07-02T20:37:46,DOC-4759
TXN-201908,SKU-00070,LOC-004,WRITE_OFF,114,598.47,OP-048,2026-07-01T22:37:46,DOC-9547
TXN-201909,SKU-00310,LOC-005,OUT,151,612.08,OP-014,2026-07-18T14:37:46,DOC-5122
TXN-201910,SKU-00326,LOC-011,ADJUST,197,513.39,OP-008,2026-07-05T15:37:46,DOC-9982
TXN-201911,SKU-00255,LOC-002,OUT,39,370.93,OP-033,2026-07-03T00:37:46,DOC-8228
TXN-201912,SKU-00150,LOC-012,OUT,55,375.10,OP-039,2026-07-16T09:37:46,DOC-2603
TXN-201913,SKU-00437,LOC-012,OUT,152,404.40,OP-016,2026-07-12T09:37:46,DOC-3729
TXN-201914,SKU-00127,LOC-014,ADJUST,126,599.83,OP-011,2026-07-07T15:37:46,DOC-2402
TXN-201915,SKU-00286,LOC-019,OUT,29,390.48,OP-004,2026-07-04T01:37:46,DOC-8118
TXN-201916,SKU-00180,LOC-008,OUT,41,541.47,OP-037,2026-07-13T11:37:46,DOC-5811
TXN-201917,SKU-00392,LOC-012,IN,100,395.59,OP-015,2026-07-27T07:37:46,DOC-9275
TXN-201918,SKU-00405,LOC-012,IN,194,246.06,OP-001,2026-07-30T01:37:46,
TXN-201919,SKU-00254,LOC-005,OUT,180,116.29,OP-024,2026-07-25T23:37:46,DOC-9129
TXN-201920,SKU-00173,LOC-003,IN,149,451.42,OP-020,2026-07-07T02:37:46,DOC-7638
TXN-201921,SKU-00344,LOC-011,OUT,154,183.69,OP-038,2026-07-16T20:37:46,DOC-3614
TXN-201922,SKU-00315,LOC-004,IN,95,288.73,OP-045,2026-07-07T23:37:46,DOC-7367
TXN-201923,SKU-00130,LOC-012,WRITE_OFF,49,736.78,OP-042,2026-07-03T13:37:46,
TXN-201924,SKU-00325,LOC-004,OUT,75,150.05,OP-035,2026-07-20T03:37:46,DOC-8312
TXN-201925,SKU-00123,LOC-006,IN,16,379.28,OP-041,2026-07-06T12:37:46,DOC-9536
TXN-201926,SKU-00343,LOC-006,ADJUST,68,178.88,OP-037,2026-07-12T05:37:46,DOC-2838
TXN-201927,SKU-00007,LOC-016,OUT,144,529.42,OP-010,2026-07-11T22:37:46,DOC-6784
TXN-201928,SKU-00399,LOC-014,OUT,126,119.33,OP-049,2026-07-29T07:37:46,DOC-9937
TXN-201929,SKU-00272,LOC-019,OUT,43,661.36,OP-042,2026-07-28T09:37:46,DOC-6896
TXN-201930,SKU-00205,LOC-001,IN,19,378.71,OP-002,2026-07-12T09:37:46,DOC-7453
TXN-201931,SKU-00029,LOC-008,WRITE_OFF,19,675.76,OP-006,2026-07-22T05:37:46,DOC-8561
TXN-201932,SKU-00056,LOC-020,ADJUST,156,473.90,OP-042,2026-07-27T10:37:46,DOC-8378
TXN-201933,SKU-00500,LOC-003,ADJUST,177,537.74,OP-007,2026-07-20T13:37:46,DOC-5297
TXN-201934,SKU-00096,LOC-010,OUT,143,26.59,OP-009,2026-07-03T17:37:46,DOC-4999
TXN-201935,SKU-00295,LOC-018,IN,71,490.79,OP-026,2026-07-24T11:37:46,DOC-1223
TXN-201936,SKU-00087,LOC-014,OUT,138,241.99,OP-028,2026-07-08T07:37:46,
TXN-201937,SKU-00478,LOC-004,WRITE_OFF,79,324.81,OP-001,2026-07-06T17:37:46,DOC-9622
TXN-201938,SKU-00083,LOC-003,ADJUST,86,714.09,OP-047,2026-07-31T10:37:46,DOC-9780
TXN-201939,SKU-00347,LOC-007,ADJUST,62,171.52,OP-017,2026-07-21T15:37:46,
TXN-201940,SKU-00423,LOC-015,OUT,28,414.02,OP-049,2026-07-05T23:37:46,DOC-3654
TXN-201941,SKU-00002,LOC-006,OUT,195,25.43,OP-021,2026-07-19T01:37:46,
TXN-201942,SKU-00384,LOC-013,OUT,21,437.95,OP-026,2026-07-30T22:37:46,
TXN-201943,SKU-00106,LOC-010,OUT,190,576.41,OP-029,2026-07-16T18:37:46,DOC-9822
TXN-201944,SKU-00453,LOC-014,IN,53,676.67,OP-030,2026-07-20T17:37:46,DOC-8996
TXN-201945,SKU-00331,LOC-004,OUT,11,123.10,OP-018,2026-07-19T05:37:46,DOC-4837
TXN-201946,SKU-00022,LOC-005,OUT,198,194.35,OP-013,2026-07-02T22:37:46,DOC-8899
TXN-201947,SKU-00302,LOC-006,IN,53,192.78,OP-009,2026-07-04T08:37:46,DOC-5134
TXN-201948,SKU-00163,LOC-007,ADJUST,189,770.67,OP-049,2026-07-28T12:37:46,DOC-1591
TXN-201949,SKU-00488,LOC-004,OUT,31,69.88,OP-007,2026-07-10T17:37:46,DOC-1378
TXN-201950,SKU-00231,LOC-019,OUT,111,740.51,OP-005,2026-07-31T02:37:46,DOC-2066
TXN-201951,SKU-00408,LOC-017,ADJUST,98,427.29,OP-032,2026-07-20T09:37:46,DOC-3779
TXN-201952,SKU-00084,LOC-019,IN,176,788.59,OP-016,2026-07-22T21:37:46,DOC-4815
TXN-201953,SKU-00464,LOC-015,IN,34,444.60,OP-014,2026-07-05T20:37:46,DOC-1005
TXN-201954,SKU-00037,LOC-015,OUT,112,47.39,OP-005,2026-07-18T22:37:46,DOC-7423
TXN-201955,SKU-00405,LOC-004,WRITE_OFF,79,324.39,OP-021,2026-07-31T03:37:46,DOC-8323
TXN-201956,SKU-00466,LOC-015,ADJUST,100,421.29,OP-045,2026-07-12T13:37:46,DOC-2342
TXN-201957,SKU-00005,LOC-016,WRITE_OFF,143,579.19,OP-014,2026-07-28T04:37:46,DOC-4332
TXN-201958,SKU-00391,LOC-004,IN,78,355.64,OP-027,2026-07-10T02:37:46,DOC-1892
TXN-201959,SKU-00259,LOC-015,OUT,169,474.99,OP-004,2026-07-11T00:37:46,DOC-2623
TXN-201960,SKU-00157,LOC-001,IN,103,699.23,OP-029,2026-07-03T11:37:46,DOC-7902
TXN-201961,SKU-00241,LOC-010,IN,49,560.61,OP-047,2026-07-09T23:37:46,DOC-6734
TXN-201962,SKU-00216,LOC-005,IN,160,187.48,OP-009,2026-07-03T01:37:46,DOC-7874
TXN-201963,SKU-00496,LOC-007,ADJUST,36,109.44,OP-014,2026-07-12T06:37:46,DOC-8658
TXN-201964,SKU-00113,LOC-009,IN,53,509.69,OP-044,2026-07-23T19:37:46,DOC-7666
TXN-201965,SKU-00124,LOC-009,IN,124,701.43,OP-022,2026-07-30T11:37:46,DOC-9042
TXN-201966,SKU-00107,LOC-019,IN,36,194.64,OP-046,2026-07-26T14:37:46,DOC-7721
TXN-201967,SKU-00071,LOC-015,IN,65,110.79,OP-043,2026-07-03T12:37:46,DOC-8566
TXN-201968,SKU-00122,LOC-012,OUT,17,122.25,OP-010,2026-07-05T16:37:46,DOC-2289
TXN-201969,SKU-00361,LOC-001,OUT,146,380.35,OP-040,2026-07-09T14:37:46,DOC-3289
TXN-201970,SKU-00235,LOC-019,OUT,2,30.03,OP-047,2026-07-27T01:37:46,DOC-6921
TXN-201971,SKU-00109,LOC-003,OUT,149,139.10,OP-013,2026-07-28T13:37:46,DOC-4352
TXN-201972,SKU-00245,LOC-007,IN,166,5.07,OP-041,2026-07-22T20:37:46,DOC-3592
TXN-201973,SKU-00446,LOC-017,OUT,21,146.23,OP-049,2026-07-07T08:37:46,DOC-8398
TXN-201974,SKU-00283,LOC-009,OUT,12,351.25,OP-005,2026-07-09T05:37:46,DOC-5023
TXN-201975,SKU-00327,LOC-012,IN,168,641.89,OP-015,2026-07-16T04:37:46,
TXN-201976,SKU-00421,LOC-015,ADJUST,10,670.40,OP-035,2026-07-08T18:37:46,DOC-8219
TXN-201977,SKU-00362,LOC-001,OUT,161,355.27,OP-039,2026-07-18T06:37:46,DOC-5988
TXN-201978,SKU-00001,LOC-008,OUT,31,113.38,OP-009,2026-07-09T15:37:46,DOC-3040
TXN-201979,SKU-00250,LOC-002,ADJUST,36,76.52,OP-048,2026-07-17T21:37:46,
TXN-201980,SKU-00043,LOC-012,OUT,26,345.97,OP-036,2026-07-06T05:37:46,DOC-5211
TXN-201981,SKU-00442,LOC-014,OUT,77,790.20,OP-031,2026-07-10T02:37:46,DOC-4669
TXN-201982,SKU-00009,LOC-014,WRITE_OFF,147,315.60,OP-037,2026-07-12T07:37:46,DOC-6965
TXN-201983,SKU-00141,LOC-020,IN,45,15.00,OP-040,2026-07-25T20:37:46,DOC-3834
TXN-201984,SKU-00214,LOC-019,ADJUST,107,663.42,OP-026,2026-07-21T23:37:46,DOC-8551
TXN-201985,SKU-00069,LOC-009,OUT,65,129.45,OP-040,2026-07-10T16:37:46,DOC-4998
TXN-201986,SKU-00382,LOC-020,IN,112,181.53,OP-013,2026-07-05T01:37:46,
TXN-201987,SKU-00161,LOC-011,OUT,120,202.59,OP-015,2026-07-28T04:37:46,DOC-6940
TXN-201988,SKU-00241,LOC-015,OUT,67,790.75,OP-037,2026-07-10T08:37:46,DOC-9391
TXN-201989,SKU-00227,LOC-013,ADJUST,186,667.28,OP-045,2026-07-14T13:37:46,DOC-4287
TXN-201990,SKU-00495,LOC-016,OUT,114,308.38,OP-041,2026-07-07T07:37:46,DOC-3432
TXN-201991,SKU-00340,LOC-005,ADJUST,129,275.11,OP-003,2026-07-11T13:37:46,
TXN-201992,SKU-00415,LOC-010,OUT,91,462.50,OP-009,2026-07-22T20:37:46,
TXN-201993,SKU-00365,LOC-010,ADJUST,142,247.94,OP-041,2026-07-24T21:37:46,DOC-3806
TXN-201994,SKU-00029,LOC-008,IN,87,675.76,OP-012,2026-07-02T10:37:46,DOC-2634
TXN-201995,SKU-00206,LOC-007,ADJUST,144,714.21,OP-034,2026-07-04T19:37:46,DOC-5185
TXN-201996,SKU-00371,LOC-019,WRITE_OFF,176,538.15,OP-047,2026-07-29T14:37:46,DOC-3786
TXN-201997,SKU-00033,LOC-011,IN,112,617.28,OP-015,2026-07-29T23:37:46,DOC-8497
TXN-201998,SKU-00458,LOC-017,IN,139,320.89,OP-023,2026-07-02T07:37:46,DOC-2323
TXN-201999,SKU-00275,LOC-008,OUT,137,78.60,OP-005,2026-07-17T23:37:46,
TXN-202000,SKU-00327,LOC-008,IN,58,280.07,OP-050,2026-07-23T12:37:46,DOC-4413
TXN-202001,SKU-00002,LOC-014,IN,119,723.65,OP-043,2026-07-28T22:37:46,DOC-1011
TXN-202002,SKU-00288,LOC-015,OUT,73,447.01,OP-031,2026-07-30T03:37:46,
TXN-202003,SKU-00022,LOC-012,IN,85,400.24,OP-040,2026-07-19T08:37:46,
TXN-202004,SKU-00172,LOC-015,ADJUST,146,305.37,OP-016,2026-07-27T11:37:46,DOC-8840
TXN-202005,SKU-00284,LOC-016,OUT,103,8.92,OP-004,2026-07-09T01:37:46,DOC-1039
TXN-202006,SKU-00480,LOC-008,OUT,81,792.63,OP-001,2026-07-13T05:37:46,DOC-5456
TXN-202007,SKU-00023,LOC-016,OUT,196,730.90,OP-013,2026-07-06T09:37:46,DOC-2021
TXN-202008,SKU-00167,LOC-003,IN,108,122.29,OP-035,2026-07-16T05:37:46,DOC-8880
TXN-202009,SKU-00335,LOC-019,OUT,48,244.48,OP-042,2026-07-30T04:37:46,DOC-8822
TXN-202010,SKU-00304,LOC-018,IN,98,584.73,OP-021,2026-07-31T14:37:46,DOC-6211
TXN-202011,SKU-00091,LOC-006,OUT,106,355.92,OP-031,2026-07-22T02:37:46,DOC-2549
TXN-202012,SKU-00275,LOC-015,ADJUST,108,704.20,OP-045,2026-07-30T10:37:46,DOC-8610
TXN-202013,SKU-00352,LOC-008,OUT,30,758.44,OP-040,2026-07-23T07:37:46,DOC-1383
TXN-202014,SKU-00077,LOC-017,OUT,4,536.57,OP-002,2026-07-30T23:37:46,DOC-9445
TXN-202015,SKU-00452,LOC-018,OUT,137,545.59,OP-047,2026-07-18T02:37:46,DOC-9985
TXN-202016,SKU-00023,LOC-005,IN,33,38.87,OP-032,2026-07-29T06:37:46,DOC-2717
TXN-202017,SKU-00282,LOC-003,IN,133,249.37,OP-043,2026-07-29T21:37:46,
TXN-202018,SKU-00320,LOC-015,ADJUST,161,590.77,OP-050,2026-07-04T18:37:46,DOC-1969
TXN-202019,SKU-00439,LOC-007,IN,69,585.80,OP-045,2026-07-07T23:37:46,DOC-9651
TXN-202020,SKU-00382,LOC-006,OUT,175,209.30,OP-040,2026-07-19T23:37:46,
TXN-202021,SKU-00480,LOC-017,ADJUST,135,774.28,OP-017,2026-07-06T19:37:46,DOC-4080
TXN-202022,SKU-00286,LOC-016,OUT,184,93.37,OP-024,2026-07-25T08:37:46,DOC-1213
TXN-202023,SKU-00254,LOC-006,ADJUST,116,580.73,OP-038,2026-07-02T18:37:46,DOC-7930
TXN-202024,SKU-00243,LOC-005,ADJUST,42,105.79,OP-045,2026-07-21T05:37:46,DOC-2130
TXN-202025,SKU-00330,LOC-014,IN,122,400.45,OP-019,2026-07-24T08:37:46,
TXN-202026,SKU-00290,LOC-020,OUT,121,271.01,OP-029,2026-07-03T01:37:46,DOC-9197
TXN-202027,SKU-00055,LOC-019,ADJUST,111,621.54,OP-033,2026-07-30T07:37:46,
TXN-202028,SKU-00051,LOC-016,IN,192,708.05,OP-049,2026-07-19T23:37:46,DOC-4863
TXN-202029,SKU-00260,LOC-009,IN,98,273.26,OP-029,2026-07-04T16:37:46,DOC-9793
TXN-202030,SKU-00144,LOC-015,IN,16,791.19,OP-016,2026-07-16T14:37:46,DOC-8384
TXN-202031,SKU-00464,LOC-005,OUT,96,666.10,OP-018,2026-07-18T02:37:46,DOC-3303
TXN-202032,SKU-00377,LOC-020,OUT,29,265.96,OP-029,2026-07-11T01:37:46,DOC-3104
TXN-202033,SKU-00224,LOC-002,OUT,14,552.32,OP-044,2026-07-10T08:37:46,
TXN-202034,SKU-00308,LOC-001,IN,106,242.94,OP-033,2026-07-28T21:37:46,DOC-6973
TXN-202035,SKU-00449,LOC-009,OUT,43,461.45,OP-043,2026-07-19T14:37:46,DOC-6087
TXN-202036,SKU-00162,LOC-006,OUT,157,493.63,OP-036,2026-07-19T08:37:46,DOC-2775
TXN-202037,SKU-00444,LOC-006,ADJUST,117,342.50,OP-001,2026-07-28T15:37:46,DOC-1867
TXN-202038,SKU-00051,LOC-020,IN,162,795.99,OP-003,2026-07-13T10:37:46,
TXN-202039,SKU-00131,LOC-010,IN,106,636.59,OP-014,2026-07-17T05:37:46,DOC-5424
TXN-202040,SKU-00265,LOC-001,OUT,118,123.86,OP-005,2026-07-12T02:37:46,DOC-5073
TXN-202041,SKU-00292,LOC-001,IN,10,612.42,OP-044,2026-07-18T13:37:46,
TXN-202042,SKU-00066,LOC-008,IN,63,198.40,OP-014,2026-07-03T08:37:46,DOC-8216
TXN-202043,SKU-00054,LOC-002,IN,124,64.99,OP-003,2026-07-09T22:37:46,DOC-2401
TXN-202044,SKU-00138,LOC-014,IN,24,467.86,OP-012,2026-07-21T02:37:46,
TXN-202045,SKU-00479,LOC-002,WRITE_OFF,130,425.46,OP-049,2026-07-27T03:37:46,DOC-6943
TXN-202046,SKU-00139,LOC-018,IN,52,758.12,OP-028,2026-07-18T14:37:46,DOC-7998
TXN-202047,SKU-00007,LOC-016,OUT,21,565.41,OP-044,2026-07-04T17:37:46,
TXN-202048,SKU-00123,LOC-010,IN,18,113.06,OP-042,2026-07-17T10:37:46,
TXN-202049,SKU-00104,LOC-019,IN,140,445.54,OP-019,2026-07-04T01:37:46,DOC-1359
TXN-202050,SKU-00316,LOC-019,IN,99,772.92,OP-002,2026-07-07T08:37:46,DOC-2073
TXN-202051,SKU-00365,LOC-004,OUT,94,601.76,OP-016,2026-07-23T22:37:46,DOC-9828
TXN-202052,SKU-00299,LOC-006,OUT,2,656.45,OP-033,2026-07-21T23:37:46,DOC-3636
TXN-202053,SKU-00065,LOC-006,OUT,74,308.02,OP-028,2026-07-30T21:37:46,
TXN-202054,SKU-00084,LOC-001,IN,27,185.26,OP-037,2026-07-05T12:37:46,DOC-7300
TXN-202055,SKU-00376,LOC-019,OUT,151,392.30,OP-037,2026-07-30T09:37:46,DOC-4467
TXN-202056,SKU-00176,LOC-011,IN,85,400.02,OP-042,2026-07-11T16:37:46,DOC-6592
TXN-202057,SKU-00119,LOC-015,OUT,60,543.77,OP-021,2026-07-10T01:37:46,DOC-1579
TXN-202058,SKU-00080,LOC-013,IN,173,424.59,OP-041,2026-07-30T15:37:46,DOC-1627
TXN-202059,SKU-00017,LOC-007,IN,54,216.40,OP-014,2026-07-09T08:37:46,DOC-7764
TXN-202060,SKU-00232,LOC-009,OUT,144,237.84,OP-004,2026-07-11T18:37:46,DOC-8705
TXN-202061,SKU-00120,LOC-017,OUT,22,271.33,OP-041,2026-07-03T23:37:46,
TXN-202062,SKU-00205,LOC-007,IN,1,574.82,OP-020,2026-07-06T08:37:46,DOC-4345
TXN-202063,SKU-00292,LOC-006,OUT,182,539.03,OP-022,2026-07-03T08:37:46,DOC-2840
TXN-202064,SKU-00080,LOC-006,IN,48,721.93,OP-001,2026-07-21T06:37:46,DOC-8773
TXN-202065,SKU-00470,LOC-001,ADJUST,3,451.56,OP-025,2026-07-09T22:37:46,DOC-3665
TXN-202066,SKU-00143,LOC-015,IN,159,427.15,OP-029,2026-07-08T15:37:46,DOC-3955
TXN-202067,SKU-00002,LOC-020,WRITE_OFF,39,393.04,OP-006,2026-07-16T00:37:46,DOC-4277
TXN-202068,SKU-00008,LOC-001,ADJUST,99,513.22,OP-015,2026-07-03T13:37:46,DOC-1713
TXN-202069,SKU-00011,LOC-007,IN,109,721.67,OP-002,2026-07-16T20:37:46,
TXN-202070,SKU-00130,LOC-017,ADJUST,112,572.82,OP-036,2026-07-16T22:37:46,DOC-6961
TXN-202071,SKU-00312,LOC-020,IN,10,745.33,OP-035,2026-07-29T01:37:46,DOC-6013
TXN-202072,SKU-00114,LOC-017,ADJUST,141,737.06,OP-036,2026-07-03T17:37:46,DOC-8571
TXN-202073,SKU-00157,LOC-020,IN,102,552.78,OP-025,2026-07-07T18:37:46,DOC-7368
TXN-202074,SKU-00240,LOC-014,OUT,153,726.71,OP-038,2026-07-17T20:37:46,DOC-4786
TXN-202075,SKU-00060,LOC-006,IN,96,629.51,OP-013,2026-07-02T10:37:46,DOC-9418
TXN-202076,SKU-00386,LOC-019,OUT,51,45.85,OP-031,2026-07-04T04:37:46,
TXN-202077,SKU-00306,LOC-007,ADJUST,59,608.68,OP-028,2026-07-08T23:37:46,
TXN-202078,SKU-00121,LOC-002,IN,189,406.77,OP-020,2026-07-13T21:37:46,
TXN-202079,SKU-00028,LOC-016,OUT,155,514.59,OP-001,2026-07-21T01:37:46,
TXN-202080,SKU-00219,LOC-011,IN,154,540.25,OP-027,2026-07-05T08:37:46,DOC-4891
TXN-202081,SKU-00431,LOC-004,IN,151,24.80,OP-024,2026-07-29T11:37:46,
TXN-202082,SKU-00133,LOC-005,IN,20,397.46,OP-024,2026-07-03T13:37:46,DOC-6870
TXN-202083,SKU-00364,LOC-002,OUT,113,494.81,OP-033,2026-07-15T03:37:46,DOC-6406
TXN-202084,SKU-00425,LOC-006,IN,116,460.05,OP-018,2026-07-10T23:37:46,DOC-8212
TXN-202085,SKU-00107,LOC-011,OUT,197,371.64,OP-038,2026-07-16T08:37:46,
TXN-202086,SKU-00278,LOC-003,ADJUST,138,626.24,OP-022,2026-07-18T12:37:46,DOC-4940
TXN-202087,SKU-00295,LOC-014,ADJUST,16,253.89,OP-044,2026-07-23T11:37:46,DOC-2795
TXN-202088,SKU-00452,LOC-003,ADJUST,108,654.93,OP-035,2026-07-20T04:37:46,DOC-2328
TXN-202089,SKU-00149,LOC-001,IN,76,798.39,OP-026,2026-07-18T15:37:46,DOC-7947
TXN-202090,SKU-00186,LOC-019,ADJUST,109,546.62,OP-044,2026-07-03T06:37:46,DOC-8013
TXN-202091,SKU-00165,LOC-007,OUT,140,96.38,OP-012,2026-07-20T06:37:46,DOC-1487
TXN-202092,SKU-00258,LOC-006,OUT,87,472.58,OP-036,2026-07-28T18:37:46,DOC-2597
TXN-202093,SKU-00337,LOC-009,IN,9,161.16,OP-029,2026-07-05T11:37:46,DOC-7261
TXN-202094,SKU-00046,LOC-020,OUT,2,261.04,OP-048,2026-07-23T22:37:46,DOC-9792
TXN-202095,SKU-00284,LOC-002,OUT,71,551.71,OP-029,2026-07-21T10:37:46,DOC-8748
TXN-202096,SKU-00403,LOC-013,WRITE_OFF,137,355.13,OP-027,2026-07-08T11:37:46,DOC-6377
TXN-202097,SKU-00181,LOC-013,IN,120,135.68,OP-025,2026-07-23T07:37:46,
TXN-202098,SKU-00006,LOC-018,OUT,16,134.44,OP-034,2026-07-03T17:37:46,DOC-1806
TXN-202099,SKU-00368,LOC-013,OUT,110,171.89,OP-038,2026-07-14T08:37:46,DOC-8936
TXN-202100,SKU-00202,LOC-007,OUT,37,476.89,OP-043,2026-07-14T07:37:46,DOC-4033
TXN-202101,SKU-00104,LOC-003,OUT,147,388.42,OP-012,2026-07-17T05:37:46,DOC-2104
TXN-202102,SKU-00241,LOC-016,OUT,193,782.27,OP-017,2026-07-21T22:37:46,DOC-6111
TXN-202103,SKU-00395,LOC-005,OUT,171,180.17,OP-011,2026-07-10T08:37:46,DOC-2629
TXN-202104,SKU-00145,LOC-018,ADJUST,198,604.71,OP-031,2026-07-05T01:37:46,
TXN-202105,SKU-00414,LOC-009,IN,55,294.96,OP-017,2026-07-30T06:37:46,DOC-3170
TXN-202106,SKU-00348,LOC-019,IN,50,542.96,OP-016,2026-07-10T12:37:46,DOC-7530
TXN-202107,SKU-00173,LOC-008,OUT,55,549.23,OP-019,2026-07-20T00:37:46,
TXN-202108,SKU-00181,LOC-013,IN,22,135.68,OP-027,2026-07-02T19:37:46,DOC-9453
TXN-202109,SKU-00489,LOC-010,IN,4,84.86,OP-043,2026-07-24T03:37:46,DOC-7176
TXN-202110,SKU-00056,LOC-008,OUT,119,383.31,OP-001,2026-07-05T10:37:46,DOC-4252
TXN-202111,SKU-00041,LOC-016,OUT,19,345.88,OP-036,2026-07-12T20:37:46,DOC-7974
TXN-202112,SKU-00117,LOC-010,IN,163,157.92,OP-012,2026-07-11T15:37:46,DOC-3269
TXN-202113,SKU-00103,LOC-002,OUT,20,397.50,OP-046,2026-07-08T08:37:46,DOC-3593
TXN-202114,SKU-00423,LOC-003,OUT,140,579.22,OP-050,2026-07-25T13:37:46,
TXN-202115,SKU-00197,LOC-007,OUT,197,430.18,OP-032,2026-07-08T20:37:46,
TXN-202116,SKU-00248,LOC-006,OUT,68,583.37,OP-039,2026-07-04T03:37:46,
TXN-202117,SKU-00250,LOC-009,OUT,18,148.36,OP-014,2026-07-12T21:37:46,
TXN-202118,SKU-00454,LOC-005,IN,42,621.67,OP-009,2026-07-16T16:37:46,DOC-8745
TXN-202119,SKU-00478,LOC-011,ADJUST,141,668.17,OP-034,2026-07-17T04:37:46,DOC-6835
TXN-202120,SKU-00070,LOC-006,IN,83,433.68,OP-011,2026-07-21T20:37:46,DOC-9138
TXN-202121,SKU-00390,LOC-013,ADJUST,18,547.73,OP-018,2026-07-02T13:37:46,DOC-3004
TXN-202122,SKU-00136,LOC-002,IN,79,417.92,OP-026,2026-07-06T07:37:46,DOC-2223
TXN-202123,SKU-00285,LOC-007,OUT,120,187.22,OP-018,2026-07-11T15:37:46,
TXN-202124,SKU-00456,LOC-019,IN,19,441.56,OP-037,2026-07-12T02:37:46,DOC-6614
TXN-202125,SKU-00405,LOC-005,ADJUST,176,210.33,OP-026,2026-07-23T09:37:46,DOC-8386
TXN-202126,SKU-00183,LOC-010,OUT,166,572.68,OP-018,2026-07-10T16:37:46,
TXN-202127,SKU-00072,LOC-002,OUT,69,286.22,OP-037,2026-07-19T05:37:46,
TXN-202128,SKU-00108,LOC-019,OUT,159,409.64,OP-045,2026-07-19T17:37:46,DOC-1595
TXN-202129,SKU-00064,LOC-006,OUT,182,529.73,OP-009,2026-07-31T00:37:46,DOC-2674
TXN-202130,SKU-00334,LOC-005,OUT,154,747.03,OP-025,2026-07-21T14:37:46,DOC-7189
TXN-202131,SKU-00273,LOC-014,ADJUST,17,506.47,OP-030,2026-07-05T23:37:46,DOC-2142
TXN-202132,SKU-00204,LOC-006,IN,19,249.62,OP-025,2026-07-12T10:37:46,DOC-8220
TXN-202133,SKU-00415,LOC-011,OUT,163,541.92,OP-026,2026-07-16T03:37:46,DOC-2434
TXN-202134,SKU-00230,LOC-014,ADJUST,160,81.96,OP-047,2026-07-14T21:37:46,
TXN-202135,SKU-00217,LOC-006,IN,123,788.25,OP-019,2026-07-20T01:37:46,
TXN-202136,SKU-00473,LOC-020,IN,43,76.15,OP-006,2026-07-11T04:37:46,DOC-3247
TXN-202137,SKU-00341,LOC-013,OUT,143,84.28,OP-030,2026-07-12T10:37:46,DOC-3394
TXN-202138,SKU-00469,LOC-012,IN,197,7.93,OP-033,2026-07-08T05:37:46,DOC-9740
TXN-202139,SKU-00146,LOC-018,OUT,120,432.69,OP-007,2026-07-27T09:37:46,
TXN-202140,SKU-00310,LOC-010,ADJUST,187,390.47,OP-017,2026-07-28T06:37:46,
TXN-202141,SKU-00185,LOC-009,OUT,84,104.99,OP-001,2026-07-31T07:37:46,
TXN-202142,SKU-00334,LOC-015,OUT,131,179.89,OP-019,2026-07-18T11:37:46,DOC-1163
TXN-202143,SKU-00309,LOC-012,OUT,22,547.13,OP-022,2026-07-14T07:37:46,DOC-3702
TXN-202144,SKU-00037,LOC-017,OUT,99,269.34,OP-016,2026-07-15T10:37:46,DOC-1024
TXN-202145,SKU-00216,LOC-008,OUT,11,144.21,OP-042,2026-07-04T15:37:46,DOC-7586
TXN-202146,SKU-00089,LOC-005,OUT,90,462.66,OP-019,2026-07-14T13:37:46,DOC-2768
TXN-202147,SKU-00263,LOC-004,IN,115,357.89,OP-028,2026-07-06T14:37:46,DOC-5098
TXN-202148,SKU-00056,LOC-011,OUT,134,151.03,OP-023,2026-07-25T12:37:46,
TXN-202149,SKU-00069,LOC-001,IN,200,148.71,OP-029,2026-07-18T11:37:46,DOC-1978
TXN-202150,SKU-00036,LOC-017,ADJUST,11,758.62,OP-004,2026-07-11T11:37:46,DOC-8070
TXN-202151,SKU-00269,LOC-003,IN,182,591.19,OP-050,2026-07-23T19:37:46,
TXN-202152,SKU-00470,LOC-014,OUT,149,469.96,OP-008,2026-07-07T13:37:46,DOC-2823
TXN-202153,SKU-00172,LOC-015,OUT,78,305.37,OP-004,2026-07-30T16:37:46,DOC-9930
TXN-202154,SKU-00006,LOC-018,IN,129,757.97,OP-043,2026-07-15T18:37:46,DOC-4280
TXN-202155,SKU-00090,LOC-003,IN,105,302.65,OP-022,2026-07-05T22:37:46,DOC-2727
TXN-202156,SKU-00165,LOC-016,ADJUST,176,458.89,OP-030,2026-07-10T23:37:46,DOC-4160
TXN-202157,SKU-00079,LOC-008,OUT,81,603.86,OP-024,2026-07-22T22:37:46,
TXN-202158,SKU-00198,LOC-007,IN,94,125.00,OP-050,2026-07-08T19:37:46,DOC-3207
TXN-202159,SKU-00343,LOC-006,ADJUST,129,178.88,OP-009,2026-07-14T16:37:46,DOC-8217
TXN-202160,SKU-00336,LOC-010,IN,195,494.44,OP-034,2026-07-22T10:37:46,DOC-3058
TXN-202161,SKU-00369,LOC-016,OUT,169,557.88,OP-009,2026-07-31T00:37:46,DOC-3557
TXN-202162,SKU-00177,LOC-003,IN,139,271.35,OP-040,2026-07-25T15:37:46,DOC-4912
TXN-202163,SKU-00246,LOC-019,OUT,122,169.53,OP-037,2026-07-28T18:37:46,
TXN-202164,SKU-00316,LOC-006,OUT,77,701.38,OP-044,2026-07-21T06:37:46,DOC-7484
TXN-202165,SKU-00457,LOC-005,ADJUST,142,302.84,OP-037,2026-07-08T20:37:46,DOC-1117
TXN-202166,SKU-00068,LOC-018,OUT,176,123.51,OP-039,2026-07-30T19:37:46,DOC-9989
TXN-202167,SKU-00219,LOC-015,ADJUST,179,539.14,OP-044,2026-07-14T22:37:46,DOC-9182
TXN-202168,SKU-00422,LOC-002,WRITE_OFF,73,736.23,OP-032,2026-07-24T09:37:46,DOC-2749
TXN-202169,SKU-00140,LOC-012,OUT,188,160.33,OP-020,2026-07-10T14:37:46,DOC-7030
TXN-202170,SKU-00144,LOC-008,ADJUST,75,695.41,OP-003,2026-07-24T16:37:46,DOC-3893
TXN-202171,SKU-00185,LOC-017,OUT,39,678.56,OP-031,2026-07-08T11:37:46,DOC-7397
TXN-202172,SKU-00229,LOC-016,OUT,45,310.25,OP-031,2026-07-04T10:37:46,
TXN-202173,SKU-00042,LOC-020,OUT,5,764.17,OP-035,2026-07-26T09:37:46,DOC-8493
TXN-202174,SKU-00371,LOC-013,IN,150,72.92,OP-003,2026-07-10T00:37:46,DOC-9019
TXN-202175,SKU-00083,LOC-005,OUT,193,165.46,OP-024,2026-07-12T19:37:46,DOC-3328
TXN-202176,SKU-00472,LOC-012,ADJUST,129,116.03,OP-008,2026-07-23T18:37:46,DOC-3391
TXN-202177,SKU-00477,LOC-013,IN,97,33.70,OP-014,2026-07-04T11:37:46,DOC-2973
TXN-202178,SKU-00040,LOC-012,OUT,135,174.50,OP-034,2026-07-29T14:37:46,DOC-3692
TXN-202179,SKU-00308,LOC-010,OUT,59,682.32,OP-010,2026-07-26T00:37:46,DOC-1413
TXN-202180,SKU-00497,LOC-011,OUT,30,153.94,OP-046,2026-07-28T00:37:46,
TXN-202181,SKU-00229,LOC-020,WRITE_OFF,178,438.36,OP-050,2026-07-19T18:37:46,DOC-3157
TXN-202182,SKU-00276,LOC-020,IN,20,614.27,OP-002,2026-07-15T14:37:46,DOC-9132
TXN-202183,SKU-00470,LOC-009,WRITE_OFF,170,164.73,OP-002,2026-07-13T14:37:46,DOC-5321
TXN-202184,SKU-00001,LOC-006,OUT,49,142.23,OP-031,2026-07-18T11:37:46,DOC-3463
TXN-202185,SKU-00138,LOC-020,OUT,53,60.14,OP-011,2026-07-25T09:37:46,DOC-8730
TXN-202186,SKU-00155,LOC-006,OUT,179,59.47,OP-016,2026-07-10T07:37:46,DOC-1614
TXN-202187,SKU-00029,LOC-016,IN,200,778.09,OP-041,2026-07-02T14:37:46,DOC-6375
TXN-202188,SKU-00383,LOC-017,IN,162,699.00,OP-034,2026-07-10T20:37:46,DOC-4981
TXN-202189,SKU-00017,LOC-014,ADJUST,160,421.52,OP-003,2026-07-29T17:37:46,DOC-9349
TXN-202190,SKU-00171,LOC-008,OUT,128,599.05,OP-038,2026-07-31T10:37:46,DOC-4782
TXN-202191,SKU-00464,LOC-010,WRITE_OFF,26,362.46,OP-024,2026-07-02T06:37:46,DOC-3359
TXN-202192,SKU-00134,LOC-017,IN,192,519.22,OP-017,2026-07-19T15:37:46,DOC-1552
TXN-202193,SKU-00165,LOC-001,IN,178,517.64,OP-030,2026-07-30T08:37:46,DOC-5248
TXN-202194,SKU-00069,LOC-014,ADJUST,196,488.88,OP-023,2026-07-26T17:37:46,DOC-4827
TXN-202195,SKU-00138,LOC-018,OUT,195,253.02,OP-047,2026-07-03T11:37:46,
TXN-202196,SKU-00016,LOC-011,WRITE_OFF,165,229.46,OP-005,2026-07-29T09:37:46,DOC-1459
TXN-202197,SKU-00454,LOC-004,ADJUST,2,293.50,OP-045,2026-07-19T08:37:46,DOC-1403
TXN-202198,SKU-00016,LOC-004,ADJUST,199,240.26,OP-031,2026-07-09T11:37:46,DOC-8607
TXN-202199,SKU-00151,LOC-006,OUT,24,371.94,OP-032,2026-07-26T22:37:46,DOC-5571
TXN-202200,SKU-00189,LOC-005,OUT,55,25.27,OP-023,2026-07-13T19:37:46,DOC-4220
TXN-202201,SKU-00177,LOC-011,ADJUST,20,245.73,OP-050,2026-07-17T19:37:46,DOC-1229
TXN-202202,SKU-00064,LOC-012,ADJUST,1,94.91,OP-035,2026-07-03T08:37:46,
TXN-202203,SKU-00310,LOC-005,ADJUST,106,612.08,OP-008,2026-07-04T11:37:46,DOC-3413
TXN-202204,SKU-00281,LOC-006,WRITE_OFF,18,45.28,OP-006,2026-07-19T02:37:46,DOC-4637
TXN-202205,SKU-00198,LOC-013,IN,150,622.00,OP-029,2026-07-05T11:37:46,DOC-2676
TXN-202206,SKU-00130,LOC-012,OUT,62,721.07,OP-015,2026-07-30T18:37:46,DOC-9920
TXN-202207,SKU-00042,LOC-013,OUT,57,60.68,OP-033,2026-07-06T09:37:46,
TXN-202208,SKU-00351,LOC-013,IN,176,756.32,OP-021,2026-07-09T08:37:46,DOC-8187
TXN-202209,SKU-00395,LOC-010,OUT,31,679.60,OP-001,2026-07-03T02:37:46,DOC-3202
TXN-202210,SKU-00461,LOC-014,OUT,43,504.23,OP-014,2026-07-30T05:37:46,DOC-7404
TXN-202211,SKU-00106,LOC-017,OUT,76,19.84,OP-009,2026-07-17T19:37:46,DOC-9163
TXN-202212,SKU-00124,LOC-008,IN,17,384.43,OP-043,2026-07-28T01:37:46,DOC-4776
TXN-202213,SKU-00230,LOC-003,OUT,121,286.27,OP-039,2026-07-05T22:37:46,DOC-8174
TXN-202214,SKU-00161,LOC-014,OUT,5,74.02,OP-019,2026-07-31T13:37:46,DOC-4594
TXN-202215,SKU-00017,LOC-007,OUT,85,481.41,OP-040,2026-07-28T11:37:46,DOC-3040
TXN-202216,SKU-00264,LOC-005,IN,3,277.08,OP-013,2026-07-20T04:37:46,DOC-1826
TXN-202217,SKU-00300,LOC-018,IN,89,289.21,OP-013,2026-07-16T14:37:46,DOC-8277
TXN-202218,SKU-00369,LOC-001,IN,1,319.34,OP-047,2026-07-21T02:37:46,DOC-9789
TXN-202219,SKU-00337,LOC-007,OUT,28,193.62,OP-011,2026-07-26T20:37:46,DOC-4346
TXN-202220,SKU-00024,LOC-010,IN,22,571.50,OP-038,2026-07-25T16:37:46,DOC-3320
TXN-202221,SKU-00317,LOC-003,IN,102,325.00,OP-022,2026-07-18T06:37:46,DOC-3736
TXN-202222,SKU-00455,LOC-011,OUT,80,313.95,OP-022,2026-07-07T18:37:46,DOC-8804
TXN-202223,SKU-00146,LOC-003,OUT,97,471.16,OP-004,2026-07-06T01:37:46,DOC-1060
TXN-202224,SKU-00047,LOC-018,OUT,78,539.70,OP-025,2026-07-17T13:37:46,
TXN-202225,SKU-00065,LOC-010,OUT,49,498.92,OP-041,2026-07-13T12:37:46,DOC-3203
TXN-202226,SKU-00324,LOC-013,IN,157,139.06,OP-037,2026-07-11T03:37:46,DOC-4566
TXN-202227,SKU-00013,LOC-012,IN,190,172.86,OP-038,2026-07-30T21:37:46,DOC-9287
TXN-202228,SKU-00417,LOC-012,OUT,72,660.25,OP-043,2026-07-16T14:37:46,DOC-3930
TXN-202229,SKU-00017,LOC-011,OUT,113,152.18,OP-037,2026-07-17T17:37:46,DOC-4644
TXN-202230,SKU-00132,LOC-011,IN,87,413.76,OP-010,2026-07-12T18:37:46,DOC-6593
TXN-202231,SKU-00005,LOC-001,IN,78,31.85,OP-001,2026-07-25T09:37:46,DOC-3016
TXN-202232,SKU-00267,LOC-010,OUT,92,117.18,OP-007,2026-07-13T04:37:46,DOC-7747
TXN-202233,SKU-00435,LOC-013,IN,112,342.45,OP-017,2026-07-13T04:37:46,DOC-3599
TXN-202234,SKU-00192,LOC-015,IN,124,715.27,OP-028,2026-07-14T02:37:46,DOC-1851
TXN-202235,SKU-00284,LOC-006,OUT,157,676.29,OP-035,2026-07-29T10:37:46,DOC-6959
TXN-202236,SKU-00168,LOC-013,OUT,179,302.68,OP-001,2026-07-21T16:37:46,DOC-9852
TXN-202237,SKU-00392,LOC-019,ADJUST,169,513.40,OP-029,2026-07-07T00:37:46,DOC-1817
TXN-202238,SKU-00016,LOC-005,IN,78,527.03,OP-024,2026-07-07T19:37:46,DOC-7779
TXN-202239,SKU-00151,LOC-016,IN,76,523.25,OP-001,2026-07-28T16:37:46,DOC-2059
TXN-202240,SKU-00082,LOC-003,IN,53,314.74,OP-011,2026-07-01T18:37:46,DOC-5652
TXN-202241,SKU-00234,LOC-005,IN,105,608.09,OP-048,2026-07-08T05:37:46,DOC-6702
TXN-202242,SKU-00049,LOC-018,OUT,142,169.37,OP-031,2026-07-07T01:37:46,DOC-2411
TXN-202243,SKU-00500,LOC-018,OUT,127,52.11,OP-033,2026-07-28T21:37:46,DOC-5569
TXN-202244,SKU-00390,LOC-009,ADJUST,102,624.10,OP-033,2026-07-27T20:37:46,DOC-6631
TXN-202245,SKU-00411,LOC-019,OUT,34,228.37,OP-007,2026-07-09T07:37:46,DOC-4978
TXN-202246,SKU-00342,LOC-017,ADJUST,172,454.36,OP-014,2026-07-10T06:37:46,
TXN-202247,SKU-00460,LOC-009,ADJUST,3,605.24,OP-020,2026-07-20T19:37:46,DOC-1492
TXN-202248,SKU-00363,LOC-020,OUT,73,368.95,OP-050,2026-07-31T10:37:46,DOC-8728
TXN-202249,SKU-00166,LOC-002,IN,2,37.52,OP-034,2026-07-14T13:37:46,DOC-6684
TXN-202250,SKU-00247,LOC-012,OUT,90,582.66,OP-045,2026-07-02T06:37:46,DOC-9716
TXN-202251,SKU-00181,LOC-016,OUT,49,48.86,OP-007,2026-07-21T09:37:46,DOC-4491
TXN-202252,SKU-00223,LOC-009,OUT,94,534.64,OP-003,2026-07-22T18:37:46,DOC-8563
TXN-202253,SKU-00365,LOC-012,OUT,88,593.92,OP-017,2026-07-26T16:37:46,DOC-8741
TXN-202254,SKU-00019,LOC-014,IN,51,515.90,OP-022,2026-07-17T07:37:46,DOC-9241
TXN-202255,SKU-00377,LOC-002,ADJUST,120,558.30,OP-031,2026-07-08T15:37:46,DOC-1676
TXN-202256,SKU-00250,LOC-005,IN,59,332.36,OP-038,2026-07-20T10:37:46,DOC-8732
TXN-202257,SKU-00177,LOC-008,IN,99,449.61,OP-019,2026-07-22T12:37:46,DOC-9763
TXN-202258,SKU-00204,LOC-018,IN,148,576.81,OP-018,2026-07-11T23:37:46,
TXN-202259,SKU-00066,LOC-017,ADJUST,196,679.73,OP-038,2026-07-24T07:37:46,
TXN-202260,SKU-00433,LOC-003,IN,129,233.23,OP-036,2026-07-06T23:37:46,DOC-1661
TXN-202261,SKU-00298,LOC-013,OUT,176,365.85,OP-041,2026-07-07T16:37:46,DOC-6392
TXN-202262,SKU-00015,LOC-016,OUT,104,474.75,OP-041,2026-07-27T08:37:46,DOC-6332
TXN-202263,SKU-00155,LOC-016,OUT,48,82.01,OP-042,2026-07-04T08:37:46,
TXN-202264,SKU-00091,LOC-016,IN,200,114.16,OP-031,2026-07-03T13:37:46,DOC-6326
TXN-202265,SKU-00249,LOC-016,IN,11,649.73,OP-001,2026-07-22T17:37:46,DOC-1285
TXN-202266,SKU-00349,LOC-005,OUT,92,533.76,OP-001,2026-07-29T10:37:46,
TXN-202267,SKU-00218,LOC-017,ADJUST,114,793.39,OP-011,2026-07-09T20:37:46,
TXN-202268,SKU-00022,LOC-019,OUT,126,306.45,OP-048,2026-07-09T02:37:46,DOC-5615
TXN-202269,SKU-00074,LOC-008,OUT,127,449.78,OP-032,2026-07-21T12:37:46,DOC-9049
TXN-202270,SKU-00074,LOC-013,OUT,147,402.24,OP-041,2026-07-31T07:37:46,DOC-3391
TXN-202271,SKU-00231,LOC-019,IN,76,628.03,OP-036,2026-07-08T11:37:46,DOC-8956
TXN-202272,SKU-00019,LOC-020,OUT,72,329.85,OP-022,2026-07-09T02:37:46,
TXN-202273,SKU-00483,LOC-013,OUT,200,406.68,OP-024,2026-07-06T00:37:46,DOC-3260
TXN-202274,SKU-00035,LOC-019,IN,70,245.17,OP-003,2026-07-13T14:37:46,DOC-7232
TXN-202275,SKU-00478,LOC-017,OUT,172,231.18,OP-044,2026-07-15T01:37:46,
TXN-202276,SKU-00030,LOC-002,WRITE_OFF,160,576.96,OP-037,2026-07-20T13:37:46,DOC-5493
TXN-202277,SKU-00332,LOC-012,OUT,30,727.48,OP-023,2026-07-18T08:37:46,DOC-5935
TXN-202278,SKU-00175,LOC-014,OUT,200,798.31,OP-047,2026-07-11T03:37:46,DOC-1507
TXN-202279,SKU-00091,LOC-005,OUT,103,556.97,OP-021,2026-07-16T13:37:46,DOC-3908
TXN-202280,SKU-00274,LOC-017,ADJUST,168,8.45,OP-039,2026-07-19T22:37:46,
TXN-202281,SKU-00219,LOC-015,OUT,153,737.14,OP-033,2026-07-23T15:37:46,
TXN-202282,SKU-00032,LOC-008,ADJUST,171,371.74,OP-021,2026-07-23T13:37:46,
TXN-202283,SKU-00411,LOC-002,IN,161,82.19,OP-040,2026-07-02T11:37:46,DOC-3497
TXN-202284,SKU-00101,LOC-018,ADJUST,24,722.53,OP-013,2026-07-11T21:37:46,DOC-8468
TXN-202285,SKU-00341,LOC-004,OUT,70,788.13,OP-033,2026-07-24T06:37:46,DOC-2669
TXN-202286,SKU-00131,LOC-006,IN,144,756.40,OP-050,2026-07-05T12:37:46,
TXN-202287,SKU-00113,LOC-013,OUT,172,83.58,OP-002,2026-07-02T08:37:46,DOC-8799
TXN-202288,SKU-00045,LOC-017,ADJUST,166,266.52,OP-007,2026-07-14T04:37:46,DOC-7963
TXN-202289,SKU-00073,LOC-003,OUT,108,413.22,OP-007,2026-07-03T14:37:46,DOC-7398
TXN-202290,SKU-00087,LOC-020,IN,22,697.18,OP-004,2026-07-28T10:37:46,
TXN-202291,SKU-00475,LOC-017,ADJUST,75,471.87,OP-032,2026-07-06T14:37:46,DOC-3488
TXN-202292,SKU-00081,LOC-002,ADJUST,98,355.22,OP-016,2026-07-02T17:37:46,DOC-8017
TXN-202293,SKU-00238,LOC-002,ADJUST,104,54.45,OP-029,2026-07-05T03:37:46,DOC-1845
TXN-202294,SKU-00354,LOC-018,OUT,28,85.38,OP-024,2026-07-14T01:37:46,DOC-6139
TXN-202295,SKU-00432,LOC-013,IN,81,287.86,OP-030,2026-07-31T14:37:46,DOC-1240
TXN-202296,SKU-00374,LOC-001,IN,13,353.46,OP-016,2026-07-31T04:37:46,DOC-5742
TXN-202297,SKU-00164,LOC-008,OUT,67,71.39,OP-030,2026-07-11T07:37:46,
TXN-202298,SKU-00196,LOC-006,IN,118,605.76,OP-025,2026-07-14T16:37:46,DOC-6922
TXN-202299,SKU-00109,LOC-009,IN,141,741.11,OP-046,2026-07-19T23:37:46,DOC-1535
TXN-202300,SKU-00178,LOC-015,IN,112,233.60,OP-024,2026-07-02T10:37:46,DOC-6850
TXN-202301,SKU-00028,LOC-012,OUT,87,419.02,OP-022,2026-07-14T02:37:46,DOC-5710
TXN-202302,SKU-00072,LOC-007,ADJUST,84,423.48,OP-024,2026-07-08T10:37:46,DOC-6654
TXN-202303,SKU-00269,LOC-007,OUT,60,297.20,OP-010,2026-07-19T11:37:46,DOC-3029
TXN-202304,SKU-00140,LOC-012,IN,72,160.33,OP-035,2026-07-30T06:37:46,DOC-1840
TXN-202305,SKU-00066,LOC-011,OUT,15,717.84,OP-014,2026-07-20T20:37:46,DOC-4340
TXN-202306,SKU-00354,LOC-008,IN,83,21.90,OP-024,2026-07-08T23:37:46,DOC-2510
TXN-202307,SKU-00441,LOC-016,IN,43,404.07,OP-027,2026-07-28T03:37:46,
TXN-202308,SKU-00197,LOC-019,OUT,116,108.66,OP-037,2026-07-17T21:37:46,DOC-1934
TXN-202309,SKU-00291,LOC-019,IN,192,122.68,OP-029,2026-07-28T04:37:46,DOC-8336
TXN-202310,SKU-00126,LOC-004,ADJUST,65,670.68,OP-039,2026-07-22T07:37:46,DOC-5400
TXN-202311,SKU-00112,LOC-011,ADJUST,168,640.21,OP-011,2026-07-15T12:37:46,DOC-3692
TXN-202312,SKU-00463,LOC-011,IN,171,185.63,OP-049,2026-07-10T11:37:46,DOC-4617
TXN-202313,SKU-00066,LOC-006,OUT,144,262.13,OP-003,2026-07-22T00:37:46,DOC-9229
TXN-202314,SKU-00032,LOC-010,OUT,192,597.60,OP-007,2026-07-04T01:37:46,DOC-9456
TXN-202315,SKU-00137,LOC-015,WRITE_OFF,92,647.97,OP-012,2026-07-07T12:37:46,DOC-3953
TXN-202316,SKU-00082,LOC-014,OUT,155,701.49,OP-048,2026-07-04T16:37:46,DOC-3657
TXN-202317,SKU-00020,LOC-019,IN,20,769.47,OP-040,2026-07-22T14:37:46,DOC-8176
TXN-202318,SKU-00480,LOC-018,IN,102,446.88,OP-005,2026-07-15T21:37:46,DOC-3093
TXN-202319,SKU-00143,LOC-010,ADJUST,119,167.95,OP-026,2026-07-31T04:37:46,
TXN-202320,SKU-00061,LOC-018,IN,185,573.58,OP-028,2026-07-01T21:37:46,DOC-7563
TXN-202321,SKU-00343,LOC-001,IN,103,378.19,OP-027,2026-07-05T13:37:46,DOC-5835
TXN-202322,SKU-00371,LOC-013,OUT,47,72.92,OP-034,2026-07-27T08:37:46,
TXN-202323,SKU-00269,LOC-004,IN,168,488.57,OP-033,2026-07-20T14:37:46,DOC-1739
TXN-202324,SKU-00453,LOC-016,OUT,138,730.11,OP-019,2026-07-04T07:37:46,DOC-8682
TXN-202325,SKU-00417,LOC-006,IN,42,243.21,OP-006,2026-07-20T21:37:46,DOC-5281
TXN-202326,SKU-00106,LOC-017,OUT,61,19.84,OP-015,2026-07-13T20:37:46,DOC-4899
TXN-202327,SKU-00493,LOC-004,IN,155,84.28,OP-004,2026-07-08T05:37:46,
TXN-202328,SKU-00216,LOC-016,IN,55,52.68,OP-002,2026-07-08T07:37:46,DOC-7312
TXN-202329,SKU-00154,LOC-004,WRITE_OFF,83,428.74,OP-025,2026-07-13T10:37:46,
TXN-202330,SKU-00094,LOC-003,WRITE_OFF,6,585.41,OP-025,2026-07-23T02:37:46,DOC-6298
TXN-202331,SKU-00288,LOC-014,ADJUST,7,80.67,OP-027,2026-07-15T07:37:46,DOC-8428
TXN-202332,SKU-00013,LOC-001,OUT,116,189.72,OP-005,2026-07-22T13:37:46,DOC-3915
TXN-202333,SKU-00115,LOC-018,OUT,79,90.08,OP-048,2026-07-25T16:37:46,DOC-5939
TXN-202334,SKU-00468,LOC-007,ADJUST,144,396.74,OP-030,2026-07-04T03:37:46,
TXN-202335,SKU-00212,LOC-002,OUT,51,675.05,OP-006,2026-07-02T22:37:46,
TXN-202336,SKU-00248,LOC-003,WRITE_OFF,16,772.68,OP-043,2026-07-10T08:37:46,DOC-9402
TXN-202337,SKU-00285,LOC-004,IN,160,235.00,OP-049,2026-07-04T17:37:46,DOC-5415
TXN-202338,SKU-00449,LOC-017,IN,102,185.05,OP-030,2026-07-06T16:37:46,DOC-4957
TXN-202339,SKU-00381,LOC-003,OUT,137,115.08,OP-015,2026-07-08T11:37:46,DOC-3583
TXN-202340,SKU-00417,LOC-006,ADJUST,87,243.21,OP-014,2026-07-19T06:37:46,DOC-8246
TXN-202341,SKU-00030,LOC-014,WRITE_OFF,24,131.25,OP-030,2026-07-28T08:37:46,DOC-3710
TXN-202342,SKU-00381,LOC-017,OUT,132,299.86,OP-045,2026-07-19T19:37:46,
TXN-202343,SKU-00142,LOC-005,OUT,193,357.23,OP-038,2026-07-19T08:37:46,DOC-2362
TXN-202344,SKU-00255,LOC-009,IN,75,259.75,OP-021,2026-07-21T00:37:46,DOC-7364
TXN-202345,SKU-00021,LOC-020,IN,91,199.03,OP-012,2026-07-03T22:37:46,DOC-7431
TXN-202346,SKU-00386,LOC-010,IN,62,89.37,OP-002,2026-07-05T20:37:46,DOC-7950
TXN-202347,SKU-00157,LOC-002,IN,193,388.00,OP-045,2026-07-15T08:37:46,DOC-6855
TXN-202348,SKU-00231,LOC-020,OUT,94,136.14,OP-019,2026-07-12T20:37:46,
TXN-202349,SKU-00327,LOC-010,OUT,190,109.53,OP-032,2026-07-12T20:37:46,DOC-7210
TXN-202350,SKU-00303,LOC-011,IN,189,624.03,OP-003,2026-07-06T19:37:46,DOC-4528
TXN-202351,SKU-00144,LOC-008,OUT,179,62.95,OP-020,2026-07-22T10:37:46,DOC-1054
TXN-202352,SKU-00293,LOC-007,OUT,123,682.83,OP-039,2026-07-05T20:37:46,DOC-9939
TXN-202353,SKU-00009,LOC-006,IN,156,424.65,OP-039,2026-07-21T18:37:46,DOC-7101
TXN-202354,SKU-00247,LOC-012,IN,178,528.67,OP-048,2026-07-19T13:37:46,DOC-4973
TXN-202355,SKU-00152,LOC-018,WRITE_OFF,87,754.34,OP-049,2026-07-29T23:37:46,DOC-9605
TXN-202356,SKU-00427,LOC-013,IN,140,182.97,OP-038,2026-07-11T15:37:46,DOC-7381
TXN-202357,SKU-00100,LOC-020,IN,56,109.12,OP-015,2026-07-21T08:37:46,DOC-9795
TXN-202358,SKU-00125,LOC-001,ADJUST,133,799.57,OP-030,2026-07-21T22:37:46,DOC-4000
TXN-202359,SKU-00193,LOC-008,IN,139,564.54,OP-012,2026-07-05T15:37:46,DOC-7380
TXN-202360,SKU-00380,LOC-016,OUT,14,102.05,OP-047,2026-07-19T20:37:46,DOC-8281
TXN-202361,SKU-00206,LOC-007,IN,172,714.21,OP-033,2026-07-06T04:37:46,DOC-6978
TXN-202362,SKU-00246,LOC-009,WRITE_OFF,8,612.85,OP-033,2026-07-18T18:37:46,DOC-4902
TXN-202363,SKU-00085,LOC-015,ADJUST,154,678.43,OP-016,2026-07-08T23:37:46,DOC-5527
TXN-202364,SKU-00389,LOC-015,IN,36,225.38,OP-016,2026-07-05T01:37:46,DOC-2905
TXN-202365,SKU-00178,LOC-014,ADJUST,102,306.04,OP-020,2026-07-09T15:37:46,DOC-7507
TXN-202366,SKU-00315,LOC-014,OUT,36,697.58,OP-019,2026-07-06T13:37:46,DOC-9191
TXN-202367,SKU-00071,LOC-015,WRITE_OFF,139,110.79,OP-028,2026-07-23T00:37:46,
TXN-202368,SKU-00431,LOC-015,ADJUST,169,390.10,OP-030,2026-07-31T14:37:46,DOC-3527
TXN-202369,SKU-00448,LOC-016,IN,3,470.22,OP-008,2026-07-12T16:37:46,DOC-5257
TXN-202370,SKU-00316,LOC-006,IN,103,6.70,OP-008,2026-07-04T19:37:46,DOC-4389
TXN-202371,SKU-00455,LOC-014,OUT,135,212.57,OP-007,2026-07-09T21:37:46,DOC-8934
TXN-202372,SKU-00128,LOC-018,IN,178,183.41,OP-026,2026-07-21T03:37:46,DOC-3935
TXN-202373,SKU-00154,LOC-018,ADJUST,189,223.06,OP-041,2026-07-06T19:37:46,DOC-9578
TXN-202374,SKU-00215,LOC-008,IN,194,351.09,OP-017,2026-07-13T20:37:46,
TXN-202375,SKU-00452,LOC-017,IN,124,101.70,OP-022,2026-07-03T17:37:46,
TXN-202376,SKU-00377,LOC-014,OUT,191,370.05,OP-005,2026-07-08T12:37:46,DOC-2483
TXN-202377,SKU-00285,LOC-004,OUT,55,235.00,OP-036,2026-07-19T15:37:46,
TXN-202378,SKU-00246,LOC-015,OUT,25,620.16,OP-008,2026-07-12T11:37:46,DOC-3693
TXN-202379,SKU-00173,LOC-008,IN,57,740.72,OP-026,2026-07-23T19:37:46,
TXN-202380,SKU-00304,LOC-008,ADJUST,106,333.39,OP-045,2026-07-10T10:37:46,DOC-2320
TXN-202381,SKU-00346,LOC-014,ADJUST,131,50.11,OP-003,2026-07-31T09:37:46,DOC-6637
TXN-202382,SKU-00331,LOC-014,OUT,159,597.32,OP-012,2026-07-19T04:37:46,DOC-1890
TXN-202383,SKU-00186,LOC-008,IN,69,23.83,OP-047,2026-07-31T03:37:46,DOC-1966
TXN-202384,SKU-00327,LOC-016,OUT,49,446.28,OP-026,2026-07-25T15:37:46,DOC-9756
TXN-202385,SKU-00116,LOC-013,OUT,181,673.13,OP-008,2026-07-04T14:37:46,DOC-7279
TXN-202386,SKU-00051,LOC-001,WRITE_OFF,14,534.52,OP-045,2026-07-03T12:37:46,DOC-7248
TXN-202387,SKU-00245,LOC-016,IN,183,172.77,OP-018,2026-07-15T11:37:46,DOC-1440
TXN-202388,SKU-00088,LOC-010,OUT,194,119.75,OP-048,2026-07-25T10:37:46,
TXN-202389,SKU-00089,LOC-017,OUT,141,139.05,OP-018,2026-07-17T08:37:46,DOC-7782
TXN-202390,SKU-00016,LOC-009,ADJUST,187,614.26,OP-048,2026-07-26T23:37:46,DOC-2009
TXN-202391,SKU-00451,LOC-010,ADJUST,77,206.01,OP-008,2026-07-15T12:37:46,DOC-1290
TXN-202392,SKU-00253,LOC-012,OUT,138,82.42,OP-048,2026-07-27T00:37:46,DOC-4190
TXN-202393,SKU-00052,LOC-007,IN,79,255.20,OP-030,2026-07-21T06:37:46,DOC-2351
TXN-202394,SKU-00136,LOC-020,OUT,164,731.97,OP-042,2026-07-23T20:37:46,DOC-3932
TXN-202395,SKU-00223,LOC-006,ADJUST,71,366.08,OP-044,2026-07-06T10:37:46,DOC-7629
TXN-202396,SKU-00311,LOC-002,IN,153,604.11,OP-024,2026-07-25T19:37:46,DOC-9308
TXN-202397,SKU-00313,LOC-007,IN,119,419.65,OP-011,2026-07-04T10:37:46,DOC-1378
TXN-202398,SKU-00128,LOC-012,OUT,159,691.11,OP-046,2026-07-06T04:37:46,DOC-3534
TXN-202399,SKU-00364,LOC-007,IN,133,338.65,OP-024,2026-07-29T23:37:46,DOC-7080
TXN-202400,SKU-00338,LOC-020,ADJUST,75,261.74,OP-034,2026-07-27T18:37:46,DOC-3202
TXN-202401,SKU-00374,LOC-007,OUT,134,607.01,OP-042,2026-07-10T01:37:46,DOC-2993
TXN-202402,SKU-00358,LOC-002,OUT,65,402.44,OP-009,2026-07-12T11:37:46,DOC-1433
TXN-202403,SKU-00124,LOC-001,IN,128,5.45,OP-049,2026-07-21T17:37:46,DOC-6657
TXN-202404,SKU-00407,LOC-015,OUT,70,249.80,OP-032,2026-07-10T17:37:46,DOC-5564
TXN-202405,SKU-00136,LOC-020,IN,93,731.97,OP-020,2026-07-05T15:37:46,DOC-4976
TXN-202406,SKU-00489,LOC-001,ADJUST,102,368.63,OP-020,2026-07-30T09:37:46,DOC-1936
TXN-202407,SKU-00168,LOC-018,OUT,51,321.93,OP-046,2026-07-18T13:37:46,DOC-5821
TXN-202408,SKU-00343,LOC-010,ADJUST,164,644.82,OP-032,2026-07-16T19:37:46,DOC-2035
TXN-202409,SKU-00025,LOC-003,ADJUST,37,777.91,OP-004,2026-07-13T17:37:46,DOC-2566
TXN-202410,SKU-00360,LOC-002,IN,121,233.80,OP-009,2026-07-21T02:37:46,
TXN-202411,SKU-00028,LOC-010,OUT,187,739.15,OP-013,2026-07-22T12:37:46,
TXN-202412,SKU-00098,LOC-001,OUT,116,766.90,OP-018,2026-07-31T07:37:46,DOC-2631
TXN-202413,SKU-00019,LOC-011,IN,35,713.10,OP-014,2026-07-06T18:37:46,DOC-6619
TXN-202414,SKU-00002,LOC-015,ADJUST,99,372.59,OP-007,2026-07-12T11:37:46,DOC-8927
TXN-202415,SKU-00071,LOC-003,ADJUST,133,391.11,OP-019,2026-07-09T13:37:46,
TXN-202416,SKU-00450,LOC-009,IN,45,650.05,OP-016,2026-07-08T20:37:46,DOC-1086
TXN-202417,SKU-00374,LOC-005,OUT,15,424.21,OP-015,2026-07-02T20:37:46,
TXN-202418,SKU-00223,LOC-016,OUT,10,79.37,OP-050,2026-07-03T19:37:46,
TXN-202419,SKU-00102,LOC-015,IN,170,255.64,OP-036,2026-07-02T04:37:46,DOC-9852
TXN-202420,SKU-00293,LOC-010,ADJUST,156,175.44,OP-006,2026-07-13T06:37:46,DOC-9039
TXN-202421,SKU-00460,LOC-012,ADJUST,87,419.96,OP-025,2026-07-24T12:37:46,DOC-7110
TXN-202422,SKU-00171,LOC-016,OUT,194,631.11,OP-034,2026-07-02T18:37:46,DOC-4889
TXN-202423,SKU-00204,LOC-018,OUT,156,576.81,OP-005,2026-07-16T01:37:46,DOC-1134
TXN-202424,SKU-00202,LOC-015,IN,197,390.11,OP-032,2026-07-03T07:37:46,
TXN-202425,SKU-00077,LOC-014,IN,93,786.68,OP-043,2026-07-08T15:37:46,DOC-1744
TXN-202426,SKU-00054,LOC-013,OUT,60,416.62,OP-021,2026-07-14T03:37:46,DOC-1847
TXN-202427,SKU-00492,LOC-020,IN,155,70.15,OP-030,2026-07-09T07:37:46,
TXN-202428,SKU-00264,LOC-017,IN,38,430.95,OP-041,2026-07-31T04:37:46,DOC-1123
TXN-202429,SKU-00335,LOC-016,IN,199,158.53,OP-026,2026-07-23T19:37:46,DOC-7089
TXN-202430,SKU-00020,LOC-005,OUT,137,294.33,OP-012,2026-07-15T13:37:46,DOC-8479
TXN-202431,SKU-00451,LOC-002,OUT,11,601.50,OP-034,2026-07-08T15:37:46,DOC-7446
TXN-202432,SKU-00420,LOC-003,OUT,186,31.81,OP-034,2026-07-10T13:37:46,DOC-9915
TXN-202433,SKU-00096,LOC-002,OUT,5,638.98,OP-032,2026-07-15T19:37:46,DOC-8421
TXN-202434,SKU-00294,LOC-020,IN,75,520.77,OP-002,2026-07-06T08:37:46,DOC-6776
TXN-202435,SKU-00054,LOC-017,ADJUST,194,212.21,OP-019,2026-07-26T07:37:46,DOC-1473
TXN-202436,SKU-00038,LOC-018,OUT,179,601.22,OP-022,2026-07-09T17:37:46,DOC-5863
TXN-202437,SKU-00420,LOC-001,OUT,150,7.69,OP-012,2026-07-05T22:37:46,DOC-6724
TXN-202438,SKU-00145,LOC-018,IN,139,360.89,OP-047,2026-07-30T09:37:46,DOC-3835
TXN-202439,SKU-00285,LOC-016,IN,173,86.11,OP-041,2026-07-15T06:37:46,DOC-9860
TXN-202440,SKU-00210,LOC-004,ADJUST,179,628.25,OP-036,2026-07-16T03:37:46,
TXN-202441,SKU-00030,LOC-016,IN,2,30.73,OP-008,2026-07-26T18:37:46,DOC-7680
TXN-202442,SKU-00238,LOC-012,OUT,134,511.64,OP-036,2026-07-23T14:37:46,DOC-3046
TXN-202443,SKU-00230,LOC-003,IN,142,286.27,OP-015,2026-07-16T02:37:46,
TXN-202444,SKU-00347,LOC-012,OUT,156,263.00,OP-029,2026-07-29T18:37:46,DOC-1285
TXN-202445,SKU-00035,LOC-014,ADJUST,165,635.57,OP-018,2026-07-23T13:37:46,DOC-2586
TXN-202446,SKU-00307,LOC-003,OUT,83,615.42,OP-036,2026-07-15T23:37:46,DOC-9774
TXN-202447,SKU-00396,LOC-006,WRITE_OFF,110,484.89,OP-019,2026-07-22T09:37:46,DOC-8138
TXN-202448,SKU-00209,LOC-018,OUT,174,309.33,OP-007,2026-07-02T11:37:46,DOC-9227
TXN-202449,SKU-00035,LOC-011,IN,62,517.67,OP-005,2026-07-18T22:37:46,DOC-7027
TXN-202450,SKU-00303,LOC-005,IN,45,211.07,OP-039,2026-07-21T00:37:46,DOC-8363
TXN-202451,SKU-00448,LOC-019,IN,136,574.67,OP-046,2026-07-27T02:37:46,DOC-6501
TXN-202452,SKU-00056,LOC-013,IN,93,170.05,OP-047,2026-07-10T11:37:46,DOC-6461
TXN-202453,SKU-00316,LOC-020,ADJUST,154,86.70,OP-004,2026-07-22T06:37:46,DOC-1434
TXN-202454,SKU-00064,LOC-002,IN,157,288.44,OP-011,2026-07-23T21:37:46,DOC-3662
TXN-202455,SKU-00319,LOC-018,OUT,10,577.01,OP-038,2026-07-01T19:37:46,DOC-8591
TXN-202456,SKU-00260,LOC-007,ADJUST,131,61.38,OP-042,2026-07-29T19:37:46,DOC-1384
TXN-202457,SKU-00378,LOC-001,OUT,5,533.45,OP-028,2026-07-09T11:37:46,DOC-3031
TXN-202458,SKU-00418,LOC-020,IN,93,379.96,OP-007,2026-07-12T10:37:46,DOC-4102
TXN-202459,SKU-00239,LOC-019,IN,171,12.37,OP-036,2026-07-26T22:37:46,DOC-5036
TXN-202460,SKU-00313,LOC-019,OUT,109,104.59,OP-049,2026-07-06T19:37:46,DOC-9925
TXN-202461,SKU-00445,LOC-008,OUT,175,74.39,OP-031,2026-07-13T00:37:46,DOC-6640
TXN-202462,SKU-00385,LOC-009,IN,148,306.94,OP-036,2026-07-13T13:37:46,DOC-4182
TXN-202463,SKU-00266,LOC-017,ADJUST,159,168.55,OP-007,2026-07-22T00:37:46,
TXN-202464,SKU-00423,LOC-013,OUT,101,77.13,OP-038,2026-07-17T18:37:46,DOC-4243
TXN-202465,SKU-00249,LOC-016,OUT,187,648.31,OP-026,2026-07-24T02:37:46,DOC-2100
TXN-202466,SKU-00377,LOC-014,OUT,159,370.05,OP-021,2026-07-20T10:37:46,DOC-9320
TXN-202467,SKU-00249,LOC-012,OUT,116,40.82,OP-030,2026-07-12T23:37:46,DOC-2559
TXN-202468,SKU-00146,LOC-008,WRITE_OFF,154,731.20,OP-015,2026-07-22T00:37:46,DOC-1495
TXN-202469,SKU-00363,LOC-001,IN,33,324.84,OP-027,2026-07-12T11:37:46,DOC-8271
TXN-202470,SKU-00059,LOC-007,IN,193,12.86,OP-029,2026-07-13T07:37:46,DOC-6852
TXN-202471,SKU-00036,LOC-014,OUT,115,211.02,OP-004,2026-07-10T18:37:46,
TXN-202472,SKU-00448,LOC-006,IN,53,204.28,OP-046,2026-07-08T13:37:46,DOC-5969
TXN-202473,SKU-00454,LOC-005,OUT,127,654.19,OP-014,2026-07-30T12:37:46,DOC-8059
TXN-202474,SKU-00488,LOC-005,OUT,84,624.78,OP-046,2026-07-26T17:37:46,DOC-7783
TXN-202475,SKU-00376,LOC-017,IN,177,95.58,OP-031,2026-07-25T21:37:46,DOC-7211
TXN-202476,SKU-00256,LOC-008,ADJUST,99,167.62,OP-021,2026-07-09T06:37:46,DOC-2703
TXN-202477,SKU-00464,LOC-008,IN,23,707.13,OP-045,2026-07-07T19:37:46,
TXN-202478,SKU-00315,LOC-019,OUT,66,528.07,OP-035,2026-07-20T16:37:46,DOC-2951
TXN-202479,SKU-00493,LOC-017,OUT,5,49.27,OP-020,2026-07-27T11:37:46,DOC-1151
TXN-202480,SKU-00100,LOC-004,ADJUST,73,779.47,OP-010,2026-07-03T16:37:46,DOC-5615
TXN-202481,SKU-00454,LOC-017,OUT,54,425.44,OP-047,2026-07-02T13:37:46,DOC-1292
TXN-202482,SKU-00199,LOC-013,ADJUST,163,481.64,OP-004,2026-07-13T13:37:46,
TXN-202483,SKU-00449,LOC-019,OUT,69,240.22,OP-027,2026-07-05T20:37:46,DOC-5837
TXN-202484,SKU-00116,LOC-016,IN,113,629.33,OP-001,2026-07-18T19:37:46,
TXN-202485,SKU-00380,LOC-001,ADJUST,171,572.03,OP-046,2026-07-30T22:37:46,
TXN-202486,SKU-00238,LOC-009,OUT,117,229.78,OP-035,2026-07-20T04:37:46,DOC-8857
TXN-202487,SKU-00467,LOC-015,ADJUST,174,315.48,OP-008,2026-07-28T20:37:46,DOC-6238
TXN-202488,SKU-00468,LOC-006,IN,10,276.39,OP-027,2026-07-27T22:37:46,DOC-2569
TXN-202489,SKU-00465,LOC-001,IN,42,540.15,OP-046,2026-07-26T08:37:46,DOC-7738
TXN-202490,SKU-00370,LOC-019,IN,116,27.90,OP-023,2026-07-18T21:37:46,DOC-7205
TXN-202491,SKU-00127,LOC-019,ADJUST,69,345.50,OP-028,2026-07-06T15:37:46,DOC-6583
TXN-202492,SKU-00107,LOC-011,OUT,116,463.45,OP-002,2026-07-02T07:37:46,DOC-9370
TXN-202493,SKU-00204,LOC-003,IN,61,524.64,OP-049,2026-07-17T13:37:46,DOC-8667
TXN-202494,SKU-00240,LOC-020,IN,175,281.32,OP-020,2026-07-16T00:37:46,DOC-5628
TXN-202495,SKU-00326,LOC-017,OUT,70,205.35,OP-032,2026-07-11T03:37:46,DOC-6738
TXN-202496,SKU-00382,LOC-001,ADJUST,86,425.39,OP-047,2026-07-09T18:37:46,DOC-5427
TXN-202497,SKU-00096,LOC-013,IN,199,681.26,OP-021,2026-07-25T03:37:46,DOC-8059
TXN-202498,SKU-00422,LOC-017,IN,31,200.51,OP-039,2026-07-23T14:37:46,DOC-6529
TXN-202499,SKU-00304,LOC-006,IN,50,727.29,OP-022,2026-07-26T05:37:46,DOC-1829
TXN-202500,SKU-00436,LOC-017,OUT,16,86.50,OP-020,2026-07-05T05:37:46,DOC-5828
TXN-202501,SKU-00364,LOC-006,OUT,95,146.50,OP-024,2026-07-05T10:37:46,DOC-4408
TXN-202502,SKU-00084,LOC-013,OUT,178,350.80,OP-019,2026-07-21T18:37:46,DOC-6550
TXN-202503,SKU-00182,LOC-019,IN,151,758.29,OP-003,2026-07-09T17:37:46,DOC-9563
TXN-202504,SKU-00070,LOC-020,IN,136,670.34,OP-001,2026-07-03T08:37:46,
TXN-202505,SKU-00342,LOC-019,IN,21,707.09,OP-040,2026-07-12T16:37:46,DOC-9958
TXN-202506,SKU-00208,LOC-016,OUT,108,498.59,OP-039,2026-07-03T05:37:46,DOC-4057
TXN-202507,SKU-00084,LOC-011,IN,182,52.56,OP-018,2026-07-04T23:37:46,DOC-9751
TXN-202508,SKU-00171,LOC-004,OUT,186,790.97,OP-027,2026-07-09T06:37:46,DOC-6821
TXN-202509,SKU-00009,LOC-006,IN,20,424.65,OP-045,2026-07-14T13:37:46,DOC-9312
TXN-202510,SKU-00228,LOC-009,OUT,96,500.35,OP-008,2026-07-27T02:37:46,DOC-7836
TXN-202511,SKU-00278,LOC-015,IN,192,204.71,OP-016,2026-07-18T02:37:46,
TXN-202512,SKU-00316,LOC-019,IN,159,186.84,OP-008,2026-07-17T05:37:46,
TXN-202513,SKU-00075,LOC-016,ADJUST,38,61.02,OP-035,2026-07-17T19:37:46,DOC-9995
TXN-202514,SKU-00075,LOC-013,IN,149,746.03,OP-015,2026-07-30T23:37:46,DOC-8180
TXN-202515,SKU-00271,LOC-020,ADJUST,39,309.09,OP-042,2026-07-08T18:37:46,DOC-3951
TXN-202516,SKU-00170,LOC-004,IN,67,443.19,OP-040,2026-07-26T06:37:46,DOC-2208
TXN-202517,SKU-00179,LOC-011,IN,14,44.03,OP-034,2026-07-18T05:37:46,DOC-9336
TXN-202518,SKU-00307,LOC-011,OUT,103,318.37,OP-005,2026-07-13T23:37:46,DOC-5849
TXN-202519,SKU-00205,LOC-011,OUT,157,461.46,OP-042,2026-07-30T23:37:46,DOC-7314
TXN-202520,SKU-00126,LOC-004,IN,55,542.01,OP-046,2026-07-10T19:37:46,DOC-6797
TXN-202521,SKU-00291,LOC-015,IN,95,584.29,OP-010,2026-07-20T21:37:46,DOC-3265
TXN-202522,SKU-00344,LOC-008,IN,30,86.76,OP-004,2026-07-17T03:37:46,DOC-1749
TXN-202523,SKU-00387,LOC-003,IN,124,485.10,OP-009,2026-07-13T03:37:46,DOC-3876
TXN-202524,SKU-00202,LOC-010,OUT,139,194.32,OP-013,2026-07-28T04:37:46,
TXN-202525,SKU-00464,LOC-001,OUT,87,401.15,OP-031,2026-07-14T01:37:46,DOC-2708
TXN-202526,SKU-00106,LOC-016,IN,179,764.91,OP-032,2026-07-02T16:37:46,DOC-8896
TXN-202527,SKU-00102,LOC-014,OUT,192,251.34,OP-021,2026-07-16T09:37:46,DOC-6052
TXN-202528,SKU-00478,LOC-006,OUT,40,739.62,OP-003,2026-07-13T20:37:46,
TXN-202529,SKU-00334,LOC-010,OUT,8,511.77,OP-027,2026-07-02T00:37:46,DOC-5122
TXN-202530,SKU-00212,LOC-018,IN,38,581.43,OP-024,2026-07-21T13:37:46,DOC-3949
TXN-202531,SKU-00393,LOC-016,OUT,188,767.87,OP-044,2026-07-04T09:37:46,DOC-2912
TXN-202532,SKU-00477,LOC-001,ADJUST,184,511.60,OP-031,2026-07-02T04:37:46,DOC-9921
TXN-202533,SKU-00182,LOC-001,OUT,178,238.81,OP-016,2026-07-30T11:37:46,DOC-1946
TXN-202534,SKU-00075,LOC-009,WRITE_OFF,137,514.26,OP-044,2026-07-19T21:37:46,DOC-9604
TXN-202535,SKU-00232,LOC-014,IN,26,615.29,OP-020,2026-07-24T19:37:46,DOC-1232
TXN-202536,SKU-00106,LOC-017,IN,161,19.84,OP-038,2026-07-28T23:37:46,DOC-1641
TXN-202537,SKU-00031,LOC-002,IN,63,538.43,OP-007,2026-07-22T05:37:46,DOC-1421
TXN-202538,SKU-00028,LOC-010,IN,74,292.82,OP-030,2026-07-19T00:37:46,DOC-9287
TXN-202539,SKU-00486,LOC-012,IN,55,202.24,OP-030,2026-07-20T12:37:46,
TXN-202540,SKU-00391,LOC-003,OUT,153,363.94,OP-028,2026-07-24T22:37:46,DOC-5966
TXN-202541,SKU-00473,LOC-005,IN,72,553.64,OP-020,2026-07-23T07:37:46,
TXN-202542,SKU-00154,LOC-018,ADJUST,160,699.66,OP-010,2026-07-07T14:37:46,DOC-8751
TXN-202543,SKU-00425,LOC-019,OUT,182,303.94,OP-043,2026-07-14T04:37:46,DOC-8629
TXN-202544,SKU-00466,LOC-002,OUT,17,689.53,OP-049,2026-07-25T13:37:46,DOC-3901
TXN-202545,SKU-00497,LOC-016,IN,111,133.42,OP-041,2026-07-05T12:37:46,DOC-1446
TXN-202546,SKU-00146,LOC-008,ADJUST,42,731.20,OP-004,2026-07-29T11:37:46,
TXN-202547,SKU-00111,LOC-012,ADJUST,125,447.56,OP-035,2026-07-18T18:37:46,DOC-1386
TXN-202548,SKU-00392,LOC-002,OUT,137,136.43,OP-010,2026-07-21T14:37:46,DOC-4769
TXN-202549,SKU-00475,LOC-020,ADJUST,107,3.49,OP-018,2026-07-30T02:37:46,
TXN-202550,SKU-00087,LOC-009,IN,55,8.92,OP-019,2026-07-02T19:37:46,DOC-9943
TXN-202551,SKU-00346,LOC-002,IN,48,689.12,OP-043,2026-07-27T14:37:46,DOC-9412
TXN-202552,SKU-00250,LOC-014,OUT,59,755.56,OP-032,2026-07-09T05:37:46,DOC-5275
TXN-202553,SKU-00392,LOC-012,IN,54,306.68,OP-042,2026-07-20T06:37:46,
TXN-202554,SKU-00079,LOC-002,IN,130,691.50,OP-021,2026-07-24T19:37:46,
TXN-202555,SKU-00371,LOC-017,OUT,29,528.87,OP-013,2026-07-22T02:37:46,
TXN-202556,SKU-00284,LOC-019,IN,70,213.64,OP-041,2026-07-05T10:37:46,DOC-9887
TXN-202557,SKU-00015,LOC-014,IN,173,320.00,OP-022,2026-07-28T12:37:46,DOC-5775
TXN-202558,SKU-00203,LOC-008,IN,9,728.37,OP-018,2026-07-20T13:37:46,DOC-4875
TXN-202559,SKU-00342,LOC-009,OUT,86,473.34,OP-044,2026-07-08T20:37:46,DOC-1352
TXN-202560,SKU-00220,LOC-012,ADJUST,78,40.53,OP-041,2026-07-27T09:37:46,
TXN-202561,SKU-00101,LOC-005,OUT,173,175.19,OP-008,2026-07-26T07:37:46,DOC-1233
TXN-202562,SKU-00363,LOC-017,IN,124,304.37,OP-024,2026-07-13T15:37:46,DOC-9376
TXN-202563,SKU-00046,LOC-002,IN,85,89.11,OP-025,2026-07-04T14:37:46,DOC-4514
TXN-202564,SKU-00469,LOC-019,OUT,184,288.06,OP-049,2026-07-10T20:37:46,DOC-4242
TXN-202565,SKU-00287,LOC-010,ADJUST,8,609.35,OP-020,2026-07-14T18:37:46,DOC-9061
TXN-202566,SKU-00047,LOC-006,IN,12,103.83,OP-043,2026-07-26T07:37:46,
TXN-202567,SKU-00103,LOC-013,OUT,71,78.38,OP-030,2026-07-13T00:37:46,DOC-3627
TXN-202568,SKU-00193,LOC-005,ADJUST,40,525.51,OP-029,2026-07-09T01:37:46,DOC-5773
TXN-202569,SKU-00309,LOC-001,OUT,159,272.13,OP-029,2026-07-12T11:37:46,DOC-4973
TXN-202570,SKU-00271,LOC-006,IN,182,586.67,OP-027,2026-07-13T12:37:46,DOC-7457
TXN-202571,SKU-00024,LOC-012,OUT,96,389.91,OP-045,2026-07-13T01:37:46,DOC-2428
TXN-202572,SKU-00073,LOC-002,OUT,53,170.33,OP-018,2026-07-25T01:37:46,DOC-9298
TXN-202573,SKU-00469,LOC-010,IN,32,207.10,OP-049,2026-07-17T20:37:46,DOC-8010
TXN-202574,SKU-00416,LOC-004,WRITE_OFF,135,66.09,OP-007,2026-07-20T22:37:46,DOC-8427
TXN-202575,SKU-00016,LOC-009,OUT,199,614.26,OP-020,2026-07-24T18:37:46,DOC-6180
TXN-202576,SKU-00489,LOC-015,WRITE_OFF,22,360.59,OP-046,2026-07-18T19:37:46,
TXN-202577,SKU-00413,LOC-005,IN,112,703.21,OP-020,2026-07-26T06:37:46,
TXN-202578,SKU-00191,LOC-003,OUT,163,209.61,OP-010,2026-07-24T07:37:46,DOC-8861
TXN-202579,SKU-00353,LOC-018,OUT,99,252.05,OP-031,2026-07-10T03:37:46,DOC-8504
TXN-202580,SKU-00404,LOC-014,ADJUST,174,110.92,OP-028,2026-07-20T04:37:46,DOC-8082
TXN-202581,SKU-00086,LOC-004,OUT,170,235.95,OP-042,2026-07-24T22:37:46,
TXN-202582,SKU-00450,LOC-014,IN,168,424.22,OP-049,2026-07-02T11:37:46,DOC-1516
TXN-202583,SKU-00032,LOC-009,IN,141,648.16,OP-027,2026-07-20T21:37:46,DOC-9393
TXN-202584,SKU-00327,LOC-009,ADJUST,41,243.06,OP-012,2026-07-12T20:37:46,DOC-4776
TXN-202585,SKU-00461,LOC-002,OUT,38,625.27,OP-030,2026-07-05T00:37:46,DOC-7331
TXN-202586,SKU-00175,LOC-012,OUT,59,70.47,OP-043,2026-07-07T21:37:46,DOC-8658
TXN-202587,SKU-00436,LOC-001,OUT,85,306.70,OP-048,2026-07-16T03:37:46,DOC-6952
TXN-202588,SKU-00194,LOC-014,ADJUST,139,213.47,OP-031,2026-07-11T23:37:46,DOC-1039
TXN-202589,SKU-00202,LOC-019,ADJUST,136,206.17,OP-039,2026-07-03T04:37:46,DOC-3916
TXN-202590,SKU-00076,LOC-001,OUT,26,560.91,OP-006,2026-07-13T08:37:46,
TXN-202591,SKU-00056,LOC-011,IN,74,151.03,OP-046,2026-07-02T20:37:46,
TXN-202592,SKU-00237,LOC-013,IN,168,86.58,OP-036,2026-07-06T14:37:46,DOC-2169
TXN-202593,SKU-00384,LOC-018,OUT,41,434.34,OP-042,2026-07-03T21:37:46,
TXN-202594,SKU-00077,LOC-019,OUT,87,715.49,OP-020,2026-07-19T20:37:46,
TXN-202595,SKU-00102,LOC-002,OUT,169,152.47,OP-027,2026-07-30T00:37:46,DOC-8783
TXN-202596,SKU-00134,LOC-008,OUT,127,513.57,OP-043,2026-07-14T01:37:46,
TXN-202597,SKU-00158,LOC-016,OUT,24,584.05,OP-017,2026-07-06T14:37:46,DOC-5843
TXN-202598,SKU-00023,LOC-006,IN,114,133.30,OP-002,2026-07-05T20:37:46,DOC-4132
TXN-202599,SKU-00141,LOC-004,OUT,176,275.81,OP-038,2026-07-19T03:37:46,DOC-7608
TXN-202600,SKU-00208,LOC-016,IN,115,498.59,OP-013,2026-07-28T18:37:46,
TXN-202601,SKU-00478,LOC-003,OUT,52,202.48,OP-018,2026-07-03T00:37:46,DOC-7401
TXN-202602,SKU-00029,LOC-016,ADJUST,198,778.09,OP-044,2026-07-11T18:37:46,DOC-9089
TXN-202603,SKU-00153,LOC-009,IN,60,453.76,OP-013,2026-07-22T08:37:46,
TXN-202604,SKU-00125,LOC-018,OUT,70,561.90,OP-031,2026-07-11T07:37:46,DOC-9072
TXN-202605,SKU-00265,LOC-006,OUT,3,343.56,OP-023,2026-07-22T01:37:46,
TXN-202606,SKU-00337,LOC-009,IN,182,161.16,OP-009,2026-07-21T12:37:46,DOC-8286
TXN-202607,SKU-00224,LOC-002,ADJUST,200,484.22,OP-038,2026-07-22T23:37:46,DOC-6593
TXN-202608,SKU-00284,LOC-011,OUT,199,340.68,OP-029,2026-07-24T21:37:46,DOC-3262
TXN-202609,SKU-00220,LOC-013,WRITE_OFF,83,601.99,OP-037,2026-07-05T15:37:46,DOC-9037
TXN-202610,SKU-00082,LOC-012,OUT,83,112.68,OP-019,2026-07-23T03:37:46,DOC-8875
TXN-202611,SKU-00326,LOC-011,ADJUST,149,513.39,OP-041,2026-07-05T18:37:46,DOC-4505
TXN-202612,SKU-00273,LOC-002,OUT,101,197.82,OP-006,2026-07-05T16:37:46,DOC-2402
TXN-202613,SKU-00219,LOC-018,OUT,92,31.22,OP-024,2026-07-09T15:37:46,
TXN-202614,SKU-00400,LOC-015,IN,163,503.24,OP-035,2026-07-19T21:37:46,DOC-9326
TXN-202615,SKU-00179,LOC-009,OUT,3,734.05,OP-029,2026-07-10T15:37:46,DOC-2791
TXN-202616,SKU-00367,LOC-012,WRITE_OFF,127,509.46,OP-049,2026-07-08T11:37:46,DOC-3795
TXN-202617,SKU-00248,LOC-012,IN,97,716.38,OP-002,2026-07-20T15:37:46,DOC-1471
TXN-202618,SKU-00063,LOC-008,ADJUST,108,648.33,OP-034,2026-07-03T13:37:46,DOC-4005
TXN-202619,SKU-00257,LOC-007,WRITE_OFF,165,474.01,OP-008,2026-07-11T02:37:46,DOC-4583
TXN-202620,SKU-00234,LOC-004,IN,176,791.08,OP-045,2026-07-15T13:37:46,DOC-3266
TXN-202621,SKU-00497,LOC-014,IN,98,581.56,OP-012,2026-07-13T05:37:46,DOC-1956
TXN-202622,SKU-00249,LOC-014,WRITE_OFF,99,421.06,OP-033,2026-07-18T10:37:46,DOC-1602
TXN-202623,SKU-00014,LOC-019,OUT,150,170.55,OP-033,2026-07-12T10:37:46,DOC-3595
TXN-202624,SKU-00340,LOC-012,IN,140,789.56,OP-032,2026-07-02T16:37:46,DOC-1801
TXN-202625,SKU-00247,LOC-001,OUT,110,70.70,OP-035,2026-07-09T05:37:46,
TXN-202626,SKU-00243,LOC-020,IN,190,635.34,OP-033,2026-07-11T10:37:46,DOC-7638
TXN-202627,SKU-00416,LOC-020,ADJUST,112,799.81,OP-020,2026-07-16T00:37:46,DOC-2556
TXN-202628,SKU-00296,LOC-017,OUT,6,193.24,OP-035,2026-07-08T01:37:46,DOC-7814
TXN-202629,SKU-00496,LOC-011,ADJUST,47,545.46,OP-044,2026-07-04T02:37:46,
TXN-202630,SKU-00401,LOC-011,OUT,51,225.17,OP-048,2026-07-26T07:37:46,DOC-7223
TXN-202631,SKU-00313,LOC-001,OUT,146,411.21,OP-034,2026-07-10T00:37:46,DOC-8886
TXN-202632,SKU-00116,LOC-005,ADJUST,48,316.14,OP-019,2026-07-06T22:37:46,DOC-5297
TXN-202633,SKU-00053,LOC-015,IN,108,401.38,OP-021,2026-07-22T10:37:46,DOC-8932
TXN-202634,SKU-00249,LOC-007,ADJUST,63,487.42,OP-005,2026-07-04T22:37:46,DOC-8713
TXN-202635,SKU-00254,LOC-017,ADJUST,57,208.05,OP-050,2026-07-30T00:37:46,DOC-7742
TXN-202636,SKU-00210,LOC-012,OUT,53,93.09,OP-050,2026-07-22T03:37:46,DOC-9663
TXN-202637,SKU-00043,LOC-003,OUT,71,523.76,OP-020,2026-07-06T07:37:46,DOC-5286
TXN-202638,SKU-00465,LOC-020,OUT,19,465.13,OP-030,2026-07-01T23:37:46,DOC-1411
TXN-202639,SKU-00392,LOC-002,OUT,68,136.43,OP-033,2026-07-02T16:37:46,
TXN-202640,SKU-00019,LOC-015,IN,122,162.73,OP-037,2026-07-28T04:37:46,DOC-4055
TXN-202641,SKU-00232,LOC-003,OUT,21,716.97,OP-008,2026-07-04T21:37:46,DOC-9183
TXN-202642,SKU-00299,LOC-004,IN,58,449.89,OP-008,2026-07-02T14:37:46,DOC-1461
TXN-202643,SKU-00210,LOC-012,OUT,192,93.09,OP-006,2026-07-19T17:37:46,DOC-2763
TXN-202644,SKU-00468,LOC-020,IN,178,453.26,OP-032,2026-07-15T18:37:46,DOC-5373
TXN-202645,SKU-00270,LOC-006,ADJUST,10,665.73,OP-020,2026-07-20T06:37:46,DOC-2545
TXN-202646,SKU-00052,LOC-008,OUT,88,390.32,OP-011,2026-07-04T15:37:46,DOC-3769
TXN-202647,SKU-00452,LOC-013,OUT,185,493.03,OP-050,2026-07-24T02:37:46,DOC-9260
TXN-202648,SKU-00481,LOC-009,IN,156,340.04,OP-044,2026-07-05T11:37:46,DOC-6849
TXN-202649,SKU-00135,LOC-008,ADJUST,51,544.34,OP-023,2026-07-08T16:37:46,DOC-6637
TXN-202650,SKU-00227,LOC-012,ADJUST,134,118.50,OP-050,2026-07-02T22:37:46,DOC-6284
TXN-202651,SKU-00286,LOC-007,IN,199,632.63,OP-006,2026-07-05T12:37:46,
TXN-202652,SKU-00160,LOC-011,OUT,167,165.99,OP-045,2026-07-08T00:37:46,
TXN-202653,SKU-00288,LOC-015,ADJUST,75,447.01,OP-011,2026-07-08T02:37:46,DOC-6989
TXN-202654,SKU-00356,LOC-004,OUT,63,321.65,OP-011,2026-07-12T00:37:46,DOC-4291
TXN-202655,SKU-00010,LOC-003,IN,144,766.52,OP-024,2026-07-10T11:37:46,DOC-8661
TXN-202656,SKU-00253,LOC-003,IN,9,456.04,OP-028,2026-07-31T06:37:46,
TXN-202657,SKU-00086,LOC-016,IN,141,405.65,OP-008,2026-07-26T14:37:46,DOC-8254
TXN-202658,SKU-00210,LOC-006,OUT,61,759.13,OP-003,2026-07-06T16:37:46,DOC-1540
TXN-202659,SKU-00221,LOC-012,ADJUST,162,70.66,OP-021,2026-07-22T03:37:46,
TXN-202660,SKU-00263,LOC-020,OUT,26,94.40,OP-003,2026-07-06T10:37:46,DOC-6081
TXN-202661,SKU-00080,LOC-020,OUT,175,728.07,OP-049,2026-07-08T11:37:46,
TXN-202662,SKU-00392,LOC-012,IN,155,395.59,OP-026,2026-07-30T14:37:46,DOC-4276
TXN-202663,SKU-00325,LOC-019,OUT,177,725.21,OP-016,2026-07-29T14:37:46,DOC-2940
TXN-202664,SKU-00257,LOC-013,OUT,118,263.24,OP-026,2026-07-20T12:37:46,DOC-3289
TXN-202665,SKU-00024,LOC-012,ADJUST,118,389.91,OP-036,2026-07-29T16:37:46,DOC-8056
TXN-202666,SKU-00499,LOC-015,OUT,103,559.06,OP-045,2026-07-20T23:37:46,DOC-5179
TXN-202667,SKU-00458,LOC-006,OUT,120,506.75,OP-048,2026-07-05T15:37:46,
TXN-202668,SKU-00132,LOC-004,ADJUST,96,59.38,OP-023,2026-07-19T23:37:46,DOC-5999
TXN-202669,SKU-00030,LOC-002,ADJUST,122,576.96,OP-004,2026-07-04T13:37:46,DOC-8213
TXN-202670,SKU-00444,LOC-006,IN,141,342.50,OP-006,2026-07-08T20:37:46,DOC-2228
TXN-202671,SKU-00260,LOC-007,IN,116,61.38,OP-022,2026-07-09T00:37:46,DOC-3357
TXN-202672,SKU-00274,LOC-001,IN,50,263.91,OP-001,2026-07-25T17:37:46,DOC-7237
TXN-202673,SKU-00214,LOC-002,IN,55,705.65,OP-044,2026-07-05T16:37:46,
TXN-202674,SKU-00383,LOC-002,IN,48,573.25,OP-003,2026-07-22T17:37:46,DOC-7317
TXN-202675,SKU-00455,LOC-010,IN,191,717.47,OP-044,2026-07-24T01:37:46,
TXN-202676,SKU-00398,LOC-020,OUT,168,95.74,OP-004,2026-07-09T12:37:46,
TXN-202677,SKU-00418,LOC-006,IN,185,242.11,OP-047,2026-07-27T03:37:46,DOC-7535
TXN-202678,SKU-00377,LOC-012,ADJUST,158,764.91,OP-010,2026-07-11T06:37:46,DOC-4154
TXN-202679,SKU-00160,LOC-001,ADJUST,110,458.67,OP-047,2026-07-04T02:37:46,DOC-1185
TXN-202680,SKU-00367,LOC-014,OUT,106,70.88,OP-026,2026-07-22T11:37:46,DOC-6286
TXN-202681,SKU-00089,LOC-013,WRITE_OFF,116,128.16,OP-047,2026-07-04T10:37:46,DOC-9081
TXN-202682,SKU-00132,LOC-001,OUT,87,462.27,OP-037,2026-07-10T11:37:46,DOC-9421
TXN-202683,SKU-00401,LOC-015,WRITE_OFF,116,311.12,OP-006,2026-07-02T00:37:46,
TXN-202684,SKU-00422,LOC-013,IN,70,534.66,OP-011,2026-07-22T10:37:46,DOC-6203
TXN-202685,SKU-00183,LOC-004,IN,107,315.89,OP-026,2026-07-02T18:37:46,DOC-7704
TXN-202686,SKU-00349,LOC-009,IN,152,572.24,OP-050,2026-07-01T18:37:46,DOC-5873
TXN-202687,SKU-00384,LOC-016,OUT,85,671.53,OP-023,2026-07-19T00:37:46,DOC-4068
TXN-202688,SKU-00051,LOC-001,ADJUST,191,415.36,OP-017,2026-07-12T10:37:46,DOC-4567
TXN-202689,SKU-00381,LOC-016,IN,53,67.43,OP-017,2026-07-11T21:37:46,DOC-8878
TXN-202690,SKU-00007,LOC-002,OUT,83,221.40,OP-047,2026-07-20T17:37:46,DOC-1230
TXN-202691,SKU-00144,LOC-018,ADJUST,81,639.65,OP-004,2026-07-24T13:37:46,
TXN-202692,SKU-00013,LOC-015,IN,24,74.33,OP-027,2026-07-06T11:37:46,DOC-7850
TXN-202693,SKU-00450,LOC-018,OUT,198,417.53,OP-041,2026-07-19T15:37:46,
TXN-202694,SKU-00349,LOC-017,IN,50,110.76,OP-043,2026-07-03T22:37:46,DOC-1545
TXN-202695,SKU-00235,LOC-020,OUT,71,607.99,OP-008,2026-07-26T21:37:46,DOC-9350
TXN-202696,SKU-00041,LOC-008,IN,13,158.06,OP-006,2026-07-21T13:37:46,DOC-2543
TXN-202697,SKU-00144,LOC-019,ADJUST,61,483.36,OP-048,2026-07-12T01:37:46,DOC-5594
TXN-202698,SKU-00263,LOC-017,OUT,49,180.23,OP-025,2026-07-27T16:37:46,DOC-2841
TXN-202699,SKU-00116,LOC-005,OUT,127,29.20,OP-030,2026-07-25T06:37:46,DOC-4322
TXN-202700,SKU-00224,LOC-009,OUT,105,682.21,OP-033,2026-07-26T10:37:46,DOC-5347
TXN-202701,SKU-00471,LOC-004,IN,179,384.02,OP-046,2026-07-04T22:37:46,DOC-7500
TXN-202702,SKU-00271,LOC-001,IN,130,431.43,OP-015,2026-07-15T11:37:46,DOC-7866
TXN-202703,SKU-00172,LOC-020,OUT,174,467.87,OP-006,2026-07-18T17:37:46,DOC-3653
TXN-202704,SKU-00214,LOC-016,OUT,66,10.96,OP-048,2026-07-14T23:37:46,DOC-6378
TXN-202705,SKU-00008,LOC-003,IN,140,396.45,OP-003,2026-07-15T14:37:46,DOC-7202
TXN-202706,SKU-00107,LOC-009,OUT,101,267.58,OP-040,2026-07-15T18:37:46,DOC-5010
TXN-202707,SKU-00142,LOC-005,ADJUST,1,357.23,OP-026,2026-07-27T14:37:46,DOC-1661
TXN-202708,SKU-00412,LOC-020,IN,90,746.83,OP-025,2026-07-19T03:37:46,DOC-4468
TXN-202709,SKU-00456,LOC-003,IN,17,609.48,OP-025,2026-07-13T11:37:46,DOC-3364
TXN-202710,SKU-00248,LOC-014,OUT,84,211.47,OP-001,2026-07-29T10:37:46,
TXN-202711,SKU-00403,LOC-007,IN,176,516.41,OP-020,2026-07-09T12:37:46,
TXN-202712,SKU-00251,LOC-004,OUT,121,656.77,OP-017,2026-07-24T11:37:46,DOC-2323
TXN-202713,SKU-00243,LOC-020,OUT,175,356.26,OP-045,2026-07-09T17:37:46,DOC-3447
TXN-202714,SKU-00161,LOC-006,ADJUST,144,693.40,OP-013,2026-07-19T21:37:46,DOC-7769
TXN-202715,SKU-00264,LOC-014,IN,139,489.06,OP-011,2026-07-29T04:37:46,DOC-9530
TXN-202716,SKU-00399,LOC-014,IN,28,119.33,OP-033,2026-07-20T01:37:46,DOC-9028
TXN-202717,SKU-00073,LOC-012,IN,89,72.24,OP-034,2026-07-22T13:37:46,
TXN-202718,SKU-00099,LOC-003,OUT,106,741.79,OP-035,2026-07-09T00:37:46,DOC-3024
TXN-202719,SKU-00105,LOC-010,IN,121,678.13,OP-023,2026-07-08T14:37:46,DOC-9944
TXN-202720,SKU-00476,LOC-017,OUT,72,785.12,OP-049,2026-07-09T08:37:46,DOC-6666
TXN-202721,SKU-00150,LOC-011,IN,34,359.36,OP-016,2026-07-09T03:37:46,DOC-8394
TXN-202722,SKU-00277,LOC-006,OUT,96,446.92,OP-038,2026-07-21T22:37:46,DOC-8840
TXN-202723,SKU-00133,LOC-015,IN,107,583.93,OP-038,2026-07-25T07:37:46,
TXN-202724,SKU-00072,LOC-010,ADJUST,20,183.25,OP-002,2026-07-02T10:37:46,DOC-1169
TXN-202725,SKU-00384,LOC-015,OUT,157,751.39,OP-001,2026-07-01T20:37:46,DOC-3645
TXN-202726,SKU-00105,LOC-018,OUT,180,627.19,OP-026,2026-07-25T06:37:46,DOC-3052
TXN-202727,SKU-00478,LOC-011,IN,90,668.17,OP-022,2026-07-30T11:37:46,DOC-2104
TXN-202728,SKU-00150,LOC-010,IN,34,147.62,OP-048,2026-07-13T11:37:46,DOC-3334
TXN-202729,SKU-00413,LOC-018,IN,52,260.30,OP-015,2026-07-11T16:37:46,DOC-9237
TXN-202730,SKU-00461,LOC-001,OUT,138,555.75,OP-009,2026-07-18T02:37:46,DOC-6075
TXN-202731,SKU-00026,LOC-016,OUT,104,704.83,OP-035,2026-07-22T14:37:46,
TXN-202732,SKU-00241,LOC-002,ADJUST,104,506.53,OP-034,2026-07-06T12:37:46,DOC-2854
TXN-202733,SKU-00027,LOC-005,IN,113,183.46,OP-033,2026-07-14T12:37:46,DOC-2564
TXN-202734,SKU-00203,LOC-004,OUT,36,18.85,OP-005,2026-07-30T03:37:46,DOC-5798
TXN-202735,SKU-00184,LOC-019,IN,199,599.27,OP-005,2026-07-14T09:37:46,DOC-7395
TXN-202736,SKU-00329,LOC-018,OUT,174,519.40,OP-009,2026-07-25T17:37:46,
TXN-202737,SKU-00368,LOC-015,ADJUST,124,532.80,OP-020,2026-07-30T02:37:46,DOC-3415
TXN-202738,SKU-00260,LOC-017,OUT,187,77.49,OP-032,2026-07-18T20:37:46,DOC-3458
TXN-202739,SKU-00397,LOC-012,OUT,69,740.85,OP-009,2026-07-21T12:37:46,DOC-3463
TXN-202740,SKU-00153,LOC-017,OUT,32,765.41,OP-039,2026-07-28T06:37:46,
TXN-202741,SKU-00137,LOC-019,WRITE_OFF,191,63.76,OP-017,2026-07-04T07:37:46,
TXN-202742,SKU-00028,LOC-017,OUT,62,25.23,OP-011,2026-07-17T06:37:46,DOC-6732
TXN-202743,SKU-00263,LOC-017,OUT,91,180.23,OP-043,2026-07-26T15:37:46,
TXN-202744,SKU-00016,LOC-003,OUT,96,610.47,OP-048,2026-07-11T06:37:46,DOC-1288
TXN-202745,SKU-00067,LOC-005,IN,108,458.28,OP-032,2026-07-24T18:37:46,DOC-6526
TXN-202746,SKU-00273,LOC-014,IN,152,513.03,OP-043,2026-07-28T11:37:46,DOC-3526
TXN-202747,SKU-00141,LOC-004,IN,170,275.81,OP-040,2026-07-06T11:37:46,DOC-9905
TXN-202748,SKU-00375,LOC-012,IN,159,107.75,OP-036,2026-07-14T00:37:46,
TXN-202749,SKU-00389,LOC-005,ADJUST,87,59.15,OP-010,2026-07-26T23:37:46,DOC-1966
TXN-202750,SKU-00424,LOC-002,OUT,59,651.01,OP-037,2026-07-18T03:37:46,DOC-6044
TXN-202751,SKU-00152,LOC-012,IN,38,450.58,OP-041,2026-07-10T20:37:46,DOC-2195
TXN-202752,SKU-00037,LOC-007,OUT,58,312.08,OP-042,2026-07-13T03:37:46,DOC-5112
TXN-202753,SKU-00251,LOC-015,IN,162,585.71,OP-012,2026-07-20T07:37:46,DOC-7830
TXN-202754,SKU-00141,LOC-003,IN,172,716.47,OP-047,2026-07-26T01:37:46,DOC-7494
TXN-202755,SKU-00283,LOC-019,OUT,91,749.51,OP-009,2026-07-27T03:37:46,DOC-6628
TXN-202756,SKU-00423,LOC-020,ADJUST,72,398.53,OP-010,2026-07-12T10:37:46,
TXN-202757,SKU-00240,LOC-002,IN,195,564.00,OP-007,2026-07-07T17:37:46,DOC-9264
TXN-202758,SKU-00151,LOC-014,IN,58,656.52,OP-041,2026-07-10T17:37:46,DOC-1211
TXN-202759,SKU-00327,LOC-009,ADJUST,122,268.79,OP-045,2026-07-13T21:37:46,DOC-7704
TXN-202760,SKU-00488,LOC-004,OUT,64,663.91,OP-025,2026-07-17T05:37:46,DOC-3894
TXN-202761,SKU-00014,LOC-008,ADJUST,129,295.91,OP-040,2026-07-10T09:37:46,DOC-7942
TXN-202762,SKU-00431,LOC-007,OUT,76,491.15,OP-025,2026-07-19T11:37:46,DOC-5422
TXN-202763,SKU-00393,LOC-007,IN,176,584.59,OP-030,2026-07-23T03:37:46,DOC-3997
TXN-202764,SKU-00321,LOC-011,OUT,100,689.47,OP-006,2026-07-14T23:37:46,DOC-2886
TXN-202765,SKU-00191,LOC-017,IN,176,347.84,OP-015,2026-07-27T11:37:46,DOC-8671
TXN-202766,SKU-00306,LOC-003,OUT,158,302.40,OP-001,2026-07-13T00:37:46,DOC-8407
TXN-202767,SKU-00144,LOC-019,IN,89,223.66,OP-049,2026-07-02T15:37:46,DOC-8176
TXN-202768,SKU-00021,LOC-007,IN,169,509.28,OP-031,2026-07-29T06:37:46,DOC-9426
TXN-202769,SKU-00025,LOC-020,IN,126,463.36,OP-003,2026-07-02T15:37:46,DOC-5160
TXN-202770,SKU-00346,LOC-003,IN,102,482.83,OP-032,2026-07-12T06:37:46,DOC-5032
TXN-202771,SKU-00162,LOC-013,WRITE_OFF,45,425.27,OP-038,2026-07-10T13:37:46,
TXN-202772,SKU-00446,LOC-016,OUT,142,4.67,OP-035,2026-07-19T12:37:46,DOC-5573
TXN-202773,SKU-00126,LOC-012,OUT,149,252.80,OP-044,2026-07-07T04:37:46,DOC-8871
TXN-202774,SKU-00451,LOC-002,ADJUST,143,601.50,OP-027,2026-07-26T10:37:46,DOC-9944
TXN-202775,SKU-00280,LOC-002,IN,150,374.34,OP-007,2026-07-26T09:37:46,DOC-9838
TXN-202776,SKU-00203,LOC-016,IN,67,79.88,OP-026,2026-07-18T12:37:46,DOC-3124
TXN-202777,SKU-00070,LOC-016,ADJUST,66,789.03,OP-017,2026-07-14T06:37:46,DOC-9893
TXN-202778,SKU-00062,LOC-010,ADJUST,155,123.49,OP-038,2026-07-17T22:37:46,DOC-2296
TXN-202779,SKU-00292,LOC-004,OUT,146,441.26,OP-011,2026-07-09T15:37:46,DOC-3207
TXN-202780,SKU-00407,LOC-005,OUT,63,395.42,OP-041,2026-07-22T17:37:46,DOC-2465
TXN-202781,SKU-00050,LOC-008,OUT,65,772.03,OP-018,2026-07-20T16:37:46,
TXN-202782,SKU-00197,LOC-016,OUT,56,79.03,OP-050,2026-07-05T19:37:46,
TXN-202783,SKU-00152,LOC-018,ADJUST,74,648.57,OP-021,2026-07-13T20:37:46,
TXN-202784,SKU-00035,LOC-019,IN,25,776.81,OP-038,2026-07-22T13:37:46,DOC-5434
TXN-202785,SKU-00351,LOC-004,IN,117,491.39,OP-033,2026-07-21T13:37:46,DOC-3250
TXN-202786,SKU-00415,LOC-009,IN,197,286.95,OP-005,2026-07-14T23:37:46,
TXN-202787,SKU-00026,LOC-005,IN,47,254.58,OP-015,2026-07-02T04:37:46,DOC-6263
TXN-202788,SKU-00436,LOC-017,IN,155,209.08,OP-046,2026-07-11T21:37:46,DOC-8067
TXN-202789,SKU-00218,LOC-010,IN,165,713.04,OP-037,2026-07-20T23:37:46,DOC-4963
TXN-202790,SKU-00110,LOC-010,OUT,38,759.30,OP-042,2026-07-27T01:37:46,DOC-5126
TXN-202791,SKU-00061,LOC-013,IN,24,796.03,OP-007,2026-07-13T04:37:46,
TXN-202792,SKU-00460,LOC-005,OUT,60,326.34,OP-027,2026-07-03T15:37:46,DOC-6071
TXN-202793,SKU-00358,LOC-016,IN,73,765.09,OP-017,2026-07-21T09:37:46,DOC-9847
TXN-202794,SKU-00325,LOC-001,OUT,72,121.97,OP-017,2026-07-28T20:37:46,DOC-5537
TXN-202795,SKU-00122,LOC-001,IN,131,732.07,OP-019,2026-07-19T14:37:46,DOC-4507
TXN-202796,SKU-00489,LOC-005,IN,112,209.13,OP-038,2026-07-21T14:37:46,DOC-3782
TXN-202797,SKU-00324,LOC-009,IN,73,480.40,OP-020,2026-07-16T10:37:46,DOC-6182
TXN-202798,SKU-00025,LOC-011,OUT,10,492.55,OP-043,2026-07-19T10:37:46,
TXN-202799,SKU-00262,LOC-010,ADJUST,45,777.73,OP-025,2026-07-26T21:37:46,DOC-7140
TXN-202800,SKU-00291,LOC-012,IN,172,69.25,OP-037,2026-07-08T00:37:46,DOC-3130
TXN-202801,SKU-00452,LOC-018,OUT,9,248.58,OP-008,2026-07-30T19:37:46,
TXN-202802,SKU-00263,LOC-004,OUT,194,357.89,OP-010,2026-07-19T14:37:46,DOC-2699
TXN-202803,SKU-00463,LOC-017,ADJUST,79,592.41,OP-020,2026-07-26T14:37:46,DOC-9902
TXN-202804,SKU-00070,LOC-002,OUT,64,61.50,OP-024,2026-07-05T14:37:46,DOC-2181
TXN-202805,SKU-00268,LOC-016,IN,91,535.88,OP-010,2026-07-12T06:37:46,DOC-7653
TXN-202806,SKU-00430,LOC-004,IN,117,136.49,OP-008,2026-07-23T10:37:46,DOC-6430
TXN-202807,SKU-00167,LOC-017,IN,143,776.96,OP-042,2026-07-07T16:37:46,DOC-9179
TXN-202808,SKU-00375,LOC-005,IN,163,401.09,OP-028,2026-07-22T14:37:46,DOC-2990
TXN-202809,SKU-00349,LOC-009,OUT,175,572.24,OP-033,2026-07-05T04:37:46,DOC-5597
TXN-202810,SKU-00382,LOC-020,IN,90,181.53,OP-019,2026-07-17T16:37:46,DOC-9499
TXN-202811,SKU-00193,LOC-005,OUT,45,385.67,OP-016,2026-07-25T01:37:46,
TXN-202812,SKU-00423,LOC-003,OUT,113,579.22,OP-038,2026-07-19T10:37:46,DOC-7004
TXN-202813,SKU-00382,LOC-008,ADJUST,183,615.17,OP-004,2026-07-09T17:37:46,
TXN-202814,SKU-00071,LOC-020,IN,132,483.32,OP-026,2026-07-24T00:37:46,DOC-2806
TXN-202815,SKU-00299,LOC-019,OUT,124,434.09,OP-039,2026-07-17T00:37:46,DOC-6086
TXN-202816,SKU-00144,LOC-019,IN,33,483.36,OP-010,2026-07-04T22:37:46,DOC-2086
TXN-202817,SKU-00331,LOC-011,IN,16,633.42,OP-017,2026-07-17T04:37:46,
TXN-202818,SKU-00263,LOC-015,IN,53,194.39,OP-034,2026-07-19T17:37:46,DOC-3369
TXN-202819,SKU-00093,LOC-010,IN,77,571.15,OP-026,2026-07-04T19:37:46,DOC-3898
TXN-202820,SKU-00300,LOC-020,IN,43,261.37,OP-001,2026-07-28T08:37:46,DOC-2544
TXN-202821,SKU-00163,LOC-001,OUT,46,663.55,OP-038,2026-07-31T12:37:46,DOC-9297
TXN-202822,SKU-00226,LOC-011,IN,160,625.04,OP-005,2026-07-18T03:37:46,DOC-9937
TXN-202823,SKU-00406,LOC-001,IN,115,248.68,OP-021,2026-07-25T19:37:46,DOC-1423
TXN-202824,SKU-00403,LOC-013,IN,60,735.79,OP-034,2026-07-21T08:37:46,DOC-8432
TXN-202825,SKU-00018,LOC-018,OUT,73,84.11,OP-025,2026-07-30T14:37:46,DOC-5169
TXN-202826,SKU-00463,LOC-007,ADJUST,84,333.43,OP-045,2026-07-27T18:37:46,DOC-5420
TXN-202827,SKU-00486,LOC-015,OUT,168,766.36,OP-045,2026-07-30T19:37:46,DOC-7086
TXN-202828,SKU-00491,LOC-016,OUT,73,167.62,OP-011,2026-07-10T03:37:46,DOC-3181
TXN-202829,SKU-00133,LOC-014,IN,71,323.57,OP-020,2026-07-29T18:37:46,
TXN-202830,SKU-00365,LOC-012,IN,4,593.92,OP-011,2026-07-18T08:37:46,DOC-1756
TXN-202831,SKU-00258,LOC-006,OUT,185,472.58,OP-009,2026-07-05T16:37:46,DOC-2021
TXN-202832,SKU-00294,LOC-008,OUT,139,705.67,OP-032,2026-07-30T12:37:46,DOC-1021
TXN-202833,SKU-00092,LOC-020,IN,199,570.67,OP-005,2026-07-22T16:37:46,DOC-6164
TXN-202834,SKU-00473,LOC-015,IN,190,408.12,OP-010,2026-07-11T12:37:46,DOC-7502
TXN-202835,SKU-00177,LOC-012,WRITE_OFF,160,113.49,OP-019,2026-07-10T23:37:46,DOC-7630
TXN-202836,SKU-00234,LOC-004,OUT,149,791.08,OP-041,2026-07-30T02:37:46,DOC-5613
TXN-202837,SKU-00258,LOC-001,OUT,32,411.36,OP-020,2026-07-17T20:37:46,
TXN-202838,SKU-00349,LOC-014,OUT,3,386.73,OP-013,2026-07-21T17:37:46,
TXN-202839,SKU-00219,LOC-017,WRITE_OFF,115,429.55,OP-021,2026-07-28T12:37:46,
TXN-202840,SKU-00282,LOC-012,IN,69,614.96,OP-041,2026-07-05T18:37:46,DOC-2948
TXN-202841,SKU-00459,LOC-007,ADJUST,180,261.27,OP-023,2026-07-07T03:37:46,DOC-4664
TXN-202842,SKU-00426,LOC-018,OUT,26,549.95,OP-047,2026-07-28T04:37:46,DOC-2866
TXN-202843,SKU-00175,LOC-008,OUT,119,474.76,OP-005,2026-07-15T15:37:46,DOC-5865
TXN-202844,SKU-00269,LOC-005,OUT,54,259.88,OP-048,2026-07-02T08:37:46,
TXN-202845,SKU-00081,LOC-017,ADJUST,92,716.26,OP-002,2026-07-22T05:37:46,DOC-9665
TXN-202846,SKU-00242,LOC-002,IN,36,566.97,OP-030,2026-07-16T11:37:46,DOC-7671
TXN-202847,SKU-00368,LOC-018,IN,38,717.96,OP-011,2026-07-19T19:37:46,
TXN-202848,SKU-00288,LOC-005,OUT,31,36.76,OP-021,2026-07-13T20:37:46,DOC-7536
TXN-202849,SKU-00018,LOC-003,IN,54,747.75,OP-050,2026-07-28T04:37:46,DOC-4065
TXN-202850,SKU-00201,LOC-004,ADJUST,23,629.78,OP-008,2026-07-05T11:37:46,DOC-6938
TXN-202851,SKU-00489,LOC-015,IN,16,360.59,OP-021,2026-07-28T05:37:46,DOC-1314
TXN-202852,SKU-00149,LOC-005,OUT,118,451.23,OP-017,2026-07-13T02:37:46,DOC-4384
TXN-202853,SKU-00032,LOC-009,ADJUST,51,434.71,OP-024,2026-07-28T07:37:46,DOC-1884
TXN-202854,SKU-00246,LOC-013,IN,3,792.55,OP-040,2026-07-23T21:37:46,DOC-1262
TXN-202855,SKU-00088,LOC-013,IN,113,440.81,OP-015,2026-07-31T11:37:46,DOC-7758
TXN-202856,SKU-00071,LOC-001,OUT,175,197.92,OP-007,2026-07-28T04:37:46,DOC-5338
TXN-202857,SKU-00362,LOC-009,IN,70,590.07,OP-004,2026-07-20T10:37:46,DOC-3563
TXN-202858,SKU-00360,LOC-014,IN,80,796.96,OP-049,2026-07-03T21:37:46,DOC-3168
TXN-202859,SKU-00403,LOC-017,IN,60,711.07,OP-046,2026-07-20T02:37:46,DOC-1556
TXN-202860,SKU-00372,LOC-003,IN,4,202.04,OP-039,2026-07-06T15:37:46,DOC-6023
TXN-202861,SKU-00137,LOC-017,OUT,87,662.99,OP-017,2026-07-24T21:37:46,DOC-7804
TXN-202862,SKU-00174,LOC-003,OUT,180,521.33,OP-039,2026-07-22T17:37:46,DOC-3695
TXN-202863,SKU-00308,LOC-011,OUT,80,510.67,OP-019,2026-07-23T00:37:46,DOC-7477
TXN-202864,SKU-00467,LOC-015,OUT,25,111.10,OP-022,2026-07-31T12:37:46,DOC-7742
TXN-202865,SKU-00403,LOC-007,OUT,40,83.35,OP-032,2026-07-20T16:37:46,DOC-1625
TXN-202866,SKU-00373,LOC-010,OUT,127,707.10,OP-042,2026-07-03T09:37:46,DOC-7977
TXN-202867,SKU-00493,LOC-005,OUT,5,165.04,OP-040,2026-07-25T20:37:46,DOC-1724
TXN-202868,SKU-00020,LOC-001,OUT,130,252.18,OP-039,2026-07-13T22:37:46,DOC-8266
TXN-202869,SKU-00111,LOC-019,ADJUST,21,645.95,OP-014,2026-07-20T17:37:46,DOC-3241
TXN-202870,SKU-00394,LOC-008,IN,128,592.64,OP-016,2026-07-23T08:37:46,
TXN-202871,SKU-00481,LOC-018,IN,74,332.11,OP-001,2026-07-04T10:37:46,DOC-4436
TXN-202872,SKU-00040,LOC-014,ADJUST,124,613.13,OP-027,2026-07-25T18:37:46,DOC-8833
TXN-202873,SKU-00442,LOC-014,ADJUST,102,790.20,OP-047,2026-07-20T12:37:46,DOC-2060
TXN-202874,SKU-00275,LOC-003,ADJUST,140,758.42,OP-044,2026-07-15T20:37:46,DOC-8641
TXN-202875,SKU-00044,LOC-001,IN,49,310.26,OP-036,2026-07-20T11:37:46,DOC-4615
TXN-202876,SKU-00275,LOC-008,IN,64,515.28,OP-005,2026-07-18T11:37:46,
TXN-202877,SKU-00455,LOC-002,IN,55,157.08,OP-021,2026-07-03T09:37:46,DOC-1710
TXN-202878,SKU-00233,LOC-020,OUT,8,350.45,OP-026,2026-07-18T23:37:46,DOC-7607
TXN-202879,SKU-00095,LOC-016,IN,143,494.03,OP-027,2026-07-09T10:37:46,DOC-8224
TXN-202880,SKU-00453,LOC-010,ADJUST,2,116.32,OP-024,2026-07-04T07:37:46,
TXN-202881,SKU-00396,LOC-018,ADJUST,109,613.16,OP-031,2026-07-29T16:37:46,DOC-9686
TXN-202882,SKU-00310,LOC-006,OUT,110,513.27,OP-014,2026-07-21T19:37:46,DOC-1107
TXN-202883,SKU-00102,LOC-010,IN,47,569.24,OP-016,2026-07-30T08:37:46,
TXN-202884,SKU-00339,LOC-005,IN,161,143.43,OP-016,2026-07-18T07:37:46,DOC-2315
TXN-202885,SKU-00073,LOC-018,OUT,72,722.48,OP-016,2026-07-10T08:37:46,
TXN-202886,SKU-00340,LOC-014,OUT,109,327.71,OP-021,2026-07-25T11:37:46,DOC-6026
TXN-202887,SKU-00499,LOC-005,OUT,121,178.45,OP-026,2026-07-03T23:37:46,DOC-9365
TXN-202888,SKU-00279,LOC-012,OUT,118,389.34,OP-047,2026-07-10T22:37:46,DOC-8145
TXN-202889,SKU-00157,LOC-016,WRITE_OFF,138,364.57,OP-022,2026-07-20T09:37:46,DOC-2973
TXN-202890,SKU-00091,LOC-016,OUT,121,114.16,OP-030,2026-07-27T21:37:46,DOC-8263
TXN-202891,SKU-00393,LOC-006,ADJUST,126,530.05,OP-024,2026-07-24T04:37:46,DOC-2864
TXN-202892,SKU-00373,LOC-008,OUT,170,363.41,OP-024,2026-07-23T08:37:46,DOC-6175
TXN-202893,SKU-00111,LOC-001,IN,81,554.58,OP-005,2026-07-09T00:37:46,DOC-3366
TXN-202894,SKU-00476,LOC-008,OUT,70,565.03,OP-002,2026-07-03T12:37:46,DOC-3578
TXN-202895,SKU-00190,LOC-012,OUT,68,494.82,OP-040,2026-07-03T01:37:46,DOC-8835
TXN-202896,SKU-00002,LOC-011,IN,185,138.30,OP-038,2026-07-21T09:37:46,DOC-7878
TXN-202897,SKU-00402,LOC-010,OUT,116,717.98,OP-033,2026-07-19T11:37:46,DOC-4715
TXN-202898,SKU-00351,LOC-004,OUT,109,491.39,OP-017,2026-07-25T16:37:46,DOC-5283
TXN-202899,SKU-00144,LOC-006,IN,74,378.07,OP-050,2026-07-22T06:37:46,DOC-2075
TXN-202900,SKU-00172,LOC-007,IN,83,101.97,OP-045,2026-07-18T18:37:46,DOC-4882
TXN-202901,SKU-00210,LOC-004,IN,159,628.25,OP-034,2026-07-08T23:37:46,DOC-1884
TXN-202902,SKU-00257,LOC-020,OUT,17,473.25,OP-024,2026-07-03T00:37:46,DOC-2885
TXN-202903,SKU-00092,LOC-003,ADJUST,4,719.58,OP-047,2026-07-10T15:37:46,DOC-5500
TXN-202904,SKU-00432,LOC-005,OUT,74,365.09,OP-015,2026-07-12T10:37:46,DOC-5726
TXN-202905,SKU-00355,LOC-007,IN,200,645.18,OP-006,2026-07-21T23:37:46,DOC-7767
TXN-202906,SKU-00352,LOC-009,OUT,57,165.09,OP-018,2026-07-09T08:37:46,
TXN-202907,SKU-00338,LOC-001,OUT,195,307.47,OP-015,2026-07-23T16:37:46,DOC-4871
TXN-202908,SKU-00179,LOC-008,OUT,65,597.66,OP-045,2026-07-17T18:37:46,DOC-9290
TXN-202909,SKU-00379,LOC-016,OUT,106,703.16,OP-027,2026-07-02T08:37:46,DOC-1092
TXN-202910,SKU-00088,LOC-015,OUT,62,205.49,OP-050,2026-07-17T12:37:46,
TXN-202911,SKU-00146,LOC-009,OUT,59,313.46,OP-027,2026-07-16T13:37:46,DOC-2460
TXN-202912,SKU-00254,LOC-003,IN,47,449.71,OP-036,2026-07-22T23:37:46,DOC-1569
TXN-202913,SKU-00027,LOC-001,OUT,22,279.90,OP-012,2026-07-02T15:37:46,DOC-7210
TXN-202914,SKU-00332,LOC-004,OUT,193,269.14,OP-032,2026-07-08T05:37:46,DOC-3822
TXN-202915,SKU-00035,LOC-002,IN,23,739.58,OP-046,2026-07-23T11:37:46,DOC-4646
TXN-202916,SKU-00436,LOC-016,OUT,83,531.48,OP-003,2026-07-24T16:37:46,DOC-9578
TXN-202917,SKU-00267,LOC-013,IN,107,637.82,OP-015,2026-07-19T02:37:46,
TXN-202918,SKU-00329,LOC-010,ADJUST,180,371.85,OP-034,2026-07-02T07:37:46,DOC-6157
TXN-202919,SKU-00397,LOC-003,ADJUST,158,518.26,OP-015,2026-07-18T18:37:46,DOC-4553
TXN-202920,SKU-00209,LOC-013,IN,128,494.16,OP-042,2026-07-10T13:37:46,DOC-8591
TXN-202921,SKU-00369,LOC-007,OUT,191,469.81,OP-017,2026-07-14T14:37:46,DOC-2806
TXN-202922,SKU-00417,LOC-016,IN,9,574.62,OP-020,2026-07-24T03:37:46,DOC-7413
TXN-202923,SKU-00150,LOC-005,IN,4,688.00,OP-050,2026-07-11T16:37:46,DOC-3058
TXN-202924,SKU-00191,LOC-014,OUT,150,63.86,OP-047,2026-07-28T21:37:46,
TXN-202925,SKU-00059,LOC-002,OUT,87,497.16,OP-028,2026-07-11T12:37:46,DOC-3084
TXN-202926,SKU-00181,LOC-014,IN,137,799.06,OP-043,2026-07-20T16:37:46,DOC-4398
TXN-202927,SKU-00130,LOC-005,IN,130,489.09,OP-049,2026-07-17T15:37:46,DOC-3682
TXN-202928,SKU-00182,LOC-001,IN,171,238.81,OP-014,2026-07-30T07:37:46,DOC-8997
TXN-202929,SKU-00254,LOC-009,IN,87,85.44,OP-044,2026-07-22T08:37:46,DOC-2715
TXN-202930,SKU-00437,LOC-016,IN,190,676.00,OP-002,2026-07-29T13:37:46,DOC-7482
TXN-202931,SKU-00095,LOC-020,IN,121,544.36,OP-047,2026-07-25T11:37:46,DOC-1665
TXN-202932,SKU-00435,LOC-012,IN,168,730.32,OP-020,2026-07-02T19:37:46,DOC-4650
TXN-202933,SKU-00245,LOC-016,IN,139,172.77,OP-037,2026-07-27T23:37:46,DOC-2223
TXN-202934,SKU-00043,LOC-002,IN,77,474.53,OP-026,2026-07-20T07:37:46,DOC-8530
TXN-202935,SKU-00283,LOC-007,OUT,34,704.13,OP-018,2026-07-04T01:37:46,DOC-4618
TXN-202936,SKU-00085,LOC-002,OUT,124,517.75,OP-045,2026-07-13T04:37:46,DOC-3007
TXN-202937,SKU-00142,LOC-003,OUT,170,429.90,OP-029,2026-07-30T02:37:46,DOC-3409
TXN-202938,SKU-00261,LOC-003,IN,56,649.42,OP-038,2026-07-06T07:37:46,DOC-3977
TXN-202939,SKU-00022,LOC-016,IN,92,458.65,OP-010,2026-07-24T16:37:46,DOC-2452
TXN-202940,SKU-00094,LOC-008,OUT,6,648.04,OP-040,2026-07-02T23:37:46,
TXN-202941,SKU-00211,LOC-016,ADJUST,155,431.79,OP-016,2026-07-06T17:37:46,DOC-4374
TXN-202942,SKU-00444,LOC-011,WRITE_OFF,99,272.19,OP-022,2026-07-29T17:37:46,DOC-9072
TXN-202943,SKU-00235,LOC-003,IN,186,525.16,OP-029,2026-07-24T22:37:46,
TXN-202944,SKU-00209,LOC-011,ADJUST,179,180.14,OP-050,2026-07-02T06:37:46,DOC-5756
TXN-202945,SKU-00493,LOC-017,OUT,160,49.27,OP-047,2026-07-24T18:37:46,DOC-5928
TXN-202946,SKU-00255,LOC-013,OUT,193,529.81,OP-050,2026-07-20T11:37:46,DOC-4401
TXN-202947,SKU-00121,LOC-015,IN,124,442.63,OP-015,2026-07-05T22:37:46,DOC-9107
TXN-202948,SKU-00468,LOC-010,IN,100,550.49,OP-001,2026-07-26T09:37:46,DOC-8246
TXN-202949,SKU-00100,LOC-016,OUT,176,723.52,OP-032,2026-07-21T21:37:46,DOC-7502
TXN-202950,SKU-00128,LOC-005,OUT,109,461.43,OP-034,2026-07-17T06:37:46,
TXN-202951,SKU-00098,LOC-006,ADJUST,115,252.17,OP-017,2026-07-27T18:37:46,DOC-4086
TXN-202952,SKU-00323,LOC-004,OUT,186,42.42,OP-004,2026-07-27T14:37:46,DOC-7471
TXN-202953,SKU-00453,LOC-011,OUT,150,158.39,OP-007,2026-07-11T10:37:46,DOC-9420
TXN-202954,SKU-00408,LOC-015,OUT,138,139.64,OP-014,2026-07-07T14:37:46,DOC-4364
TXN-202955,SKU-00232,LOC-019,IN,34,555.54,OP-004,2026-07-12T14:37:46,DOC-3699
TXN-202956,SKU-00219,LOC-018,OUT,100,315.54,OP-008,2026-07-13T14:37:46,DOC-1467
TXN-202957,SKU-00385,LOC-006,IN,23,311.13,OP-036,2026-07-10T01:37:46,DOC-6258
TXN-202958,SKU-00173,LOC-008,ADJUST,181,549.23,OP-036,2026-07-15T00:37:46,
TXN-202959,SKU-00026,LOC-003,OUT,141,514.17,OP-050,2026-07-03T15:37:46,DOC-8602
TXN-202960,SKU-00134,LOC-005,OUT,46,113.96,OP-036,2026-07-17T20:37:46,
TXN-202961,SKU-00021,LOC-020,OUT,136,20.11,OP-006,2026-07-15T15:37:46,DOC-7675
TXN-202962,SKU-00407,LOC-005,OUT,94,395.42,OP-034,2026-07-31T13:37:46,DOC-8492
TXN-202963,SKU-00298,LOC-013,IN,13,609.09,OP-031,2026-07-20T02:37:46,DOC-2070
TXN-202964,SKU-00453,LOC-005,WRITE_OFF,159,580.48,OP-046,2026-07-10T16:37:46,DOC-3042
TXN-202965,SKU-00011,LOC-020,OUT,158,498.01,OP-037,2026-07-15T07:37:46,DOC-5628
TXN-202966,SKU-00123,LOC-006,ADJUST,149,379.28,OP-001,2026-07-06T18:37:46,DOC-2678
TXN-202967,SKU-00374,LOC-007,OUT,129,607.01,OP-040,2026-07-23T20:37:46,DOC-1837
TXN-202968,SKU-00448,LOC-008,ADJUST,79,160.33,OP-026,2026-07-31T06:37:46,DOC-2002
TXN-202969,SKU-00445,LOC-014,IN,3,127.83,OP-036,2026-07-18T13:37:46,DOC-5758
TXN-202970,SKU-00230,LOC-018,OUT,118,787.56,OP-036,2026-07-07T07:37:46,DOC-1532
TXN-202971,SKU-00227,LOC-015,IN,24,269.02,OP-021,2026-07-28T01:37:46,
TXN-202972,SKU-00068,LOC-008,IN,182,365.08,OP-028,2026-07-14T07:37:46,DOC-6235
TXN-202973,SKU-00119,LOC-005,OUT,88,678.25,OP-038,2026-07-11T06:37:46,DOC-2648
TXN-202974,SKU-00126,LOC-004,OUT,19,670.68,OP-022,2026-07-11T20:37:46,
TXN-202975,SKU-00480,LOC-012,IN,187,60.81,OP-040,2026-07-12T09:37:46,DOC-4299
TXN-202976,SKU-00039,LOC-015,IN,40,50.11,OP-018,2026-07-14T02:37:46,
TXN-202977,SKU-00359,LOC-011,ADJUST,3,186.84,OP-010,2026-07-01T19:37:46,DOC-4180
TXN-202978,SKU-00135,LOC-007,IN,86,640.00,OP-007,2026-07-15T16:37:46,
TXN-202979,SKU-00057,LOC-007,IN,37,315.68,OP-033,2026-07-15T02:37:46,DOC-8561
TXN-202980,SKU-00335,LOC-006,ADJUST,123,726.74,OP-034,2026-07-30T16:37:46,DOC-6110
TXN-202981,SKU-00301,LOC-012,WRITE_OFF,106,157.63,OP-004,2026-07-04T00:37:46,DOC-3775
TXN-202982,SKU-00169,LOC-017,IN,25,67.78,OP-009,2026-07-16T15:37:46,DOC-7220
TXN-202983,SKU-00392,LOC-012,OUT,179,306.68,OP-036,2026-07-28T05:37:46,DOC-5011
TXN-202984,SKU-00097,LOC-016,OUT,66,214.03,OP-036,2026-07-18T01:37:46,DOC-4101
TXN-202985,SKU-00130,LOC-012,ADJUST,150,721.07,OP-045,2026-07-13T11:37:46,DOC-7964
TXN-202986,SKU-00326,LOC-017,IN,94,604.46,OP-026,2026-07-08T10:37:46,DOC-7932
TXN-202987,SKU-00304,LOC-009,IN,13,34.42,OP-018,2026-07-09T22:37:46,DOC-2095
TXN-202988,SKU-00329,LOC-007,OUT,25,679.97,OP-022,2026-07-27T04:37:46,DOC-5648
TXN-202989,SKU-00173,LOC-019,IN,52,227.28,OP-005,2026-07-30T11:37:46,DOC-7608
TXN-202990,SKU-00243,LOC-009,IN,163,388.04,OP-047,2026-07-19T15:37:46,DOC-6678
TXN-202991,SKU-00186,LOC-008,OUT,19,23.83,OP-007,2026-07-24T17:37:46,
TXN-202992,SKU-00412,LOC-009,WRITE_OFF,195,73.53,OP-042,2026-07-08T23:37:46,DOC-4172
TXN-202993,SKU-00040,LOC-016,IN,61,508.68,OP-049,2026-07-07T23:37:46,DOC-3384
TXN-202994,SKU-00436,LOC-011,IN,42,82.47,OP-025,2026-07-10T10:37:46,DOC-2369
TXN-202995,SKU-00290,LOC-001,OUT,92,294.74,OP-024,2026-07-28T10:37:46,DOC-9679
TXN-202996,SKU-00340,LOC-007,IN,133,436.11,OP-021,2026-07-10T06:37:46,DOC-3375
TXN-202997,SKU-00157,LOC-015,OUT,138,448.60,OP-015,2026-07-06T21:37:46,DOC-4299
TXN-202998,SKU-00046,LOC-007,OUT,25,680.19,OP-014,2026-07-22T10:37:46,
TXN-202999,SKU-00002,LOC-014,OUT,148,723.65,OP-013,2026-07-06T05:37:46,DOC-2546
TXN-203000,SKU-00210,LOC-016,IN,26,479.84,OP-046,2026-07-02T19:37:46,DOC-9716
TXN-203001,SKU-00474,LOC-015,OUT,3,69.89,OP-046,2026-07-10T09:37:46,DOC-8096
TXN-203002,SKU-00118,LOC-019,IN,147,770.77,OP-022,2026-07-05T18:37:46,DOC-8349
TXN-203003,SKU-00425,LOC-001,IN,24,418.91,OP-038,2026-07-09T17:37:46,DOC-3118
TXN-203004,SKU-00216,LOC-002,OUT,6,364.57,OP-042,2026-07-19T10:37:46,DOC-6928
TXN-203005,SKU-00097,LOC-016,IN,184,214.03,OP-007,2026-07-27T09:37:46,
TXN-203006,SKU-00153,LOC-012,OUT,143,649.81,OP-002,2026-07-27T17:37:46,
TXN-203007,SKU-00472,LOC-005,OUT,27,527.55,OP-016,2026-07-28T21:37:46,DOC-4858
TXN-203008,SKU-00296,LOC-020,IN,156,23.41,OP-018,2026-07-11T19:37:46,DOC-7329
TXN-203009,SKU-00309,LOC-003,OUT,40,40.36,OP-015,2026-07-19T20:37:46,DOC-7377
TXN-203010,SKU-00364,LOC-002,IN,88,494.81,OP-010,2026-07-24T08:37:46,DOC-4708
TXN-203011,SKU-00113,LOC-016,IN,192,737.06,OP-028,2026-07-23T16:37:46,
TXN-203012,SKU-00170,LOC-011,IN,119,406.05,OP-044,2026-07-20T23:37:46,DOC-5986
TXN-203013,SKU-00208,LOC-003,IN,183,516.60,OP-014,2026-07-09T05:37:46,DOC-5991
TXN-203014,SKU-00271,LOC-011,IN,98,531.36,OP-004,2026-07-08T13:37:46,DOC-6772
TXN-203015,SKU-00262,LOC-008,IN,85,591.06,OP-021,2026-07-04T08:37:46,DOC-6302
TXN-203016,SKU-00432,LOC-010,OUT,148,737.65,OP-011,2026-07-01T19:37:46,
TXN-203017,SKU-00284,LOC-004,IN,171,464.92,OP-018,2026-07-16T18:37:46,
TXN-203018,SKU-00490,LOC-007,WRITE_OFF,95,251.55,OP-013,2026-07-09T16:37:46,
TXN-203019,SKU-00294,LOC-008,IN,137,705.67,OP-004,2026-07-19T18:37:46,DOC-9892
TXN-203020,SKU-00345,LOC-006,IN,199,552.35,OP-024,2026-07-23T15:37:46,
TXN-203021,SKU-00453,LOC-002,OUT,189,385.59,OP-023,2026-07-26T21:37:46,DOC-1284
TXN-203022,SKU-00284,LOC-019,ADJUST,15,213.64,OP-027,2026-07-28T03:37:46,DOC-2832
TXN-203023,SKU-00207,LOC-003,OUT,143,497.46,OP-010,2026-07-31T11:37:46,
TXN-203024,SKU-00131,LOC-006,IN,37,756.40,OP-042,2026-07-07T01:37:46,DOC-3298
TXN-203025,SKU-00034,LOC-009,OUT,50,369.96,OP-028,2026-07-08T11:37:46,DOC-4223
TXN-203026,SKU-00431,LOC-004,OUT,80,24.80,OP-031,2026-07-08T20:37:46,
TXN-203027,SKU-00412,LOC-019,IN,113,328.05,OP-028,2026-07-21T19:37:46,DOC-3907
TXN-203028,SKU-00334,LOC-012,IN,88,527.52,OP-019,2026-07-26T05:37:46,DOC-3063
TXN-203029,SKU-00461,LOC-019,OUT,14,515.72,OP-035,2026-07-27T10:37:46,DOC-8162
TXN-203030,SKU-00200,LOC-002,OUT,132,142.92,OP-010,2026-07-02T01:37:46,DOC-6327
TXN-203031,SKU-00034,LOC-011,IN,157,533.46,OP-027,2026-07-09T12:37:46,DOC-7098
TXN-203032,SKU-00195,LOC-012,IN,162,203.94,OP-046,2026-07-03T17:37:46,DOC-3635
TXN-203033,SKU-00190,LOC-010,ADJUST,77,591.10,OP-006,2026-07-26T23:37:46,DOC-3295
TXN-203034,SKU-00080,LOC-013,IN,14,424.59,OP-042,2026-07-06T07:37:46,DOC-3295
TXN-203035,SKU-00342,LOC-017,IN,23,454.36,OP-023,2026-07-25T18:37:46,
TXN-203036,SKU-00432,LOC-020,OUT,109,720.86,OP-018,2026-07-02T16:37:46,DOC-9021
TXN-203037,SKU-00200,LOC-004,IN,166,325.62,OP-007,2026-07-28T09:37:46,DOC-7928
TXN-203038,SKU-00060,LOC-006,OUT,34,605.22,OP-022,2026-07-10T10:37:46,
TXN-203039,SKU-00063,LOC-005,IN,146,752.58,OP-010,2026-07-13T06:37:46,DOC-6998
TXN-203040,SKU-00293,LOC-003,IN,199,701.49,OP-017,2026-07-29T04:37:46,DOC-9317
TXN-203041,SKU-00261,LOC-006,IN,182,47.95,OP-048,2026-07-24T00:37:46,DOC-9978
TXN-203042,SKU-00176,LOC-018,OUT,94,210.90,OP-036,2026-07-31T09:37:46,DOC-4568
TXN-203043,SKU-00065,LOC-014,OUT,199,740.04,OP-015,2026-07-26T23:37:46,DOC-6619
TXN-203044,SKU-00163,LOC-016,OUT,199,640.16,OP-049,2026-07-03T21:37:46,DOC-6444
TXN-203045,SKU-00058,LOC-013,OUT,55,165.43,OP-028,2026-07-17T21:37:46,DOC-2434
TXN-203046,SKU-00116,LOC-009,IN,50,187.03,OP-024,2026-07-22T18:37:46,DOC-6834
TXN-203047,SKU-00128,LOC-017,OUT,194,694.80,OP-026,2026-07-16T17:37:46,DOC-6616
TXN-203048,SKU-00159,LOC-005,IN,12,602.01,OP-040,2026-07-20T14:37:46,DOC-6692
TXN-203049,SKU-00297,LOC-007,OUT,21,775.62,OP-046,2026-07-28T00:37:46,DOC-1321
TXN-203050,SKU-00488,LOC-018,IN,104,511.87,OP-039,2026-07-09T10:37:46,DOC-4664
TXN-203051,SKU-00131,LOC-004,IN,84,714.16,OP-028,2026-07-07T23:37:46,DOC-2806
TXN-203052,SKU-00281,LOC-007,OUT,80,475.55,OP-029,2026-07-23T19:37:46,DOC-7939
TXN-203053,SKU-00489,LOC-014,OUT,146,159.54,OP-036,2026-07-09T15:37:46,
TXN-203054,SKU-00317,LOC-010,ADJUST,67,529.26,OP-027,2026-07-16T18:37:46,DOC-5776
TXN-203055,SKU-00135,LOC-013,ADJUST,37,374.73,OP-009,2026-07-29T04:37:46,
TXN-203056,SKU-00288,LOC-004,ADJUST,105,618.17,OP-001,2026-07-29T14:37:46,DOC-5870
TXN-203057,SKU-00453,LOC-016,OUT,39,730.11,OP-022,2026-07-30T18:37:46,
TXN-203058,SKU-00073,LOC-013,IN,56,672.08,OP-021,2026-07-16T07:37:46,
TXN-203059,SKU-00034,LOC-010,ADJUST,57,47.07,OP-015,2026-07-03T10:37:46,
TXN-203060,SKU-00226,LOC-019,IN,22,135.78,OP-015,2026-07-15T04:37:46,
TXN-203061,SKU-00168,LOC-011,OUT,63,297.62,OP-044,2026-07-10T01:37:46,DOC-4286
TXN-203062,SKU-00121,LOC-008,IN,120,568.75,OP-018,2026-07-04T02:37:46,DOC-7122
TXN-203063,SKU-00292,LOC-011,IN,147,57.96,OP-030,2026-07-10T18:37:46,DOC-7831
TXN-203064,SKU-00242,LOC-012,IN,19,711.23,OP-027,2026-07-17T18:37:46,DOC-2548
TXN-203065,SKU-00435,LOC-002,OUT,176,73.89,OP-045,2026-07-22T11:37:46,DOC-5632
TXN-203066,SKU-00126,LOC-013,IN,74,294.38,OP-039,2026-07-24T22:37:46,DOC-8017
TXN-203067,SKU-00261,LOC-012,IN,102,507.50,OP-026,2026-07-30T06:37:46,DOC-8362
TXN-203068,SKU-00444,LOC-016,IN,55,572.03,OP-011,2026-07-05T04:37:46,DOC-5298
TXN-203069,SKU-00316,LOC-019,ADJUST,179,186.84,OP-006,2026-07-05T23:37:46,DOC-6001
TXN-203070,SKU-00137,LOC-011,IN,170,367.37,OP-024,2026-07-02T17:37:46,DOC-7546
TXN-203071,SKU-00367,LOC-011,WRITE_OFF,147,731.03,OP-016,2026-07-09T05:37:46,DOC-3712
TXN-203072,SKU-00171,LOC-013,IN,76,84.03,OP-041,2026-07-16T16:37:46,DOC-6556
TXN-203073,SKU-00408,LOC-019,IN,157,769.55,OP-044,2026-07-04T06:37:46,DOC-2212
TXN-203074,SKU-00231,LOC-019,OUT,10,628.03,OP-019,2026-07-11T20:37:46,DOC-5707
TXN-203075,SKU-00498,LOC-012,ADJUST,180,261.06,OP-005,2026-07-29T07:37:46,DOC-1159
TXN-203076,SKU-00425,LOC-017,IN,18,608.17,OP-044,2026-07-08T08:37:46,
TXN-203077,SKU-00063,LOC-014,IN,47,229.46,OP-041,2026-07-04T04:37:46,DOC-7822
TXN-203078,SKU-00009,LOC-006,ADJUST,93,16.36,OP-007,2026-07-18T17:37:46,DOC-9233
TXN-203079,SKU-00036,LOC-015,IN,185,575.25,OP-010,2026-07-16T00:37:46,DOC-8670
TXN-203080,SKU-00096,LOC-002,OUT,112,25.28,OP-005,2026-07-06T12:37:46,DOC-7773
TXN-203081,SKU-00362,LOC-004,ADJUST,132,689.04,OP-030,2026-07-27T20:37:46,DOC-1307
TXN-203082,SKU-00458,LOC-002,IN,72,439.83,OP-009,2026-07-11T20:37:46,DOC-9699
TXN-203083,SKU-00081,LOC-009,IN,2,623.55,OP-007,2026-07-07T23:37:46,DOC-5489
TXN-203084,SKU-00068,LOC-006,IN,83,396.86,OP-022,2026-07-29T09:37:46,DOC-1229
TXN-203085,SKU-00286,LOC-005,ADJUST,6,591.85,OP-040,2026-07-21T11:37:46,DOC-9382
TXN-203086,SKU-00288,LOC-015,IN,81,447.01,OP-031,2026-07-10T07:37:46,DOC-2368
TXN-203087,SKU-00041,LOC-013,OUT,178,717.29,OP-001,2026-07-27T03:37:46,DOC-7145
TXN-203088,SKU-00093,LOC-016,OUT,189,171.17,OP-005,2026-07-03T01:37:46,DOC-7971
TXN-203089,SKU-00269,LOC-005,OUT,115,259.88,OP-046,2026-07-11T14:37:46,
TXN-203090,SKU-00369,LOC-018,ADJUST,92,311.74,OP-041,2026-07-08T07:37:46,DOC-7467
TXN-203091,SKU-00342,LOC-014,OUT,166,82.03,OP-021,2026-07-16T13:37:46,
TXN-203092,SKU-00400,LOC-013,IN,95,59.31,OP-047,2026-07-02T00:37:46,DOC-3251
TXN-203093,SKU-00102,LOC-002,IN,38,152.47,OP-048,2026-07-24T16:37:46,DOC-2113
TXN-203094,SKU-00224,LOC-016,OUT,59,347.10,OP-023,2026-07-10T10:37:46,DOC-6139
TXN-203095,SKU-00486,LOC-012,IN,80,510.01,OP-001,2026-07-16T01:37:46,
TXN-203096,SKU-00466,LOC-005,OUT,97,506.88,OP-009,2026-07-27T01:37:46,
TXN-203097,SKU-00156,LOC-003,OUT,170,562.27,OP-034,2026-07-05T07:37:46,DOC-9224
TXN-203098,SKU-00439,LOC-005,ADJUST,150,51.06,OP-049,2026-07-19T16:37:46,DOC-5696
TXN-203099,SKU-00142,LOC-002,IN,126,37.75,OP-015,2026-07-31T11:37:46,DOC-4695
TXN-203100,SKU-00415,LOC-012,IN,164,227.88,OP-016,2026-07-15T06:37:46,
TXN-203101,SKU-00085,LOC-003,IN,8,89.27,OP-038,2026-07-09T09:37:46,DOC-8022
TXN-203102,SKU-00494,LOC-012,OUT,66,708.23,OP-034,2026-07-21T10:37:46,DOC-6392
TXN-203103,SKU-00158,LOC-002,IN,86,340.23,OP-029,2026-07-29T05:37:46,DOC-2231
TXN-203104,SKU-00080,LOC-008,OUT,108,621.67,OP-045,2026-07-25T05:37:46,DOC-1140
TXN-203105,SKU-00221,LOC-011,OUT,25,537.54,OP-022,2026-07-23T23:37:46,
TXN-203106,SKU-00234,LOC-017,OUT,191,571.45,OP-022,2026-07-04T05:37:46,DOC-1055
TXN-203107,SKU-00214,LOC-002,IN,81,705.65,OP-047,2026-07-02T15:37:46,DOC-2147
TXN-203108,SKU-00373,LOC-006,OUT,49,362.53,OP-002,2026-07-29T11:37:46,DOC-7931
TXN-203109,SKU-00194,LOC-005,ADJUST,154,742.50,OP-036,2026-07-14T20:37:46,DOC-5729
TXN-203110,SKU-00310,LOC-019,WRITE_OFF,18,165.68,OP-043,2026-07-20T04:37:46,
TXN-203111,SKU-00195,LOC-008,IN,190,87.99,OP-007,2026-07-17T06:37:46,DOC-2622
TXN-203112,SKU-00296,LOC-010,IN,2,687.42,OP-032,2026-07-12T06:37:46,DOC-8128
TXN-203113,SKU-00495,LOC-016,ADJUST,30,289.58,OP-016,2026-07-08T08:37:46,DOC-1384
TXN-203114,SKU-00143,LOC-014,OUT,42,161.84,OP-019,2026-07-23T21:37:46,
TXN-203115,SKU-00342,LOC-014,IN,79,82.03,OP-012,2026-07-02T11:37:46,DOC-6444
TXN-203116,SKU-00254,LOC-004,OUT,43,634.21,OP-035,2026-07-25T02:37:46,DOC-6188
TXN-203117,SKU-00395,LOC-007,IN,135,162.21,OP-034,2026-07-23T17:37:46,
TXN-203118,SKU-00124,LOC-002,IN,84,537.59,OP-035,2026-07-12T00:37:46,DOC-2696
TXN-203119,SKU-00020,LOC-014,OUT,160,243.50,OP-009,2026-07-15T14:37:46,DOC-8778
TXN-203120,SKU-00080,LOC-006,OUT,71,721.93,OP-045,2026-07-30T04:37:46,DOC-6279
TXN-203121,SKU-00199,LOC-019,IN,117,233.30,OP-012,2026-07-23T18:37:46,
TXN-203122,SKU-00057,LOC-003,OUT,17,133.67,OP-031,2026-07-08T17:37:46,
TXN-203123,SKU-00338,LOC-020,IN,187,261.74,OP-050,2026-07-17T22:37:46,
TXN-203124,SKU-00065,LOC-006,IN,57,308.02,OP-024,2026-07-13T05:37:46,DOC-4567
TXN-203125,SKU-00369,LOC-002,IN,99,548.42,OP-010,2026-07-14T03:37:46,DOC-9805
TXN-203126,SKU-00269,LOC-018,OUT,3,316.66,OP-041,2026-07-02T14:37:46,
TXN-203127,SKU-00272,LOC-018,IN,10,650.60,OP-033,2026-07-11T05:37:46,DOC-1098
TXN-203128,SKU-00044,LOC-003,OUT,95,315.87,OP-046,2026-07-28T06:37:46,
TXN-203129,SKU-00138,LOC-016,IN,166,484.08,OP-004,2026-07-17T03:37:46,DOC-7019
TXN-203130,SKU-00417,LOC-010,IN,162,36.93,OP-031,2026-07-04T05:37:46,DOC-8358
TXN-203131,SKU-00316,LOC-002,IN,62,336.72,OP-028,2026-07-13T10:37:46,DOC-6375
TXN-203132,SKU-00005,LOC-017,OUT,146,82.31,OP-010,2026-07-13T01:37:46,DOC-8810
TXN-203133,SKU-00352,LOC-001,OUT,38,254.09,OP-045,2026-07-21T08:37:46,DOC-8290
TXN-203134,SKU-00046,LOC-003,OUT,180,264.62,OP-047,2026-07-30T05:37:46,DOC-1388
TXN-203135,SKU-00107,LOC-016,OUT,131,550.90,OP-005,2026-07-19T01:37:46,
TXN-203136,SKU-00468,LOC-020,ADJUST,30,453.26,OP-009,2026-07-05T23:37:46,DOC-3918
TXN-203137,SKU-00017,LOC-007,IN,68,216.40,OP-037,2026-07-24T13:37:46,DOC-8920
TXN-203138,SKU-00312,LOC-008,OUT,144,290.64,OP-022,2026-07-09T20:37:46,DOC-8138
TXN-203139,SKU-00427,LOC-015,ADJUST,45,415.05,OP-001,2026-07-18T07:37:46,
TXN-203140,SKU-00158,LOC-008,IN,193,64.20,OP-008,2026-07-03T02:37:46,DOC-6038
TXN-203141,SKU-00347,LOC-007,OUT,124,171.52,OP-031,2026-07-08T18:37:46,DOC-9366
TXN-203142,SKU-00022,LOC-012,IN,62,400.24,OP-001,2026-07-25T10:37:46,DOC-1207
TXN-203143,SKU-00079,LOC-011,WRITE_OFF,86,482.44,OP-021,2026-07-19T03:37:46,DOC-4622
TXN-203144,SKU-00225,LOC-009,OUT,51,467.00,OP-040,2026-07-08T11:37:46,DOC-7521
TXN-203145,SKU-00031,LOC-015,OUT,184,612.53,OP-026,2026-07-17T17:37:46,DOC-7272
TXN-203146,SKU-00147,LOC-016,IN,103,489.24,OP-031,2026-07-19T02:37:46,DOC-8793
TXN-203147,SKU-00039,LOC-018,IN,197,224.66,OP-028,2026-07-15T16:37:46,DOC-9223
TXN-203148,SKU-00116,LOC-013,OUT,37,489.81,OP-050,2026-07-19T05:37:46,DOC-5552
TXN-203149,SKU-00434,LOC-017,OUT,62,715.54,OP-047,2026-07-14T02:37:46,DOC-6912
TXN-203150,SKU-00255,LOC-016,OUT,155,719.29,OP-007,2026-07-13T16:37:46,DOC-3532
TXN-203151,SKU-00089,LOC-003,ADJUST,6,483.13,OP-030,2026-07-28T06:37:46,DOC-7224
TXN-203152,SKU-00307,LOC-016,IN,108,314.98,OP-038,2026-07-11T00:37:46,DOC-7900
TXN-203153,SKU-00153,LOC-018,IN,150,353.00,OP-038,2026-07-02T02:37:46,DOC-1668
TXN-203154,SKU-00080,LOC-001,ADJUST,68,185.27,OP-031,2026-07-15T05:37:46,DOC-4798
TXN-203155,SKU-00259,LOC-020,OUT,171,362.18,OP-015,2026-07-21T05:37:46,DOC-9068
TXN-203156,SKU-00248,LOC-014,IN,16,275.85,OP-017,2026-07-04T20:37:46,DOC-4898
TXN-203157,SKU-00474,LOC-001,IN,1,364.91,OP-032,2026-07-10T21:37:46,DOC-2575
TXN-203158,SKU-00472,LOC-015,OUT,34,597.61,OP-037,2026-07-04T11:37:46,DOC-3724
TXN-203159,SKU-00357,LOC-013,OUT,7,475.93,OP-041,2026-07-07T12:37:46,DOC-2170
TXN-203160,SKU-00063,LOC-005,ADJUST,64,752.58,OP-034,2026-07-21T20:37:46,DOC-6439
TXN-203161,SKU-00029,LOC-017,ADJUST,145,670.42,OP-024,2026-07-08T22:37:46,DOC-2897
TXN-203162,SKU-00062,LOC-010,ADJUST,5,554.19,OP-002,2026-07-15T23:37:46,DOC-6390
TXN-203163,SKU-00307,LOC-010,OUT,190,601.36,OP-008,2026-07-12T21:37:46,DOC-8913
TXN-203164,SKU-00070,LOC-017,ADJUST,71,295.30,OP-038,2026-07-12T14:37:46,
TXN-203165,SKU-00113,LOC-001,OUT,145,660.13,OP-013,2026-07-14T04:37:46,
TXN-203166,SKU-00350,LOC-003,IN,155,795.49,OP-002,2026-07-08T02:37:46,DOC-8885
TXN-203167,SKU-00341,LOC-010,OUT,171,175.17,OP-031,2026-07-22T16:37:46,
TXN-203168,SKU-00021,LOC-013,IN,142,261.80,OP-046,2026-07-22T06:37:46,
TXN-203169,SKU-00433,LOC-012,OUT,194,679.88,OP-019,2026-07-29T21:37:46,DOC-3169
TXN-203170,SKU-00227,LOC-006,IN,6,671.35,OP-023,2026-07-18T08:37:46,DOC-1659
TXN-203171,SKU-00031,LOC-012,OUT,69,101.89,OP-009,2026-07-08T01:37:46,DOC-9322
TXN-203172,SKU-00214,LOC-011,IN,98,397.57,OP-039,2026-07-25T16:37:46,DOC-8762
TXN-203173,SKU-00454,LOC-019,IN,98,162.12,OP-001,2026-07-09T07:37:46,DOC-1559
TXN-203174,SKU-00088,LOC-019,ADJUST,50,727.13,OP-023,2026-07-20T04:37:46,DOC-9854
TXN-203175,SKU-00255,LOC-016,IN,197,719.29,OP-043,2026-07-02T18:37:46,
TXN-203176,SKU-00241,LOC-007,ADJUST,151,780.02,OP-017,2026-07-17T07:37:46,DOC-3308
TXN-203177,SKU-00269,LOC-018,OUT,134,316.66,OP-040,2026-07-14T04:37:46,DOC-7888
TXN-203178,SKU-00008,LOC-003,IN,199,396.45,OP-004,2026-07-06T05:37:46,DOC-7872
TXN-203179,SKU-00013,LOC-011,WRITE_OFF,45,575.17,OP-001,2026-07-30T10:37:46,DOC-7774
TXN-203180,SKU-00477,LOC-019,IN,163,620.27,OP-022,2026-07-16T23:37:46,DOC-8016
TXN-203181,SKU-00024,LOC-016,ADJUST,134,309.79,OP-043,2026-07-08T21:37:46,DOC-9449
TXN-203182,SKU-00143,LOC-001,OUT,97,252.67,OP-021,2026-07-08T11:37:46,DOC-8704
TXN-203183,SKU-00315,LOC-002,IN,75,39.00,OP-012,2026-07-09T05:37:46,DOC-4298
TXN-203184,SKU-00338,LOC-020,IN,79,261.74,OP-047,2026-07-07T15:37:46,DOC-7691
TXN-203185,SKU-00242,LOC-016,OUT,160,130.50,OP-034,2026-07-12T05:37:46,
TXN-203186,SKU-00452,LOC-010,OUT,9,213.59,OP-016,2026-07-09T17:37:46,DOC-8756
TXN-203187,SKU-00082,LOC-014,ADJUST,192,701.49,OP-025,2026-07-12T13:37:46,DOC-1428
TXN-203188,SKU-00141,LOC-017,IN,76,645.34,OP-008,2026-07-07T09:37:46,DOC-1897
TXN-203189,SKU-00171,LOC-002,OUT,179,659.23,OP-015,2026-07-14T14:37:46,DOC-9150
TXN-203190,SKU-00378,LOC-016,OUT,142,59.38,OP-007,2026-07-17T14:37:46,DOC-8382
TXN-203191,SKU-00241,LOC-019,IN,133,229.06,OP-047,2026-07-20T18:37:46,DOC-8194
TXN-203192,SKU-00260,LOC-013,OUT,55,138.31,OP-043,2026-07-24T14:37:46,DOC-2268
TXN-203193,SKU-00107,LOC-020,OUT,134,403.75,OP-044,2026-07-13T12:37:46,DOC-4867
TXN-203194,SKU-00321,LOC-005,IN,141,757.02,OP-042,2026-07-19T23:37:46,DOC-4750
TXN-203195,SKU-00147,LOC-006,OUT,171,671.85,OP-009,2026-07-19T00:37:46,DOC-6865
TXN-203196,SKU-00390,LOC-014,ADJUST,142,93.91,OP-002,2026-07-15T12:37:46,DOC-6501
TXN-203197,SKU-00436,LOC-001,OUT,81,36.75,OP-038,2026-07-20T22:37:46,DOC-3341
TXN-203198,SKU-00103,LOC-016,OUT,34,480.76,OP-038,2026-07-24T14:37:46,DOC-4133
TXN-203199,SKU-00182,LOC-004,OUT,16,745.79,OP-048,2026-07-17T09:37:46,DOC-4862
TXN-203200,SKU-00465,LOC-020,IN,58,465.13,OP-036,2026-07-06T14:37:46,
TXN-203201,SKU-00069,LOC-009,OUT,155,47.39,OP-007,2026-07-25T13:37:46,DOC-7469
TXN-203202,SKU-00248,LOC-016,IN,71,597.40,OP-020,2026-07-05T20:37:46,DOC-6144
TXN-203203,SKU-00230,LOC-011,ADJUST,173,62.51,OP-050,2026-07-07T21:37:46,DOC-1014
TXN-203204,SKU-00163,LOC-016,IN,77,62.93,OP-001,2026-07-27T10:37:46,DOC-7661
TXN-203205,SKU-00127,LOC-008,ADJUST,8,70.64,OP-003,2026-07-29T15:37:46,DOC-2619
TXN-203206,SKU-00422,LOC-010,OUT,89,613.51,OP-001,2026-07-04T06:37:46,
TXN-203207,SKU-00369,LOC-007,IN,13,380.90,OP-011,2026-07-17T10:37:46,DOC-7699
TXN-203208,SKU-00205,LOC-007,OUT,174,574.82,OP-010,2026-07-17T00:37:46,DOC-2470
TXN-203209,SKU-00462,LOC-020,ADJUST,144,145.69,OP-035,2026-07-13T22:37:46,DOC-2532
TXN-203210,SKU-00085,LOC-017,ADJUST,117,450.23,OP-029,2026-07-10T00:37:46,DOC-2426
TXN-203211,SKU-00373,LOC-004,OUT,26,546.40,OP-028,2026-07-27T08:37:46,DOC-7112
TXN-203212,SKU-00461,LOC-001,IN,99,555.75,OP-016,2026-07-31T12:37:46,DOC-4412
TXN-203213,SKU-00173,LOC-014,IN,184,557.08,OP-008,2026-07-16T04:37:46,DOC-4944
TXN-203214,SKU-00263,LOC-011,ADJUST,29,234.19,OP-023,2026-07-03T04:37:46,DOC-7873
TXN-203215,SKU-00455,LOC-004,ADJUST,143,98.91,OP-038,2026-07-21T02:37:46,DOC-9956
TXN-203216,SKU-00476,LOC-005,IN,28,86.86,OP-039,2026-07-11T12:37:46,
TXN-203217,SKU-00153,LOC-008,OUT,123,292.91,OP-038,2026-07-16T23:37:46,DOC-3954
TXN-203218,SKU-00219,LOC-011,IN,10,155.50,OP-023,2026-07-06T22:37:46,
TXN-203219,SKU-00431,LOC-020,OUT,157,158.25,OP-019,2026-07-31T04:37:46,DOC-7629
TXN-203220,SKU-00026,LOC-011,OUT,196,40.71,OP-026,2026-07-27T08:37:46,DOC-1924
TXN-203221,SKU-00130,LOC-012,IN,48,721.07,OP-014,2026-07-13T04:37:46,
TXN-203222,SKU-00039,LOC-014,IN,29,593.51,OP-050,2026-07-20T20:37:46,DOC-7798
TXN-203223,SKU-00426,LOC-007,OUT,15,312.63,OP-048,2026-07-02T08:37:46,
TXN-203224,SKU-00351,LOC-013,IN,129,756.32,OP-045,2026-07-13T02:37:46,DOC-3022
TXN-203225,SKU-00144,LOC-008,IN,136,695.41,OP-040,2026-07-17T12:37:46,DOC-5844
TXN-203226,SKU-00166,LOC-015,OUT,65,103.55,OP-027,2026-07-21T01:37:46,DOC-9185
TXN-203227,SKU-00271,LOC-011,ADJUST,61,531.36,OP-037,2026-07-19T06:37:46,DOC-1241
TXN-203228,SKU-00403,LOC-013,WRITE_OFF,15,735.79,OP-029,2026-07-15T02:37:46,DOC-3210
TXN-203229,SKU-00412,LOC-002,OUT,10,410.24,OP-007,2026-07-19T22:37:46,DOC-9549
TXN-203230,SKU-00112,LOC-020,IN,182,627.54,OP-031,2026-07-06T18:37:46,DOC-4307
TXN-203231,SKU-00162,LOC-005,OUT,195,360.82,OP-032,2026-07-02T22:37:46,DOC-1350
TXN-203232,SKU-00468,LOC-010,OUT,75,550.49,OP-001,2026-07-14T12:37:46,
TXN-203233,SKU-00152,LOC-007,WRITE_OFF,138,493.12,OP-043,2026-07-18T15:37:46,DOC-4993
TXN-203234,SKU-00043,LOC-003,OUT,149,523.76,OP-028,2026-07-26T23:37:46,DOC-7810
TXN-203235,SKU-00197,LOC-007,IN,189,430.18,OP-022,2026-07-22T20:37:46,DOC-6005
TXN-203236,SKU-00120,LOC-015,OUT,120,646.17,OP-017,2026-07-02T08:37:46,DOC-9266
TXN-203237,SKU-00172,LOC-015,OUT,188,67.62,OP-023,2026-07-23T03:37:46,DOC-6899
TXN-203238,SKU-00361,LOC-013,OUT,63,448.99,OP-016,2026-07-11T01:37:46,DOC-7239
TXN-203239,SKU-00462,LOC-013,IN,117,308.55,OP-045,2026-07-05T06:37:46,
TXN-203240,SKU-00153,LOC-009,OUT,72,453.76,OP-008,2026-07-20T17:37:46,DOC-4016
TXN-203241,SKU-00417,LOC-016,IN,56,574.62,OP-033,2026-07-03T18:37:46,DOC-7524
TXN-203242,SKU-00135,LOC-005,IN,200,307.34,OP-031,2026-07-29T04:37:46,DOC-6628
TXN-203243,SKU-00209,LOC-009,WRITE_OFF,96,516.89,OP-005,2026-07-03T15:37:46,DOC-3486
TXN-203244,SKU-00017,LOC-012,ADJUST,182,305.35,OP-001,2026-07-15T12:37:46,DOC-3030
TXN-203245,SKU-00396,LOC-004,OUT,130,132.61,OP-002,2026-07-12T11:37:46,DOC-3611
TXN-203246,SKU-00286,LOC-005,IN,108,591.85,OP-040,2026-07-13T16:37:46,DOC-1804
TXN-203247,SKU-00144,LOC-019,OUT,188,223.66,OP-020,2026-07-12T13:37:46,
TXN-203248,SKU-00404,LOC-020,WRITE_OFF,24,610.76,OP-011,2026-07-12T06:37:46,
TXN-203249,SKU-00087,LOC-005,IN,111,709.99,OP-035,2026-07-02T13:37:46,DOC-7620
TXN-203250,SKU-00072,LOC-011,IN,66,305.03,OP-048,2026-07-06T03:37:46,DOC-6055
TXN-203251,SKU-00177,LOC-002,IN,182,137.76,OP-026,2026-07-26T07:37:46,DOC-3491
TXN-203252,SKU-00002,LOC-020,OUT,182,393.04,OP-010,2026-07-12T00:37:46,DOC-9911
TXN-203253,SKU-00374,LOC-001,IN,190,759.85,OP-037,2026-07-25T03:37:46,DOC-5528
TXN-203254,SKU-00327,LOC-020,IN,117,621.00,OP-017,2026-07-11T20:37:46,
TXN-203255,SKU-00011,LOC-013,OUT,193,775.56,OP-049,2026-07-24T22:37:46,DOC-8552
TXN-203256,SKU-00410,LOC-014,IN,9,430.93,OP-005,2026-07-09T16:37:46,DOC-7890
TXN-203257,SKU-00381,LOC-005,OUT,197,399.15,OP-033,2026-07-17T19:37:46,
TXN-203258,SKU-00438,LOC-016,IN,16,235.41,OP-012,2026-07-12T07:37:46,
TXN-203259,SKU-00362,LOC-006,OUT,173,129.07,OP-024,2026-07-26T12:37:46,DOC-8962
TXN-203260,SKU-00282,LOC-012,ADJUST,13,305.06,OP-019,2026-07-02T01:37:46,DOC-6726
TXN-203261,SKU-00008,LOC-002,ADJUST,35,597.43,OP-031,2026-07-13T21:37:46,DOC-5895
TXN-203262,SKU-00174,LOC-013,OUT,137,429.05,OP-026,2026-07-24T16:37:46,DOC-5937
TXN-203263,SKU-00315,LOC-011,OUT,184,565.10,OP-032,2026-07-24T09:37:46,DOC-4802
TXN-203264,SKU-00372,LOC-004,OUT,30,766.48,OP-001,2026-07-26T12:37:46,DOC-6414
TXN-203265,SKU-00114,LOC-002,IN,159,325.84,OP-009,2026-07-25T15:37:46,DOC-9522
TXN-203266,SKU-00152,LOC-017,IN,143,189.45,OP-021,2026-07-03T10:37:46,DOC-5210
TXN-203267,SKU-00079,LOC-020,OUT,38,269.88,OP-042,2026-07-08T02:37:46,DOC-9199
TXN-203268,SKU-00233,LOC-020,IN,108,350.45,OP-023,2026-07-04T17:37:46,
TXN-203269,SKU-00346,LOC-002,IN,28,689.12,OP-019,2026-07-28T02:37:46,DOC-9001
TXN-203270,SKU-00207,LOC-017,OUT,30,242.57,OP-030,2026-07-10T12:37:46,DOC-2629
TXN-203271,SKU-00282,LOC-004,OUT,92,172.84,OP-001,2026-07-03T06:37:46,DOC-7107
TXN-203272,SKU-00054,LOC-006,IN,174,618.55,OP-005,2026-07-18T16:37:46,DOC-3579
TXN-203273,SKU-00195,LOC-002,IN,141,342.48,OP-032,2026-07-04T23:37:46,DOC-5803
TXN-203274,SKU-00293,LOC-019,OUT,137,286.26,OP-035,2026-07-31T12:37:46,DOC-6268
TXN-203275,SKU-00287,LOC-003,IN,193,501.70,OP-025,2026-07-18T02:37:46,DOC-1288
TXN-203276,SKU-00198,LOC-013,OUT,65,200.40,OP-044,2026-07-20T23:37:46,DOC-5526
TXN-203277,SKU-00327,LOC-008,OUT,78,280.07,OP-030,2026-07-08T12:37:46,
TXN-203278,SKU-00291,LOC-015,OUT,71,584.29,OP-038,2026-07-08T03:37:46,
TXN-203279,SKU-00045,LOC-011,IN,103,76.35,OP-038,2026-07-13T01:37:46,
TXN-203280,SKU-00118,LOC-006,OUT,83,405.85,OP-040,2026-07-22T05:37:46,DOC-8273
TXN-203281,SKU-00035,LOC-013,IN,42,485.67,OP-001,2026-07-06T21:37:46,
TXN-203282,SKU-00083,LOC-001,IN,148,24.41,OP-015,2026-07-03T16:37:46,DOC-8593
TXN-203283,SKU-00177,LOC-003,OUT,139,271.35,OP-036,2026-07-25T17:37:46,DOC-2912
TXN-203284,SKU-00216,LOC-001,IN,137,110.68,OP-023,2026-07-24T05:37:46,DOC-4599
TXN-203285,SKU-00397,LOC-013,OUT,8,736.89,OP-013,2026-07-21T21:37:46,DOC-2066
TXN-203286,SKU-00352,LOC-002,ADJUST,67,419.92,OP-045,2026-07-25T02:37:46,DOC-6256
TXN-203287,SKU-00120,LOC-008,IN,37,161.68,OP-050,2026-07-29T20:37:46,DOC-7625
TXN-203288,SKU-00482,LOC-004,OUT,14,475.95,OP-041,2026-07-03T11:37:46,DOC-9551
TXN-203289,SKU-00338,LOC-008,IN,104,709.96,OP-014,2026-07-22T19:37:46,DOC-5437
TXN-203290,SKU-00210,LOC-001,IN,135,565.42,OP-037,2026-07-13T19:37:46,
TXN-203291,SKU-00376,LOC-020,WRITE_OFF,192,275.04,OP-021,2026-07-19T06:37:46,DOC-1083
TXN-203292,SKU-00345,LOC-011,WRITE_OFF,65,604.38,OP-011,2026-07-19T20:37:46,DOC-1787
TXN-203293,SKU-00414,LOC-010,OUT,162,262.67,OP-045,2026-07-02T23:37:46,DOC-6262
TXN-203294,SKU-00346,LOC-002,OUT,45,75.71,OP-013,2026-07-10T02:37:46,DOC-6068
TXN-203295,SKU-00145,LOC-006,IN,11,797.72,OP-033,2026-07-29T16:37:46,DOC-7359
TXN-203296,SKU-00365,LOC-001,IN,66,279.51,OP-006,2026-07-11T08:37:46,DOC-5079
TXN-203297,SKU-00466,LOC-014,IN,51,560.38,OP-012,2026-07-28T08:37:46,
TXN-203298,SKU-00246,LOC-017,IN,49,265.61,OP-010,2026-07-11T02:37:46,DOC-2799
TXN-203299,SKU-00253,LOC-004,OUT,112,151.09,OP-007,2026-07-28T16:37:46,
TXN-203300,SKU-00200,LOC-020,IN,46,584.26,OP-016,2026-07-12T05:37:46,DOC-7377
TXN-203301,SKU-00199,LOC-013,WRITE_OFF,92,481.64,OP-006,2026-07-06T15:37:46,DOC-3327
TXN-203302,SKU-00184,LOC-008,OUT,34,384.18,OP-048,2026-07-29T13:37:46,DOC-4359
TXN-203303,SKU-00492,LOC-018,IN,72,99.71,OP-045,2026-07-08T17:37:46,
TXN-203304,SKU-00047,LOC-003,OUT,23,425.16,OP-004,2026-07-29T05:37:46,DOC-4565
TXN-203305,SKU-00151,LOC-018,IN,107,253.61,OP-018,2026-07-20T01:37:46,DOC-9665
TXN-203306,SKU-00192,LOC-017,OUT,190,81.70,OP-011,2026-07-28T17:37:46,
TXN-203307,SKU-00414,LOC-006,OUT,82,83.63,OP-014,2026-07-14T13:37:46,DOC-9865
TXN-203308,SKU-00138,LOC-011,IN,142,367.90,OP-018,2026-07-29T06:37:46,DOC-4835
TXN-203309,SKU-00095,LOC-003,IN,17,303.74,OP-045,2026-07-24T14:37:46,DOC-1192
TXN-203310,SKU-00483,LOC-016,IN,89,796.93,OP-003,2026-07-28T05:37:46,DOC-7543
TXN-203311,SKU-00168,LOC-020,IN,98,233.42,OP-038,2026-07-09T10:37:46,DOC-9326
TXN-203312,SKU-00182,LOC-011,IN,106,442.43,OP-037,2026-07-12T12:37:46,
TXN-203313,SKU-00013,LOC-015,OUT,96,74.33,OP-036,2026-07-05T13:37:46,DOC-8822
TXN-203314,SKU-00176,LOC-003,IN,153,463.17,OP-046,2026-07-21T05:37:46,
TXN-203315,SKU-00471,LOC-015,IN,41,211.71,OP-003,2026-07-05T09:37:46,DOC-3868
TXN-203316,SKU-00326,LOC-004,ADJUST,86,678.38,OP-046,2026-07-19T02:37:46,DOC-4061
TXN-203317,SKU-00299,LOC-004,IN,2,270.16,OP-036,2026-07-28T16:37:46,DOC-2086
TXN-203318,SKU-00175,LOC-012,IN,54,18.55,OP-036,2026-07-21T21:37:46,DOC-9651
TXN-203319,SKU-00295,LOC-004,OUT,110,679.48,OP-046,2026-07-13T18:37:46,DOC-8169
TXN-203320,SKU-00044,LOC-011,IN,126,626.58,OP-046,2026-07-22T09:37:46,DOC-8817
TXN-203321,SKU-00294,LOC-016,ADJUST,182,407.06,OP-046,2026-07-18T03:37:46,DOC-6950
TXN-203322,SKU-00151,LOC-004,ADJUST,40,504.69,OP-024,2026-07-15T19:37:46,DOC-8505
TXN-203323,SKU-00225,LOC-006,IN,18,598.27,OP-023,2026-07-26T20:37:46,
TXN-203324,SKU-00093,LOC-018,OUT,174,432.81,OP-031,2026-07-06T01:37:46,DOC-7378
TXN-203325,SKU-00464,LOC-008,IN,114,137.97,OP-045,2026-07-23T17:37:46,DOC-7787
TXN-203326,SKU-00174,LOC-003,OUT,123,679.48,OP-044,2026-07-27T04:37:46,DOC-5398
TXN-203327,SKU-00428,LOC-001,IN,105,658.23,OP-044,2026-07-23T08:37:46,DOC-8748
TXN-203328,SKU-00482,LOC-006,ADJUST,26,550.35,OP-036,2026-07-25T10:37:46,DOC-4171
TXN-203329,SKU-00194,LOC-018,OUT,23,276.82,OP-049,2026-07-28T17:37:46,DOC-8216
TXN-203330,SKU-00447,LOC-019,OUT,86,2.27,OP-034,2026-07-02T19:37:46,DOC-3765
TXN-203331,SKU-00128,LOC-017,IN,22,500.00,OP-003,2026-07-21T09:37:46,DOC-5564
TXN-203332,SKU-00133,LOC-003,IN,141,282.15,OP-037,2026-07-11T20:37:46,DOC-3488
TXN-203333,SKU-00212,LOC-005,ADJUST,68,475.52,OP-021,2026-07-19T08:37:46,DOC-3520
TXN-203334,SKU-00144,LOC-008,IN,21,695.41,OP-015,2026-07-26T13:37:46,DOC-8703
TXN-203335,SKU-00425,LOC-001,IN,193,418.91,OP-012,2026-07-30T12:37:46,DOC-2114
TXN-203336,SKU-00347,LOC-019,IN,62,489.40,OP-024,2026-07-31T05:37:46,DOC-5283
TXN-203337,SKU-00336,LOC-013,ADJUST,189,26.44,OP-029,2026-07-03T18:37:46,DOC-4861
TXN-203338,SKU-00224,LOC-002,ADJUST,109,484.22,OP-019,2026-07-10T11:37:46,DOC-1221
TXN-203339,SKU-00399,LOC-017,IN,97,489.60,OP-022,2026-07-24T10:37:46,DOC-8108
TXN-203340,SKU-00461,LOC-015,IN,130,13.07,OP-049,2026-07-01T19:37:46,
TXN-203341,SKU-00296,LOC-015,OUT,13,241.11,OP-024,2026-07-29T17:37:46,DOC-6795
TXN-203342,SKU-00239,LOC-016,IN,84,287.36,OP-007,2026-07-14T10:37:46,DOC-5388
TXN-203343,SKU-00169,LOC-008,ADJUST,72,34.35,OP-041,2026-07-02T23:37:46,DOC-2307
TXN-203344,SKU-00227,LOC-012,ADJUST,81,550.96,OP-013,2026-07-13T23:37:46,
TXN-203345,SKU-00066,LOC-005,OUT,137,770.62,OP-013,2026-07-05T04:37:46,DOC-8003
TXN-203346,SKU-00456,LOC-008,OUT,101,470.75,OP-049,2026-07-20T07:37:46,DOC-6594
TXN-203347,SKU-00425,LOC-001,IN,176,735.07,OP-007,2026-07-10T16:37:46,
TXN-203348,SKU-00445,LOC-006,ADJUST,171,479.80,OP-035,2026-07-26T07:37:46,DOC-3443
TXN-203349,SKU-00092,LOC-016,IN,3,10.94,OP-023,2026-07-30T03:37:46,
TXN-203350,SKU-00001,LOC-017,ADJUST,10,584.88,OP-039,2026-07-18T04:37:46,DOC-5428
TXN-203351,SKU-00165,LOC-016,IN,23,458.89,OP-043,2026-07-04T09:37:46,
TXN-203352,SKU-00129,LOC-003,OUT,9,355.49,OP-023,2026-07-03T02:37:46,
TXN-203353,SKU-00048,LOC-006,OUT,4,118.59,OP-009,2026-07-02T22:37:46,DOC-6487
TXN-203354,SKU-00196,LOC-005,IN,37,53.40,OP-040,2026-07-02T10:37:46,DOC-5115
TXN-203355,SKU-00449,LOC-010,WRITE_OFF,191,712.54,OP-033,2026-07-19T17:37:46,DOC-9868
TXN-203356,SKU-00379,LOC-017,OUT,97,102.73,OP-015,2026-07-27T12:37:46,DOC-4156
TXN-203357,SKU-00170,LOC-019,OUT,138,87.94,OP-041,2026-07-16T03:37:46,DOC-2314
TXN-203358,SKU-00163,LOC-006,IN,149,453.28,OP-043,2026-07-26T12:37:46,DOC-8451
TXN-203359,SKU-00065,LOC-019,OUT,103,522.29,OP-048,2026-07-03T17:37:46,DOC-1137
TXN-203360,SKU-00223,LOC-004,IN,37,409.16,OP-041,2026-07-25T03:37:46,DOC-2085
TXN-203361,SKU-00489,LOC-015,IN,73,360.59,OP-045,2026-07-11T20:37:46,
TXN-203362,SKU-00067,LOC-001,IN,41,207.14,OP-004,2026-07-24T14:37:46,DOC-9454
TXN-203363,SKU-00363,LOC-020,WRITE_OFF,113,368.95,OP-042,2026-07-14T01:37:46,DOC-2259
TXN-203364,SKU-00397,LOC-016,OUT,191,784.95,OP-041,2026-07-03T19:37:46,DOC-8038
TXN-203365,SKU-00091,LOC-007,IN,98,557.11,OP-048,2026-07-21T08:37:46,DOC-5204
TXN-203366,SKU-00238,LOC-013,IN,163,175.73,OP-047,2026-07-26T09:37:46,DOC-5985
TXN-203367,SKU-00446,LOC-019,IN,96,23.36,OP-037,2026-07-26T13:37:46,DOC-2611
TXN-203368,SKU-00338,LOC-016,IN,200,580.27,OP-041,2026-07-13T05:37:46,DOC-1727
TXN-203369,SKU-00328,LOC-013,OUT,72,306.72,OP-047,2026-07-03T08:37:46,DOC-4223
TXN-203370,SKU-00192,LOC-015,WRITE_OFF,25,715.27,OP-010,2026-07-09T12:37:46,DOC-8823
TXN-203371,SKU-00250,LOC-007,OUT,192,508.73,OP-042,2026-07-30T22:37:46,DOC-2461
TXN-203372,SKU-00199,LOC-007,ADJUST,121,198.87,OP-025,2026-07-11T21:37:46,DOC-4662
TXN-203373,SKU-00485,LOC-010,OUT,103,432.04,OP-035,2026-07-20T17:37:46,DOC-6681
TXN-203374,SKU-00078,LOC-009,OUT,32,373.13,OP-028,2026-07-17T16:37:46,DOC-7685
TXN-203375,SKU-00382,LOC-019,IN,167,358.19,OP-005,2026-07-22T11:37:46,DOC-3183
TXN-203376,SKU-00410,LOC-006,IN,111,683.09,OP-014,2026-07-04T23:37:46,DOC-3664
TXN-203377,SKU-00414,LOC-012,OUT,8,158.85,OP-006,2026-07-22T16:37:46,DOC-1216
TXN-203378,SKU-00265,LOC-002,ADJUST,60,10.46,OP-010,2026-07-02T01:37:46,DOC-1561
TXN-203379,SKU-00373,LOC-010,OUT,52,288.63,OP-042,2026-07-12T00:37:46,DOC-5226
TXN-203380,SKU-00174,LOC-003,IN,14,679.48,OP-012,2026-07-04T07:37:46,DOC-9829
TXN-203381,SKU-00173,LOC-008,ADJUST,150,759.58,OP-031,2026-07-29T17:37:46,DOC-4253
TXN-203382,SKU-00266,LOC-017,IN,39,168.55,OP-041,2026-07-29T09:37:46,DOC-9471
TXN-203383,SKU-00401,LOC-001,ADJUST,168,641.91,OP-001,2026-07-15T10:37:46,DOC-4750
TXN-203384,SKU-00066,LOC-005,IN,24,770.62,OP-017,2026-07-01T19:37:46,DOC-8583
TXN-203385,SKU-00096,LOC-009,OUT,24,649.04,OP-022,2026-07-22T18:37:46,DOC-9264
TXN-203386,SKU-00455,LOC-007,ADJUST,186,65.46,OP-041,2026-07-07T13:37:46,DOC-9365
TXN-203387,SKU-00246,LOC-011,OUT,190,16.09,OP-017,2026-07-22T04:37:46,DOC-6833
TXN-203388,SKU-00221,LOC-008,ADJUST,104,263.77,OP-047,2026-07-30T08:37:46,DOC-3065
TXN-203389,SKU-00272,LOC-007,IN,57,388.57,OP-024,2026-07-16T18:37:46,DOC-6995
TXN-203390,SKU-00019,LOC-020,OUT,144,54.48,OP-006,2026-07-10T02:37:46,DOC-1555
TXN-203391,SKU-00214,LOC-006,IN,168,266.32,OP-040,2026-07-20T10:37:46,DOC-9534
TXN-203392,SKU-00019,LOC-002,ADJUST,186,257.66,OP-042,2026-07-10T16:37:46,DOC-3030
TXN-203393,SKU-00384,LOC-011,OUT,196,302.69,OP-035,2026-07-28T22:37:46,
TXN-203394,SKU-00240,LOC-009,OUT,147,45.74,OP-043,2026-07-05T13:37:46,
TXN-203395,SKU-00161,LOC-011,OUT,67,392.06,OP-022,2026-07-31T08:37:46,DOC-8335
TXN-203396,SKU-00388,LOC-018,WRITE_OFF,19,565.56,OP-033,2026-07-12T01:37:46,DOC-4290
TXN-203397,SKU-00051,LOC-014,IN,92,679.00,OP-006,2026-07-13T05:37:46,DOC-9102
TXN-203398,SKU-00108,LOC-015,OUT,24,54.42,OP-047,2026-07-26T08:37:46,
TXN-203399,SKU-00176,LOC-013,IN,84,659.22,OP-006,2026-07-12T03:37:46,DOC-1175
TXN-203400,SKU-00138,LOC-009,OUT,189,383.12,OP-031,2026-07-15T21:37:46,DOC-8557
TXN-203401,SKU-00423,LOC-007,IN,67,98.62,OP-044,2026-07-23T21:37:46,DOC-2888
TXN-203402,SKU-00025,LOC-003,OUT,120,777.91,OP-007,2026-07-14T06:37:46,DOC-1070
TXN-203403,SKU-00324,LOC-007,OUT,91,314.58,OP-034,2026-07-13T10:37:46,DOC-6468
TXN-203404,SKU-00079,LOC-002,OUT,148,691.50,OP-015,2026-07-14T15:37:46,DOC-9788
TXN-203405,SKU-00149,LOC-012,IN,157,474.07,OP-015,2026-07-16T18:37:46,DOC-4855
TXN-203406,SKU-00326,LOC-007,OUT,133,91.00,OP-032,2026-07-05T12:37:46,DOC-5289
TXN-203407,SKU-00056,LOC-016,ADJUST,186,358.53,OP-047,2026-07-16T21:37:46,DOC-6985
TXN-203408,SKU-00293,LOC-010,IN,144,47.05,OP-036,2026-07-15T13:37:46,DOC-3525
TXN-203409,SKU-00072,LOC-011,OUT,194,305.03,OP-011,2026-07-29T14:37:46,DOC-5507
TXN-203410,SKU-00451,LOC-020,OUT,120,407.06,OP-023,2026-07-14T13:37:46,
TXN-203411,SKU-00116,LOC-009,IN,71,187.03,OP-008,2026-07-08T19:37:46,DOC-2689
TXN-203412,SKU-00195,LOC-002,ADJUST,68,551.34,OP-041,2026-07-14T00:37:46,DOC-6156
TXN-203413,SKU-00392,LOC-012,OUT,136,395.59,OP-012,2026-07-28T02:37:46,DOC-8354
TXN-203414,SKU-00063,LOC-008,ADJUST,133,648.33,OP-022,2026-07-18T07:37:46,DOC-7434
TXN-203415,SKU-00099,LOC-006,OUT,109,244.66,OP-040,2026-07-15T05:37:46,DOC-9825
TXN-203416,SKU-00209,LOC-001,WRITE_OFF,65,615.19,OP-042,2026-07-30T10:37:46,DOC-7743
TXN-203417,SKU-00003,LOC-010,OUT,70,237.98,OP-024,2026-07-24T19:37:46,DOC-3963
TXN-203418,SKU-00365,LOC-009,OUT,72,15.58,OP-002,2026-07-18T15:37:46,DOC-5801
TXN-203419,SKU-00136,LOC-007,IN,127,560.05,OP-022,2026-07-28T09:37:46,
TXN-203420,SKU-00034,LOC-001,OUT,62,451.22,OP-049,2026-07-31T08:37:46,DOC-2740
TXN-203421,SKU-00404,LOC-010,IN,24,782.82,OP-019,2026-07-22T01:37:46,
TXN-203422,SKU-00500,LOC-008,OUT,155,200.63,OP-035,2026-07-18T17:37:46,DOC-3130
TXN-203423,SKU-00389,LOC-004,IN,29,500.58,OP-034,2026-07-06T20:37:46,
TXN-203424,SKU-00480,LOC-017,IN,159,774.28,OP-002,2026-07-22T19:37:46,DOC-5571
TXN-203425,SKU-00027,LOC-016,OUT,63,59.10,OP-006,2026-07-06T07:37:46,DOC-4249
TXN-203426,SKU-00120,LOC-014,ADJUST,71,405.14,OP-010,2026-07-09T17:37:46,DOC-6160
TXN-203427,SKU-00250,LOC-004,OUT,173,591.33,OP-016,2026-07-19T21:37:46,DOC-8039
TXN-203428,SKU-00121,LOC-004,IN,69,363.34,OP-039,2026-07-25T00:37:46,DOC-9028
TXN-203429,SKU-00275,LOC-019,IN,57,412.04,OP-037,2026-07-30T07:37:46,DOC-4837
TXN-203430,SKU-00407,LOC-005,IN,27,395.42,OP-016,2026-07-26T18:37:46,DOC-1333
TXN-203431,SKU-00167,LOC-019,OUT,183,2.95,OP-027,2026-07-29T20:37:46,DOC-5223
TXN-203432,SKU-00064,LOC-002,ADJUST,120,578.73,OP-032,2026-07-03T01:37:46,DOC-9890
TXN-203433,SKU-00111,LOC-004,WRITE_OFF,135,257.93,OP-025,2026-07-08T05:37:46,DOC-6551
TXN-203434,SKU-00285,LOC-008,ADJUST,75,689.64,OP-013,2026-07-26T10:37:46,
TXN-203435,SKU-00203,LOC-011,IN,198,483.73,OP-027,2026-07-28T19:37:46,DOC-9079
TXN-203436,SKU-00288,LOC-003,IN,121,761.64,OP-027,2026-07-13T06:37:46,DOC-1636
TXN-203437,SKU-00358,LOC-003,OUT,142,292.82,OP-045,2026-07-30T14:37:46,
TXN-203438,SKU-00054,LOC-015,IN,99,555.97,OP-014,2026-07-26T03:37:46,DOC-9651
TXN-203439,SKU-00338,LOC-003,IN,49,634.68,OP-037,2026-07-31T15:37:46,DOC-3203
TXN-203440,SKU-00322,LOC-010,OUT,51,569.86,OP-026,2026-07-09T08:37:46,
TXN-203441,SKU-00347,LOC-004,IN,167,109.74,OP-012,2026-07-06T19:37:46,DOC-3877
TXN-203442,SKU-00073,LOC-014,IN,3,336.06,OP-016,2026-07-07T19:37:46,
TXN-203443,SKU-00142,LOC-014,ADJUST,139,220.84,OP-045,2026-07-03T11:37:46,DOC-7360
TXN-203444,SKU-00181,LOC-018,OUT,39,498.93,OP-010,2026-07-08T14:37:46,
TXN-203445,SKU-00384,LOC-004,OUT,30,698.34,OP-018,2026-07-03T07:37:46,DOC-9203
TXN-203446,SKU-00299,LOC-018,IN,93,605.33,OP-008,2026-07-09T09:37:46,DOC-8994
TXN-203447,SKU-00289,LOC-009,IN,32,706.01,OP-025,2026-07-16T13:37:46,
TXN-203448,SKU-00213,LOC-013,OUT,171,88.43,OP-025,2026-07-05T01:37:46,
TXN-203449,SKU-00028,LOC-012,OUT,90,419.02,OP-048,2026-07-08T02:37:46,DOC-7169
TXN-203450,SKU-00387,LOC-013,IN,12,180.53,OP-009,2026-07-10T00:37:46,DOC-6293
TXN-203451,SKU-00201,LOC-010,IN,91,380.44,OP-034,2026-07-10T16:37:46,DOC-4613
TXN-203452,SKU-00491,LOC-013,OUT,4,569.75,OP-033,2026-07-24T02:37:46,
TXN-203453,SKU-00410,LOC-006,IN,134,683.09,OP-027,2026-07-21T21:37:46,DOC-8567
TXN-203454,SKU-00310,LOC-015,OUT,162,748.53,OP-014,2026-07-07T23:37:46,DOC-7246
TXN-203455,SKU-00172,LOC-018,IN,66,627.05,OP-025,2026-07-24T21:37:46,DOC-5755
TXN-203456,SKU-00157,LOC-020,OUT,143,552.78,OP-048,2026-07-21T08:37:46,DOC-2550
TXN-203457,SKU-00060,LOC-008,IN,181,59.91,OP-016,2026-07-03T05:37:46,DOC-9112
TXN-203458,SKU-00385,LOC-009,IN,177,306.94,OP-042,2026-07-24T23:37:46,DOC-2871
TXN-203459,SKU-00155,LOC-017,IN,87,189.63,OP-012,2026-07-27T02:37:46,DOC-6457
TXN-203460,SKU-00352,LOC-006,OUT,89,215.73,OP-017,2026-07-04T19:37:46,DOC-9357
TXN-203461,SKU-00408,LOC-001,IN,27,323.37,OP-004,2026-07-12T20:37:46,DOC-6104
TXN-203462,SKU-00295,LOC-015,OUT,8,66.94,OP-015,2026-07-30T00:37:46,
TXN-203463,SKU-00235,LOC-003,IN,188,525.16,OP-011,2026-07-08T00:37:46,DOC-3093
TXN-203464,SKU-00189,LOC-011,OUT,70,271.23,OP-035,2026-07-15T02:37:46,DOC-9396
TXN-203465,SKU-00230,LOC-014,IN,87,81.96,OP-012,2026-07-23T15:37:46,DOC-9537
TXN-203466,SKU-00172,LOC-003,IN,6,464.57,OP-008,2026-07-03T09:37:46,
TXN-203467,SKU-00254,LOC-004,OUT,46,522.73,OP-038,2026-07-11T10:37:46,
TXN-203468,SKU-00308,LOC-012,OUT,35,101.00,OP-036,2026-07-23T22:37:46,DOC-2988
TXN-203469,SKU-00327,LOC-011,OUT,25,688.90,OP-037,2026-07-07T04:37:46,DOC-9612
TXN-203470,SKU-00163,LOC-014,IN,58,717.90,OP-024,2026-07-19T17:37:46,DOC-4146
TXN-203471,SKU-00050,LOC-019,OUT,196,491.98,OP-038,2026-07-11T09:37:46,
TXN-203472,SKU-00276,LOC-012,ADJUST,88,797.01,OP-010,2026-07-25T11:37:46,DOC-8948
TXN-203473,SKU-00454,LOC-011,IN,162,249.05,OP-003,2026-07-02T11:37:46,DOC-8560
TXN-203474,SKU-00198,LOC-015,IN,126,124.80,OP-011,2026-07-06T04:37:46,DOC-5044
TXN-203475,SKU-00421,LOC-012,IN,75,325.96,OP-046,2026-07-31T13:37:46,DOC-9719
TXN-203476,SKU-00228,LOC-013,OUT,69,272.18,OP-004,2026-07-10T07:37:46,DOC-9935
TXN-203477,SKU-00306,LOC-007,IN,90,608.68,OP-046,2026-07-08T22:37:46,
TXN-203478,SKU-00019,LOC-015,OUT,72,162.73,OP-024,2026-07-07T08:37:46,DOC-2939
TXN-203479,SKU-00126,LOC-004,OUT,79,670.68,OP-012,2026-07-05T10:37:46,DOC-4900
TXN-203480,SKU-00447,LOC-009,OUT,150,721.06,OP-026,2026-07-29T06:37:46,DOC-3793
TXN-203481,SKU-00368,LOC-018,WRITE_OFF,165,343.95,OP-005,2026-07-14T16:37:46,DOC-9693
TXN-203482,SKU-00445,LOC-013,IN,117,634.58,OP-032,2026-07-30T13:37:46,
TXN-203483,SKU-00497,LOC-009,OUT,176,202.83,OP-010,2026-07-24T17:37:46,DOC-7893
TXN-203484,SKU-00012,LOC-019,ADJUST,60,393.08,OP-016,2026-07-14T19:37:46,DOC-7368
TXN-203485,SKU-00295,LOC-013,IN,38,404.62,OP-018,2026-07-28T07:37:46,
TXN-203486,SKU-00204,LOC-004,OUT,84,531.17,OP-038,2026-07-31T15:37:46,DOC-3764
TXN-203487,SKU-00024,LOC-012,IN,93,389.91,OP-006,2026-07-17T05:37:46,DOC-2817
TXN-203488,SKU-00099,LOC-019,IN,138,368.62,OP-010,2026-07-22T16:37:46,DOC-7306
TXN-203489,SKU-00161,LOC-016,IN,99,524.37,OP-018,2026-07-14T00:37:46,DOC-1661
TXN-203490,SKU-00390,LOC-013,OUT,182,729.47,OP-015,2026-07-11T09:37:46,DOC-7877
TXN-203491,SKU-00389,LOC-007,IN,136,729.50,OP-015,2026-07-30T03:37:46,DOC-7274
TXN-203492,SKU-00458,LOC-001,OUT,163,688.01,OP-008,2026-07-23T02:37:46,
TXN-203493,SKU-00360,LOC-016,OUT,33,553.35,OP-021,2026-07-16T11:37:46,DOC-6008
TXN-203494,SKU-00487,LOC-008,IN,151,657.48,OP-011,2026-07-07T12:37:46,
TXN-203495,SKU-00289,LOC-011,OUT,31,170.09,OP-033,2026-07-06T18:37:46,
TXN-203496,SKU-00149,LOC-018,WRITE_OFF,116,574.73,OP-044,2026-07-14T18:37:46,DOC-9288
TXN-203497,SKU-00276,LOC-007,OUT,47,401.26,OP-003,2026-07-28T15:37:46,DOC-8567
TXN-203498,SKU-00318,LOC-015,IN,40,497.68,OP-003,2026-07-18T15:37:46,
TXN-203499,SKU-00052,LOC-015,OUT,170,734.80,OP-013,2026-07-15T08:37:46,DOC-7414
TXN-203500,SKU-00411,LOC-019,IN,112,228.37,OP-035,2026-07-09T08:37:46,DOC-2698
TXN-203501,SKU-00082,LOC-014,ADJUST,48,493.53,OP-001,2026-07-03T11:37:46,
TXN-203502,SKU-00157,LOC-019,OUT,164,649.34,OP-013,2026-07-20T15:37:46,DOC-4786
TXN-203503,SKU-00150,LOC-012,OUT,104,375.10,OP-003,2026-07-22T11:37:46,DOC-5336
TXN-203504,SKU-00219,LOC-018,OUT,32,31.22,OP-031,2026-07-24T07:37:46,
TXN-203505,SKU-00456,LOC-003,ADJUST,131,609.48,OP-045,2026-07-13T04:37:46,DOC-4899
TXN-203506,SKU-00078,LOC-009,OUT,127,69.09,OP-006,2026-07-02T06:37:46,DOC-6881
TXN-203507,SKU-00427,LOC-008,IN,181,386.70,OP-004,2026-07-12T18:37:46,
TXN-203508,SKU-00063,LOC-008,WRITE_OFF,34,648.33,OP-029,2026-07-18T16:37:46,DOC-6129
TXN-203509,SKU-00210,LOC-001,WRITE_OFF,32,565.42,OP-049,2026-07-07T06:37:46,DOC-5482
TXN-203510,SKU-00072,LOC-007,IN,12,423.48,OP-012,2026-07-31T03:37:46,DOC-1995
TXN-203511,SKU-00449,LOC-015,OUT,50,460.39,OP-022,2026-07-22T13:37:46,DOC-4214
TXN-203512,SKU-00346,LOC-013,OUT,188,520.66,OP-015,2026-07-26T09:37:46,DOC-4893
TXN-203513,SKU-00021,LOC-016,OUT,33,184.65,OP-021,2026-07-05T23:37:46,DOC-9018
TXN-203514,SKU-00060,LOC-010,ADJUST,78,530.88,OP-030,2026-07-06T04:37:46,DOC-8209
TXN-203515,SKU-00314,LOC-010,OUT,124,120.39,OP-020,2026-07-16T21:37:46,DOC-8507
TXN-203516,SKU-00229,LOC-011,OUT,199,499.20,OP-025,2026-07-03T05:37:46,DOC-4081
TXN-203517,SKU-00109,LOC-016,OUT,181,528.35,OP-050,2026-07-26T02:37:46,DOC-3738
TXN-203518,SKU-00168,LOC-008,IN,29,206.40,OP-002,2026-07-13T10:37:46,DOC-5532
TXN-203519,SKU-00052,LOC-018,OUT,101,391.55,OP-019,2026-07-02T21:37:46,DOC-4469
TXN-203520,SKU-00464,LOC-006,IN,33,400.02,OP-015,2026-07-15T20:37:46,
TXN-203521,SKU-00444,LOC-015,OUT,184,684.05,OP-037,2026-07-19T01:37:46,
TXN-203522,SKU-00138,LOC-011,OUT,26,367.90,OP-010,2026-07-11T23:37:46,
TXN-203523,SKU-00308,LOC-012,IN,8,101.00,OP-017,2026-07-12T04:37:46,DOC-8073
TXN-203524,SKU-00261,LOC-005,IN,127,7.77,OP-033,2026-07-03T22:37:46,DOC-5611
TXN-203525,SKU-00361,LOC-013,IN,180,448.99,OP-026,2026-07-15T09:37:46,DOC-1567
TXN-203526,SKU-00274,LOC-010,WRITE_OFF,198,505.12,OP-003,2026-07-15T13:37:46,
TXN-203527,SKU-00221,LOC-012,ADJUST,154,70.66,OP-042,2026-07-29T04:37:46,DOC-9441
TXN-203528,SKU-00209,LOC-018,OUT,126,309.33,OP-024,2026-07-02T05:37:46,DOC-1838
TXN-203529,SKU-00330,LOC-020,OUT,117,228.29,OP-023,2026-07-31T02:37:46,DOC-7696
TXN-203530,SKU-00340,LOC-016,IN,57,408.38,OP-034,2026-07-05T16:37:46,DOC-1810
TXN-203531,SKU-00476,LOC-016,OUT,140,753.53,OP-040,2026-07-24T22:37:46,
TXN-203532,SKU-00034,LOC-015,OUT,189,555.51,OP-040,2026-07-12T19:37:46,DOC-7423
TXN-203533,SKU-00104,LOC-013,OUT,24,82.06,OP-021,2026-07-29T01:37:46,DOC-2467
TXN-203534,SKU-00027,LOC-015,OUT,166,211.72,OP-038,2026-07-29T14:37:46,DOC-9896
TXN-203535,SKU-00019,LOC-015,ADJUST,30,366.62,OP-032,2026-07-29T00:37:46,DOC-7088
TXN-203536,SKU-00476,LOC-014,OUT,33,678.70,OP-012,2026-07-12T09:37:46,
TXN-203537,SKU-00089,LOC-005,OUT,138,462.66,OP-021,2026-07-16T12:37:46,DOC-4779
TXN-203538,SKU-00433,LOC-020,ADJUST,6,760.79,OP-024,2026-07-07T06:37:46,DOC-9436
TXN-203539,SKU-00417,LOC-003,IN,98,526.18,OP-035,2026-07-25T03:37:46,DOC-3581
TXN-203540,SKU-00055,LOC-007,OUT,49,624.01,OP-040,2026-07-06T10:37:46,DOC-8198
TXN-203541,SKU-00195,LOC-017,ADJUST,198,501.01,OP-040,2026-07-28T22:37:46,DOC-7935
TXN-203542,SKU-00304,LOC-007,ADJUST,192,100.42,OP-007,2026-07-08T09:37:46,DOC-4108
TXN-203543,SKU-00283,LOC-010,IN,106,660.60,OP-012,2026-07-14T13:37:46,DOC-5126
TXN-203544,SKU-00167,LOC-020,WRITE_OFF,68,108.59,OP-001,2026-07-29T18:37:46,DOC-8796
TXN-203545,SKU-00250,LOC-010,ADJUST,59,280.22,OP-044,2026-07-16T18:37:46,DOC-3570
TXN-203546,SKU-00251,LOC-009,OUT,88,413.50,OP-041,2026-07-03T12:37:46,DOC-9036
TXN-203547,SKU-00500,LOC-019,ADJUST,33,156.80,OP-005,2026-07-09T20:37:46,
TXN-203548,SKU-00360,LOC-010,IN,74,186.28,OP-031,2026-07-30T17:37:46,DOC-9374
TXN-203549,SKU-00337,LOC-009,OUT,39,161.16,OP-025,2026-07-21T04:37:46,DOC-9162
TXN-203550,SKU-00292,LOC-020,IN,199,481.54,OP-005,2026-07-17T18:37:46,DOC-9039
TXN-203551,SKU-00462,LOC-009,OUT,189,117.54,OP-008,2026-07-23T05:37:46,DOC-2314
TXN-203552,SKU-00255,LOC-016,IN,67,719.29,OP-047,2026-07-14T13:37:46,DOC-1014
TXN-203553,SKU-00132,LOC-004,OUT,142,692.83,OP-042,2026-07-11T00:37:46,
TXN-203554,SKU-00129,LOC-013,WRITE_OFF,130,21.60,OP-027,2026-07-31T09:37:46,DOC-7182
TXN-203555,SKU-00209,LOC-011,OUT,159,180.14,OP-003,2026-07-15T15:37:46,DOC-7345
TXN-203556,SKU-00141,LOC-002,OUT,89,28.24,OP-014,2026-07-09T21:37:46,
TXN-203557,SKU-00407,LOC-011,ADJUST,50,185.91,OP-040,2026-07-18T21:37:46,
TXN-203558,SKU-00278,LOC-010,WRITE_OFF,70,613.15,OP-027,2026-07-02T05:37:46,DOC-4426
TXN-203559,SKU-00492,LOC-010,OUT,73,359.86,OP-017,2026-07-26T14:37:46,DOC-5967
TXN-203560,SKU-00137,LOC-017,IN,41,662.99,OP-011,2026-07-25T10:37:46,DOC-8899
TXN-203561,SKU-00150,LOC-004,OUT,81,521.93,OP-002,2026-07-05T05:37:46,DOC-3249
TXN-203562,SKU-00425,LOC-015,IN,97,611.82,OP-049,2026-07-07T09:37:46,
TXN-203563,SKU-00208,LOC-008,IN,106,499.82,OP-035,2026-07-04T01:37:46,DOC-3551
TXN-203564,SKU-00030,LOC-011,OUT,150,132.06,OP-019,2026-07-14T04:37:46,DOC-6886
TXN-203565,SKU-00419,LOC-012,OUT,71,233.78,OP-004,2026-07-22T21:37:46,DOC-5177
TXN-203566,SKU-00130,LOC-012,OUT,56,736.78,OP-013,2026-07-24T22:37:46,DOC-1891
TXN-203567,SKU-00270,LOC-002,OUT,170,643.97,OP-038,2026-07-26T02:37:46,DOC-7297
TXN-203568,SKU-00090,LOC-011,OUT,68,353.93,OP-016,2026-07-19T00:37:46,DOC-2450
TXN-203569,SKU-00491,LOC-013,IN,33,569.75,OP-046,2026-07-17T11:37:46,DOC-1188
TXN-203570,SKU-00387,LOC-006,OUT,58,499.54,OP-017,2026-07-28T15:37:46,DOC-4404
TXN-203571,SKU-00013,LOC-008,ADJUST,167,376.86,OP-035,2026-07-12T15:37:46,DOC-3112
TXN-203572,SKU-00275,LOC-002,OUT,170,323.83,OP-017,2026-07-19T08:37:46,
TXN-203573,SKU-00412,LOC-017,OUT,57,771.82,OP-034,2026-07-04T20:37:46,DOC-4381
TXN-203574,SKU-00285,LOC-019,IN,96,399.77,OP-007,2026-07-04T07:37:46,DOC-2594
TXN-203575,SKU-00268,LOC-015,IN,99,739.19,OP-028,2026-07-03T12:37:46,DOC-1111
TXN-203576,SKU-00420,LOC-019,IN,53,241.66,OP-016,2026-07-05T18:37:46,DOC-6232
TXN-203577,SKU-00062,LOC-001,OUT,2,276.30,OP-027,2026-07-24T20:37:46,DOC-6378
TXN-203578,SKU-00020,LOC-015,OUT,156,725.41,OP-043,2026-07-12T14:37:46,
TXN-203579,SKU-00413,LOC-016,ADJUST,57,678.63,OP-039,2026-07-03T02:37:46,DOC-7289
TXN-203580,SKU-00196,LOC-004,ADJUST,56,81.65,OP-047,2026-07-18T02:37:46,DOC-4007
TXN-203581,SKU-00242,LOC-016,ADJUST,198,130.50,OP-027,2026-07-26T20:37:46,
TXN-203582,SKU-00028,LOC-017,WRITE_OFF,167,25.23,OP-036,2026-07-23T20:37:46,DOC-7726
TXN-203583,SKU-00296,LOC-005,IN,57,28.66,OP-001,2026-07-28T19:37:46,DOC-7783
TXN-203584,SKU-00044,LOC-001,OUT,199,4.96,OP-009,2026-07-14T12:37:46,
TXN-203585,SKU-00385,LOC-009,WRITE_OFF,38,382.28,OP-046,2026-07-09T01:37:46,DOC-5893
TXN-203586,SKU-00177,LOC-011,IN,25,116.05,OP-050,2026-07-09T20:37:46,DOC-6637
TXN-203587,SKU-00416,LOC-003,ADJUST,86,442.07,OP-042,2026-07-07T12:37:46,DOC-9524
TXN-203588,SKU-00340,LOC-005,IN,71,275.11,OP-017,2026-07-22T01:37:46,DOC-1298
TXN-203589,SKU-00267,LOC-001,OUT,58,420.05,OP-015,2026-07-15T00:37:46,DOC-4665
TXN-203590,SKU-00474,LOC-014,IN,89,316.47,OP-006,2026-07-14T06:37:46,DOC-8170
TXN-203591,SKU-00207,LOC-004,OUT,24,317.69,OP-048,2026-07-29T14:37:46,DOC-8915
TXN-203592,SKU-00125,LOC-011,IN,171,640.67,OP-021,2026-07-03T15:37:46,DOC-9475
TXN-203593,SKU-00235,LOC-005,WRITE_OFF,176,346.73,OP-006,2026-07-17T17:37:46,
TXN-203594,SKU-00411,LOC-015,IN,44,666.93,OP-004,2026-07-07T06:37:46,DOC-1698
TXN-203595,SKU-00357,LOC-001,ADJUST,71,358.56,OP-046,2026-07-28T09:37:46,DOC-7898
TXN-203596,SKU-00091,LOC-020,OUT,195,554.90,OP-039,2026-07-19T17:37:46,DOC-6324
TXN-203597,SKU-00231,LOC-020,IN,85,136.14,OP-021,2026-07-06T01:37:46,DOC-8399
TXN-203598,SKU-00355,LOC-007,OUT,17,645.18,OP-016,2026-07-07T17:37:46,DOC-9508
TXN-203599,SKU-00481,LOC-007,IN,17,690.61,OP-025,2026-07-06T13:37:46,DOC-6740
TXN-203600,SKU-00329,LOC-007,OUT,199,679.97,OP-050,2026-07-30T22:37:46,DOC-6597
TXN-203601,SKU-00244,LOC-008,WRITE_OFF,79,128.81,OP-024,2026-07-27T14:37:46,DOC-5784
TXN-203602,SKU-00490,LOC-006,IN,5,21.90,OP-050,2026-07-06T05:37:46,DOC-6824
TXN-203603,SKU-00028,LOC-019,ADJUST,29,547.29,OP-032,2026-07-15T02:37:46,
TXN-203604,SKU-00086,LOC-002,OUT,22,552.10,OP-009,2026-07-22T07:37:46,DOC-1849
TXN-203605,SKU-00049,LOC-018,IN,110,169.37,OP-015,2026-07-20T02:37:46,DOC-5054
TXN-203606,SKU-00205,LOC-012,IN,28,529.94,OP-028,2026-07-30T14:37:46,DOC-5758
TXN-203607,SKU-00030,LOC-011,OUT,63,132.06,OP-012,2026-07-27T23:37:46,DOC-9167
TXN-203608,SKU-00171,LOC-019,ADJUST,194,351.11,OP-010,2026-07-30T20:37:46,DOC-8079
TXN-203609,SKU-00100,LOC-014,IN,170,521.27,OP-029,2026-07-11T15:37:46,DOC-9382
TXN-203610,SKU-00317,LOC-004,ADJUST,168,368.79,OP-036,2026-07-21T08:37:46,DOC-7198
TXN-203611,SKU-00397,LOC-016,OUT,185,784.95,OP-001,2026-07-23T10:37:46,DOC-3405
TXN-203612,SKU-00163,LOC-016,IN,155,640.16,OP-011,2026-07-28T11:37:46,DOC-7392
TXN-203613,SKU-00326,LOC-009,OUT,69,659.67,OP-038,2026-07-13T05:37:46,DOC-4428
TXN-203614,SKU-00485,LOC-006,OUT,22,186.24,OP-011,2026-07-06T02:37:46,DOC-9225
TXN-203615,SKU-00265,LOC-013,OUT,78,536.17,OP-047,2026-07-19T15:37:46,
TXN-203616,SKU-00161,LOC-005,IN,22,454.12,OP-044,2026-07-03T06:37:46,DOC-7362
TXN-203617,SKU-00004,LOC-018,OUT,183,779.17,OP-020,2026-07-15T14:37:46,DOC-6421
TXN-203618,SKU-00010,LOC-015,OUT,155,218.58,OP-003,2026-07-04T23:37:46,DOC-5217
TXN-203619,SKU-00361,LOC-004,OUT,183,224.90,OP-030,2026-07-02T03:37:46,DOC-3742
TXN-203620,SKU-00187,LOC-017,OUT,96,310.50,OP-027,2026-07-30T22:37:46,DOC-4197
TXN-203621,SKU-00211,LOC-016,IN,115,147.59,OP-021,2026-07-25T18:37:46,DOC-1683
TXN-203622,SKU-00460,LOC-008,IN,47,316.53,OP-032,2026-07-24T02:37:46,DOC-8623
TXN-203623,SKU-00367,LOC-002,ADJUST,26,143.09,OP-017,2026-07-23T03:37:46,DOC-3747
TXN-203624,SKU-00259,LOC-020,OUT,13,362.18,OP-017,2026-07-02T18:37:46,DOC-1156
TXN-203625,SKU-00244,LOC-002,ADJUST,192,518.54,OP-005,2026-07-17T03:37:46,DOC-5459
TXN-203626,SKU-00079,LOC-001,OUT,82,460.23,OP-039,2026-07-23T07:37:46,DOC-2515
TXN-203627,SKU-00183,LOC-014,OUT,126,744.99,OP-029,2026-07-14T07:37:46,DOC-2784
TXN-203628,SKU-00489,LOC-005,ADJUST,80,209.13,OP-030,2026-07-05T00:37:46,DOC-4754
TXN-203629,SKU-00086,LOC-018,OUT,116,256.35,OP-018,2026-07-09T19:37:46,DOC-1582
TXN-203630,SKU-00266,LOC-009,OUT,49,474.35,OP-011,2026-07-13T10:37:46,DOC-8333
TXN-203631,SKU-00104,LOC-002,OUT,132,562.87,OP-047,2026-07-06T17:37:46,DOC-8895
TXN-203632,SKU-00268,LOC-005,OUT,75,642.04,OP-003,2026-07-23T14:37:46,
TXN-203633,SKU-00315,LOC-003,WRITE_OFF,112,221.53,OP-032,2026-07-21T08:37:46,DOC-2335
TXN-203634,SKU-00033,LOC-006,IN,126,465.61,OP-012,2026-07-15T00:37:46,DOC-5015
TXN-203635,SKU-00123,LOC-013,IN,33,754.74,OP-021,2026-07-21T21:37:46,
TXN-203636,SKU-00055,LOC-005,IN,37,281.28,OP-032,2026-07-06T20:37:46,DOC-3382
TXN-203637,SKU-00453,LOC-011,IN,142,158.39,OP-018,2026-07-17T21:37:46,DOC-7438
TXN-203638,SKU-00260,LOC-017,IN,79,131.71,OP-032,2026-07-30T10:37:46,DOC-4146
TXN-203639,SKU-00131,LOC-004,IN,137,714.16,OP-023,2026-07-15T03:37:46,DOC-6626
TXN-203640,SKU-00438,LOC-019,ADJUST,131,621.86,OP-040,2026-07-06T20:37:46,DOC-2403
TXN-203641,SKU-00033,LOC-011,ADJUST,31,617.28,OP-032,2026-07-03T18:37:46,DOC-7176
TXN-203642,SKU-00442,LOC-009,ADJUST,114,595.61,OP-033,2026-07-08T21:37:46,DOC-6909
TXN-203643,SKU-00413,LOC-008,IN,30,275.89,OP-036,2026-07-20T00:37:46,DOC-7665
TXN-203644,SKU-00047,LOC-014,IN,42,744.46,OP-001,2026-07-18T00:37:46,DOC-9407
TXN-203645,SKU-00440,LOC-019,WRITE_OFF,25,697.38,OP-007,2026-07-28T07:37:46,DOC-8512
TXN-203646,SKU-00128,LOC-017,OUT,118,694.80,OP-014,2026-07-29T19:37:46,
TXN-203647,SKU-00165,LOC-020,IN,19,264.90,OP-007,2026-07-17T11:37:46,DOC-5583
TXN-203648,SKU-00114,LOC-002,OUT,197,471.09,OP-040,2026-07-03T00:37:46,DOC-8313
TXN-203649,SKU-00029,LOC-015,IN,17,727.94,OP-040,2026-07-15T09:37:46,DOC-8912
TXN-203650,SKU-00307,LOC-016,IN,192,404.39,OP-029,2026-07-21T15:37:46,DOC-5109
TXN-203651,SKU-00424,LOC-020,OUT,85,473.07,OP-034,2026-07-30T03:37:46,DOC-8050
TXN-203652,SKU-00226,LOC-007,IN,176,235.06,OP-023,2026-07-30T13:37:46,
TXN-203653,SKU-00122,LOC-020,ADJUST,187,424.06,OP-030,2026-07-04T12:37:46,DOC-8435
TXN-203654,SKU-00483,LOC-017,WRITE_OFF,120,41.73,OP-002,2026-07-23T12:37:46,DOC-2430
TXN-203655,SKU-00095,LOC-019,OUT,172,374.12,OP-039,2026-07-12T07:37:46,DOC-4837
TXN-203656,SKU-00280,LOC-002,IN,178,374.34,OP-023,2026-07-14T12:37:46,
TXN-203657,SKU-00081,LOC-002,OUT,200,355.22,OP-006,2026-07-30T08:37:46,DOC-3157
TXN-203658,SKU-00175,LOC-005,ADJUST,155,402.99,OP-047,2026-07-10T19:37:46,DOC-7967
TXN-203659,SKU-00471,LOC-004,OUT,2,9.31,OP-037,2026-07-22T00:37:46,DOC-6582
TXN-203660,SKU-00191,LOC-005,OUT,152,600.45,OP-010,2026-07-13T05:37:46,DOC-8066
TXN-203661,SKU-00315,LOC-002,OUT,26,39.00,OP-002,2026-07-13T22:37:46,DOC-1856
TXN-203662,SKU-00153,LOC-010,OUT,147,378.58,OP-032,2026-07-03T17:37:46,DOC-7612
TXN-203663,SKU-00400,LOC-013,OUT,55,59.31,OP-013,2026-07-12T05:37:46,DOC-2539
TXN-203664,SKU-00229,LOC-015,WRITE_OFF,180,246.92,OP-046,2026-07-30T01:37:46,
TXN-203665,SKU-00307,LOC-016,OUT,191,314.98,OP-006,2026-07-04T02:37:46,DOC-5152
TXN-203666,SKU-00272,LOC-007,OUT,46,342.02,OP-040,2026-07-09T10:37:46,DOC-5204
TXN-203667,SKU-00088,LOC-003,OUT,140,707.62,OP-038,2026-07-10T06:37:46,DOC-8988
TXN-203668,SKU-00345,LOC-020,IN,13,260.05,OP-009,2026-07-13T17:37:46,
TXN-203669,SKU-00080,LOC-008,IN,169,621.67,OP-047,2026-07-03T10:37:46,DOC-5342
TXN-203670,SKU-00057,LOC-018,IN,19,282.39,OP-022,2026-07-08T23:37:46,
TXN-203671,SKU-00386,LOC-010,IN,194,453.69,OP-019,2026-07-18T04:37:46,DOC-2455
TXN-203672,SKU-00190,LOC-013,WRITE_OFF,171,211.19,OP-035,2026-07-27T10:37:46,DOC-6383
TXN-203673,SKU-00374,LOC-001,IN,189,353.46,OP-047,2026-07-19T07:37:46,
TXN-203674,SKU-00143,LOC-006,OUT,155,542.64,OP-009,2026-07-23T07:37:46,DOC-2569
TXN-203675,SKU-00017,LOC-007,OUT,49,481.41,OP-049,2026-07-07T22:37:46,DOC-9716
TXN-203676,SKU-00255,LOC-013,IN,195,347.12,OP-008,2026-07-14T04:37:46,DOC-9723
TXN-203677,SKU-00262,LOC-011,OUT,99,73.87,OP-012,2026-07-09T22:37:46,DOC-3078
TXN-203678,SKU-00437,LOC-014,IN,105,305.44,OP-013,2026-07-14T15:37:46,DOC-4654
TXN-203679,SKU-00115,LOC-004,IN,121,491.52,OP-049,2026-07-29T13:37:46,DOC-9172
TXN-203680,SKU-00150,LOC-015,ADJUST,199,447.22,OP-041,2026-07-28T03:37:46,
TXN-203681,SKU-00016,LOC-017,IN,165,453.33,OP-038,2026-07-28T14:37:46,DOC-5421
TXN-203682,SKU-00368,LOC-019,OUT,94,447.05,OP-008,2026-07-07T14:37:46,
TXN-203683,SKU-00057,LOC-010,OUT,176,172.76,OP-008,2026-07-18T01:37:46,DOC-1088
TXN-203684,SKU-00287,LOC-020,WRITE_OFF,98,744.55,OP-026,2026-07-14T09:37:46,DOC-3964
TXN-203685,SKU-00027,LOC-008,ADJUST,109,139.89,OP-035,2026-07-20T02:37:46,DOC-5920
TXN-203686,SKU-00237,LOC-006,ADJUST,49,340.41,OP-043,2026-07-26T12:37:46,DOC-6783
TXN-203687,SKU-00152,LOC-013,OUT,10,344.89,OP-034,2026-07-22T07:37:46,DOC-7105
TXN-203688,SKU-00289,LOC-007,ADJUST,115,467.11,OP-024,2026-07-17T01:37:46,
TXN-203689,SKU-00346,LOC-002,IN,14,427.73,OP-009,2026-07-27T22:37:46,
TXN-203690,SKU-00234,LOC-010,IN,14,183.91,OP-006,2026-07-25T00:37:46,DOC-8417
TXN-203691,SKU-00120,LOC-014,ADJUST,174,405.14,OP-013,2026-07-06T10:37:46,DOC-9248
TXN-203692,SKU-00233,LOC-005,OUT,29,778.18,OP-039,2026-07-21T07:37:46,DOC-9508
TXN-203693,SKU-00036,LOC-017,IN,131,758.62,OP-025,2026-07-14T21:37:46,DOC-7757
TXN-203694,SKU-00046,LOC-016,OUT,139,478.46,OP-011,2026-07-29T08:37:46,DOC-1396
TXN-203695,SKU-00257,LOC-008,OUT,116,153.55,OP-040,2026-07-20T07:37:46,DOC-6552
TXN-203696,SKU-00127,LOC-006,ADJUST,165,504.90,OP-009,2026-07-25T20:37:46,DOC-5200
TXN-203697,SKU-00219,LOC-015,ADJUST,108,737.14,OP-042,2026-07-11T14:37:46,DOC-6981
TXN-203698,SKU-00240,LOC-014,OUT,134,726.71,OP-047,2026-07-20T01:37:46,
TXN-203699,SKU-00314,LOC-008,IN,193,613.25,OP-007,2026-07-18T18:37:46,DOC-6511
TXN-203700,SKU-00263,LOC-002,OUT,102,76.71,OP-035,2026-07-12T19:37:46,DOC-4082
TXN-203701,SKU-00120,LOC-018,OUT,30,201.54,OP-043,2026-07-02T14:37:46,DOC-5813
TXN-203702,SKU-00048,LOC-006,IN,30,528.07,OP-005,2026-07-12T23:37:46,DOC-8692
TXN-203703,SKU-00347,LOC-007,WRITE_OFF,85,171.52,OP-003,2026-07-07T22:37:46,DOC-7722
TXN-203704,SKU-00091,LOC-006,OUT,109,355.92,OP-033,2026-07-15T15:37:46,DOC-7264
TXN-203705,SKU-00291,LOC-004,OUT,39,336.09,OP-034,2026-07-17T22:37:46,
TXN-203706,SKU-00376,LOC-002,OUT,67,606.58,OP-041,2026-07-26T22:37:46,DOC-6787
TXN-203707,SKU-00394,LOC-008,IN,151,692.40,OP-004,2026-07-26T08:37:46,DOC-7380
TXN-203708,SKU-00001,LOC-008,IN,133,113.38,OP-050,2026-07-15T21:37:46,DOC-9492
TXN-203709,SKU-00282,LOC-003,IN,73,249.37,OP-011,2026-07-12T23:37:46,DOC-6184
TXN-203710,SKU-00497,LOC-014,OUT,123,581.56,OP-044,2026-07-06T07:37:46,DOC-3667
TXN-203711,SKU-00133,LOC-014,ADJUST,158,323.57,OP-050,2026-07-24T03:37:46,DOC-3576
TXN-203712,SKU-00345,LOC-016,IN,76,31.64,OP-032,2026-07-07T20:37:46,DOC-5709
TXN-203713,SKU-00072,LOC-002,IN,136,286.22,OP-037,2026-07-13T22:37:46,DOC-2373
TXN-203714,SKU-00187,LOC-002,IN,12,395.69,OP-042,2026-07-27T20:37:46,DOC-5920
TXN-203715,SKU-00113,LOC-018,IN,35,53.19,OP-040,2026-07-11T15:37:46,DOC-7271
TXN-203716,SKU-00350,LOC-007,IN,29,197.55,OP-015,2026-07-11T21:37:46,DOC-2657
TXN-203717,SKU-00328,LOC-003,OUT,122,255.06,OP-017,2026-07-11T02:37:46,DOC-4211
TXN-203718,SKU-00206,LOC-019,IN,126,25.90,OP-025,2026-07-07T06:37:46,
TXN-203719,SKU-00100,LOC-002,IN,192,527.79,OP-023,2026-07-26T08:37:46,
TXN-203720,SKU-00162,LOC-009,IN,117,709.33,OP-026,2026-07-06T18:37:46,DOC-8630
TXN-203721,SKU-00020,LOC-002,ADJUST,58,514.04,OP-038,2026-07-25T09:37:46,DOC-5167
TXN-203722,SKU-00242,LOC-004,IN,178,481.08,OP-034,2026-07-11T09:37:46,
TXN-203723,SKU-00416,LOC-004,ADJUST,67,66.09,OP-038,2026-07-05T03:37:46,DOC-9441
TXN-203724,SKU-00185,LOC-017,OUT,4,678.56,OP-028,2026-07-05T00:37:46,DOC-9412
TXN-203725,SKU-00477,LOC-007,ADJUST,34,467.50,OP-048,2026-07-31T01:37:46,DOC-5958
TXN-203726,SKU-00327,LOC-012,OUT,117,641.89,OP-010,2026-07-08T03:37:46,DOC-3165
TXN-203727,SKU-00341,LOC-008,OUT,36,623.09,OP-043,2026-07-20T22:37:46,DOC-3347
TXN-203728,SKU-00241,LOC-002,OUT,194,506.53,OP-018,2026-07-06T09:37:46,
TXN-203729,SKU-00232,LOC-002,OUT,179,554.04,OP-004,2026-07-22T23:37:46,DOC-9833
TXN-203730,SKU-00401,LOC-016,OUT,47,797.47,OP-019,2026-07-15T01:37:46,DOC-5781
TXN-203731,SKU-00176,LOC-013,IN,164,659.22,OP-025,2026-07-02T15:37:46,
TXN-203732,SKU-00340,LOC-014,OUT,56,688.39,OP-045,2026-07-16T13:37:46,
TXN-203733,SKU-00056,LOC-007,IN,20,724.59,OP-043,2026-07-13T23:37:46,
TXN-203734,SKU-00023,LOC-016,IN,68,730.90,OP-036,2026-07-27T10:37:46,DOC-9133
TXN-203735,SKU-00353,LOC-005,WRITE_OFF,19,172.76,OP-021,2026-07-15T20:37:46,DOC-2213
TXN-203736,SKU-00432,LOC-003,IN,108,691.90,OP-028,2026-07-14T02:37:46,DOC-8891
TXN-203737,SKU-00287,LOC-011,OUT,106,583.07,OP-006,2026-07-06T14:37:46,DOC-3648
TXN-203738,SKU-00371,LOC-016,OUT,125,679.68,OP-041,2026-07-11T23:37:46,
TXN-203739,SKU-00041,LOC-008,OUT,189,158.06,OP-037,2026-07-28T05:37:46,DOC-6101
TXN-203740,SKU-00408,LOC-019,IN,73,769.55,OP-041,2026-07-09T03:37:46,DOC-9589
TXN-203741,SKU-00327,LOC-005,OUT,72,445.41,OP-037,2026-07-22T06:37:46,DOC-6635
TXN-203742,SKU-00184,LOC-001,IN,112,670.34,OP-036,2026-07-11T21:37:46,
TXN-203743,SKU-00475,LOC-001,IN,177,677.11,OP-012,2026-07-25T17:37:46,DOC-1316
TXN-203744,SKU-00239,LOC-001,IN,9,76.75,OP-030,2026-07-17T15:37:46,DOC-5339
TXN-203745,SKU-00414,LOC-014,IN,18,181.78,OP-016,2026-07-06T17:37:46,DOC-6143
TXN-203746,SKU-00080,LOC-019,IN,112,684.88,OP-026,2026-07-17T04:37:46,DOC-9077
TXN-203747,SKU-00219,LOC-015,IN,121,539.14,OP-010,2026-07-11T17:37:46,DOC-5014
TXN-203748,SKU-00295,LOC-011,IN,68,745.52,OP-014,2026-07-09T04:37:46,DOC-8921
TXN-203749,SKU-00446,LOC-009,ADJUST,196,752.34,OP-038,2026-07-09T18:37:46,DOC-4801
TXN-203750,SKU-00093,LOC-010,OUT,162,109.01,OP-021,2026-07-10T07:37:46,DOC-7427
TXN-203751,SKU-00414,LOC-014,OUT,140,181.78,OP-026,2026-07-05T17:37:46,DOC-6548
TXN-203752,SKU-00404,LOC-009,OUT,40,75.61,OP-025,2026-07-18T09:37:46,
TXN-203753,SKU-00218,LOC-001,OUT,147,779.57,OP-001,2026-07-19T19:37:46,
TXN-203754,SKU-00069,LOC-012,OUT,198,27.61,OP-005,2026-07-29T15:37:46,DOC-5083
TXN-203755,SKU-00336,LOC-009,IN,168,702.88,OP-003,2026-07-14T01:37:46,DOC-4267
TXN-203756,SKU-00243,LOC-004,IN,153,201.38,OP-003,2026-07-21T20:37:46,DOC-9215
TXN-203757,SKU-00125,LOC-002,IN,95,793.50,OP-023,2026-07-28T18:37:46,DOC-3743
TXN-203758,SKU-00370,LOC-019,ADJUST,5,563.09,OP-043,2026-07-03T21:37:46,DOC-6873
TXN-203759,SKU-00077,LOC-019,OUT,90,715.49,OP-025,2026-07-07T21:37:46,DOC-5837
TXN-203760,SKU-00130,LOC-019,IN,29,643.52,OP-038,2026-07-14T01:37:46,DOC-9953
TXN-203761,SKU-00059,LOC-003,IN,169,228.42,OP-016,2026-07-03T06:37:46,DOC-2420
TXN-203762,SKU-00343,LOC-012,IN,108,777.97,OP-042,2026-07-17T00:37:46,DOC-7083
TXN-203763,SKU-00036,LOC-014,IN,112,211.02,OP-028,2026-07-19T15:37:46,
TXN-203764,SKU-00160,LOC-006,OUT,64,129.24,OP-014,2026-07-06T23:37:46,
TXN-203765,SKU-00051,LOC-018,IN,197,789.55,OP-026,2026-07-17T20:37:46,DOC-3460
TXN-203766,SKU-00452,LOC-014,IN,13,649.86,OP-010,2026-07-19T02:37:46,DOC-1457
TXN-203767,SKU-00053,LOC-006,OUT,32,720.28,OP-005,2026-07-26T06:37:46,DOC-2505
TXN-203768,SKU-00023,LOC-016,ADJUST,181,743.36,OP-036,2026-07-11T10:37:46,
TXN-203769,SKU-00314,LOC-017,IN,69,563.71,OP-020,2026-07-16T07:37:46,
TXN-203770,SKU-00288,LOC-005,OUT,101,628.89,OP-004,2026-07-10T11:37:46,DOC-5797
TXN-203771,SKU-00138,LOC-016,OUT,73,484.08,OP-014,2026-07-07T08:37:46,DOC-8539
TXN-203772,SKU-00406,LOC-001,OUT,52,248.68,OP-015,2026-07-23T09:37:46,DOC-4898
TXN-203773,SKU-00078,LOC-009,IN,143,373.13,OP-021,2026-07-15T15:37:46,DOC-8379
TXN-203774,SKU-00105,LOC-013,WRITE_OFF,115,669.67,OP-021,2026-07-09T03:37:46,DOC-4326
TXN-203775,SKU-00307,LOC-001,IN,172,744.05,OP-019,2026-07-18T10:37:46,DOC-8950
TXN-203776,SKU-00312,LOC-003,OUT,75,379.41,OP-030,2026-07-23T06:37:46,DOC-9275
TXN-203777,SKU-00394,LOC-007,ADJUST,101,443.89,OP-031,2026-07-30T17:37:46,DOC-9267
TXN-203778,SKU-00109,LOC-009,IN,74,741.11,OP-017,2026-07-13T17:37:46,DOC-6492
TXN-203779,SKU-00153,LOC-020,ADJUST,124,768.48,OP-046,2026-07-20T11:37:46,DOC-3000
TXN-203780,SKU-00468,LOC-020,OUT,187,453.26,OP-049,2026-07-14T22:37:46,DOC-9759
TXN-203781,SKU-00112,LOC-011,IN,61,640.21,OP-005,2026-07-20T14:37:46,DOC-5155
TXN-203782,SKU-00459,LOC-017,IN,11,666.48,OP-047,2026-07-14T22:37:46,DOC-5324
TXN-203783,SKU-00151,LOC-013,ADJUST,14,646.78,OP-050,2026-07-14T05:37:46,DOC-6138
TXN-203784,SKU-00008,LOC-012,IN,137,722.55,OP-042,2026-07-22T18:37:46,DOC-1508
TXN-203785,SKU-00410,LOC-006,OUT,61,683.09,OP-015,2026-07-08T18:37:46,DOC-3764
TXN-203786,SKU-00304,LOC-008,WRITE_OFF,65,637.98,OP-041,2026-07-16T22:37:46,DOC-9940
TXN-203787,SKU-00056,LOC-013,IN,187,170.05,OP-034,2026-07-07T22:37:46,DOC-1578
TXN-203788,SKU-00055,LOC-002,ADJUST,133,715.51,OP-047,2026-07-22T11:37:46,
TXN-203789,SKU-00500,LOC-019,IN,108,156.80,OP-025,2026-07-11T12:37:46,
TXN-203790,SKU-00447,LOC-011,OUT,53,367.47,OP-016,2026-07-10T23:37:46,DOC-1203
TXN-203791,SKU-00049,LOC-001,OUT,91,749.57,OP-014,2026-07-14T08:37:46,
TXN-203792,SKU-00135,LOC-001,IN,26,98.49,OP-007,2026-07-26T06:37:46,DOC-8097
TXN-203793,SKU-00052,LOC-017,OUT,141,765.44,OP-026,2026-07-18T07:37:46,DOC-2618
TXN-203794,SKU-00133,LOC-002,ADJUST,16,256.63,OP-038,2026-07-16T04:37:46,DOC-6760
TXN-203795,SKU-00308,LOC-006,IN,170,244.67,OP-018,2026-07-23T08:37:46,
TXN-203796,SKU-00171,LOC-019,ADJUST,43,351.11,OP-037,2026-07-07T07:37:46,DOC-3312
TXN-203797,SKU-00432,LOC-005,IN,54,101.50,OP-003,2026-07-28T04:37:46,DOC-7217
TXN-203798,SKU-00043,LOC-006,ADJUST,168,475.44,OP-018,2026-07-27T17:37:46,DOC-5704
TXN-203799,SKU-00412,LOC-017,OUT,195,771.82,OP-021,2026-07-03T22:37:46,DOC-1146
TXN-203800,SKU-00227,LOC-015,OUT,69,35.97,OP-046,2026-07-21T09:37:46,
TXN-203801,SKU-00384,LOC-011,OUT,126,302.69,OP-034,2026-07-04T09:37:46,DOC-4516
TXN-203802,SKU-00114,LOC-002,OUT,100,325.84,OP-013,2026-07-24T00:37:46,DOC-1228
TXN-203803,SKU-00456,LOC-008,IN,78,470.75,OP-021,2026-07-29T02:37:46,DOC-4423
TXN-203804,SKU-00498,LOC-009,IN,116,198.59,OP-032,2026-07-11T11:37:46,DOC-8162
TXN-203805,SKU-00295,LOC-013,OUT,2,404.62,OP-030,2026-07-14T08:37:46,DOC-5660
TXN-203806,SKU-00055,LOC-002,IN,14,715.51,OP-026,2026-07-21T12:37:46,DOC-1864
TXN-203807,SKU-00108,LOC-007,IN,129,507.63,OP-004,2026-07-14T02:37:46,DOC-9702
TXN-203808,SKU-00073,LOC-005,IN,4,795.99,OP-037,2026-07-22T12:37:46,DOC-6156
TXN-203809,SKU-00387,LOC-014,OUT,93,554.80,OP-045,2026-07-16T20:37:46,DOC-3489
TXN-203810,SKU-00278,LOC-014,WRITE_OFF,153,287.08,OP-031,2026-07-25T05:37:46,DOC-3330
TXN-203811,SKU-00387,LOC-009,IN,21,213.45,OP-026,2026-07-03T13:37:46,DOC-1300
TXN-203812,SKU-00359,LOC-011,OUT,104,300.28,OP-033,2026-07-29T18:37:46,DOC-2821
TXN-203813,SKU-00176,LOC-001,IN,7,661.45,OP-021,2026-07-25T16:37:46,DOC-6220
TXN-203814,SKU-00078,LOC-008,OUT,65,325.25,OP-014,2026-07-06T19:37:46,DOC-9373
TXN-203815,SKU-00414,LOC-017,IN,44,33.20,OP-001,2026-07-12T09:37:46,DOC-3665
TXN-203816,SKU-00208,LOC-011,WRITE_OFF,12,512.13,OP-050,2026-07-20T13:37:46,DOC-5477
TXN-203817,SKU-00045,LOC-005,ADJUST,98,725.77,OP-003,2026-07-31T15:37:46,DOC-1205
TXN-203818,SKU-00368,LOC-018,ADJUST,135,717.96,OP-011,2026-07-16T20:37:46,DOC-3690
TXN-203819,SKU-00041,LOC-013,IN,169,394.39,OP-026,2026-07-15T13:37:46,DOC-7728
TXN-203820,SKU-00248,LOC-005,ADJUST,37,168.29,OP-028,2026-07-27T21:37:46,DOC-6070
TXN-203821,SKU-00351,LOC-001,OUT,57,606.28,OP-013,2026-07-12T17:37:46,DOC-4983
TXN-203822,SKU-00155,LOC-017,IN,72,19.66,OP-031,2026-07-16T03:37:46,DOC-7590
TXN-203823,SKU-00316,LOC-018,ADJUST,160,324.24,OP-029,2026-07-03T13:37:46,DOC-9396
TXN-203824,SKU-00283,LOC-008,OUT,84,297.71,OP-023,2026-07-11T10:37:46,DOC-7189
TXN-203825,SKU-00282,LOC-012,OUT,154,305.06,OP-005,2026-07-06T03:37:46,DOC-4321
TXN-203826,SKU-00336,LOC-009,OUT,167,695.81,OP-001,2026-07-26T12:37:46,DOC-5442
TXN-203827,SKU-00149,LOC-003,ADJUST,174,568.30,OP-032,2026-07-07T23:37:46,
TXN-203828,SKU-00423,LOC-019,IN,89,287.96,OP-018,2026-07-08T01:37:46,DOC-4061
TXN-203829,SKU-00218,LOC-018,IN,84,246.47,OP-036,2026-07-08T17:37:46,DOC-1731
TXN-203830,SKU-00019,LOC-020,IN,137,54.48,OP-036,2026-07-29T07:37:46,DOC-6506
TXN-203831,SKU-00405,LOC-012,OUT,115,285.29,OP-050,2026-07-31T14:37:46,
TXN-203832,SKU-00251,LOC-013,OUT,62,303.37,OP-032,2026-07-05T19:37:46,DOC-6900
TXN-203833,SKU-00022,LOC-017,OUT,65,526.74,OP-034,2026-07-11T13:37:46,DOC-7712
TXN-203834,SKU-00317,LOC-018,IN,58,438.66,OP-049,2026-07-30T03:37:46,DOC-9735
TXN-203835,SKU-00216,LOC-005,IN,167,187.48,OP-038,2026-07-21T23:37:46,DOC-3533
TXN-203836,SKU-00373,LOC-008,IN,144,363.41,OP-023,2026-07-10T03:37:46,DOC-5538
TXN-203837,SKU-00150,LOC-018,ADJUST,3,383.77,OP-008,2026-07-12T14:37:46,
TXN-203838,SKU-00415,LOC-012,OUT,9,699.13,OP-033,2026-07-18T13:37:46,DOC-7131
TXN-203839,SKU-00090,LOC-003,IN,8,540.73,OP-050,2026-07-13T05:37:46,DOC-3780
TXN-203840,SKU-00452,LOC-013,ADJUST,44,493.03,OP-033,2026-07-25T09:37:46,DOC-6123
TXN-203841,SKU-00102,LOC-006,OUT,125,620.12,OP-044,2026-07-05T15:37:46,DOC-1419
TXN-203842,SKU-00071,LOC-014,IN,133,393.10,OP-031,2026-07-29T16:37:46,DOC-3998
TXN-203843,SKU-00356,LOC-003,OUT,144,252.01,OP-029,2026-07-11T11:37:46,
TXN-203844,SKU-00110,LOC-007,OUT,85,545.72,OP-021,2026-07-10T09:37:46,DOC-4644
TXN-203845,SKU-00171,LOC-016,IN,58,631.11,OP-050,2026-07-13T17:37:46,DOC-7605
TXN-203846,SKU-00368,LOC-018,OUT,36,717.96,OP-010,2026-07-10T04:37:46,DOC-3803
TXN-203847,SKU-00487,LOC-008,OUT,5,795.48,OP-008,2026-07-07T19:37:46,DOC-1598
TXN-203848,SKU-00077,LOC-001,IN,108,17.74,OP-025,2026-07-25T07:37:46,DOC-5664
TXN-203849,SKU-00413,LOC-015,OUT,103,442.64,OP-031,2026-07-17T11:37:46,DOC-7758
TXN-203850,SKU-00293,LOC-003,IN,142,202.28,OP-018,2026-07-02T05:37:46,DOC-5803
TXN-203851,SKU-00262,LOC-001,ADJUST,35,206.12,OP-045,2026-07-13T08:37:46,
TXN-203852,SKU-00179,LOC-014,IN,39,683.84,OP-046,2026-07-11T13:37:46,DOC-6931
TXN-203853,SKU-00376,LOC-015,OUT,185,491.00,OP-005,2026-07-05T11:37:46,DOC-2691
TXN-203854,SKU-00194,LOC-018,IN,198,374.44,OP-045,2026-07-19T14:37:46,DOC-3265
TXN-203855,SKU-00381,LOC-001,OUT,150,745.42,OP-016,2026-07-10T08:37:46,DOC-7704
TXN-203856,SKU-00190,LOC-015,ADJUST,116,685.55,OP-005,2026-07-05T08:37:46,DOC-6652
TXN-203857,SKU-00297,LOC-005,OUT,173,24.72,OP-023,2026-07-25T05:37:46,DOC-1749
TXN-203858,SKU-00157,LOC-011,OUT,179,654.29,OP-025,2026-07-24T06:37:46,DOC-2670
TXN-203859,SKU-00430,LOC-001,OUT,82,625.43,OP-001,2026-07-07T19:37:46,DOC-8292
TXN-203860,SKU-00147,LOC-017,WRITE_OFF,57,225.27,OP-039,2026-07-21T12:37:46,
TXN-203861,SKU-00403,LOC-008,WRITE_OFF,52,474.34,OP-043,2026-07-04T15:37:46,DOC-8962
TXN-203862,SKU-00142,LOC-002,IN,78,37.75,OP-050,2026-07-26T05:37:46,DOC-5468
TXN-203863,SKU-00130,LOC-019,IN,142,641.67,OP-030,2026-07-13T07:37:46,
TXN-203864,SKU-00084,LOC-020,OUT,62,591.79,OP-002,2026-07-02T17:37:46,DOC-5106
TXN-203865,SKU-00029,LOC-015,ADJUST,139,277.59,OP-022,2026-07-13T11:37:46,DOC-1076
TXN-203866,SKU-00089,LOC-005,IN,188,462.66,OP-040,2026-07-09T16:37:46,DOC-4117
TXN-203867,SKU-00208,LOC-008,WRITE_OFF,32,689.86,OP-005,2026-07-19T16:37:46,
TXN-203868,SKU-00054,LOC-001,OUT,125,403.73,OP-021,2026-07-28T14:37:46,DOC-3492
TXN-203869,SKU-00226,LOC-017,OUT,116,139.96,OP-029,2026-07-10T05:37:46,DOC-4052
TXN-203870,SKU-00312,LOC-020,OUT,185,254.98,OP-043,2026-07-31T00:37:46,DOC-3889
TXN-203871,SKU-00157,LOC-005,OUT,6,257.32,OP-009,2026-07-06T22:37:46,
TXN-203872,SKU-00041,LOC-012,OUT,38,618.87,OP-035,2026-07-03T09:37:46,
TXN-203873,SKU-00347,LOC-006,OUT,160,606.85,OP-020,2026-07-04T03:37:46,DOC-1514
TXN-203874,SKU-00079,LOC-004,IN,55,698.03,OP-013,2026-07-22T03:37:46,DOC-9336
TXN-203875,SKU-00352,LOC-013,IN,65,793.50,OP-012,2026-07-08T00:37:46,DOC-2462
TXN-203876,SKU-00456,LOC-017,IN,79,35.38,OP-028,2026-07-02T22:37:46,DOC-4365
TXN-203877,SKU-00489,LOC-003,OUT,135,328.26,OP-004,2026-07-31T11:37:46,DOC-4528
TXN-203878,SKU-00026,LOC-001,ADJUST,111,518.22,OP-016,2026-07-30T02:37:46,DOC-1726
TXN-203879,SKU-00258,LOC-012,IN,123,694.43,OP-014,2026-07-07T13:37:46,DOC-8011
TXN-203880,SKU-00285,LOC-001,OUT,35,691.71,OP-034,2026-07-10T23:37:46,
TXN-203881,SKU-00492,LOC-010,OUT,197,359.86,OP-005,2026-07-27T16:37:46,DOC-9437
TXN-203882,SKU-00125,LOC-008,IN,119,577.71,OP-036,2026-07-10T04:37:46,DOC-6885
TXN-203883,SKU-00412,LOC-002,IN,124,410.24,OP-028,2026-07-08T02:37:46,DOC-7332
TXN-203884,SKU-00223,LOC-013,OUT,45,636.69,OP-035,2026-07-04T20:37:46,
TXN-203885,SKU-00106,LOC-019,ADJUST,168,761.36,OP-005,2026-07-22T00:37:46,DOC-7426
TXN-203886,SKU-00279,LOC-011,OUT,179,515.59,OP-050,2026-07-02T07:37:46,DOC-3008
TXN-203887,SKU-00007,LOC-020,IN,150,364.64,OP-033,2026-07-15T18:37:46,
TXN-203888,SKU-00206,LOC-007,ADJUST,88,470.11,OP-047,2026-07-26T09:37:46,DOC-9947
TXN-203889,SKU-00153,LOC-012,IN,45,649.81,OP-029,2026-07-25T12:37:46,
TXN-203890,SKU-00478,LOC-020,IN,115,594.16,OP-009,2026-07-28T12:37:46,DOC-1209
TXN-203891,SKU-00207,LOC-013,IN,78,404.47,OP-046,2026-07-04T04:37:46,
TXN-203892,SKU-00087,LOC-020,OUT,168,697.18,OP-020,2026-07-30T08:37:46,DOC-8292
TXN-203893,SKU-00342,LOC-017,OUT,188,325.55,OP-020,2026-07-04T02:37:46,DOC-7630
TXN-203894,SKU-00107,LOC-015,OUT,10,79.72,OP-043,2026-07-10T14:37:46,DOC-4499
TXN-203895,SKU-00104,LOC-002,IN,24,562.87,OP-043,2026-07-25T14:37:46,DOC-6411
TXN-203896,SKU-00052,LOC-006,ADJUST,197,611.90,OP-049,2026-07-01T17:37:46,DOC-7709
TXN-203897,SKU-00439,LOC-008,IN,129,776.26,OP-033,2026-07-09T18:37:46,DOC-8795
TXN-203898,SKU-00070,LOC-002,OUT,186,61.50,OP-022,2026-07-21T21:37:46,
TXN-203899,SKU-00288,LOC-004,IN,106,618.17,OP-025,2026-07-14T23:37:46,DOC-4608
TXN-203900,SKU-00269,LOC-007,OUT,22,297.20,OP-010,2026-07-13T01:37:46,DOC-4022
TXN-203901,SKU-00332,LOC-010,OUT,144,587.13,OP-039,2026-07-06T03:37:46,DOC-4550
TXN-203902,SKU-00320,LOC-008,IN,63,458.80,OP-042,2026-07-10T22:37:46,DOC-9734
TXN-203903,SKU-00314,LOC-008,ADJUST,10,613.25,OP-012,2026-07-26T02:37:46,DOC-6629
TXN-203904,SKU-00076,LOC-005,OUT,72,68.40,OP-014,2026-07-03T03:37:46,
TXN-203905,SKU-00187,LOC-018,OUT,82,457.79,OP-018,2026-07-12T09:37:46,DOC-9574
TXN-203906,SKU-00184,LOC-017,ADJUST,169,597.11,OP-004,2026-07-31T14:37:46,DOC-7799
TXN-203907,SKU-00079,LOC-007,ADJUST,25,297.08,OP-037,2026-07-08T00:37:46,DOC-5665
TXN-203908,SKU-00366,LOC-005,IN,91,500.01,OP-030,2026-07-29T15:37:46,DOC-1080
TXN-203909,SKU-00432,LOC-007,OUT,28,178.56,OP-010,2026-07-22T19:37:46,DOC-9654
TXN-203910,SKU-00416,LOC-009,OUT,161,12.86,OP-031,2026-07-16T00:37:46,DOC-9113
TXN-203911,SKU-00046,LOC-020,IN,185,261.04,OP-033,2026-07-20T17:37:46,DOC-5807
TXN-203912,SKU-00397,LOC-014,OUT,113,783.19,OP-016,2026-07-21T16:37:46,DOC-4237
TXN-203913,SKU-00232,LOC-014,ADJUST,9,615.29,OP-023,2026-07-16T02:37:46,DOC-2236
TXN-203914,SKU-00205,LOC-002,IN,135,647.98,OP-014,2026-07-07T16:37:46,DOC-4887
TXN-203915,SKU-00344,LOC-006,OUT,8,147.14,OP-050,2026-07-22T15:37:46,DOC-8698
TXN-203916,SKU-00081,LOC-018,IN,79,192.43,OP-027,2026-07-27T12:37:46,DOC-8739
TXN-203917,SKU-00461,LOC-020,OUT,2,362.38,OP-036,2026-07-17T08:37:46,DOC-8158
TXN-203918,SKU-00156,LOC-005,IN,159,617.53,OP-045,2026-07-28T09:37:46,
TXN-203919,SKU-00161,LOC-014,OUT,61,74.02,OP-009,2026-07-19T21:37:46,DOC-8951
TXN-203920,SKU-00207,LOC-017,IN,6,242.57,OP-029,2026-07-30T05:37:46,DOC-2440
TXN-203921,SKU-00463,LOC-002,OUT,80,370.16,OP-010,2026-07-19T15:37:46,DOC-5593
TXN-203922,SKU-00077,LOC-001,OUT,111,139.05,OP-031,2026-07-04T23:37:46,DOC-3748
TXN-203923,SKU-00248,LOC-002,OUT,27,495.24,OP-035,2026-07-26T20:37:46,DOC-9434
TXN-203924,SKU-00123,LOC-011,IN,79,462.14,OP-008,2026-07-29T19:37:46,
TXN-203925,SKU-00245,LOC-015,IN,43,161.68,OP-023,2026-07-02T11:37:46,DOC-2076
TXN-203926,SKU-00112,LOC-012,OUT,103,668.46,OP-031,2026-07-19T00:37:46,
TXN-203927,SKU-00174,LOC-014,WRITE_OFF,105,96.14,OP-027,2026-07-18T12:37:46,
TXN-203928,SKU-00265,LOC-016,ADJUST,163,776.21,OP-035,2026-07-03T05:37:46,DOC-8830
TXN-203929,SKU-00010,LOC-013,IN,183,672.71,OP-029,2026-07-23T16:37:46,DOC-8563
TXN-203930,SKU-00072,LOC-004,IN,49,425.25,OP-035,2026-07-10T15:37:46,
TXN-203931,SKU-00487,LOC-005,ADJUST,39,275.16,OP-015,2026-07-10T11:37:46,DOC-4188
TXN-203932,SKU-00472,LOC-018,IN,28,534.08,OP-043,2026-07-20T16:37:46,DOC-7072
TXN-203933,SKU-00002,LOC-005,OUT,66,357.53,OP-014,2026-07-25T16:37:46,DOC-4864
TXN-203934,SKU-00355,LOC-013,IN,107,372.64,OP-026,2026-07-07T16:37:46,DOC-5463
TXN-203935,SKU-00133,LOC-016,OUT,147,286.45,OP-027,2026-07-31T02:37:46,DOC-7676
TXN-203936,SKU-00299,LOC-019,OUT,182,434.09,OP-021,2026-07-02T13:37:46,DOC-2006
TXN-203937,SKU-00492,LOC-010,IN,132,359.86,OP-047,2026-07-25T11:37:46,DOC-6096
TXN-203938,SKU-00156,LOC-003,IN,70,562.27,OP-018,2026-07-14T00:37:46,DOC-9572
TXN-203939,SKU-00254,LOC-017,OUT,135,208.05,OP-011,2026-07-05T03:37:46,DOC-1312
TXN-203940,SKU-00315,LOC-010,OUT,9,165.50,OP-034,2026-07-17T01:37:46,
TXN-203941,SKU-00106,LOC-020,ADJUST,69,153.52,OP-044,2026-07-30T21:37:46,DOC-7994
TXN-203942,SKU-00088,LOC-020,IN,199,331.83,OP-043,2026-07-15T06:37:46,DOC-6786
TXN-203943,SKU-00281,LOC-019,WRITE_OFF,153,781.52,OP-008,2026-07-23T02:37:46,DOC-2662
TXN-203944,SKU-00148,LOC-009,OUT,4,652.32,OP-034,2026-07-30T14:37:46,DOC-8067
TXN-203945,SKU-00133,LOC-001,ADJUST,163,35.14,OP-028,2026-07-27T04:37:46,DOC-1703
TXN-203946,SKU-00119,LOC-013,IN,117,476.33,OP-048,2026-07-20T11:37:46,
TXN-203947,SKU-00063,LOC-010,ADJUST,52,228.50,OP-041,2026-07-08T00:37:46,DOC-3921
TXN-203948,SKU-00374,LOC-011,IN,48,506.24,OP-017,2026-07-29T01:37:46,DOC-8683
TXN-203949,SKU-00482,LOC-012,WRITE_OFF,3,90.90,OP-049,2026-07-04T22:37:46,DOC-8661
TXN-203950,SKU-00028,LOC-018,ADJUST,21,607.31,OP-011,2026-07-20T13:37:46,DOC-3339
TXN-203951,SKU-00229,LOC-016,IN,8,310.25,OP-033,2026-07-13T07:37:46,
TXN-203952,SKU-00103,LOC-016,OUT,85,377.44,OP-048,2026-07-17T10:37:46,DOC-6565
TXN-203953,SKU-00476,LOC-009,IN,9,299.04,OP-050,2026-07-20T20:37:46,DOC-1277
TXN-203954,SKU-00403,LOC-015,IN,139,691.06,OP-029,2026-07-14T17:37:46,
TXN-203955,SKU-00453,LOC-011,IN,161,728.19,OP-003,2026-07-07T04:37:46,DOC-5712
TXN-203956,SKU-00259,LOC-011,IN,198,532.81,OP-004,2026-07-07T14:37:46,DOC-2965
TXN-203957,SKU-00109,LOC-017,IN,115,582.51,OP-030,2026-07-14T04:37:46,
TXN-203958,SKU-00238,LOC-014,IN,100,639.16,OP-009,2026-07-17T21:37:46,DOC-2076
TXN-203959,SKU-00192,LOC-015,IN,199,715.27,OP-028,2026-07-09T17:37:46,DOC-3310
TXN-203960,SKU-00127,LOC-011,IN,156,235.86,OP-020,2026-07-11T05:37:46,
TXN-203961,SKU-00328,LOC-013,IN,61,306.72,OP-034,2026-07-16T23:37:46,DOC-9924
TXN-203962,SKU-00365,LOC-009,ADJUST,52,15.58,OP-029,2026-07-20T04:37:46,DOC-5631
TXN-203963,SKU-00090,LOC-012,IN,187,185.36,OP-005,2026-07-14T11:37:46,DOC-8393
TXN-203964,SKU-00389,LOC-020,ADJUST,65,546.26,OP-032,2026-07-31T06:37:46,DOC-6201
TXN-203965,SKU-00380,LOC-011,IN,164,559.67,OP-038,2026-07-08T17:37:46,DOC-8193
TXN-203966,SKU-00285,LOC-019,OUT,153,399.77,OP-032,2026-07-25T10:37:46,DOC-8816
TXN-203967,SKU-00038,LOC-011,OUT,46,375.72,OP-006,2026-07-16T11:37:46,DOC-9421
TXN-203968,SKU-00034,LOC-019,ADJUST,125,70.77,OP-040,2026-07-06T23:37:46,DOC-8263
TXN-203969,SKU-00032,LOC-009,IN,73,648.16,OP-042,2026-07-04T06:37:46,DOC-7745
TXN-203970,SKU-00302,LOC-011,OUT,163,344.47,OP-008,2026-07-16T09:37:46,DOC-8281
TXN-203971,SKU-00402,LOC-002,ADJUST,59,359.99,OP-005,2026-07-14T05:37:46,DOC-6968
TXN-203972,SKU-00483,LOC-010,OUT,54,648.95,OP-028,2026-07-25T00:37:46,
TXN-203973,SKU-00103,LOC-009,OUT,32,779.11,OP-025,2026-07-08T22:37:46,
TXN-203974,SKU-00368,LOC-019,IN,154,447.05,OP-018,2026-07-22T14:37:46,DOC-5833
TXN-203975,SKU-00280,LOC-014,OUT,173,312.15,OP-013,2026-07-27T15:37:46,DOC-3826
TXN-203976,SKU-00420,LOC-001,IN,191,7.69,OP-038,2026-07-18T06:37:46,
TXN-203977,SKU-00234,LOC-009,IN,187,354.07,OP-033,2026-07-18T23:37:46,
TXN-203978,SKU-00235,LOC-019,IN,155,30.03,OP-004,2026-07-16T08:37:46,DOC-6006
TXN-203979,SKU-00229,LOC-004,OUT,100,334.14,OP-031,2026-07-22T15:37:46,
TXN-203980,SKU-00460,LOC-008,OUT,57,316.53,OP-047,2026-07-02T03:37:46,DOC-2780
TXN-203981,SKU-00336,LOC-004,IN,65,138.31,OP-035,2026-07-26T04:37:46,DOC-8473
TXN-203982,SKU-00275,LOC-005,OUT,5,215.04,OP-041,2026-07-02T15:37:46,
TXN-203983,SKU-00091,LOC-017,OUT,12,96.10,OP-035,2026-07-23T14:37:46,DOC-8739
TXN-203984,SKU-00156,LOC-013,ADJUST,152,75.84,OP-013,2026-07-10T21:37:46,DOC-6411
TXN-203985,SKU-00404,LOC-014,IN,118,116.57,OP-034,2026-07-27T06:37:46,
TXN-203986,SKU-00166,LOC-002,OUT,184,303.75,OP-013,2026-07-25T04:37:46,DOC-6003
TXN-203987,SKU-00207,LOC-017,OUT,8,342.07,OP-048,2026-07-05T15:37:46,
TXN-203988,SKU-00157,LOC-016,OUT,74,34.21,OP-017,2026-07-12T05:37:46,DOC-1581
TXN-203989,SKU-00118,LOC-019,IN,57,508.76,OP-031,2026-07-25T15:37:46,DOC-3863
TXN-203990,SKU-00114,LOC-018,WRITE_OFF,50,198.00,OP-037,2026-07-25T12:37:46,DOC-5058
TXN-203991,SKU-00295,LOC-013,IN,146,404.62,OP-040,2026-07-30T02:37:46,DOC-6543
TXN-203992,SKU-00148,LOC-020,IN,156,466.21,OP-024,2026-07-31T08:37:46,DOC-1240
TXN-203993,SKU-00235,LOC-015,OUT,180,151.97,OP-030,2026-07-14T13:37:46,DOC-2500
TXN-203994,SKU-00304,LOC-012,OUT,84,600.34,OP-017,2026-07-04T08:37:46,
TXN-203995,SKU-00232,LOC-001,IN,92,388.03,OP-028,2026-07-03T18:37:46,DOC-9710
TXN-203996,SKU-00222,LOC-015,IN,104,357.25,OP-049,2026-07-16T10:37:46,
TXN-203997,SKU-00447,LOC-006,OUT,179,266.20,OP-030,2026-07-06T12:37:46,DOC-8637
TXN-203998,SKU-00120,LOC-013,OUT,102,608.78,OP-032,2026-07-03T16:37:46,DOC-8345
TXN-203999,SKU-00465,LOC-002,OUT,130,682.45,OP-008,2026-07-12T05:37:46,DOC-6022
TXN-204000,SKU-00277,LOC-014,ADJUST,194,653.72,OP-003,2026-07-08T08:37:46,
TXN-204001,SKU-00364,LOC-018,OUT,149,381.58,OP-039,2026-07-09T07:37:46,DOC-1103
TXN-204002,SKU-00366,LOC-002,IN,76,352.09,OP-048,2026-07-10T04:37:46,
TXN-204003,SKU-00458,LOC-019,OUT,176,108.27,OP-016,2026-07-07T14:37:46,DOC-3007
TXN-204004,SKU-00094,LOC-008,IN,66,648.04,OP-049,2026-07-22T02:37:46,
TXN-204005,SKU-00226,LOC-016,WRITE_OFF,183,670.73,OP-047,2026-07-02T07:37:46,DOC-5486
TXN-204006,SKU-00396,LOC-006,OUT,125,484.89,OP-008,2026-07-10T19:37:46,DOC-4905
TXN-204007,SKU-00133,LOC-016,ADJUST,84,286.45,OP-042,2026-07-19T03:37:46,DOC-9888
TXN-204008,SKU-00500,LOC-019,ADJUST,186,156.80,OP-031,2026-07-10T22:37:46,DOC-3069
TXN-204009,SKU-00392,LOC-002,IN,158,432.18,OP-036,2026-07-05T02:37:46,
TXN-204010,SKU-00062,LOC-010,IN,181,554.19,OP-036,2026-07-23T09:37:46,DOC-6756
TXN-204011,SKU-00306,LOC-014,OUT,73,643.93,OP-023,2026-07-20T05:37:46,DOC-5101
TXN-204012,SKU-00176,LOC-018,ADJUST,135,210.90,OP-039,2026-07-22T01:37:46,
TXN-204013,SKU-00436,LOC-011,IN,30,361.19,OP-043,2026-07-10T17:37:46,
TXN-204014,SKU-00141,LOC-013,OUT,177,676.57,OP-041,2026-07-02T23:37:46,DOC-2970
TXN-204015,SKU-00496,LOC-004,IN,86,582.79,OP-045,2026-07-02T08:37:46,
TXN-204016,SKU-00413,LOC-015,OUT,65,442.64,OP-009,2026-07-05T21:37:46,DOC-9409
TXN-204017,SKU-00031,LOC-003,IN,65,409.83,OP-030,2026-07-30T17:37:46,DOC-6840
TXN-204018,SKU-00362,LOC-009,IN,106,590.07,OP-015,2026-07-22T21:37:46,DOC-3426
TXN-204019,SKU-00287,LOC-008,IN,42,766.63,OP-017,2026-07-05T03:37:46,DOC-2750
TXN-204020,SKU-00378,LOC-005,OUT,60,119.44,OP-034,2026-07-20T23:37:46,DOC-5410
TXN-204021,SKU-00103,LOC-016,IN,10,480.76,OP-025,2026-07-25T10:37:46,DOC-3322
TXN-204022,SKU-00028,LOC-018,IN,98,656.49,OP-007,2026-07-08T03:37:46,DOC-2161
TXN-204023,SKU-00143,LOC-001,IN,190,370.01,OP-045,2026-07-26T05:37:46,DOC-7292
TXN-204024,SKU-00406,LOC-004,IN,39,621.13,OP-047,2026-07-05T11:37:46,
TXN-204025,SKU-00252,LOC-017,OUT,4,469.01,OP-011,2026-07-24T15:37:46,DOC-3038
TXN-204026,SKU-00298,LOC-007,IN,11,607.01,OP-042,2026-07-06T22:37:46,DOC-2946
TXN-204027,SKU-00477,LOC-003,IN,174,247.29,OP-048,2026-07-30T04:37:46,DOC-8411
TXN-204028,SKU-00425,LOC-007,OUT,158,583.61,OP-030,2026-07-21T05:37:46,DOC-3649
TXN-204029,SKU-00425,LOC-020,ADJUST,109,696.57,OP-029,2026-07-30T09:37:46,DOC-4303
TXN-204030,SKU-00468,LOC-018,OUT,20,557.54,OP-031,2026-07-16T01:37:46,
TXN-204031,SKU-00464,LOC-010,OUT,22,362.46,OP-016,2026-07-23T05:37:46,DOC-2635
TXN-204032,SKU-00117,LOC-006,WRITE_OFF,182,755.49,OP-011,2026-07-29T23:37:46,DOC-7994
TXN-204033,SKU-00497,LOC-007,IN,170,576.20,OP-035,2026-07-30T18:37:46,
TXN-204034,SKU-00345,LOC-014,OUT,154,157.95,OP-016,2026-07-04T18:37:46,DOC-4062
TXN-204035,SKU-00035,LOC-004,OUT,136,681.66,OP-001,2026-07-23T23:37:46,DOC-8259
TXN-204036,SKU-00304,LOC-011,WRITE_OFF,96,56.25,OP-019,2026-07-15T18:37:46,DOC-5852
TXN-204037,SKU-00402,LOC-001,OUT,139,744.29,OP-026,2026-07-18T16:37:46,DOC-1031
TXN-204038,SKU-00402,LOC-005,IN,186,101.82,OP-004,2026-07-08T20:37:46,DOC-2158
TXN-204039,SKU-00478,LOC-006,OUT,119,739.62,OP-045,2026-07-22T17:37:46,DOC-8159
TXN-204040,SKU-00360,LOC-011,ADJUST,49,715.16,OP-038,2026-07-02T14:37:46,
TXN-204041,SKU-00383,LOC-011,IN,11,29.58,OP-009,2026-07-16T06:37:46,DOC-8359
TXN-204042,SKU-00399,LOC-014,ADJUST,95,82.58,OP-041,2026-07-05T19:37:46,DOC-9555
TXN-204043,SKU-00267,LOC-015,ADJUST,35,437.32,OP-047,2026-07-13T12:37:46,DOC-3155
TXN-204044,SKU-00486,LOC-016,OUT,120,317.51,OP-037,2026-07-15T22:37:46,DOC-7510
TXN-204045,SKU-00314,LOC-003,OUT,94,183.66,OP-006,2026-07-23T17:37:46,
TXN-204046,SKU-00419,LOC-002,OUT,48,606.35,OP-011,2026-07-27T05:37:46,DOC-5818
TXN-204047,SKU-00176,LOC-010,OUT,86,762.96,OP-003,2026-07-11T10:37:46,DOC-6648
TXN-204048,SKU-00161,LOC-011,IN,112,202.59,OP-016,2026-07-04T10:37:46,
TXN-204049,SKU-00194,LOC-008,ADJUST,190,704.30,OP-001,2026-07-08T13:37:46,DOC-4923
TXN-204050,SKU-00294,LOC-011,IN,96,451.05,OP-012,2026-07-22T05:37:46,DOC-9855
TXN-204051,SKU-00144,LOC-006,IN,44,378.07,OP-047,2026-07-14T17:37:46,DOC-2972
TXN-204052,SKU-00147,LOC-016,OUT,64,489.24,OP-007,2026-07-14T05:37:46,
TXN-204053,SKU-00055,LOC-008,IN,19,543.36,OP-017,2026-07-25T16:37:46,
TXN-204054,SKU-00186,LOC-003,OUT,116,51.70,OP-033,2026-07-03T18:37:46,DOC-6108
TXN-204055,SKU-00181,LOC-006,IN,162,296.97,OP-011,2026-07-27T10:37:46,DOC-6283
TXN-204056,SKU-00361,LOC-013,IN,49,448.99,OP-011,2026-07-05T20:37:46,DOC-2463
TXN-204057,SKU-00010,LOC-012,OUT,127,586.89,OP-035,2026-07-30T22:37:46,
TXN-204058,SKU-00475,LOC-004,IN,58,676.11,OP-030,2026-07-01T22:37:46,DOC-8029
TXN-204059,SKU-00066,LOC-012,OUT,158,676.02,OP-040,2026-07-27T23:37:46,DOC-1626
TXN-204060,SKU-00468,LOC-018,OUT,61,347.26,OP-028,2026-07-18T07:37:46,DOC-7902
TXN-204061,SKU-00254,LOC-015,IN,65,351.79,OP-004,2026-07-29T22:37:46,DOC-3605
TXN-204062,SKU-00417,LOC-015,OUT,148,470.23,OP-005,2026-07-17T02:37:46,
TXN-204063,SKU-00448,LOC-006,OUT,122,204.28,OP-012,2026-07-04T00:37:46,DOC-1972
TXN-204064,SKU-00210,LOC-010,OUT,154,205.66,OP-006,2026-07-08T19:37:46,DOC-1564
TXN-204065,SKU-00397,LOC-003,OUT,175,518.26,OP-035,2026-07-24T12:37:46,DOC-5764
TXN-204066,SKU-00441,LOC-010,OUT,166,116.32,OP-027,2026-07-19T19:37:46,DOC-3113
TXN-204067,SKU-00419,LOC-016,OUT,63,485.55,OP-014,2026-07-05T08:37:46,DOC-7646
TXN-204068,SKU-00372,LOC-018,ADJUST,114,79.38,OP-015,2026-07-31T04:37:46,
TXN-204069,SKU-00265,LOC-006,IN,92,343.56,OP-048,2026-07-17T10:37:46,DOC-6739
TXN-204070,SKU-00143,LOC-001,OUT,3,370.01,OP-049,2026-07-26T07:37:46,DOC-5568
TXN-204071,SKU-00211,LOC-009,OUT,149,274.22,OP-022,2026-07-09T13:37:46,DOC-9744
TXN-204072,SKU-00405,LOC-008,ADJUST,11,72.31,OP-011,2026-07-27T01:37:46,
TXN-204073,SKU-00485,LOC-008,OUT,133,591.87,OP-036,2026-07-14T22:37:46,DOC-5463
TXN-204074,SKU-00104,LOC-008,IN,124,4.53,OP-030,2026-07-10T14:37:46,DOC-9954
TXN-204075,SKU-00297,LOC-006,OUT,31,736.12,OP-025,2026-07-04T12:37:46,DOC-2945
TXN-204076,SKU-00013,LOC-015,IN,50,74.33,OP-029,2026-07-07T01:37:46,
TXN-204077,SKU-00047,LOC-008,IN,162,668.64,OP-021,2026-07-21T02:37:46,
TXN-204078,SKU-00452,LOC-017,ADJUST,145,101.70,OP-011,2026-07-07T15:37:46,DOC-4582
TXN-204079,SKU-00199,LOC-018,OUT,84,7.93,OP-020,2026-07-03T14:37:46,
TXN-204080,SKU-00050,LOC-004,OUT,92,614.28,OP-032,2026-07-26T23:37:46,DOC-7528
TXN-204081,SKU-00204,LOC-011,IN,147,595.62,OP-021,2026-07-11T13:37:46,DOC-6633
TXN-204082,SKU-00009,LOC-014,IN,106,315.60,OP-042,2026-07-30T09:37:46,DOC-5713
TXN-204083,SKU-00257,LOC-019,OUT,192,357.25,OP-031,2026-07-02T00:37:46,DOC-4952
TXN-204084,SKU-00445,LOC-006,IN,172,479.80,OP-042,2026-07-29T04:37:46,DOC-4597
TXN-204085,SKU-00188,LOC-009,OUT,2,237.60,OP-050,2026-07-08T22:37:46,DOC-2674
TXN-204086,SKU-00249,LOC-015,OUT,96,309.12,OP-043,2026-07-27T22:37:46,DOC-8495
TXN-204087,SKU-00386,LOC-005,IN,146,476.00,OP-039,2026-07-28T18:37:46,DOC-5218
TXN-204088,SKU-00460,LOC-012,IN,59,497.67,OP-006,2026-07-16T20:37:46,DOC-9112
TXN-204089,SKU-00432,LOC-005,OUT,39,365.09,OP-037,2026-07-15T18:37:46,DOC-6483
TXN-204090,SKU-00489,LOC-003,IN,164,328.26,OP-024,2026-07-17T12:37:46,DOC-4079
TXN-204091,SKU-00012,LOC-012,IN,28,781.49,OP-016,2026-07-02T18:37:46,DOC-6632
TXN-204092,SKU-00452,LOC-020,IN,35,588.89,OP-005,2026-07-04T06:37:46,DOC-1961
TXN-204093,SKU-00031,LOC-001,IN,87,384.12,OP-015,2026-07-13T19:37:46,DOC-6945
TXN-204094,SKU-00058,LOC-001,IN,89,795.12,OP-044,2026-07-10T22:37:46,
TXN-204095,SKU-00438,LOC-010,ADJUST,90,748.32,OP-032,2026-07-13T00:37:46,DOC-1814
TXN-204096,SKU-00123,LOC-004,IN,39,733.98,OP-017,2026-07-25T13:37:46,DOC-6343
TXN-204097,SKU-00407,LOC-002,IN,68,363.32,OP-012,2026-07-21T12:37:46,
TXN-204098,SKU-00164,LOC-019,OUT,19,307.02,OP-008,2026-07-03T06:37:46,DOC-5886
TXN-204099,SKU-00084,LOC-005,OUT,132,500.69,OP-023,2026-07-21T00:37:46,DOC-3624
TXN-204100,SKU-00024,LOC-010,WRITE_OFF,155,571.50,OP-004,2026-07-17T02:37:46,
TXN-204101,SKU-00405,LOC-012,IN,188,246.06,OP-049,2026-07-05T12:37:46,DOC-4535
TXN-204102,SKU-00306,LOC-002,IN,79,397.83,OP-024,2026-07-28T22:37:46,DOC-7660
TXN-204103,SKU-00274,LOC-017,IN,187,8.45,OP-036,2026-07-18T17:37:46,DOC-1952
TXN-204104,SKU-00203,LOC-010,IN,139,237.79,OP-037,2026-07-05T14:37:46,
TXN-204105,SKU-00328,LOC-005,IN,198,398.66,OP-021,2026-07-27T04:37:46,DOC-6960
TXN-204106,SKU-00369,LOC-003,OUT,110,144.43,OP-004,2026-07-24T00:37:46,DOC-3672
TXN-204107,SKU-00080,LOC-012,OUT,70,378.09,OP-004,2026-07-19T15:37:46,
TXN-204108,SKU-00311,LOC-009,OUT,73,677.31,OP-036,2026-07-06T16:37:46,DOC-7441
TXN-204109,SKU-00216,LOC-001,IN,134,110.68,OP-046,2026-07-09T01:37:46,
TXN-204110,SKU-00392,LOC-020,OUT,35,222.27,OP-038,2026-07-27T10:37:46,DOC-6825
TXN-204111,SKU-00429,LOC-010,IN,174,245.54,OP-028,2026-07-03T03:37:46,DOC-8134
TXN-204112,SKU-00147,LOC-012,OUT,25,496.28,OP-039,2026-07-14T20:37:46,DOC-5148
TXN-204113,SKU-00092,LOC-020,ADJUST,62,323.16,OP-005,2026-07-21T22:37:46,DOC-2009
TXN-204114,SKU-00351,LOC-013,IN,145,756.32,OP-005,2026-07-19T20:37:46,DOC-7333
TXN-204115,SKU-00217,LOC-006,OUT,95,461.33,OP-032,2026-07-03T00:37:46,
TXN-204116,SKU-00064,LOC-015,IN,78,415.81,OP-038,2026-07-19T13:37:46,DOC-1125
TXN-204117,SKU-00081,LOC-012,IN,58,337.58,OP-007,2026-07-18T14:37:46,DOC-2540
TXN-204118,SKU-00030,LOC-011,ADJUST,11,132.06,OP-036,2026-07-14T02:37:46,
TXN-204119,SKU-00346,LOC-014,WRITE_OFF,135,50.11,OP-019,2026-07-19T09:37:46,DOC-9670
TXN-204120,SKU-00224,LOC-007,OUT,171,380.38,OP-006,2026-07-18T22:37:46,DOC-8899
TXN-204121,SKU-00009,LOC-014,IN,195,315.60,OP-018,2026-07-04T23:37:46,DOC-8393
TXN-204122,SKU-00418,LOC-006,IN,89,242.11,OP-005,2026-07-09T10:37:46,DOC-6121
TXN-204123,SKU-00392,LOC-002,OUT,199,136.43,OP-008,2026-07-09T12:37:46,DOC-2081
TXN-204124,SKU-00183,LOC-001,ADJUST,161,3.17,OP-003,2026-07-08T12:37:46,DOC-4621
TXN-204125,SKU-00265,LOC-008,ADJUST,176,217.05,OP-022,2026-07-10T15:37:46,DOC-1663
TXN-204126,SKU-00369,LOC-002,WRITE_OFF,101,548.42,OP-005,2026-07-31T14:37:46,
TXN-204127,SKU-00080,LOC-013,IN,23,179.40,OP-041,2026-07-02T15:37:46,DOC-6262
TXN-204128,SKU-00358,LOC-014,OUT,9,243.87,OP-020,2026-07-27T11:37:46,
TXN-204129,SKU-00394,LOC-019,WRITE_OFF,16,432.66,OP-010,2026-07-02T18:37:46,DOC-1599
TXN-204130,SKU-00415,LOC-011,ADJUST,148,472.85,OP-010,2026-07-09T17:37:46,DOC-3929
TXN-204131,SKU-00482,LOC-007,OUT,28,406.34,OP-032,2026-07-10T08:37:46,DOC-6287
TXN-204132,SKU-00437,LOC-003,IN,26,561.97,OP-044,2026-07-05T09:37:46,DOC-8967
TXN-204133,SKU-00121,LOC-016,ADJUST,16,574.22,OP-013,2026-07-04T01:37:46,DOC-4360
TXN-204134,SKU-00074,LOC-004,OUT,177,157.31,OP-023,2026-07-23T14:37:46,DOC-8338
TXN-204135,SKU-00467,LOC-005,IN,28,438.75,OP-004,2026-07-07T16:37:46,
TXN-204136,SKU-00019,LOC-014,OUT,135,515.90,OP-002,2026-07-24T22:37:46,DOC-7236
TXN-204137,SKU-00032,LOC-015,OUT,28,229.45,OP-003,2026-07-15T15:37:46,DOC-9609
TXN-204138,SKU-00453,LOC-016,IN,85,730.11,OP-001,2026-07-02T22:37:46,DOC-5867
TXN-204139,SKU-00026,LOC-012,IN,176,633.24,OP-032,2026-07-15T07:37:46,DOC-2522
TXN-204140,SKU-00441,LOC-017,OUT,90,765.44,OP-003,2026-07-27T10:37:46,DOC-7861
TXN-204141,SKU-00173,LOC-008,OUT,107,740.72,OP-015,2026-07-28T13:37:46,DOC-5301
TXN-204142,SKU-00080,LOC-005,IN,159,548.72,OP-012,2026-07-27T15:37:46,DOC-3884
TXN-204143,SKU-00229,LOC-015,OUT,167,246.92,OP-048,2026-07-11T05:37:46,DOC-3318
TXN-204144,SKU-00267,LOC-017,ADJUST,24,728.46,OP-003,2026-07-20T03:37:46,DOC-7675
TXN-204145,SKU-00023,LOC-013,IN,53,301.88,OP-024,2026-07-05T02:37:46,DOC-5104
TXN-204146,SKU-00209,LOC-020,OUT,106,425.90,OP-017,2026-07-14T06:37:46,DOC-8188
TXN-204147,SKU-00229,LOC-003,IN,14,214.38,OP-013,2026-07-28T20:37:46,DOC-7535
TXN-204148,SKU-00203,LOC-011,IN,23,12.52,OP-030,2026-07-12T00:37:46,
TXN-204149,SKU-00483,LOC-020,IN,40,733.73,OP-009,2026-07-29T17:37:46,DOC-9218
TXN-204150,SKU-00351,LOC-004,ADJUST,138,491.39,OP-014,2026-07-09T12:37:46,DOC-9970
TXN-204151,SKU-00383,LOC-006,ADJUST,71,678.58,OP-047,2026-07-04T03:37:46,DOC-6950
TXN-204152,SKU-00115,LOC-004,IN,189,491.52,OP-027,2026-07-17T15:37:46,DOC-7074
TXN-204153,SKU-00275,LOC-007,WRITE_OFF,56,74.91,OP-002,2026-07-25T23:37:46,DOC-5945
TXN-204154,SKU-00468,LOC-016,OUT,175,497.86,OP-022,2026-07-02T16:37:46,
TXN-204155,SKU-00469,LOC-004,IN,112,287.28,OP-030,2026-07-22T15:37:46,DOC-1724
TXN-204156,SKU-00130,LOC-002,OUT,133,479.39,OP-027,2026-07-21T00:37:46,
TXN-204157,SKU-00482,LOC-014,OUT,40,92.66,OP-023,2026-07-26T18:37:46,
TXN-204158,SKU-00321,LOC-018,IN,95,46.67,OP-034,2026-07-19T16:37:46,DOC-8617
TXN-204159,SKU-00265,LOC-009,IN,148,620.89,OP-011,2026-07-06T09:37:46,DOC-2044
TXN-204160,SKU-00021,LOC-007,OUT,178,337.60,OP-025,2026-07-03T04:37:46,DOC-7416
TXN-204161,SKU-00094,LOC-012,OUT,143,443.54,OP-001,2026-07-26T23:37:46,DOC-1456
TXN-204162,SKU-00170,LOC-016,OUT,129,290.40,OP-029,2026-07-29T00:37:46,DOC-8879
TXN-204163,SKU-00076,LOC-001,OUT,109,560.91,OP-044,2026-07-08T22:37:46,DOC-2136
TXN-204164,SKU-00145,LOC-011,IN,191,620.42,OP-049,2026-07-22T10:37:46,
TXN-204165,SKU-00453,LOC-014,ADJUST,6,676.67,OP-043,2026-07-23T08:37:46,DOC-7274
TXN-204166,SKU-00328,LOC-004,WRITE_OFF,194,384.60,OP-049,2026-07-06T18:37:46,
TXN-204167,SKU-00373,LOC-008,OUT,77,363.41,OP-012,2026-07-02T13:37:46,DOC-6488
TXN-204168,SKU-00259,LOC-015,OUT,20,474.99,OP-043,2026-07-29T22:37:46,DOC-9311
TXN-204169,SKU-00316,LOC-006,IN,51,6.70,OP-033,2026-07-29T16:37:46,DOC-7301
TXN-204170,SKU-00188,LOC-014,OUT,133,762.20,OP-018,2026-07-31T05:37:46,DOC-1839
TXN-204171,SKU-00028,LOC-018,OUT,130,607.31,OP-005,2026-07-06T09:37:46,DOC-9080
TXN-204172,SKU-00362,LOC-001,OUT,139,355.27,OP-020,2026-07-14T21:37:46,DOC-4286
TXN-204173,SKU-00024,LOC-016,OUT,73,309.79,OP-022,2026-07-09T23:37:46,
TXN-204174,SKU-00093,LOC-018,OUT,115,166.78,OP-017,2026-07-13T06:37:46,DOC-3887
TXN-204175,SKU-00238,LOC-002,IN,5,372.45,OP-005,2026-07-16T12:37:46,DOC-4851
TXN-204176,SKU-00482,LOC-007,WRITE_OFF,155,406.34,OP-043,2026-07-17T06:37:46,DOC-1561
TXN-204177,SKU-00247,LOC-015,WRITE_OFF,115,472.10,OP-041,2026-07-17T22:37:46,DOC-7443
TXN-204178,SKU-00009,LOC-016,ADJUST,49,403.09,OP-010,2026-07-04T14:37:46,DOC-4734
TXN-204179,SKU-00154,LOC-015,IN,93,776.51,OP-010,2026-07-21T20:37:46,DOC-3486
TXN-204180,SKU-00299,LOC-001,OUT,195,671.34,OP-027,2026-07-24T06:37:46,DOC-6554
TXN-204181,SKU-00331,LOC-004,IN,46,123.10,OP-026,2026-07-13T20:37:46,DOC-3553
TXN-204182,SKU-00125,LOC-008,ADJUST,53,577.71,OP-024,2026-07-18T09:37:46,DOC-2416
TXN-204183,SKU-00187,LOC-005,OUT,144,667.28,OP-024,2026-07-22T10:37:46,DOC-3724
TXN-204184,SKU-00144,LOC-020,IN,14,83.83,OP-022,2026-07-16T04:37:46,
TXN-204185,SKU-00051,LOC-018,ADJUST,64,789.55,OP-041,2026-07-16T10:37:46,DOC-3219
TXN-204186,SKU-00453,LOC-008,IN,165,543.67,OP-043,2026-07-13T20:37:46,
TXN-204187,SKU-00244,LOC-013,IN,143,300.64,OP-030,2026-07-30T04:37:46,DOC-9769
TXN-204188,SKU-00441,LOC-017,IN,115,765.44,OP-047,2026-07-25T00:37:46,
TXN-204189,SKU-00040,LOC-012,IN,197,434.28,OP-019,2026-07-02T06:37:46,DOC-6024
TXN-204190,SKU-00103,LOC-009,IN,5,779.11,OP-033,2026-07-12T16:37:46,DOC-2873
TXN-204191,SKU-00217,LOC-020,OUT,114,679.41,OP-048,2026-07-23T12:37:46,
TXN-204192,SKU-00245,LOC-009,ADJUST,200,533.49,OP-036,2026-07-23T05:37:46,
TXN-204193,SKU-00094,LOC-009,ADJUST,158,416.29,OP-033,2026-07-03T22:37:46,DOC-8350
TXN-204194,SKU-00153,LOC-020,IN,75,768.48,OP-041,2026-07-12T15:37:46,DOC-9949
TXN-204195,SKU-00082,LOC-008,IN,29,119.20,OP-050,2026-07-08T07:37:46,DOC-1528
TXN-204196,SKU-00001,LOC-017,IN,11,584.88,OP-021,2026-07-02T03:37:46,
TXN-204197,SKU-00338,LOC-004,OUT,184,21.04,OP-010,2026-07-29T07:37:46,DOC-3204
TXN-204198,SKU-00384,LOC-020,OUT,3,488.51,OP-006,2026-07-15T05:37:46,DOC-8372
TXN-204199,SKU-00479,LOC-007,ADJUST,189,100.38,OP-011,2026-07-08T02:37:46,DOC-2018
TXN-204200,SKU-00473,LOC-005,OUT,145,553.64,OP-040,2026-07-20T18:37:46,DOC-7076
TXN-204201,SKU-00104,LOC-013,OUT,4,206.07,OP-014,2026-07-07T14:37:46,DOC-7284
TXN-204202,SKU-00068,LOC-002,OUT,5,236.12,OP-013,2026-07-21T20:37:46,DOC-5619
TXN-204203,SKU-00325,LOC-011,IN,139,453.31,OP-018,2026-07-06T04:37:46,
TXN-204204,SKU-00024,LOC-012,ADJUST,39,389.91,OP-024,2026-07-14T10:37:46,
TXN-204205,SKU-00478,LOC-017,OUT,130,231.18,OP-036,2026-07-16T06:37:46,DOC-9410
TXN-204206,SKU-00273,LOC-008,OUT,95,747.15,OP-021,2026-07-08T00:37:46,DOC-5217
TXN-204207,SKU-00023,LOC-019,IN,164,411.11,OP-050,2026-07-20T17:37:46,
TXN-204208,SKU-00053,LOC-007,OUT,34,431.90,OP-018,2026-07-20T19:37:46,DOC-4855
TXN-204209,SKU-00060,LOC-003,ADJUST,49,323.59,OP-032,2026-07-28T05:37:46,
TXN-204210,SKU-00203,LOC-017,OUT,163,266.72,OP-050,2026-07-16T13:37:46,DOC-6240
TXN-204211,SKU-00006,LOC-017,ADJUST,16,667.62,OP-032,2026-07-10T21:37:46,DOC-9645
TXN-204212,SKU-00220,LOC-010,IN,164,364.62,OP-026,2026-07-12T09:37:46,DOC-7658
TXN-204213,SKU-00004,LOC-020,ADJUST,171,590.81,OP-042,2026-07-03T15:37:46,
TXN-204214,SKU-00033,LOC-001,OUT,75,49.08,OP-050,2026-07-29T10:37:46,DOC-2744
TXN-204215,SKU-00012,LOC-015,IN,174,751.98,OP-043,2026-07-18T02:37:46,
TXN-204216,SKU-00114,LOC-015,ADJUST,74,474.35,OP-045,2026-07-30T11:37:46,
TXN-204217,SKU-00404,LOC-006,IN,5,678.11,OP-030,2026-07-13T13:37:46,
TXN-204218,SKU-00251,LOC-003,ADJUST,36,525.70,OP-001,2026-07-26T15:37:46,DOC-2922
TXN-204219,SKU-00093,LOC-010,ADJUST,22,571.15,OP-023,2026-07-12T14:37:46,
TXN-204220,SKU-00156,LOC-004,OUT,16,259.45,OP-037,2026-07-07T23:37:46,DOC-6738
TXN-204221,SKU-00045,LOC-012,OUT,182,197.71,OP-009,2026-07-10T23:37:46,
TXN-204222,SKU-00196,LOC-005,IN,10,53.40,OP-050,2026-07-08T21:37:46,DOC-7516
TXN-204223,SKU-00138,LOC-005,OUT,28,55.62,OP-004,2026-07-25T17:37:46,
TXN-204224,SKU-00331,LOC-004,OUT,95,455.18,OP-021,2026-07-14T14:37:46,DOC-3692
TXN-204225,SKU-00201,LOC-015,IN,196,488.50,OP-015,2026-07-24T21:37:46,DOC-8243
TXN-204226,SKU-00040,LOC-011,IN,120,315.87,OP-029,2026-07-28T21:37:46,DOC-9435
TXN-204227,SKU-00313,LOC-001,WRITE_OFF,25,411.21,OP-007,2026-07-15T04:37:46,
TXN-204228,SKU-00273,LOC-016,WRITE_OFF,70,625.77,OP-036,2026-07-03T16:37:46,DOC-2156
TXN-204229,SKU-00348,LOC-020,IN,25,216.77,OP-032,2026-07-30T10:37:46,DOC-7497
TXN-204230,SKU-00481,LOC-001,IN,84,332.40,OP-010,2026-07-03T14:37:46,
TXN-204231,SKU-00120,LOC-018,OUT,18,201.54,OP-028,2026-07-17T22:37:46,DOC-9890
TXN-204232,SKU-00376,LOC-003,OUT,129,112.90,OP-009,2026-07-15T20:37:46,DOC-9790
TXN-204233,SKU-00377,LOC-020,IN,182,271.21,OP-041,2026-07-20T08:37:46,DOC-1339
TXN-204234,SKU-00435,LOC-011,IN,110,35.19,OP-007,2026-07-11T04:37:46,DOC-9788
TXN-204235,SKU-00176,LOC-013,IN,153,659.22,OP-028,2026-07-05T21:37:46,DOC-9537
TXN-204236,SKU-00165,LOC-012,IN,174,485.44,OP-003,2026-07-13T18:37:46,DOC-6907
TXN-204237,SKU-00110,LOC-013,ADJUST,55,164.95,OP-005,2026-07-27T01:37:46,DOC-9435
TXN-204238,SKU-00083,LOC-013,IN,41,134.66,OP-022,2026-07-29T23:37:46,DOC-9793
TXN-204239,SKU-00333,LOC-013,IN,65,193.28,OP-002,2026-07-05T18:37:46,DOC-1178
TXN-204240,SKU-00147,LOC-008,ADJUST,157,553.90,OP-028,2026-07-11T12:37:46,
TXN-204241,SKU-00359,LOC-010,ADJUST,164,582.85,OP-034,2026-07-27T10:37:46,DOC-9879
TXN-204242,SKU-00378,LOC-005,ADJUST,131,734.75,OP-010,2026-07-26T20:37:46,DOC-2998
TXN-204243,SKU-00039,LOC-006,IN,121,698.15,OP-046,2026-07-16T06:37:46,DOC-5107
TXN-204244,SKU-00120,LOC-012,OUT,117,183.07,OP-039,2026-07-05T14:37:46,DOC-1219
TXN-204245,SKU-00447,LOC-011,OUT,50,256.31,OP-047,2026-07-08T05:37:46,DOC-7688
TXN-204246,SKU-00045,LOC-002,IN,103,120.85,OP-003,2026-07-07T03:37:46,DOC-2508
TXN-204247,SKU-00053,LOC-014,OUT,138,797.00,OP-023,2026-07-26T13:37:46,DOC-4561
TXN-204248,SKU-00002,LOC-010,OUT,4,510.89,OP-033,2026-07-03T23:37:46,DOC-2841
TXN-204249,SKU-00201,LOC-004,IN,84,629.78,OP-021,2026-07-28T16:37:46,DOC-7316
TXN-204250,SKU-00135,LOC-018,OUT,62,132.25,OP-050,2026-07-24T03:37:46,DOC-5814
TXN-204251,SKU-00381,LOC-019,IN,102,643.43,OP-037,2026-07-11T15:37:46,DOC-4633
TXN-204252,SKU-00281,LOC-013,IN,65,358.76,OP-050,2026-07-16T15:37:46,DOC-3422
TXN-204253,SKU-00072,LOC-017,ADJUST,112,217.31,OP-028,2026-07-07T17:37:46,DOC-2480
TXN-204254,SKU-00411,LOC-014,IN,192,418.45,OP-003,2026-07-26T15:37:46,DOC-3536
TXN-204255,SKU-00105,LOC-010,ADJUST,13,678.13,OP-024,2026-07-15T17:37:46,DOC-4099
TXN-204256,SKU-00438,LOC-004,IN,152,603.43,OP-050,2026-07-20T01:37:46,DOC-4908
TXN-204257,SKU-00314,LOC-008,IN,23,613.25,OP-014,2026-07-27T11:37:46,DOC-9363
TXN-204258,SKU-00257,LOC-008,ADJUST,187,153.55,OP-028,2026-07-04T05:37:46,DOC-3000
TXN-204259,SKU-00357,LOC-019,OUT,49,381.69,OP-040,2026-07-18T03:37:46,DOC-9427
TXN-204260,SKU-00432,LOC-010,OUT,154,737.65,OP-007,2026-07-29T16:37:46,DOC-9903
TXN-204261,SKU-00317,LOC-018,OUT,34,478.54,OP-011,2026-07-11T15:37:46,DOC-7584
TXN-204262,SKU-00369,LOC-007,IN,132,469.81,OP-012,2026-07-09T20:37:46,DOC-9069
TXN-204263,SKU-00131,LOC-017,IN,26,283.28,OP-012,2026-07-09T01:37:46,DOC-7916
TXN-204264,SKU-00184,LOC-009,OUT,111,217.67,OP-015,2026-07-24T09:37:46,DOC-8893
TXN-204265,SKU-00066,LOC-005,ADJUST,68,770.62,OP-032,2026-07-12T15:37:46,
TXN-204266,SKU-00169,LOC-011,IN,35,377.93,OP-045,2026-07-18T14:37:46,DOC-4705
TXN-204267,SKU-00412,LOC-016,IN,173,709.53,OP-019,2026-07-31T03:37:46,
TXN-204268,SKU-00022,LOC-019,IN,184,306.45,OP-018,2026-07-22T19:37:46,DOC-8932
TXN-204269,SKU-00005,LOC-004,OUT,31,557.66,OP-043,2026-07-28T21:37:46,DOC-6928
TXN-204270,SKU-00223,LOC-003,OUT,38,444.96,OP-010,2026-07-29T18:37:46,DOC-2990
TXN-204271,SKU-00296,LOC-005,ADJUST,184,39.47,OP-039,2026-07-18T11:37:46,
TXN-204272,SKU-00292,LOC-009,OUT,44,676.82,OP-030,2026-07-24T07:37:46,DOC-5582
TXN-204273,SKU-00071,LOC-019,OUT,158,78.01,OP-019,2026-07-17T14:37:46,DOC-9594
TXN-204274,SKU-00010,LOC-017,OUT,112,26.58,OP-017,2026-07-15T13:37:46,DOC-6825
TXN-204275,SKU-00068,LOC-004,OUT,174,396.86,OP-006,2026-07-20T07:37:46,DOC-5128
TXN-204276,SKU-00238,LOC-003,IN,90,65.97,OP-010,2026-07-25T09:37:46,DOC-7921
TXN-204277,SKU-00107,LOC-016,IN,71,550.90,OP-027,2026-07-06T03:37:46,DOC-5918
TXN-204278,SKU-00010,LOC-010,ADJUST,128,789.45,OP-003,2026-07-08T08:37:46,DOC-9224
TXN-204279,SKU-00388,LOC-013,IN,110,58.28,OP-039,2026-07-21T02:37:46,DOC-8745
TXN-204280,SKU-00167,LOC-016,IN,159,517.89,OP-039,2026-07-17T00:37:46,DOC-2609
TXN-204281,SKU-00115,LOC-018,OUT,155,90.08,OP-023,2026-07-07T20:37:46,DOC-2237
TXN-204282,SKU-00399,LOC-014,ADJUST,19,119.33,OP-016,2026-07-15T22:37:46,DOC-3352
TXN-204283,SKU-00394,LOC-008,ADJUST,192,592.64,OP-035,2026-07-21T19:37:46,DOC-5721
TXN-204284,SKU-00367,LOC-013,OUT,57,164.76,OP-006,2026-07-20T11:37:46,DOC-2250
TXN-204285,SKU-00373,LOC-016,IN,93,232.10,OP-003,2026-07-10T03:37:46,DOC-4769
TXN-204286,SKU-00037,LOC-001,ADJUST,4,299.43,OP-020,2026-07-22T06:37:46,
TXN-204287,SKU-00149,LOC-005,ADJUST,159,558.51,OP-036,2026-07-11T07:37:46,DOC-9665
TXN-204288,SKU-00483,LOC-012,WRITE_OFF,68,20.67,OP-030,2026-07-12T05:37:46,DOC-9075
TXN-204289,SKU-00292,LOC-010,OUT,124,612.22,OP-043,2026-07-21T04:37:46,
TXN-204290,SKU-00134,LOC-013,OUT,101,398.82,OP-032,2026-07-21T23:37:46,DOC-4296
TXN-204291,SKU-00164,LOC-014,OUT,135,612.03,OP-016,2026-07-08T19:37:46,DOC-2313
TXN-204292,SKU-00358,LOC-005,IN,39,580.15,OP-038,2026-07-18T00:37:46,DOC-8463
TXN-204293,SKU-00480,LOC-002,IN,3,214.62,OP-028,2026-07-24T01:37:46,DOC-3941
TXN-204294,SKU-00222,LOC-014,IN,130,500.60,OP-047,2026-07-10T22:37:46,DOC-3198
TXN-204295,SKU-00275,LOC-002,OUT,22,323.83,OP-004,2026-07-26T05:37:46,DOC-6259
TXN-204296,SKU-00296,LOC-001,OUT,27,86.53,OP-029,2026-07-08T22:37:46,DOC-4842
TXN-204297,SKU-00189,LOC-011,OUT,107,271.23,OP-037,2026-07-15T11:37:46,DOC-9871
TXN-204298,SKU-00018,LOC-004,IN,187,774.45,OP-023,2026-07-02T06:37:46,DOC-6148
TXN-204299,SKU-00062,LOC-002,IN,65,379.93,OP-049,2026-07-14T04:37:46,DOC-1641
TXN-204300,SKU-00053,LOC-005,ADJUST,26,459.81,OP-002,2026-07-30T07:37:46,
TXN-204301,SKU-00382,LOC-004,OUT,131,680.61,OP-034,2026-07-12T20:37:46,DOC-6154
TXN-204302,SKU-00208,LOC-016,ADJUST,161,498.59,OP-042,2026-07-04T23:37:46,DOC-7438
TXN-204303,SKU-00315,LOC-004,IN,60,288.73,OP-033,2026-07-20T06:37:46,DOC-9197
TXN-204304,SKU-00345,LOC-016,ADJUST,34,31.64,OP-004,2026-07-04T22:37:46,DOC-1212
TXN-204305,SKU-00222,LOC-003,OUT,118,185.27,OP-036,2026-07-16T23:37:46,DOC-6667
TXN-204306,SKU-00140,LOC-014,IN,55,406.56,OP-015,2026-07-23T22:37:46,DOC-6985
TXN-204307,SKU-00400,LOC-017,OUT,52,679.90,OP-009,2026-07-30T06:37:46,DOC-6839
TXN-204308,SKU-00302,LOC-012,IN,30,156.41,OP-035,2026-07-24T22:37:46,
TXN-204309,SKU-00400,LOC-019,OUT,95,621.54,OP-019,2026-07-11T12:37:46,
TXN-204310,SKU-00116,LOC-013,OUT,187,172.12,OP-024,2026-07-02T08:37:46,
TXN-204311,SKU-00012,LOC-019,IN,102,393.08,OP-003,2026-07-30T15:37:46,DOC-6676
TXN-204312,SKU-00129,LOC-013,IN,52,21.60,OP-046,2026-07-23T04:37:46,
TXN-204313,SKU-00098,LOC-017,IN,23,406.41,OP-026,2026-07-03T05:37:46,DOC-5652
TXN-204314,SKU-00160,LOC-014,IN,37,605.45,OP-044,2026-07-29T05:37:46,
TXN-204315,SKU-00211,LOC-001,OUT,10,198.92,OP-041,2026-07-03T01:37:46,DOC-6665
TXN-204316,SKU-00163,LOC-014,ADJUST,30,536.48,OP-046,2026-07-20T10:37:46,DOC-9802
TXN-204317,SKU-00021,LOC-007,OUT,33,509.28,OP-049,2026-07-18T16:37:46,DOC-1867
TXN-204318,SKU-00026,LOC-006,ADJUST,39,22.97,OP-034,2026-07-16T18:37:46,DOC-4713
TXN-204319,SKU-00423,LOC-019,ADJUST,77,287.96,OP-040,2026-07-24T12:37:46,DOC-3851
TXN-204320,SKU-00249,LOC-008,IN,49,450.54,OP-032,2026-07-03T19:37:46,
TXN-204321,SKU-00319,LOC-015,WRITE_OFF,163,694.24,OP-035,2026-07-26T00:37:46,DOC-2774
TXN-204322,SKU-00056,LOC-012,IN,10,600.36,OP-042,2026-07-06T20:37:46,DOC-8662
TXN-204323,SKU-00277,LOC-006,OUT,154,446.92,OP-043,2026-07-02T20:37:46,DOC-8562
TXN-204324,SKU-00102,LOC-015,ADJUST,100,255.64,OP-028,2026-07-17T00:37:46,DOC-2068
TXN-204325,SKU-00486,LOC-014,IN,191,285.40,OP-010,2026-07-30T17:37:46,DOC-8782
TXN-204326,SKU-00367,LOC-002,OUT,121,143.09,OP-015,2026-07-16T18:37:46,
TXN-204327,SKU-00033,LOC-004,OUT,165,156.56,OP-029,2026-07-26T20:37:46,
TXN-204328,SKU-00339,LOC-005,OUT,108,143.43,OP-029,2026-07-13T14:37:46,
TXN-204329,SKU-00417,LOC-020,OUT,132,670.99,OP-026,2026-07-18T11:37:46,DOC-6328
TXN-204330,SKU-00088,LOC-020,IN,94,521.19,OP-041,2026-07-23T13:37:46,DOC-9337
TXN-204331,SKU-00178,LOC-006,IN,25,687.34,OP-013,2026-07-28T19:37:46,DOC-9647
TXN-204332,SKU-00025,LOC-011,OUT,84,69.77,OP-026,2026-07-11T21:37:46,DOC-4334
TXN-204333,SKU-00478,LOC-003,IN,67,202.48,OP-004,2026-07-26T08:37:46,DOC-7595
TXN-204334,SKU-00454,LOC-004,OUT,52,293.50,OP-042,2026-07-21T15:37:46,DOC-8560
TXN-204335,SKU-00387,LOC-013,OUT,145,180.53,OP-032,2026-07-02T00:37:46,DOC-4639
TXN-204336,SKU-00002,LOC-005,OUT,80,357.53,OP-029,2026-07-30T12:37:46,DOC-7023
TXN-204337,SKU-00352,LOC-008,IN,152,758.44,OP-021,2026-07-30T04:37:46,DOC-3635
TXN-204338,SKU-00039,LOC-017,WRITE_OFF,94,155.00,OP-016,2026-07-04T14:37:46,DOC-3548
TXN-204339,SKU-00030,LOC-006,OUT,22,585.46,OP-033,2026-07-14T04:37:46,DOC-4814
TXN-204340,SKU-00227,LOC-015,IN,71,35.97,OP-030,2026-07-03T20:37:46,DOC-4213
TXN-204341,SKU-00428,LOC-001,OUT,54,658.23,OP-032,2026-07-05T22:37:46,DOC-2318
TXN-204342,SKU-00012,LOC-012,WRITE_OFF,105,639.82,OP-026,2026-07-29T07:37:46,DOC-5710
TXN-204343,SKU-00316,LOC-020,ADJUST,98,86.70,OP-047,2026-07-01T21:37:46,DOC-5947
TXN-204344,SKU-00175,LOC-009,IN,24,419.90,OP-049,2026-07-09T15:37:46,DOC-5976
TXN-204345,SKU-00010,LOC-015,OUT,150,218.58,OP-021,2026-07-17T23:37:46,DOC-3367
TXN-204346,SKU-00438,LOC-005,OUT,41,302.90,OP-027,2026-07-06T23:37:46,DOC-2974
TXN-204347,SKU-00282,LOC-007,IN,18,183.72,OP-044,2026-07-06T10:37:46,DOC-3663
TXN-204348,SKU-00165,LOC-014,IN,119,630.96,OP-038,2026-07-23T11:37:46,DOC-1619
TXN-204349,SKU-00275,LOC-008,IN,30,515.28,OP-050,2026-07-03T10:37:46,DOC-7963
TXN-204350,SKU-00357,LOC-003,OUT,150,221.05,OP-015,2026-07-18T15:37:46,
TXN-204351,SKU-00024,LOC-018,IN,102,796.85,OP-040,2026-07-18T23:37:46,
TXN-204352,SKU-00422,LOC-020,OUT,43,621.29,OP-050,2026-07-06T07:37:46,DOC-2940
TXN-204353,SKU-00425,LOC-004,IN,46,306.84,OP-004,2026-07-23T22:37:46,DOC-2250
TXN-204354,SKU-00083,LOC-013,IN,88,134.66,OP-025,2026-07-12T00:37:46,DOC-8232
TXN-204355,SKU-00404,LOC-020,OUT,31,610.76,OP-030,2026-07-05T21:37:46,DOC-9830
TXN-204356,SKU-00052,LOC-013,IN,33,399.82,OP-047,2026-07-24T14:37:46,DOC-3158
TXN-204357,SKU-00319,LOC-016,ADJUST,141,676.91,OP-018,2026-07-09T00:37:46,DOC-1111
TXN-204358,SKU-00091,LOC-003,IN,178,155.30,OP-034,2026-07-22T10:37:46,DOC-7077
TXN-204359,SKU-00410,LOC-020,OUT,76,260.22,OP-032,2026-07-28T00:37:46,DOC-7503
TXN-204360,SKU-00458,LOC-002,IN,176,439.83,OP-024,2026-07-27T18:37:46,
TXN-204361,SKU-00198,LOC-007,IN,23,17.58,OP-007,2026-07-24T04:37:46,
TXN-204362,SKU-00478,LOC-006,OUT,20,739.62,OP-021,2026-07-09T23:37:46,DOC-5978
TXN-204363,SKU-00088,LOC-010,ADJUST,108,752.92,OP-020,2026-07-04T20:37:46,
TXN-204364,SKU-00266,LOC-013,ADJUST,175,195.54,OP-038,2026-07-20T03:37:46,DOC-3863
TXN-204365,SKU-00375,LOC-008,IN,15,654.88,OP-024,2026-07-22T06:37:46,
TXN-204366,SKU-00358,LOC-002,IN,159,402.44,OP-029,2026-07-03T11:37:46,
TXN-204367,SKU-00032,LOC-020,OUT,130,770.94,OP-044,2026-07-22T04:37:46,DOC-9317
TXN-204368,SKU-00410,LOC-005,OUT,31,682.14,OP-049,2026-07-19T07:37:46,DOC-1010
TXN-204369,SKU-00186,LOC-019,IN,18,546.62,OP-017,2026-07-05T23:37:46,DOC-9183
TXN-204370,SKU-00195,LOC-001,IN,86,219.05,OP-029,2026-07-23T01:37:46,
TXN-204371,SKU-00382,LOC-015,OUT,81,508.58,OP-034,2026-07-22T14:37:46,DOC-8620
TXN-204372,SKU-00119,LOC-013,OUT,131,476.33,OP-022,2026-07-20T04:37:46,
TXN-204373,SKU-00413,LOC-020,IN,101,718.73,OP-013,2026-07-14T02:37:46,DOC-4297
TXN-204374,SKU-00103,LOC-019,OUT,62,789.34,OP-039,2026-07-04T22:37:46,DOC-2299
TXN-204375,SKU-00207,LOC-001,IN,131,208.72,OP-019,2026-07-20T02:37:46,DOC-8014
TXN-204376,SKU-00147,LOC-005,IN,38,12.76,OP-017,2026-07-12T14:37:46,
TXN-204377,SKU-00080,LOC-001,OUT,65,185.27,OP-018,2026-07-11T20:37:46,DOC-4984
TXN-204378,SKU-00053,LOC-005,ADJUST,38,459.81,OP-028,2026-07-20T09:37:46,DOC-5072
TXN-204379,SKU-00058,LOC-001,ADJUST,147,795.12,OP-022,2026-07-25T05:37:46,
TXN-204380,SKU-00348,LOC-019,OUT,168,542.96,OP-043,2026-07-19T16:37:46,DOC-8909
TXN-204381,SKU-00168,LOC-011,OUT,135,297.62,OP-011,2026-07-11T22:37:46,DOC-8509
TXN-204382,SKU-00384,LOC-015,OUT,13,751.39,OP-047,2026-07-25T22:37:46,DOC-8566
TXN-204383,SKU-00460,LOC-010,OUT,148,471.51,OP-012,2026-07-18T17:37:46,DOC-6433
TXN-204384,SKU-00283,LOC-006,OUT,104,528.61,OP-033,2026-07-28T14:37:46,DOC-4088
TXN-204385,SKU-00186,LOC-016,OUT,58,251.99,OP-047,2026-07-03T06:37:46,DOC-5913
TXN-204386,SKU-00352,LOC-006,IN,150,215.73,OP-019,2026-07-02T11:37:46,
TXN-204387,SKU-00118,LOC-001,OUT,154,335.15,OP-002,2026-07-09T02:37:46,DOC-1493
TXN-204388,SKU-00016,LOC-017,OUT,80,453.33,OP-017,2026-07-24T18:37:46,
TXN-204389,SKU-00483,LOC-003,OUT,104,776.71,OP-038,2026-07-04T19:37:46,DOC-5714
TXN-204390,SKU-00497,LOC-010,ADJUST,168,5.65,OP-018,2026-07-26T13:37:46,DOC-5502
TXN-204391,SKU-00481,LOC-004,ADJUST,133,25.96,OP-040,2026-07-02T23:37:46,DOC-2253
TXN-204392,SKU-00491,LOC-017,IN,75,620.88,OP-037,2026-07-13T07:37:46,DOC-3123
TXN-204393,SKU-00445,LOC-013,WRITE_OFF,39,213.98,OP-048,2026-07-08T01:37:46,DOC-6085
TXN-204394,SKU-00080,LOC-004,OUT,185,118.60,OP-026,2026-07-27T08:37:46,DOC-3131
TXN-204395,SKU-00194,LOC-012,IN,65,692.55,OP-024,2026-07-02T04:37:46,DOC-3612
TXN-204396,SKU-00419,LOC-019,ADJUST,118,471.42,OP-016,2026-07-31T09:37:46,DOC-5282
TXN-204397,SKU-00148,LOC-011,IN,138,637.36,OP-016,2026-07-11T20:37:46,DOC-8388
TXN-204398,SKU-00067,LOC-005,OUT,167,458.28,OP-020,2026-07-11T06:37:46,DOC-1322
TXN-204399,SKU-00104,LOC-001,OUT,108,488.32,OP-017,2026-07-04T02:37:46,DOC-4314
TXN-204400,SKU-00142,LOC-005,IN,61,357.23,OP-018,2026-07-30T17:37:46,DOC-5789
TXN-204401,SKU-00497,LOC-009,OUT,177,202.83,OP-026,2026-07-07T02:37:46,DOC-9880
TXN-204402,SKU-00196,LOC-014,OUT,44,656.16,OP-003,2026-07-17T19:37:46,DOC-5721
TXN-204403,SKU-00387,LOC-003,ADJUST,85,485.10,OP-001,2026-07-05T23:37:46,DOC-5303
TXN-204404,SKU-00034,LOC-010,OUT,139,325.74,OP-035,2026-07-28T02:37:46,DOC-5843
TXN-204405,SKU-00480,LOC-007,IN,174,406.67,OP-034,2026-07-31T10:37:46,DOC-1458
TXN-204406,SKU-00373,LOC-016,IN,145,232.10,OP-029,2026-07-26T11:37:46,DOC-6909
TXN-204407,SKU-00394,LOC-011,IN,128,677.13,OP-048,2026-07-28T05:37:46,DOC-5609
TXN-204408,SKU-00037,LOC-013,OUT,63,215.44,OP-011,2026-07-06T10:37:46,DOC-1912
TXN-204409,SKU-00036,LOC-017,ADJUST,175,758.62,OP-015,2026-07-23T07:37:46,DOC-2130
TXN-204410,SKU-00386,LOC-003,ADJUST,119,401.78,OP-015,2026-07-10T00:37:46,DOC-6574
TXN-204411,SKU-00182,LOC-009,OUT,141,724.81,OP-022,2026-07-06T03:37:46,DOC-3997
TXN-204412,SKU-00011,LOC-016,OUT,95,291.94,OP-009,2026-07-02T09:37:46,DOC-3371
TXN-204413,SKU-00150,LOC-018,IN,39,383.77,OP-002,2026-07-19T23:37:46,DOC-1177
TXN-204414,SKU-00357,LOC-001,ADJUST,158,358.56,OP-030,2026-07-07T23:37:46,
TXN-204415,SKU-00294,LOC-011,IN,122,451.05,OP-012,2026-07-09T17:37:46,DOC-6687
TXN-204416,SKU-00024,LOC-014,OUT,139,12.39,OP-042,2026-07-23T10:37:46,DOC-5388
TXN-204417,SKU-00271,LOC-020,ADJUST,138,422.67,OP-042,2026-07-29T11:37:46,DOC-1670
TXN-204418,SKU-00405,LOC-012,IN,56,440.98,OP-044,2026-07-09T19:37:46,DOC-6850
TXN-204419,SKU-00127,LOC-014,IN,109,599.83,OP-012,2026-07-14T01:37:46,DOC-4596
TXN-204420,SKU-00248,LOC-002,OUT,16,495.24,OP-016,2026-07-26T18:37:46,DOC-1387
TXN-204421,SKU-00342,LOC-017,OUT,43,454.36,OP-006,2026-07-30T00:37:46,
TXN-204422,SKU-00246,LOC-012,IN,59,308.16,OP-014,2026-07-20T06:37:46,DOC-2205
TXN-204423,SKU-00147,LOC-006,OUT,161,671.85,OP-014,2026-07-06T00:37:46,DOC-8785
TXN-204424,SKU-00004,LOC-009,OUT,196,473.38,OP-005,2026-07-29T10:37:46,
TXN-204425,SKU-00111,LOC-001,OUT,16,337.20,OP-019,2026-07-27T17:37:46,DOC-4809
TXN-204426,SKU-00069,LOC-002,IN,87,63.30,OP-014,2026-07-05T18:37:46,DOC-4267
TXN-204427,SKU-00320,LOC-015,IN,5,157.01,OP-025,2026-07-14T19:37:46,DOC-1325
TXN-204428,SKU-00460,LOC-009,IN,126,605.24,OP-033,2026-07-15T03:37:46,DOC-7475
TXN-204429,SKU-00062,LOC-006,ADJUST,192,522.59,OP-026,2026-07-16T11:37:46,
TXN-204430,SKU-00396,LOC-009,IN,123,691.56,OP-009,2026-07-21T12:37:46,DOC-6899
TXN-204431,SKU-00126,LOC-002,ADJUST,47,495.08,OP-030,2026-07-19T05:37:46,
TXN-204432,SKU-00324,LOC-005,IN,25,234.43,OP-028,2026-07-23T00:37:46,DOC-4218
TXN-204433,SKU-00226,LOC-011,OUT,144,625.04,OP-025,2026-07-03T17:37:46,DOC-7763
TXN-204434,SKU-00157,LOC-020,ADJUST,49,552.78,OP-040,2026-07-28T19:37:46,DOC-9634
TXN-204435,SKU-00182,LOC-009,IN,183,724.81,OP-003,2026-07-10T14:37:46,DOC-2034
TXN-204436,SKU-00172,LOC-003,IN,132,83.26,OP-023,2026-07-07T18:37:46,DOC-9738
TXN-204437,SKU-00332,LOC-001,OUT,29,391.16,OP-009,2026-07-28T17:37:46,DOC-6644
TXN-204438,SKU-00087,LOC-020,OUT,152,697.18,OP-009,2026-07-30T01:37:46,DOC-2542
TXN-204439,SKU-00229,LOC-009,IN,25,84.18,OP-031,2026-07-21T20:37:46,DOC-4744
TXN-204440,SKU-00465,LOC-015,IN,132,579.20,OP-044,2026-07-09T14:37:46,DOC-1905
TXN-204441,SKU-00025,LOC-011,OUT,180,127.69,OP-050,2026-07-26T03:37:46,DOC-9272
TXN-204442,SKU-00067,LOC-016,ADJUST,67,660.71,OP-033,2026-07-03T15:37:46,
TXN-204443,SKU-00419,LOC-011,IN,27,13.82,OP-043,2026-07-11T07:37:46,DOC-6745
TXN-204444,SKU-00434,LOC-013,IN,141,558.82,OP-034,2026-07-07T23:37:46,DOC-9820
TXN-204445,SKU-00079,LOC-017,IN,18,154.00,OP-007,2026-07-25T20:37:46,DOC-3102
TXN-204446,SKU-00117,LOC-004,IN,181,408.10,OP-049,2026-07-29T01:37:46,DOC-7244
TXN-204447,SKU-00166,LOC-003,ADJUST,166,496.52,OP-042,2026-07-29T00:37:46,
TXN-204448,SKU-00298,LOC-018,OUT,122,486.85,OP-023,2026-07-08T17:37:46,DOC-7992
TXN-204449,SKU-00033,LOC-006,ADJUST,116,465.61,OP-040,2026-07-24T21:37:46,DOC-7030
TXN-204450,SKU-00072,LOC-004,IN,21,425.25,OP-013,2026-07-05T21:37:46,
TXN-204451,SKU-00390,LOC-006,OUT,28,718.75,OP-022,2026-07-26T18:37:46,
TXN-204452,SKU-00170,LOC-010,IN,39,44.81,OP-024,2026-07-10T07:37:46,DOC-7046
TXN-204453,SKU-00208,LOC-008,OUT,187,499.82,OP-025,2026-07-24T01:37:46,
TXN-204454,SKU-00024,LOC-013,IN,84,599.04,OP-021,2026-07-26T07:37:46,DOC-6449
TXN-204455,SKU-00322,LOC-018,IN,136,769.55,OP-025,2026-07-15T06:37:46,DOC-7855
TXN-204456,SKU-00397,LOC-013,IN,130,262.66,OP-050,2026-07-21T03:37:46,
TXN-204457,SKU-00019,LOC-011,WRITE_OFF,151,713.10,OP-001,2026-07-10T00:37:46,DOC-2894
TXN-204458,SKU-00152,LOC-003,IN,27,680.35,OP-006,2026-07-05T11:37:46,DOC-3903
TXN-204459,SKU-00243,LOC-020,IN,78,356.26,OP-044,2026-07-28T02:37:46,DOC-9253
TXN-204460,SKU-00483,LOC-012,OUT,155,554.10,OP-047,2026-07-21T09:37:46,DOC-1001
TXN-204461,SKU-00135,LOC-001,OUT,153,438.58,OP-029,2026-07-04T16:37:46,DOC-7016
TXN-204462,SKU-00397,LOC-016,OUT,16,784.95,OP-015,2026-07-29T13:37:46,
TXN-204463,SKU-00450,LOC-014,WRITE_OFF,38,567.61,OP-024,2026-07-15T05:37:46,DOC-4229
TXN-204464,SKU-00004,LOC-020,IN,80,346.03,OP-033,2026-07-04T23:37:46,DOC-2599
TXN-204465,SKU-00198,LOC-016,IN,180,557.88,OP-019,2026-07-05T02:37:46,DOC-5446
TXN-204466,SKU-00074,LOC-020,IN,64,252.54,OP-002,2026-07-30T15:37:46,
TXN-204467,SKU-00206,LOC-014,IN,49,589.51,OP-010,2026-07-19T16:37:46,
TXN-204468,SKU-00456,LOC-011,OUT,56,600.59,OP-043,2026-07-08T04:37:46,DOC-4552
TXN-204469,SKU-00356,LOC-009,ADJUST,161,266.88,OP-004,2026-07-15T00:37:46,DOC-4751
TXN-204470,SKU-00148,LOC-013,OUT,191,496.01,OP-022,2026-07-20T13:37:46,DOC-5158
TXN-204471,SKU-00098,LOC-006,IN,120,252.17,OP-020,2026-07-12T14:37:46,DOC-6830
TXN-204472,SKU-00332,LOC-015,OUT,95,332.18,OP-029,2026-07-19T13:37:46,
TXN-204473,SKU-00484,LOC-016,OUT,107,713.86,OP-032,2026-07-12T19:37:46,DOC-2927
TXN-204474,SKU-00204,LOC-018,IN,76,576.81,OP-034,2026-07-12T23:37:46,DOC-8234
TXN-204475,SKU-00125,LOC-008,OUT,89,577.71,OP-034,2026-07-15T06:37:46,DOC-1607
TXN-204476,SKU-00117,LOC-012,IN,73,588.34,OP-010,2026-07-02T06:37:46,
TXN-204477,SKU-00263,LOC-009,OUT,156,406.50,OP-007,2026-07-29T15:37:46,DOC-2166
TXN-204478,SKU-00315,LOC-009,ADJUST,191,495.53,OP-017,2026-07-10T05:37:46,DOC-2165
TXN-204479,SKU-00460,LOC-019,IN,103,336.80,OP-035,2026-07-14T06:37:46,DOC-9150
TXN-204480,SKU-00257,LOC-014,IN,144,713.82,OP-041,2026-07-03T01:37:46,DOC-3558
TXN-204481,SKU-00179,LOC-019,IN,179,640.97,OP-011,2026-07-05T22:37:46,DOC-6047
TXN-204482,SKU-00061,LOC-007,OUT,38,781.61,OP-036,2026-07-11T16:37:46,DOC-4134
TXN-204483,SKU-00492,LOC-018,IN,121,99.71,OP-010,2026-07-18T00:37:46,DOC-8789
TXN-204484,SKU-00371,LOC-019,OUT,183,538.15,OP-007,2026-07-08T22:37:46,DOC-3456
TXN-204485,SKU-00075,LOC-013,OUT,127,746.03,OP-016,2026-07-10T20:37:46,DOC-1461
TXN-204486,SKU-00375,LOC-002,IN,176,98.05,OP-036,2026-07-19T02:37:46,DOC-8017
TXN-204487,SKU-00133,LOC-001,IN,147,35.14,OP-018,2026-07-27T14:37:46,DOC-6907
TXN-204488,SKU-00030,LOC-014,OUT,81,131.25,OP-037,2026-07-21T20:37:46,DOC-3740
TXN-204489,SKU-00066,LOC-014,IN,20,411.52,OP-033,2026-07-24T19:37:46,DOC-8280
TXN-204490,SKU-00384,LOC-009,IN,41,762.86,OP-018,2026-07-16T08:37:46,DOC-6697
TXN-204491,SKU-00360,LOC-014,OUT,136,91.37,OP-045,2026-07-20T03:37:46,
TXN-204492,SKU-00108,LOC-019,OUT,101,710.11,OP-036,2026-07-24T06:37:46,
TXN-204493,SKU-00343,LOC-010,ADJUST,158,37.94,OP-022,2026-07-31T14:37:46,DOC-4795
TXN-204494,SKU-00408,LOC-007,IN,27,222.33,OP-049,2026-07-13T10:37:46,
TXN-204495,SKU-00298,LOC-014,OUT,22,552.14,OP-020,2026-07-12T20:37:46,DOC-3775
TXN-204496,SKU-00070,LOC-020,OUT,14,670.34,OP-016,2026-07-07T00:37:46,DOC-2759
TXN-204497,SKU-00465,LOC-014,OUT,33,739.29,OP-034,2026-07-06T22:37:46,
TXN-204498,SKU-00015,LOC-016,IN,83,125.11,OP-048,2026-07-31T13:37:46,DOC-7415
TXN-204499,SKU-00280,LOC-010,IN,136,613.55,OP-025,2026-07-18T11:37:46,DOC-4455
TXN-204500,SKU-00149,LOC-003,OUT,52,568.30,OP-012,2026-07-21T15:37:46,DOC-8708
TXN-204501,SKU-00361,LOC-019,OUT,168,242.24,OP-008,2026-07-31T03:37:46,DOC-9141
TXN-204502,SKU-00217,LOC-009,OUT,72,453.12,OP-007,2026-07-22T04:37:46,
TXN-204503,SKU-00292,LOC-006,OUT,46,72.90,OP-049,2026-07-22T00:37:46,DOC-4495
TXN-204504,SKU-00139,LOC-003,IN,89,645.44,OP-018,2026-07-04T09:37:46,DOC-5506
TXN-204505,SKU-00425,LOC-019,IN,140,146.18,OP-001,2026-07-11T08:37:46,DOC-5419
TXN-204506,SKU-00227,LOC-012,IN,27,118.50,OP-026,2026-07-27T00:37:46,DOC-7200
TXN-204507,SKU-00263,LOC-014,OUT,65,285.61,OP-007,2026-07-16T07:37:46,DOC-7285
TXN-204508,SKU-00329,LOC-003,ADJUST,115,393.71,OP-044,2026-07-14T05:37:46,
TXN-204509,SKU-00354,LOC-020,ADJUST,61,617.64,OP-002,2026-07-25T22:37:46,DOC-7701
TXN-204510,SKU-00486,LOC-016,IN,130,317.51,OP-034,2026-07-09T22:37:46,DOC-7979
TXN-204511,SKU-00062,LOC-010,OUT,138,554.19,OP-005,2026-07-11T05:37:46,DOC-4409
TXN-204512,SKU-00403,LOC-004,IN,160,134.75,OP-016,2026-07-13T18:37:46,DOC-6550
TXN-204513,SKU-00312,LOC-013,IN,73,89.65,OP-015,2026-07-03T14:37:46,
TXN-204514,SKU-00176,LOC-018,OUT,35,210.90,OP-032,2026-07-17T14:37:46,DOC-2075
TXN-204515,SKU-00192,LOC-016,OUT,126,591.18,OP-044,2026-07-28T04:37:46,DOC-6489
TXN-204516,SKU-00133,LOC-019,OUT,139,381.71,OP-003,2026-07-02T01:37:46,
TXN-204517,SKU-00450,LOC-001,WRITE_OFF,12,676.07,OP-021,2026-07-14T06:37:46,DOC-9641
TXN-204518,SKU-00001,LOC-020,WRITE_OFF,200,42.81,OP-008,2026-07-17T05:37:46,DOC-8490
TXN-204519,SKU-00177,LOC-002,OUT,43,532.20,OP-011,2026-07-07T01:37:46,DOC-7214
TXN-204520,SKU-00093,LOC-018,OUT,50,166.78,OP-045,2026-07-05T09:37:46,DOC-8131
TXN-204521,SKU-00425,LOC-007,ADJUST,140,583.61,OP-038,2026-07-23T17:37:46,DOC-6574
TXN-204522,SKU-00004,LOC-013,IN,195,180.39,OP-042,2026-07-11T00:37:46,DOC-4626
TXN-204523,SKU-00290,LOC-003,WRITE_OFF,70,191.72,OP-012,2026-07-27T18:37:46,DOC-7280
TXN-204524,SKU-00006,LOC-018,ADJUST,151,134.44,OP-014,2026-07-11T18:37:46,DOC-9556
TXN-204525,SKU-00472,LOC-005,IN,14,527.55,OP-021,2026-07-25T02:37:46,
TXN-204526,SKU-00192,LOC-018,OUT,176,127.74,OP-040,2026-07-09T14:37:46,DOC-1061
TXN-204527,SKU-00493,LOC-005,IN,166,165.04,OP-007,2026-07-15T08:37:46,DOC-7510
TXN-204528,SKU-00387,LOC-011,OUT,188,242.98,OP-022,2026-07-19T15:37:46,DOC-5361
TXN-204529,SKU-00296,LOC-019,IN,65,535.71,OP-013,2026-07-21T19:37:46,DOC-4799
TXN-204530,SKU-00496,LOC-014,OUT,135,494.58,OP-004,2026-07-30T04:37:46,DOC-2124
TXN-204531,SKU-00264,LOC-011,OUT,87,73.53,OP-005,2026-07-29T13:37:46,DOC-5969
TXN-204532,SKU-00346,LOC-014,OUT,12,50.11,OP-033,2026-07-21T07:37:46,DOC-6497
TXN-204533,SKU-00195,LOC-017,WRITE_OFF,156,501.01,OP-022,2026-07-02T12:37:46,DOC-9767
TXN-204534,SKU-00358,LOC-020,IN,200,82.72,OP-020,2026-07-11T11:37:46,DOC-4821
TXN-204535,SKU-00434,LOC-015,IN,96,232.57,OP-029,2026-07-19T21:37:46,DOC-9454
TXN-204536,SKU-00239,LOC-008,ADJUST,156,652.42,OP-005,2026-07-07T06:37:46,DOC-7208
TXN-204537,SKU-00050,LOC-008,OUT,42,772.03,OP-023,2026-07-05T19:37:46,
TXN-204538,SKU-00260,LOC-017,IN,88,24.79,OP-023,2026-07-03T08:37:46,
TXN-204539,SKU-00142,LOC-019,IN,93,468.03,OP-048,2026-07-27T19:37:46,DOC-8296
TXN-204540,SKU-00427,LOC-006,IN,60,255.24,OP-001,2026-07-09T07:37:46,DOC-6224
TXN-204541,SKU-00474,LOC-003,OUT,142,272.22,OP-003,2026-07-14T14:37:46,
TXN-204542,SKU-00276,LOC-020,IN,17,154.27,OP-032,2026-07-29T17:37:46,DOC-8483
TXN-204543,SKU-00495,LOC-011,OUT,27,27.63,OP-023,2026-07-23T23:37:46,DOC-5920
TXN-204544,SKU-00481,LOC-007,OUT,97,690.61,OP-001,2026-07-07T06:37:46,DOC-6141
TXN-204545,SKU-00236,LOC-007,IN,57,755.75,OP-035,2026-07-04T18:37:46,
TXN-204546,SKU-00296,LOC-010,IN,75,573.82,OP-001,2026-07-08T07:37:46,DOC-3532
TXN-204547,SKU-00178,LOC-009,ADJUST,19,585.45,OP-019,2026-07-10T05:37:46,
TXN-204548,SKU-00250,LOC-007,OUT,76,508.73,OP-044,2026-07-02T14:37:46,DOC-5002
TXN-204549,SKU-00386,LOC-002,OUT,160,374.51,OP-047,2026-07-23T21:37:46,
TXN-204550,SKU-00007,LOC-011,OUT,127,281.17,OP-034,2026-07-23T19:37:46,DOC-6025
TXN-204551,SKU-00304,LOC-011,ADJUST,49,56.25,OP-006,2026-07-18T20:37:46,DOC-7992
TXN-204552,SKU-00091,LOC-003,IN,155,155.30,OP-019,2026-07-31T03:37:46,DOC-7930
TXN-204553,SKU-00134,LOC-013,IN,54,398.82,OP-037,2026-07-02T17:37:46,
TXN-204554,SKU-00293,LOC-003,IN,48,202.28,OP-043,2026-07-09T17:37:46,
TXN-204555,SKU-00442,LOC-003,WRITE_OFF,6,652.29,OP-010,2026-07-15T17:37:46,DOC-4281
TXN-204556,SKU-00131,LOC-001,OUT,79,420.86,OP-001,2026-07-06T12:37:46,DOC-4077
TXN-204557,SKU-00499,LOC-008,ADJUST,85,250.90,OP-047,2026-07-16T19:37:46,DOC-3626
TXN-204558,SKU-00443,LOC-015,IN,198,459.84,OP-037,2026-07-06T12:37:46,DOC-6541
TXN-204559,SKU-00381,LOC-015,OUT,60,458.25,OP-035,2026-07-13T10:37:46,
TXN-204560,SKU-00482,LOC-014,ADJUST,104,716.46,OP-022,2026-07-12T13:37:46,DOC-8799
TXN-204561,SKU-00013,LOC-003,IN,68,276.53,OP-037,2026-07-07T11:37:46,DOC-6725
TXN-204562,SKU-00142,LOC-014,OUT,166,220.84,OP-018,2026-07-31T05:37:46,DOC-4728
TXN-204563,SKU-00120,LOC-008,OUT,179,161.68,OP-040,2026-07-21T00:37:46,DOC-9769
TXN-204564,SKU-00476,LOC-019,WRITE_OFF,141,225.17,OP-001,2026-07-28T08:37:46,DOC-7658
TXN-204565,SKU-00178,LOC-020,IN,153,466.07,OP-007,2026-07-31T12:37:46,
TXN-204566,SKU-00068,LOC-009,IN,196,578.86,OP-043,2026-07-15T01:37:46,DOC-1521
TXN-204567,SKU-00481,LOC-009,IN,125,340.04,OP-044,2026-07-13T03:37:46,DOC-3943
TXN-204568,SKU-00113,LOC-018,OUT,7,409.94,OP-021,2026-07-24T02:37:46,DOC-4489
TXN-204569,SKU-00027,LOC-019,ADJUST,129,54.47,OP-012,2026-07-20T14:37:46,DOC-9659
TXN-204570,SKU-00006,LOC-010,IN,54,503.64,OP-038,2026-07-25T04:37:46,DOC-1982
TXN-204571,SKU-00102,LOC-010,OUT,81,569.24,OP-018,2026-07-18T14:37:46,DOC-5703
TXN-204572,SKU-00275,LOC-005,OUT,15,215.04,OP-038,2026-07-19T06:37:46,DOC-1408
TXN-204573,SKU-00347,LOC-020,OUT,88,426.08,OP-005,2026-07-29T01:37:46,DOC-2518
TXN-204574,SKU-00091,LOC-015,IN,184,159.93,OP-050,2026-07-21T04:37:46,DOC-2226
TXN-204575,SKU-00159,LOC-009,IN,177,550.80,OP-047,2026-07-11T19:37:46,
TXN-204576,SKU-00066,LOC-014,IN,76,411.52,OP-017,2026-07-30T06:37:46,DOC-3545
TXN-204577,SKU-00103,LOC-009,OUT,12,779.11,OP-034,2026-07-12T08:37:46,DOC-5477
TXN-204578,SKU-00490,LOC-004,IN,118,501.47,OP-018,2026-07-27T02:37:46,DOC-4673
TXN-204579,SKU-00229,LOC-006,OUT,153,517.75,OP-016,2026-07-25T06:37:46,
TXN-204580,SKU-00153,LOC-010,IN,18,378.58,OP-027,2026-07-18T18:37:46,DOC-2612
TXN-204581,SKU-00267,LOC-017,IN,58,728.46,OP-042,2026-07-17T05:37:46,DOC-2869
TXN-204582,SKU-00217,LOC-015,IN,176,720.40,OP-004,2026-07-26T00:37:46,DOC-2915
TXN-204583,SKU-00371,LOC-015,IN,45,575.19,OP-030,2026-07-02T03:37:46,DOC-6465
TXN-204584,SKU-00261,LOC-003,WRITE_OFF,9,303.19,OP-040,2026-07-17T18:37:46,DOC-6303
TXN-204585,SKU-00193,LOC-004,IN,157,43.54,OP-042,2026-07-03T15:37:46,DOC-1255
TXN-204586,SKU-00463,LOC-009,WRITE_OFF,179,557.09,OP-024,2026-07-15T08:37:46,DOC-7938
TXN-204587,SKU-00038,LOC-009,ADJUST,96,441.70,OP-010,2026-07-13T04:37:46,DOC-2004
TXN-204588,SKU-00053,LOC-006,OUT,72,720.28,OP-032,2026-07-04T17:37:46,DOC-7596
TXN-204589,SKU-00375,LOC-008,IN,182,562.57,OP-024,2026-07-06T23:37:46,DOC-2702
TXN-204590,SKU-00387,LOC-002,IN,180,760.83,OP-039,2026-07-21T03:37:46,
TXN-204591,SKU-00480,LOC-012,ADJUST,139,60.81,OP-020,2026-07-27T16:37:46,DOC-7678
TXN-204592,SKU-00036,LOC-017,WRITE_OFF,108,758.62,OP-042,2026-07-11T15:37:46,DOC-5143
TXN-204593,SKU-00224,LOC-004,IN,143,478.38,OP-026,2026-07-03T16:37:46,
TXN-204594,SKU-00263,LOC-015,OUT,66,14.88,OP-045,2026-07-12T19:37:46,DOC-9470
TXN-204595,SKU-00033,LOC-019,ADJUST,68,353.61,OP-016,2026-07-06T02:37:46,DOC-4256
TXN-204596,SKU-00006,LOC-009,IN,165,248.85,OP-010,2026-07-04T20:37:46,DOC-2776
TXN-204597,SKU-00418,LOC-014,IN,83,560.18,OP-003,2026-07-26T19:37:46,DOC-7545
TXN-204598,SKU-00155,LOC-017,OUT,46,189.63,OP-008,2026-07-10T07:37:46,DOC-2388
TXN-204599,SKU-00185,LOC-012,OUT,33,757.85,OP-016,2026-07-06T02:37:46,DOC-6693
TXN-204600,SKU-00449,LOC-008,OUT,149,263.25,OP-047,2026-07-09T17:37:46,DOC-6647
TXN-204601,SKU-00335,LOC-007,OUT,159,33.84,OP-004,2026-07-26T19:37:46,DOC-6628
TXN-204602,SKU-00235,LOC-006,OUT,17,540.48,OP-037,2026-07-27T20:37:46,DOC-3071
TXN-204603,SKU-00442,LOC-006,OUT,81,267.98,OP-005,2026-07-26T20:37:46,
TXN-204604,SKU-00429,LOC-017,OUT,2,126.57,OP-020,2026-07-10T11:37:46,
TXN-204605,SKU-00098,LOC-012,ADJUST,67,783.94,OP-044,2026-07-09T23:37:46,DOC-5238
TXN-204606,SKU-00322,LOC-013,IN,141,725.41,OP-031,2026-07-07T10:37:46,DOC-4109
TXN-204607,SKU-00178,LOC-012,IN,185,474.00,OP-039,2026-07-27T07:37:46,DOC-7942
TXN-204608,SKU-00148,LOC-019,IN,141,596.84,OP-013,2026-07-18T15:37:46,DOC-9999
TXN-204609,SKU-00081,LOC-005,OUT,34,417.14,OP-031,2026-07-27T15:37:46,DOC-4808
TXN-204610,SKU-00344,LOC-019,WRITE_OFF,172,475.53,OP-003,2026-07-17T18:37:46,DOC-8019
TXN-204611,SKU-00396,LOC-006,OUT,95,484.89,OP-022,2026-07-15T05:37:46,DOC-3458
TXN-204612,SKU-00248,LOC-016,IN,122,597.40,OP-026,2026-07-27T17:37:46,DOC-2426
TXN-204613,SKU-00482,LOC-017,OUT,142,263.63,OP-012,2026-07-28T11:37:46,DOC-7404
TXN-204614,SKU-00309,LOC-003,IN,60,40.36,OP-037,2026-07-10T11:37:46,DOC-1498
TXN-204615,SKU-00154,LOC-010,OUT,86,193.21,OP-007,2026-07-30T03:37:46,DOC-9152
TXN-204616,SKU-00452,LOC-018,WRITE_OFF,62,545.59,OP-034,2026-07-24T15:37:46,DOC-5920
TXN-204617,SKU-00041,LOC-014,OUT,17,554.14,OP-015,2026-07-04T19:37:46,DOC-6929
TXN-204618,SKU-00264,LOC-014,OUT,12,489.06,OP-012,2026-07-21T07:37:46,DOC-5699
TXN-204619,SKU-00412,LOC-007,OUT,117,640.81,OP-042,2026-07-06T21:37:46,
TXN-204620,SKU-00351,LOC-020,OUT,199,786.53,OP-026,2026-07-05T21:37:46,DOC-6866
TXN-204621,SKU-00498,LOC-016,IN,11,564.33,OP-035,2026-07-03T02:37:46,DOC-5352
TXN-204622,SKU-00431,LOC-017,IN,172,678.33,OP-038,2026-07-27T04:37:46,
TXN-204623,SKU-00338,LOC-001,OUT,71,642.67,OP-043,2026-07-22T05:37:46,DOC-1986
TXN-204624,SKU-00477,LOC-003,IN,86,247.29,OP-040,2026-07-14T16:37:46,
TXN-204625,SKU-00270,LOC-001,IN,96,33.19,OP-043,2026-07-17T13:37:46,DOC-8784
TXN-204626,SKU-00302,LOC-008,OUT,11,190.92,OP-019,2026-07-13T19:37:46,DOC-3754
TXN-204627,SKU-00449,LOC-009,OUT,151,461.45,OP-003,2026-07-27T23:37:46,DOC-3061
TXN-204628,SKU-00080,LOC-001,ADJUST,79,218.72,OP-044,2026-07-10T18:37:46,DOC-4032
TXN-204629,SKU-00423,LOC-020,IN,171,494.02,OP-035,2026-07-30T23:37:46,DOC-4026
TXN-204630,SKU-00337,LOC-020,IN,172,257.49,OP-042,2026-07-26T16:37:46,
TXN-204631,SKU-00046,LOC-016,OUT,106,321.69,OP-016,2026-07-18T20:37:46,
TXN-204632,SKU-00136,LOC-016,OUT,40,708.96,OP-002,2026-07-16T01:37:46,DOC-6685
TXN-204633,SKU-00224,LOC-016,ADJUST,174,347.10,OP-028,2026-07-16T17:37:46,DOC-5742
TXN-204634,SKU-00437,LOC-011,IN,176,618.90,OP-004,2026-07-17T07:37:46,
TXN-204635,SKU-00408,LOC-011,OUT,148,148.25,OP-034,2026-07-26T02:37:46,
TXN-204636,SKU-00484,LOC-001,ADJUST,15,577.63,OP-048,2026-07-05T18:37:46,DOC-9906
TXN-204637,SKU-00369,LOC-001,OUT,121,319.34,OP-047,2026-07-21T00:37:46,
TXN-204638,SKU-00221,LOC-010,IN,56,11.37,OP-024,2026-07-23T00:37:46,DOC-4271
TXN-204639,SKU-00273,LOC-010,IN,161,476.88,OP-049,2026-07-07T07:37:46,DOC-4001
TXN-204640,SKU-00473,LOC-001,IN,31,121.62,OP-035,2026-07-24T23:37:46,DOC-3944
TXN-204641,SKU-00301,LOC-016,IN,105,726.06,OP-049,2026-07-18T20:37:46,DOC-6161
TXN-204642,SKU-00227,LOC-006,IN,29,671.35,OP-022,2026-07-04T09:37:46,DOC-8709
TXN-204643,SKU-00442,LOC-013,IN,195,92.46,OP-027,2026-07-12T12:37:46,DOC-7101
TXN-204644,SKU-00239,LOC-019,OUT,142,12.37,OP-024,2026-07-25T14:37:46,DOC-2522
TXN-204645,SKU-00465,LOC-007,OUT,64,490.49,OP-001,2026-07-14T22:37:46,DOC-2475
TXN-204646,SKU-00007,LOC-005,ADJUST,89,487.77,OP-028,2026-07-07T19:37:46,
TXN-204647,SKU-00166,LOC-013,ADJUST,110,521.35,OP-049,2026-07-06T10:37:46,DOC-1772
TXN-204648,SKU-00426,LOC-001,OUT,181,331.63,OP-028,2026-07-07T17:37:46,DOC-4835
TXN-204649,SKU-00360,LOC-013,OUT,13,397.50,OP-044,2026-07-16T21:37:46,
TXN-204650,SKU-00024,LOC-001,ADJUST,80,296.72,OP-013,2026-07-26T18:37:46,DOC-4249
TXN-204651,SKU-00270,LOC-012,IN,176,249.41,OP-036,2026-07-25T21:37:46,DOC-2275
TXN-204652,SKU-00065,LOC-012,OUT,116,126.71,OP-046,2026-07-11T08:37:46,DOC-7041
TXN-204653,SKU-00338,LOC-007,OUT,200,551.66,OP-007,2026-07-07T07:37:46,DOC-3342
TXN-204654,SKU-00295,LOC-018,IN,109,490.79,OP-005,2026-07-29T23:37:46,DOC-1371
TXN-204655,SKU-00488,LOC-011,IN,40,266.16,OP-005,2026-07-14T07:37:46,DOC-5671
TXN-204656,SKU-00404,LOC-014,OUT,162,116.57,OP-019,2026-07-28T15:37:46,DOC-2035
TXN-204657,SKU-00162,LOC-006,WRITE_OFF,166,493.63,OP-025,2026-07-12T03:37:46,
TXN-204658,SKU-00366,LOC-014,IN,8,777.62,OP-041,2026-07-25T18:37:46,DOC-6450
TXN-204659,SKU-00418,LOC-017,ADJUST,194,641.49,OP-035,2026-07-08T06:37:46,DOC-2251
TXN-204660,SKU-00463,LOC-019,OUT,151,623.19,OP-009,2026-07-29T19:37:46,
TXN-204661,SKU-00091,LOC-007,OUT,60,794.42,OP-013,2026-07-26T04:37:46,DOC-3585
TXN-204662,SKU-00294,LOC-005,OUT,116,718.01,OP-004,2026-07-18T21:37:46,DOC-4595
TXN-204663,SKU-00433,LOC-001,ADJUST,7,88.46,OP-018,2026-07-17T15:37:46,DOC-3453
TXN-204664,SKU-00432,LOC-005,IN,172,308.59,OP-010,2026-07-14T20:37:46,DOC-6324
TXN-204665,SKU-00002,LOC-014,OUT,176,723.65,OP-035,2026-07-04T08:37:46,DOC-1405
TXN-204666,SKU-00193,LOC-009,IN,23,346.27,OP-045,2026-07-10T14:37:46,DOC-1361
TXN-204667,SKU-00272,LOC-018,WRITE_OFF,190,650.60,OP-048,2026-07-30T04:37:46,
TXN-204668,SKU-00007,LOC-020,OUT,139,364.64,OP-023,2026-07-07T15:37:46,DOC-4268
TXN-204669,SKU-00401,LOC-010,OUT,69,692.95,OP-044,2026-07-31T07:37:46,DOC-6473
TXN-204670,SKU-00056,LOC-016,WRITE_OFF,140,90.13,OP-030,2026-07-16T05:37:46,DOC-5784
TXN-204671,SKU-00484,LOC-020,OUT,195,166.61,OP-030,2026-07-22T12:37:46,DOC-9064
TXN-204672,SKU-00152,LOC-017,IN,65,189.45,OP-004,2026-07-14T09:37:46,DOC-4918
TXN-204673,SKU-00067,LOC-010,OUT,39,89.30,OP-042,2026-07-07T07:37:46,DOC-4645
TXN-204674,SKU-00086,LOC-006,IN,197,149.25,OP-007,2026-07-27T19:37:46,
TXN-204675,SKU-00243,LOC-017,IN,155,17.88,OP-020,2026-07-18T18:37:46,
TXN-204676,SKU-00228,LOC-012,OUT,125,446.55,OP-024,2026-07-25T14:37:46,
TXN-204677,SKU-00224,LOC-007,ADJUST,75,500.20,OP-022,2026-07-14T11:37:46,DOC-2432
TXN-204678,SKU-00401,LOC-014,IN,18,25.64,OP-006,2026-07-17T02:37:46,DOC-2486
TXN-204679,SKU-00399,LOC-014,IN,178,82.58,OP-050,2026-07-03T18:37:46,DOC-6495
TXN-204680,SKU-00354,LOC-010,OUT,147,45.15,OP-002,2026-07-13T23:37:46,DOC-7691
TXN-204681,SKU-00192,LOC-008,OUT,24,618.87,OP-046,2026-07-20T08:37:46,DOC-5521
TXN-204682,SKU-00127,LOC-011,ADJUST,68,235.86,OP-050,2026-07-30T04:37:46,DOC-9805
TXN-204683,SKU-00252,LOC-004,IN,180,559.03,OP-003,2026-07-07T00:37:46,DOC-5619
TXN-204684,SKU-00084,LOC-019,OUT,97,661.47,OP-024,2026-07-29T00:37:46,DOC-3898
TXN-204685,SKU-00270,LOC-005,OUT,105,764.10,OP-015,2026-07-07T15:37:46,DOC-5639
TXN-204686,SKU-00356,LOC-009,OUT,156,649.00,OP-030,2026-07-10T23:37:46,DOC-9318
TXN-204687,SKU-00299,LOC-018,OUT,198,605.33,OP-006,2026-07-22T10:37:46,DOC-1383
TXN-204688,SKU-00037,LOC-013,WRITE_OFF,119,215.44,OP-016,2026-07-15T05:37:46,
TXN-204689,SKU-00413,LOC-010,ADJUST,141,506.15,OP-028,2026-07-22T07:37:46,DOC-6702
TXN-204690,SKU-00169,LOC-002,ADJUST,193,637.33,OP-022,2026-07-07T09:37:46,DOC-5001
TXN-204691,SKU-00103,LOC-008,OUT,40,79.35,OP-043,2026-07-05T12:37:46,DOC-7342
TXN-204692,SKU-00043,LOC-015,IN,12,104.67,OP-031,2026-07-22T23:37:46,DOC-5207
TXN-204693,SKU-00462,LOC-017,IN,183,287.71,OP-042,2026-07-15T12:37:46,
TXN-204694,SKU-00190,LOC-011,IN,82,209.33,OP-044,2026-07-06T21:37:46,DOC-5725
TXN-204695,SKU-00350,LOC-002,ADJUST,193,390.23,OP-015,2026-07-22T13:37:46,
TXN-204696,SKU-00175,LOC-012,OUT,32,70.47,OP-007,2026-07-20T07:37:46,DOC-7358
TXN-204697,SKU-00471,LOC-004,IN,78,384.02,OP-011,2026-07-25T08:37:46,DOC-3099
TXN-204698,SKU-00169,LOC-006,OUT,175,71.93,OP-003,2026-07-17T04:37:46,
TXN-204699,SKU-00321,LOC-018,IN,124,46.67,OP-025,2026-07-30T07:37:46,DOC-8582
TXN-204700,SKU-00463,LOC-009,IN,156,557.09,OP-021,2026-07-10T18:37:46,DOC-1077
TXN-204701,SKU-00433,LOC-012,OUT,136,679.88,OP-014,2026-07-08T04:37:46,DOC-9809
TXN-204702,SKU-00351,LOC-001,OUT,184,606.28,OP-041,2026-07-23T01:37:46,
TXN-204703,SKU-00284,LOC-009,IN,145,799.81,OP-020,2026-07-11T16:37:46,DOC-6166
TXN-204704,SKU-00256,LOC-017,IN,150,374.74,OP-022,2026-07-27T17:37:46,DOC-2248
TXN-204705,SKU-00039,LOC-016,IN,170,362.00,OP-014,2026-07-10T14:37:46,DOC-9700
TXN-204706,SKU-00357,LOC-007,IN,200,190.58,OP-024,2026-07-03T03:37:46,DOC-1143
TXN-204707,SKU-00109,LOC-001,IN,67,507.95,OP-050,2026-07-24T07:37:46,DOC-5569
TXN-204708,SKU-00136,LOC-009,IN,156,316.73,OP-038,2026-07-06T15:37:46,DOC-7199
TXN-204709,SKU-00181,LOC-014,IN,175,799.06,OP-015,2026-07-12T01:37:46,DOC-3051
TXN-204710,SKU-00165,LOC-009,IN,167,198.51,OP-022,2026-07-08T21:37:46,DOC-5919
TXN-204711,SKU-00157,LOC-020,IN,124,552.78,OP-017,2026-07-16T23:37:46,DOC-7388
TXN-204712,SKU-00160,LOC-005,IN,113,662.84,OP-044,2026-07-24T00:37:46,DOC-6296
TXN-204713,SKU-00192,LOC-015,OUT,173,715.27,OP-047,2026-07-23T15:37:46,DOC-8147
TXN-204714,SKU-00240,LOC-020,OUT,36,580.72,OP-047,2026-07-05T03:37:46,DOC-2280
TXN-204715,SKU-00230,LOC-014,OUT,77,81.96,OP-043,2026-07-28T13:37:46,DOC-5297
TXN-204716,SKU-00247,LOC-015,IN,142,41.59,OP-013,2026-07-22T20:37:46,DOC-9236
TXN-204717,SKU-00104,LOC-016,ADJUST,138,51.56,OP-045,2026-07-16T04:37:46,DOC-7018
TXN-204718,SKU-00212,LOC-010,IN,160,153.30,OP-032,2026-07-24T08:37:46,DOC-2373
TXN-204719,SKU-00290,LOC-019,IN,77,584.93,OP-015,2026-07-14T23:37:46,DOC-1429
TXN-204720,SKU-00100,LOC-020,IN,187,343.26,OP-018,2026-07-26T16:37:46,DOC-3878
TXN-204721,SKU-00489,LOC-008,IN,29,691.22,OP-027,2026-07-19T05:37:46,DOC-6151
TXN-204722,SKU-00422,LOC-017,IN,9,200.51,OP-023,2026-07-18T09:37:46,DOC-4291
TXN-204723,SKU-00088,LOC-008,OUT,51,363.19,OP-025,2026-07-23T23:37:46,DOC-3223
TXN-204724,SKU-00328,LOC-020,IN,86,39.55,OP-003,2026-07-24T23:37:46,DOC-8389
TXN-204725,SKU-00079,LOC-019,IN,35,6.57,OP-049,2026-07-19T13:37:46,DOC-6570
TXN-204726,SKU-00273,LOC-012,IN,107,297.64,OP-010,2026-07-22T11:37:46,DOC-4293
TXN-204727,SKU-00351,LOC-001,IN,101,606.28,OP-015,2026-07-23T03:37:46,DOC-5175
TXN-204728,SKU-00064,LOC-002,IN,14,578.73,OP-038,2026-07-03T08:37:46,DOC-2922
TXN-204729,SKU-00314,LOC-003,IN,88,183.66,OP-016,2026-07-23T10:37:46,DOC-2283
TXN-204730,SKU-00160,LOC-001,OUT,135,458.67,OP-016,2026-07-21T19:37:46,DOC-7984
TXN-204731,SKU-00380,LOC-013,ADJUST,160,118.27,OP-029,2026-07-18T22:37:46,DOC-1381
TXN-204732,SKU-00146,LOC-019,OUT,14,225.94,OP-040,2026-07-02T03:37:46,DOC-2166
TXN-204733,SKU-00288,LOC-004,OUT,121,618.17,OP-033,2026-07-06T09:37:46,DOC-8795
TXN-204734,SKU-00189,LOC-011,IN,6,271.23,OP-015,2026-07-14T06:37:46,DOC-3089
TXN-204735,SKU-00334,LOC-016,IN,65,188.75,OP-026,2026-07-28T02:37:46,DOC-7754
TXN-204736,SKU-00438,LOC-017,OUT,84,493.19,OP-029,2026-07-25T09:37:46,
TXN-204737,SKU-00302,LOC-020,ADJUST,43,299.72,OP-030,2026-07-16T06:37:46,DOC-2491
TXN-204738,SKU-00293,LOC-003,IN,190,565.40,OP-046,2026-07-02T16:37:46,DOC-3024
TXN-204739,SKU-00495,LOC-018,IN,107,14.17,OP-038,2026-07-21T23:37:46,DOC-6845
TXN-204740,SKU-00438,LOC-004,WRITE_OFF,85,603.43,OP-022,2026-07-09T02:37:46,DOC-9823
TXN-204741,SKU-00329,LOC-014,OUT,84,174.17,OP-005,2026-07-16T13:37:46,
TXN-204742,SKU-00089,LOC-002,IN,154,353.77,OP-024,2026-07-25T04:37:46,DOC-7677
TXN-204743,SKU-00286,LOC-019,IN,34,390.48,OP-016,2026-07-17T01:37:46,DOC-7206
TXN-204744,SKU-00190,LOC-009,IN,188,186.66,OP-016,2026-07-18T16:37:46,DOC-5930
TXN-204745,SKU-00390,LOC-008,OUT,127,574.52,OP-017,2026-07-06T13:37:46,DOC-3437
TXN-204746,SKU-00389,LOC-015,IN,111,225.38,OP-029,2026-07-21T09:37:46,
TXN-204747,SKU-00168,LOC-013,OUT,124,167.45,OP-008,2026-07-31T00:37:46,DOC-7344
TXN-204748,SKU-00376,LOC-018,IN,104,40.90,OP-047,2026-07-06T14:37:46,
TXN-204749,SKU-00013,LOC-003,OUT,19,334.20,OP-024,2026-07-08T20:37:46,DOC-9338
TXN-204750,SKU-00430,LOC-010,OUT,18,756.00,OP-012,2026-07-16T16:37:46,DOC-4769
TXN-204751,SKU-00057,LOC-008,WRITE_OFF,5,512.51,OP-011,2026-07-21T22:37:46,DOC-5290
TXN-204752,SKU-00329,LOC-013,OUT,87,403.49,OP-022,2026-07-24T19:37:46,DOC-4650
TXN-204753,SKU-00214,LOC-011,OUT,134,397.57,OP-011,2026-07-23T20:37:46,DOC-8585
TXN-204754,SKU-00361,LOC-006,OUT,187,334.57,OP-027,2026-07-04T00:37:46,
TXN-204755,SKU-00255,LOC-014,OUT,150,34.54,OP-010,2026-07-10T05:37:46,DOC-4736
TXN-204756,SKU-00232,LOC-002,OUT,168,554.04,OP-017,2026-07-19T01:37:46,DOC-6843
TXN-204757,SKU-00354,LOC-013,OUT,152,303.76,OP-006,2026-07-17T15:37:46,DOC-2264
TXN-204758,SKU-00438,LOC-011,ADJUST,159,113.49,OP-010,2026-07-31T08:37:46,DOC-7245
TXN-204759,SKU-00318,LOC-007,OUT,106,596.12,OP-012,2026-07-14T18:37:46,DOC-3072
TXN-204760,SKU-00209,LOC-019,IN,173,611.81,OP-019,2026-07-24T21:37:46,DOC-6143
TXN-204761,SKU-00230,LOC-006,IN,177,718.07,OP-019,2026-07-01T19:37:46,DOC-6621
TXN-204762,SKU-00068,LOC-004,ADJUST,38,396.86,OP-001,2026-07-25T00:37:46,
TXN-204763,SKU-00174,LOC-003,ADJUST,119,521.33,OP-031,2026-07-12T19:37:46,DOC-2815
TXN-204764,SKU-00276,LOC-011,ADJUST,187,715.39,OP-040,2026-07-05T05:37:46,DOC-2397
TXN-204765,SKU-00498,LOC-012,OUT,121,261.06,OP-037,2026-07-30T18:37:46,
TXN-204766,SKU-00397,LOC-016,IN,130,534.71,OP-013,2026-07-05T12:37:46,DOC-4710
TXN-204767,SKU-00338,LOC-018,IN,85,732.28,OP-004,2026-07-24T18:37:46,DOC-8991
TXN-204768,SKU-00184,LOC-008,OUT,145,779.83,OP-036,2026-07-13T06:37:46,DOC-4812
TXN-204769,SKU-00102,LOC-001,IN,177,658.46,OP-002,2026-07-16T00:37:46,DOC-7720
TXN-204770,SKU-00364,LOC-013,OUT,138,328.21,OP-041,2026-07-09T07:37:46,DOC-8014
TXN-204771,SKU-00263,LOC-007,IN,15,23.41,OP-033,2026-07-07T17:37:46,
TXN-204772,SKU-00015,LOC-013,OUT,193,196.72,OP-003,2026-07-18T08:37:46,
TXN-204773,SKU-00223,LOC-001,OUT,47,351.76,OP-041,2026-07-08T04:37:46,DOC-2144
TXN-204774,SKU-00273,LOC-018,WRITE_OFF,3,578.38,OP-029,2026-07-17T03:37:46,DOC-8319
TXN-204775,SKU-00142,LOC-014,OUT,56,293.00,OP-032,2026-07-16T19:37:46,
TXN-204776,SKU-00203,LOC-008,WRITE_OFF,19,728.37,OP-024,2026-07-29T02:37:46,DOC-6040
TXN-204777,SKU-00253,LOC-004,OUT,3,151.09,OP-005,2026-07-10T02:37:46,DOC-5460
TXN-204778,SKU-00481,LOC-001,IN,176,332.40,OP-026,2026-07-19T02:37:46,
TXN-204779,SKU-00358,LOC-012,IN,163,245.02,OP-010,2026-07-14T05:37:46,DOC-4839
TXN-204780,SKU-00415,LOC-017,OUT,148,496.92,OP-009,2026-07-27T08:37:46,DOC-6052
TXN-204781,SKU-00073,LOC-010,IN,57,231.74,OP-035,2026-07-02T20:37:46,DOC-7092
TXN-204782,SKU-00378,LOC-005,IN,100,426.97,OP-033,2026-07-04T06:37:46,DOC-4376
TXN-204783,SKU-00342,LOC-009,IN,163,473.34,OP-041,2026-07-02T21:37:46,DOC-7972
TXN-204784,SKU-00222,LOC-015,IN,180,357.25,OP-027,2026-07-22T19:37:46,
TXN-204785,SKU-00435,LOC-019,OUT,94,263.83,OP-022,2026-07-15T08:37:46,
TXN-204786,SKU-00128,LOC-004,OUT,121,178.38,OP-044,2026-07-29T02:37:46,DOC-7979
TXN-204787,SKU-00384,LOC-015,ADJUST,157,555.27,OP-038,2026-07-19T11:37:46,DOC-8246
TXN-204788,SKU-00006,LOC-018,WRITE_OFF,2,134.44,OP-016,2026-07-04T17:37:46,DOC-1940
TXN-204789,SKU-00116,LOC-016,OUT,122,629.33,OP-050,2026-07-12T13:37:46,DOC-2060
TXN-204790,SKU-00297,LOC-006,IN,135,613.23,OP-049,2026-07-21T22:37:46,DOC-4826
TXN-204791,SKU-00082,LOC-004,OUT,38,124.99,OP-005,2026-07-04T02:37:46,DOC-5158
TXN-204792,SKU-00400,LOC-011,OUT,169,26.97,OP-017,2026-07-10T02:37:46,DOC-5473
TXN-204793,SKU-00047,LOC-004,ADJUST,12,233.73,OP-026,2026-07-20T20:37:46,DOC-7105
TXN-204794,SKU-00402,LOC-017,WRITE_OFF,26,563.40,OP-014,2026-07-27T03:37:46,DOC-1301
TXN-204795,SKU-00341,LOC-018,ADJUST,114,573.70,OP-019,2026-07-14T01:37:46,DOC-2121
TXN-204796,SKU-00227,LOC-020,IN,171,13.28,OP-015,2026-07-10T20:37:46,
TXN-204797,SKU-00394,LOC-011,WRITE_OFF,2,677.13,OP-020,2026-07-17T08:37:46,DOC-7783
TXN-204798,SKU-00113,LOC-009,OUT,41,509.69,OP-045,2026-07-16T17:37:46,DOC-3211
TXN-204799,SKU-00154,LOC-002,OUT,116,612.89,OP-005,2026-07-16T11:37:46,DOC-6869
TXN-204800,SKU-00268,LOC-005,OUT,135,642.04,OP-025,2026-07-17T07:37:46,DOC-6646
TXN-204801,SKU-00102,LOC-016,IN,121,550.57,OP-022,2026-07-28T19:37:46,
TXN-204802,SKU-00425,LOC-004,IN,110,306.84,OP-023,2026-07-22T17:37:46,DOC-1222
TXN-204803,SKU-00223,LOC-004,ADJUST,67,409.16,OP-038,2026-07-22T15:37:46,DOC-5808
TXN-204804,SKU-00017,LOC-020,ADJUST,32,529.65,OP-038,2026-07-04T17:37:46,DOC-7624
TXN-204805,SKU-00472,LOC-020,IN,189,362.20,OP-015,2026-07-20T05:37:46,DOC-9798
TXN-204806,SKU-00205,LOC-002,WRITE_OFF,120,647.98,OP-031,2026-07-27T03:37:46,DOC-1186
TXN-204807,SKU-00488,LOC-011,OUT,147,236.24,OP-026,2026-07-12T05:37:46,DOC-1881
TXN-204808,SKU-00438,LOC-003,OUT,7,551.63,OP-035,2026-07-30T13:37:46,DOC-2857
TXN-204809,SKU-00243,LOC-017,OUT,183,17.88,OP-021,2026-07-25T00:37:46,DOC-5461
TXN-204810,SKU-00310,LOC-005,IN,152,612.08,OP-030,2026-07-18T12:37:46,
TXN-204811,SKU-00069,LOC-012,IN,62,27.61,OP-022,2026-07-31T06:37:46,DOC-1659
TXN-204812,SKU-00205,LOC-016,ADJUST,73,2.55,OP-035,2026-07-22T01:37:46,DOC-3191
TXN-204813,SKU-00046,LOC-013,OUT,144,464.84,OP-001,2026-07-05T11:37:46,
TXN-204814,SKU-00425,LOC-001,IN,79,418.91,OP-011,2026-07-11T02:37:46,
TXN-204815,SKU-00116,LOC-018,WRITE_OFF,86,62.97,OP-023,2026-07-05T17:37:46,
TXN-204816,SKU-00415,LOC-020,ADJUST,18,716.75,OP-001,2026-07-05T01:37:46,DOC-9713
TXN-204817,SKU-00086,LOC-006,IN,122,149.25,OP-007,2026-07-19T03:37:46,DOC-2770
TXN-204818,SKU-00371,LOC-014,ADJUST,68,468.41,OP-020,2026-07-09T21:37:46,DOC-5985
TXN-204819,SKU-00452,LOC-007,OUT,80,36.95,OP-036,2026-07-24T13:37:46,
TXN-204820,SKU-00387,LOC-008,ADJUST,153,445.13,OP-036,2026-07-21T12:37:46,DOC-5565
TXN-204821,SKU-00200,LOC-009,IN,99,23.79,OP-048,2026-07-15T08:37:46,DOC-2697
TXN-204822,SKU-00112,LOC-003,IN,22,135.37,OP-015,2026-07-31T02:37:46,DOC-2777
TXN-204823,SKU-00394,LOC-006,OUT,182,692.11,OP-044,2026-07-30T15:37:46,DOC-6923
TXN-204824,SKU-00310,LOC-006,IN,154,513.27,OP-010,2026-07-30T22:37:46,DOC-7890
TXN-204825,SKU-00386,LOC-020,IN,98,81.85,OP-046,2026-07-02T17:37:46,DOC-4246
TXN-204826,SKU-00038,LOC-007,OUT,55,428.61,OP-011,2026-07-20T01:37:46,DOC-5764
TXN-204827,SKU-00264,LOC-016,WRITE_OFF,44,104.61,OP-031,2026-07-25T08:37:46,DOC-6330
TXN-204828,SKU-00440,LOC-016,IN,102,7.51,OP-026,2026-07-19T08:37:46,DOC-4461
TXN-204829,SKU-00194,LOC-015,IN,184,766.49,OP-041,2026-07-21T06:37:46,DOC-3218
TXN-204830,SKU-00192,LOC-013,OUT,67,98.92,OP-044,2026-07-05T14:37:46,DOC-5352
TXN-204831,SKU-00323,LOC-002,IN,105,194.29,OP-029,2026-07-06T11:37:46,DOC-3729
TXN-204832,SKU-00381,LOC-001,OUT,189,745.42,OP-012,2026-07-20T19:37:46,DOC-1951
TXN-204833,SKU-00111,LOC-004,OUT,99,398.54,OP-007,2026-07-10T07:37:46,DOC-2691
TXN-204834,SKU-00062,LOC-006,IN,182,522.59,OP-030,2026-07-16T21:37:46,DOC-8152
TXN-204835,SKU-00453,LOC-011,IN,132,158.39,OP-021,2026-07-17T18:37:46,
TXN-204836,SKU-00010,LOC-013,OUT,99,672.71,OP-037,2026-07-16T14:37:46,DOC-6473
TXN-204837,SKU-00354,LOC-018,ADJUST,155,78.49,OP-049,2026-07-04T15:37:46,DOC-1796
TXN-204838,SKU-00165,LOC-014,IN,38,630.96,OP-035,2026-07-05T05:37:46,DOC-7666
TXN-204839,SKU-00142,LOC-002,ADJUST,147,37.75,OP-013,2026-07-28T13:37:46,DOC-9127
TXN-204840,SKU-00148,LOC-018,ADJUST,118,220.45,OP-039,2026-07-29T07:37:46,DOC-3320
TXN-204841,SKU-00448,LOC-020,IN,87,599.81,OP-013,2026-07-08T02:37:46,DOC-5875
TXN-204842,SKU-00040,LOC-007,IN,195,773.80,OP-035,2026-07-23T17:37:46,DOC-9913
TXN-204843,SKU-00425,LOC-007,IN,51,583.61,OP-041,2026-07-24T01:37:46,DOC-9490
TXN-204844,SKU-00386,LOC-005,IN,32,325.01,OP-036,2026-07-04T01:37:46,DOC-9619
TXN-204845,SKU-00136,LOC-009,WRITE_OFF,65,316.73,OP-037,2026-07-14T05:37:46,DOC-6098
TXN-204846,SKU-00039,LOC-006,IN,98,698.15,OP-043,2026-07-22T22:37:46,
TXN-204847,SKU-00294,LOC-007,OUT,163,438.92,OP-048,2026-07-05T19:37:46,DOC-9295
TXN-204848,SKU-00110,LOC-008,ADJUST,180,619.30,OP-020,2026-07-20T10:37:46,DOC-9401
TXN-204849,SKU-00335,LOC-016,IN,53,158.53,OP-006,2026-07-02T22:37:46,
TXN-204850,SKU-00254,LOC-006,IN,94,580.73,OP-042,2026-07-13T00:37:46,DOC-1932
TXN-204851,SKU-00076,LOC-003,ADJUST,173,211.88,OP-026,2026-07-28T23:37:46,DOC-9257
TXN-204852,SKU-00309,LOC-005,OUT,131,422.09,OP-009,2026-07-11T07:37:46,
TXN-204853,SKU-00467,LOC-010,OUT,139,611.88,OP-050,2026-07-02T20:37:46,
TXN-204854,SKU-00368,LOC-018,ADJUST,91,717.96,OP-034,2026-07-10T23:37:46,DOC-1088
TXN-204855,SKU-00227,LOC-015,IN,29,269.02,OP-040,2026-07-07T19:37:46,DOC-1027
TXN-204856,SKU-00396,LOC-009,IN,182,691.56,OP-025,2026-07-05T12:37:46,DOC-1486
TXN-204857,SKU-00417,LOC-005,OUT,178,14.99,OP-050,2026-07-09T07:37:46,
TXN-204858,SKU-00003,LOC-010,IN,167,237.98,OP-047,2026-07-11T22:37:46,
TXN-204859,SKU-00393,LOC-017,WRITE_OFF,23,232.61,OP-005,2026-07-05T15:37:46,DOC-7904
TXN-204860,SKU-00258,LOC-018,OUT,120,556.21,OP-004,2026-07-17T20:37:46,DOC-8203
TXN-204861,SKU-00481,LOC-004,OUT,46,164.28,OP-032,2026-07-15T20:37:46,DOC-7641
TXN-204862,SKU-00048,LOC-010,OUT,166,403.96,OP-023,2026-07-28T06:37:46,DOC-2313
TXN-204863,SKU-00435,LOC-002,IN,101,625.90,OP-026,2026-07-03T14:37:46,DOC-9324
TXN-204864,SKU-00237,LOC-001,OUT,67,305.38,OP-049,2026-07-13T23:37:46,DOC-8901
TXN-204865,SKU-00258,LOC-016,IN,43,599.94,OP-008,2026-07-08T06:37:46,DOC-6969
TXN-204866,SKU-00193,LOC-009,OUT,48,346.27,OP-007,2026-07-27T20:37:46,DOC-5014
TXN-204867,SKU-00184,LOC-017,IN,194,597.11,OP-013,2026-07-18T16:37:46,DOC-3750
TXN-204868,SKU-00243,LOC-009,IN,63,542.40,OP-038,2026-07-18T09:37:46,DOC-9512
TXN-204869,SKU-00067,LOC-010,OUT,194,89.30,OP-012,2026-07-14T22:37:46,DOC-6818
TXN-204870,SKU-00305,LOC-008,OUT,133,556.32,OP-011,2026-07-26T11:37:46,DOC-2121
TXN-204871,SKU-00043,LOC-004,ADJUST,177,717.42,OP-028,2026-07-25T16:37:46,DOC-8004
TXN-204872,SKU-00064,LOC-010,OUT,82,50.61,OP-008,2026-07-01T18:37:46,DOC-3661
TXN-204873,SKU-00125,LOC-007,WRITE_OFF,68,175.16,OP-004,2026-07-19T22:37:46,DOC-2915
TXN-204874,SKU-00225,LOC-017,OUT,69,395.32,OP-011,2026-07-24T12:37:46,DOC-5320
TXN-204875,SKU-00329,LOC-019,OUT,139,7.94,OP-007,2026-07-02T00:37:46,
TXN-204876,SKU-00040,LOC-013,OUT,31,581.26,OP-044,2026-07-02T23:37:46,DOC-1932
TXN-204877,SKU-00259,LOC-018,OUT,37,792.56,OP-035,2026-07-31T05:37:46,
TXN-204878,SKU-00081,LOC-014,ADJUST,68,565.82,OP-026,2026-07-26T04:37:46,DOC-7146
TXN-204879,SKU-00155,LOC-014,IN,87,215.01,OP-038,2026-07-17T18:37:46,DOC-5717
TXN-204880,SKU-00329,LOC-014,OUT,145,174.17,OP-018,2026-07-04T20:37:46,DOC-8367
TXN-204881,SKU-00206,LOC-007,OUT,37,714.21,OP-032,2026-07-30T17:37:46,DOC-4795
TXN-204882,SKU-00067,LOC-011,OUT,189,696.17,OP-008,2026-07-22T08:37:46,DOC-5982
TXN-204883,SKU-00341,LOC-017,IN,194,759.83,OP-019,2026-07-03T04:37:46,DOC-1962
TXN-204884,SKU-00437,LOC-017,WRITE_OFF,121,162.34,OP-007,2026-07-25T17:37:46,DOC-2562
TXN-204885,SKU-00188,LOC-012,IN,179,763.94,OP-030,2026-07-26T04:37:46,
TXN-204886,SKU-00109,LOC-017,ADJUST,84,537.19,OP-021,2026-07-30T08:37:46,
TXN-204887,SKU-00368,LOC-018,OUT,75,717.96,OP-046,2026-07-08T11:37:46,
TXN-204888,SKU-00147,LOC-020,IN,97,644.74,OP-031,2026-07-20T14:37:46,DOC-9547
TXN-204889,SKU-00475,LOC-017,ADJUST,104,471.87,OP-010,2026-07-13T15:37:46,DOC-6010
TXN-204890,SKU-00285,LOC-008,IN,184,689.64,OP-005,2026-07-12T09:37:46,
TXN-204891,SKU-00494,LOC-020,ADJUST,2,322.39,OP-004,2026-07-27T21:37:46,DOC-5601
TXN-204892,SKU-00185,LOC-009,IN,105,455.67,OP-019,2026-07-28T13:37:46,DOC-2305
TXN-204893,SKU-00247,LOC-015,IN,64,472.10,OP-011,2026-07-24T07:37:46,
TXN-204894,SKU-00155,LOC-010,WRITE_OFF,146,783.59,OP-046,2026-07-28T21:37:46,
TXN-204895,SKU-00091,LOC-008,ADJUST,100,650.85,OP-014,2026-07-03T06:37:46,DOC-7798
TXN-204896,SKU-00065,LOC-009,IN,68,575.44,OP-025,2026-07-10T09:37:46,
TXN-204897,SKU-00272,LOC-008,ADJUST,171,557.21,OP-034,2026-07-09T11:37:46,DOC-6443
TXN-204898,SKU-00124,LOC-018,OUT,129,50.57,OP-043,2026-07-03T20:37:46,
TXN-204899,SKU-00319,LOC-020,ADJUST,173,331.10,OP-049,2026-07-16T16:37:46,
TXN-204900,SKU-00069,LOC-012,IN,34,27.61,OP-040,2026-07-27T02:37:46,DOC-3404
TXN-204901,SKU-00358,LOC-006,OUT,27,510.83,OP-038,2026-07-08T11:37:46,DOC-4272
TXN-204902,SKU-00429,LOC-004,WRITE_OFF,13,175.87,OP-002,2026-07-06T23:37:46,
TXN-204903,SKU-00006,LOC-014,IN,33,166.57,OP-024,2026-07-19T23:37:46,
TXN-204904,SKU-00356,LOC-020,IN,170,168.56,OP-016,2026-07-13T03:37:46,DOC-8208
TXN-204905,SKU-00262,LOC-010,IN,114,777.73,OP-029,2026-07-09T11:37:46,DOC-9474
TXN-204906,SKU-00433,LOC-010,OUT,79,483.60,OP-006,2026-07-22T13:37:46,DOC-3900
TXN-204907,SKU-00042,LOC-007,OUT,51,745.77,OP-017,2026-07-23T09:37:46,DOC-7521
TXN-204908,SKU-00476,LOC-016,ADJUST,93,753.53,OP-034,2026-07-27T15:37:46,DOC-1240
TXN-204909,SKU-00210,LOC-015,OUT,165,540.21,OP-036,2026-07-16T10:37:46,DOC-2796
TXN-204910,SKU-00489,LOC-014,IN,176,159.54,OP-031,2026-07-11T21:37:46,DOC-2724
TXN-204911,SKU-00033,LOC-013,IN,33,20.54,OP-027,2026-07-23T07:37:46,DOC-8167
TXN-204912,SKU-00436,LOC-011,OUT,105,82.47,OP-023,2026-07-22T23:37:46,DOC-5564
TXN-204913,SKU-00008,LOC-003,ADJUST,16,396.45,OP-046,2026-07-30T07:37:46,DOC-7491
TXN-204914,SKU-00383,LOC-018,OUT,3,486.05,OP-037,2026-07-16T06:37:46,DOC-1180
TXN-204915,SKU-00256,LOC-002,OUT,15,386.94,OP-017,2026-07-12T06:37:46,DOC-3342
TXN-204916,SKU-00398,LOC-020,IN,91,95.74,OP-046,2026-07-27T17:37:46,
TXN-204917,SKU-00494,LOC-002,IN,84,702.78,OP-027,2026-07-18T18:37:46,DOC-4395
TXN-204918,SKU-00146,LOC-007,WRITE_OFF,82,682.78,OP-039,2026-07-20T21:37:46,DOC-3845
TXN-204919,SKU-00433,LOC-016,OUT,149,691.27,OP-010,2026-07-26T09:37:46,DOC-7275
TXN-204920,SKU-00116,LOC-018,IN,189,585.47,OP-029,2026-07-19T15:37:46,
TXN-204921,SKU-00038,LOC-017,WRITE_OFF,157,471.88,OP-029,2026-07-30T08:37:46,DOC-2859
TXN-204922,SKU-00374,LOC-006,IN,19,226.36,OP-004,2026-07-27T12:37:46,DOC-2193
TXN-204923,SKU-00181,LOC-014,ADJUST,28,799.06,OP-012,2026-07-04T02:37:46,DOC-1715
TXN-204924,SKU-00205,LOC-005,IN,150,392.95,OP-001,2026-07-12T06:37:46,
TXN-204925,SKU-00024,LOC-005,IN,58,378.16,OP-022,2026-07-30T13:37:46,DOC-4151
TXN-204926,SKU-00102,LOC-013,ADJUST,109,443.67,OP-032,2026-07-26T04:37:46,
TXN-204927,SKU-00108,LOC-003,IN,100,717.43,OP-006,2026-07-20T20:37:46,DOC-2486
TXN-204928,SKU-00459,LOC-017,IN,43,666.48,OP-048,2026-07-25T23:37:46,DOC-6806
TXN-204929,SKU-00013,LOC-016,OUT,2,707.44,OP-021,2026-07-18T14:37:46,
TXN-204930,SKU-00033,LOC-004,IN,99,156.56,OP-017,2026-07-26T21:37:46,DOC-5311
TXN-204931,SKU-00477,LOC-004,IN,12,120.52,OP-022,2026-07-27T16:37:46,DOC-6185
TXN-204932,SKU-00460,LOC-010,IN,132,471.51,OP-015,2026-07-01T17:37:46,DOC-7204
TXN-204933,SKU-00103,LOC-016,OUT,91,480.76,OP-010,2026-07-25T19:37:46,DOC-8227
TXN-204934,SKU-00354,LOC-018,IN,60,78.49,OP-004,2026-07-23T14:37:46,DOC-9008
TXN-204935,SKU-00071,LOC-015,IN,113,110.79,OP-005,2026-07-23T02:37:46,DOC-3111
TXN-204936,SKU-00456,LOC-017,IN,196,35.38,OP-044,2026-07-15T23:37:46,DOC-1544
TXN-204937,SKU-00126,LOC-002,IN,45,495.08,OP-050,2026-07-13T02:37:46,
TXN-204938,SKU-00343,LOC-018,OUT,17,99.13,OP-049,2026-07-21T06:37:46,DOC-4599
TXN-204939,SKU-00005,LOC-017,IN,28,495.01,OP-045,2026-07-27T16:37:46,DOC-7369
TXN-204940,SKU-00473,LOC-002,OUT,56,766.45,OP-013,2026-07-26T10:37:46,DOC-7893
TXN-204941,SKU-00144,LOC-019,IN,104,483.36,OP-045,2026-07-21T06:37:46,DOC-2765
TXN-204942,SKU-00381,LOC-015,IN,40,458.25,OP-040,2026-07-07T12:37:46,DOC-7259
TXN-204943,SKU-00128,LOC-017,OUT,14,500.00,OP-014,2026-07-17T13:37:46,
TXN-204944,SKU-00039,LOC-016,IN,152,759.63,OP-024,2026-07-06T18:37:46,DOC-9502
TXN-204945,SKU-00300,LOC-010,IN,114,84.31,OP-037,2026-07-25T04:37:46,DOC-4189
TXN-204946,SKU-00345,LOC-017,IN,77,56.94,OP-017,2026-07-18T03:37:46,
TXN-204947,SKU-00289,LOC-008,OUT,6,762.18,OP-038,2026-07-31T14:37:46,DOC-6026
TXN-204948,SKU-00047,LOC-007,OUT,114,228.97,OP-050,2026-07-18T00:37:46,DOC-1873
TXN-204949,SKU-00074,LOC-014,IN,116,316.67,OP-030,2026-07-20T17:37:46,
TXN-204950,SKU-00054,LOC-007,WRITE_OFF,173,481.98,OP-027,2026-07-08T03:37:46,DOC-5160
TXN-204951,SKU-00339,LOC-003,OUT,62,410.57,OP-002,2026-07-13T08:37:46,DOC-6616
TXN-204952,SKU-00294,LOC-001,OUT,14,153.14,OP-014,2026-07-13T08:37:46,DOC-2581
TXN-204953,SKU-00012,LOC-002,IN,70,487.50,OP-022,2026-07-22T14:37:46,DOC-5618
TXN-204954,SKU-00012,LOC-002,IN,89,245.22,OP-012,2026-07-29T13:37:46,DOC-8420
TXN-204955,SKU-00490,LOC-005,OUT,135,232.70,OP-005,2026-07-30T20:37:46,
TXN-204956,SKU-00424,LOC-010,OUT,128,483.77,OP-013,2026-07-27T20:37:46,
TXN-204957,SKU-00441,LOC-012,OUT,177,729.80,OP-044,2026-07-07T20:37:46,DOC-3800
TXN-204958,SKU-00175,LOC-014,OUT,170,492.04,OP-019,2026-07-03T23:37:46,DOC-1032
TXN-204959,SKU-00248,LOC-016,IN,140,597.40,OP-022,2026-07-29T19:37:46,DOC-2648
TXN-204960,SKU-00299,LOC-013,IN,94,60.84,OP-034,2026-07-25T12:37:46,DOC-5080
TXN-204961,SKU-00241,LOC-015,OUT,60,790.75,OP-037,2026-07-09T21:37:46,DOC-5319
TXN-204962,SKU-00008,LOC-008,ADJUST,179,297.72,OP-015,2026-07-03T08:37:46,
TXN-204963,SKU-00433,LOC-010,IN,2,705.26,OP-006,2026-07-20T05:37:46,DOC-1584
TXN-204964,SKU-00383,LOC-018,OUT,196,486.05,OP-036,2026-07-12T21:37:46,
TXN-204965,SKU-00244,LOC-003,ADJUST,7,702.02,OP-011,2026-07-30T16:37:46,DOC-4101
TXN-204966,SKU-00407,LOC-018,OUT,79,43.57,OP-032,2026-07-28T19:37:46,DOC-7861
TXN-204967,SKU-00266,LOC-009,ADJUST,10,474.35,OP-024,2026-07-19T00:37:46,DOC-8354
TXN-204968,SKU-00223,LOC-014,OUT,56,2.07,OP-048,2026-07-17T17:37:46,DOC-9720
TXN-204969,SKU-00469,LOC-016,OUT,124,127.78,OP-040,2026-07-13T11:37:46,
TXN-204970,SKU-00240,LOC-006,IN,124,222.32,OP-047,2026-07-21T10:37:46,DOC-3920
TXN-204971,SKU-00170,LOC-018,IN,11,430.04,OP-026,2026-07-10T22:37:46,DOC-2159
TXN-204972,SKU-00490,LOC-008,OUT,17,627.13,OP-049,2026-07-28T10:37:46,DOC-2187
TXN-204973,SKU-00303,LOC-010,WRITE_OFF,29,781.73,OP-020,2026-07-18T06:37:46,DOC-7624
TXN-204974,SKU-00200,LOC-001,OUT,158,535.04,OP-005,2026-07-15T20:37:46,DOC-1362
TXN-204975,SKU-00072,LOC-014,ADJUST,111,545.25,OP-030,2026-07-30T08:37:46,DOC-5513
TXN-204976,SKU-00347,LOC-004,ADJUST,160,109.74,OP-022,2026-07-24T21:37:46,DOC-9158
TXN-204977,SKU-00423,LOC-007,OUT,155,410.81,OP-009,2026-07-28T16:37:46,DOC-4490
TXN-204978,SKU-00353,LOC-004,OUT,88,519.79,OP-012,2026-07-11T02:37:46,DOC-8477
TXN-204979,SKU-00221,LOC-020,OUT,137,750.74,OP-034,2026-07-09T05:37:46,DOC-2578
TXN-204980,SKU-00289,LOC-008,OUT,27,80.78,OP-029,2026-07-27T01:37:46,DOC-8631
TXN-204981,SKU-00364,LOC-006,IN,44,146.50,OP-010,2026-07-03T04:37:46,DOC-3103
TXN-204982,SKU-00016,LOC-011,IN,20,229.46,OP-033,2026-07-12T03:37:46,DOC-3816
TXN-204983,SKU-00350,LOC-015,IN,42,280.48,OP-047,2026-07-22T22:37:46,DOC-6324
TXN-204984,SKU-00123,LOC-006,ADJUST,140,554.82,OP-025,2026-07-17T20:37:46,DOC-6833
TXN-204985,SKU-00204,LOC-002,IN,42,240.73,OP-006,2026-07-27T17:37:46,DOC-7062
TXN-204986,SKU-00355,LOC-019,IN,66,402.57,OP-003,2026-07-21T01:37:46,DOC-2474
TXN-204987,SKU-00163,LOC-014,IN,1,536.48,OP-009,2026-07-03T18:37:46,
TXN-204988,SKU-00133,LOC-008,OUT,180,590.28,OP-005,2026-07-09T10:37:46,DOC-4252
TXN-204989,SKU-00446,LOC-010,OUT,173,698.77,OP-003,2026-07-20T20:37:46,DOC-8858
TXN-204990,SKU-00085,LOC-014,OUT,107,774.30,OP-019,2026-07-01T22:37:46,DOC-1644
TXN-204991,SKU-00148,LOC-009,WRITE_OFF,3,652.32,OP-042,2026-07-10T00:37:46,DOC-3591
TXN-204992,SKU-00395,LOC-005,ADJUST,49,180.17,OP-015,2026-07-21T03:37:46,DOC-3087
TXN-204993,SKU-00350,LOC-002,IN,70,390.23,OP-043,2026-07-03T20:37:46,DOC-1292
TXN-204994,SKU-00047,LOC-007,OUT,81,228.97,OP-010,2026-07-27T20:37:46,
TXN-204995,SKU-00375,LOC-016,OUT,160,128.51,OP-035,2026-07-30T00:37:46,
TXN-204996,SKU-00191,LOC-009,IN,83,240.23,OP-044,2026-07-06T15:37:46,DOC-6531
TXN-204997,SKU-00049,LOC-012,OUT,56,22.24,OP-022,2026-07-14T15:37:46,
TXN-204998,SKU-00392,LOC-005,IN,66,323.35,OP-046,2026-07-16T20:37:46,DOC-1169
TXN-204999,SKU-00052,LOC-006,OUT,94,559.51,OP-020,2026-07-20T00:37:46,DOC-9134
